{"type":"FeatureCollection","features":[{"type":"Feature","geometry":{"type":"Point","coordinates":[17.13397,48.15514]},"properties":{"cat":"zastavka","name":"Salezi\u00e1ni"}},{"type":"Feature","geometry":{"type":"Point","coordinates":[17.11576,48.15232]},"properties":{"cat":"zastavka","name":"STU"}},{"type":"Feature","geometry":{"type":"Point","coordinates":[17.11989,48.15442]},"properties":{"cat":"zastavka","name":"Vazovova"}},{"type":"Feature","geometry":{"type":"Point","coordinates":[17.09947,48.12148]},"properties":{"cat":"zastavka","name":"Bratislava-Petr\u017ealka"}},{"type":"Feature","geometry":{"type":"Point","coordinates":[17.11356,48.14554]},"properties":{"cat":"zastavka","name":"Centrum"}},{"type":"Feature","geometry":{"type":"Point","coordinates":[17.1275,48.15783]},"properties":{"cat":"zastavka","name":"Trnavsk\u00e9 m\u00fdto"}},{"type":"Feature","geometry":{"type":"Point","coordinates":[17.1123,48.14846]},"properties":{"cat":"zastavka","name":"Vysok\u00e1"}},{"type":"Feature","geometry":{"type":"Point","coordinates":[17.11795,48.15111]},"properties":{"cat":"zastavka","name":"Americk\u00e9 n\u00e1m."}},{"type":"Feature","geometry":{"type":"Point","coordinates":[17.10497,48.14494]},"properties":{"cat":"zastavka","name":"Kapuc\u00ednska"}},{"type":"Feature","geometry":{"type":"Point","coordinates":[17.10945,48.14881]},"properties":{"cat":"obchod","name":"Billa"}},{"type":"Feature","geometry":{"type":"Point","coordinates":[17.11258,48.14424]},"properties":{"cat":"lekaren","name":"Benu"}},{"type":"Feature","geometry":{"type":"Point","coordinates":[17.10666,48.14377]},"properties":{"cat":"lekaren","name":"Centrum u zlat\u00e9ho Gr\u00edfa"}},{"type":"Feature","geometry":{"type":"Point","coordinates":[17.10869,48.14656]},"properties":{"cat":"lekaren","name":"Dr. Max"}},{"type":"Feature","geometry":{"type":"Point","coordinates":[17.12107,48.15296]},"properties":{"cat":"lekaren","name":"Schneider"}},{"type":"Feature","geometry":{"type":"Point","coordinates":[17.10172,48.14721]},"properties":{"cat":"lekaren","name":"U Kozej br\u00e1ny"}},{"type":"Feature","geometry":{"type":"Point","coordinates":[17.09659,48.12615]},"properties":{"cat":"lekaren","name":"Lek\u00e1re\u0148 Magma"}},{"type":"Feature","geometry":{"type":"Point","coordinates":[17.09709,48.12628]},"properties":{"cat":"lekaren","name":"Lek\u00e1re\u0148 el\u00e1n"}},{"type":"Feature","geometry":{"type":"Point","coordinates":[17.09623,48.12414]},"properties":{"cat":"obchod","name":"Terno"}},{"type":"Feature","geometry":{"type":"Point","coordinates":[17.09186,48.1245]},"properties":{"cat":"skola","name":"Stredn\u00e1 odborn\u00e1 \u0161kola technick\u00e1, Vranovsk\u00e1 4"}},{"type":"Feature","geometry":{"type":"Point","coordinates":[17.09791,48.12152]},"properties":{"cat":"zastavka","name":"Stn. Petr\u017ealka"}},{"type":"Feature","geometry":{"type":"Point","coordinates":[17.12393,48.12301]},"properties":{"cat":"skola","name":"Bilingv\u00e1lne gymn\u00e1zium C.S.Lewisa"}},{"type":"Feature","geometry":{"type":"Point","coordinates":[17.12551,48.12591]},"properties":{"cat":"zastavka","name":"\u0160ustekova"}},{"type":"Feature","geometry":{"type":"Point","coordinates":[17.12543,48.12614]},"properties":{"cat":"zastavka","name":"\u0160ustekova"}},{"type":"Feature","geometry":{"type":"Point","coordinates":[17.12936,48.12409]},"properties":{"cat":"zastavka","name":"Bul\u00edkova"}},{"type":"Feature","geometry":{"type":"Point","coordinates":[17.12865,48.12464]},"properties":{"cat":"zastavka","name":"Bul\u00edkova"}},{"type":"Feature","geometry":{"type":"Point","coordinates":[17.13098,48.12624]},"properties":{"cat":"zastavka","name":"Ekonom. univerzita"}},{"type":"Feature","geometry":{"type":"Point","coordinates":[17.13099,48.12567]},"properties":{"cat":"zastavka","name":"Ekonom. univerzita"}},{"type":"Feature","geometry":{"type":"Point","coordinates":[17.12346,48.1278]},"properties":{"cat":"zastavka","name":"Bos\u00e1kova"}},{"type":"Feature","geometry":{"type":"Point","coordinates":[17.12504,48.12393]},"properties":{"cat":"skola","name":"Z\u00e1kladn\u00e1 \u0161kola Pank\u00fachova 6"}},{"type":"Feature","geometry":{"type":"Point","coordinates":[17.12632,48.12352]},"properties":{"cat":"skola","name":"Gymn\u00e1zium Pank\u00fachova 6"}},{"type":"Feature","geometry":{"type":"Point","coordinates":[17.09883,48.12965]},"properties":{"cat":"lekaren","name":"Lek\u00e1re\u0148 \u0160alvia"}},{"type":"Feature","geometry":{"type":"Point","coordinates":[17.09985,48.12941]},"properties":{"cat":"obchod","name":"Potraviny Golf"}},{"type":"Feature","geometry":{"type":"Point","coordinates":[17.09992,48.13044]},"properties":{"cat":"obchod","name":"Billa"}},{"type":"Feature","geometry":{"type":"Point","coordinates":[17.1062,48.12219]},"properties":{"cat":"obchod","name":"Terno plus"}},{"type":"Feature","geometry":{"type":"Point","coordinates":[17.09974,48.12519]},"properties":{"cat":"lekaren","name":"Lek\u00e1re\u0148 na korze"}},{"type":"Feature","geometry":{"type":"Point","coordinates":[17.11311,48.14537]},"properties":{"cat":"lekaren","name":"Sv. Al\u017ebety"}},{"type":"Feature","geometry":{"type":"Point","coordinates":[17.11612,48.15026]},"properties":{"cat":"lekaren","name":"Lek\u00e1re\u0148 UNB Star\u00e9 Mesto"}},{"type":"Feature","geometry":{"type":"Point","coordinates":[17.11841,48.15206]},"properties":{"cat":"lekaren","name":"Avion"}},{"type":"Feature","geometry":{"type":"Point","coordinates":[17.1268,48.1541]},"properties":{"cat":"lekaren","name":"Vitam\u00edn"}},{"type":"Feature","geometry":{"type":"Point","coordinates":[17.13015,48.15381]},"properties":{"cat":"lekaren","name":"A-Medical"}},{"type":"Feature","geometry":{"type":"Point","coordinates":[17.11641,48.1551]},"properties":{"cat":"lekaren","name":"Lek\u00e1re\u0148 M\u00ddTNA"}},{"type":"Feature","geometry":{"type":"Point","coordinates":[17.12413,48.1283]},"properties":{"cat":"lekaren","name":"Dr. Max"}},{"type":"Feature","geometry":{"type":"Point","coordinates":[17.10518,48.12849]},"properties":{"cat":"zastavka","name":"Dvory"}},{"type":"Feature","geometry":{"type":"Point","coordinates":[17.12253,48.14658]},"properties":{"cat":"zastavka","name":"29. augusta"}},{"type":"Feature","geometry":{"type":"Point","coordinates":[17.11632,48.1455]},"properties":{"cat":"lekaren","name":"Calendula"}},{"type":"Feature","geometry":{"type":"Point","coordinates":[17.1212,48.1569]},"properties":{"cat":"zastavka","name":"Ra\u010dianske m\u00fdto"}},{"type":"Feature","geometry":{"type":"Point","coordinates":[17.10408,48.1454]},"properties":{"cat":"zastavka","name":"Zochova"}},{"type":"Feature","geometry":{"type":"Point","coordinates":[17.12828,48.13912]},"properties":{"cat":"zastavka","name":"Most Apollo"}},{"type":"Feature","geometry":{"type":"Point","coordinates":[17.12474,48.14806]},"properties":{"cat":"zastavka","name":"Mal\u00fd trh"}},{"type":"Feature","geometry":{"type":"Point","coordinates":[17.13459,48.14949]},"properties":{"cat":"zastavka","name":"Dulovo n\u00e1m."}},{"type":"Feature","geometry":{"type":"Point","coordinates":[17.12875,48.13946]},"properties":{"cat":"zastavka","name":"Most Apollo"}},{"type":"Feature","geometry":{"type":"Point","coordinates":[17.13059,48.14812]},"properties":{"cat":"zastavka","name":"Cvernovka"}},{"type":"Feature","geometry":{"type":"Point","coordinates":[17.13421,48.14947]},"properties":{"cat":"zastavka","name":"Dulovo n\u00e1m."}},{"type":"Feature","geometry":{"type":"Point","coordinates":[17.13137,48.14479]},"properties":{"cat":"zastavka","name":"Ko\u0161ick\u00e1"}},{"type":"Feature","geometry":{"type":"Point","coordinates":[17.0856,48.1426]},"properties":{"cat":"zastavka","name":"Kr\u00e1\u013eovsk\u00e9 \u00fadolie"}},{"type":"Feature","geometry":{"type":"Point","coordinates":[17.10734,48.12369]},"properties":{"cat":"zastavka","name":"H\u00e1lova"}},{"type":"Feature","geometry":{"type":"Point","coordinates":[17.12677,48.1485]},"properties":{"cat":"lekaren","name":"HYGEIA"}},{"type":"Feature","geometry":{"type":"Point","coordinates":[17.1304,48.12553]},"properties":{"cat":"obchod","name":"Tesco Expres"}},{"type":"Feature","geometry":{"type":"Point","coordinates":[17.11037,48.15454]},"properties":{"cat":"zastavka","name":"\u00darad vl\u00e1dy SR"}},{"type":"Feature","geometry":{"type":"Point","coordinates":[17.10252,48.1235]},"properties":{"cat":"zastavka","name":"Rusovsk\u00e1 cesta"}},{"type":"Feature","geometry":{"type":"Point","coordinates":[17.09994,48.12055]},"properties":{"cat":"zastavka","name":"Stn. Petr\u017ealka"}},{"type":"Feature","geometry":{"type":"Point","coordinates":[17.09817,48.11855]},"properties":{"cat":"zastavka","name":"\u0160ev\u010denkova"}},{"type":"Feature","geometry":{"type":"Point","coordinates":[17.1057,48.13977]},"properties":{"cat":"zastavka","name":"Most SNP"}},{"type":"Feature","geometry":{"type":"Point","coordinates":[17.11128,48.15457]},"properties":{"cat":"lekaren","name":"Lek\u00e1re\u0148 Matej"}},{"type":"Feature","geometry":{"type":"Point","coordinates":[17.11819,48.15084]},"properties":{"cat":"zastavka","name":"Americk\u00e9 n\u00e1m."}},{"type":"Feature","geometry":{"type":"Point","coordinates":[17.11387,48.14429]},"properties":{"cat":"obchod","name":"Lidl"}},{"type":"Feature","geometry":{"type":"Point","coordinates":[17.11608,48.15123]},"properties":{"cat":"zastavka","name":"STU"}},{"type":"Feature","geometry":{"type":"Point","coordinates":[17.11009,48.14019]},"properties":{"cat":"zastavka","name":"N\u00e1m. \u013d. \u0160t\u00fara"}},{"type":"Feature","geometry":{"type":"Point","coordinates":[17.11158,48.12362]},"properties":{"cat":"zastavka","name":"Vlasteneck\u00e9 n\u00e1m."}},{"type":"Feature","geometry":{"type":"Point","coordinates":[17.11731,48.14229]},"properties":{"cat":"lekaren","name":"Santal"}},{"type":"Feature","geometry":{"type":"Point","coordinates":[17.12058,48.14338]},"properties":{"cat":"obchod","name":"Pre\u0161purk"}},{"type":"Feature","geometry":{"type":"Point","coordinates":[17.11891,48.1468]},"properties":{"cat":"lekaren","name":"Lek\u00e1re\u0148 sv. Michala"}},{"type":"Feature","geometry":{"type":"Point","coordinates":[17.11127,48.15502]},"properties":{"cat":"obchod","name":"DOBROTA"}},{"type":"Feature","geometry":{"type":"Point","coordinates":[17.125,48.15462]},"properties":{"cat":"skolka","name":""}},{"type":"Feature","geometry":{"type":"Point","coordinates":[17.12209,48.15773]},"properties":{"cat":"obchod","name":"malina"}},{"type":"Feature","geometry":{"type":"Point","coordinates":[17.12056,48.14671]},"properties":{"cat":"skolka","name":"Matersk\u00e1 \u0161kola"}},{"type":"Feature","geometry":{"type":"Point","coordinates":[17.12376,48.15454]},"properties":{"cat":"obchod","name":"Terno"}},{"type":"Feature","geometry":{"type":"Point","coordinates":[17.12411,48.15482]},"properties":{"cat":"obchod","name":"Potraviny Pohoda"}},{"type":"Feature","geometry":{"type":"Point","coordinates":[17.12353,48.15438]},"properties":{"cat":"lekaren","name":"MEDIA"}},{"type":"Feature","geometry":{"type":"Point","coordinates":[17.1172,48.14421]},"properties":{"cat":"obchod","name":"Vega - bio, herbal natur"}},{"type":"Feature","geometry":{"type":"Point","coordinates":[17.1213,48.1452]},"properties":{"cat":"skola","name":"Z\u00e1kladn\u00e1 \u0161kola s materskou \u0161kolou M. R. \u0160tef\u00e1nika"}},{"type":"Feature","geometry":{"type":"Point","coordinates":[17.11141,48.14082]},"properties":{"cat":"obchod","name":"Terno"}},{"type":"Feature","geometry":{"type":"Point","coordinates":[17.1203,48.12453]},"properties":{"cat":"zastavka","name":"Lachova"}},{"type":"Feature","geometry":{"type":"Point","coordinates":[17.12113,48.15358]},"properties":{"cat":"skolka","name":"Matersk\u00e1 \u0161kola Vazovova 16"}},{"type":"Feature","geometry":{"type":"Point","coordinates":[17.12866,48.15427]},"properties":{"cat":"obchod","name":"Terno"}},{"type":"Feature","geometry":{"type":"Point","coordinates":[17.13216,48.15019]},"properties":{"cat":"skolka","name":"Matersk\u00e1 \u0161kola Velehradsk\u00e1 24"}},{"type":"Feature","geometry":{"type":"Point","coordinates":[17.10665,48.1578]},"properties":{"cat":"zastavka","name":"Hlavn\u00e1 stanica"}},{"type":"Feature","geometry":{"type":"Point","coordinates":[17.11088,48.15019]},"properties":{"cat":"obchod","name":"DELIA"}},{"type":"Feature","geometry":{"type":"Point","coordinates":[17.1012,48.14628]},"properties":{"cat":"obchod","name":"Delia"}},{"type":"Feature","geometry":{"type":"Point","coordinates":[17.11869,48.12606]},"properties":{"cat":"lekaren","name":"U Panny M\u00e1rie"}},{"type":"Feature","geometry":{"type":"Point","coordinates":[17.10821,48.14806]},"properties":{"cat":"zastavka","name":"Hod\u017eovo n\u00e1m."}},{"type":"Feature","geometry":{"type":"Point","coordinates":[17.10863,48.14664]},"properties":{"cat":"zastavka","name":"Po\u0161tov\u00e1"}},{"type":"Feature","geometry":{"type":"Point","coordinates":[17.12373,48.14275]},"properties":{"cat":"zastavka","name":"Landererova"}},{"type":"Feature","geometry":{"type":"Point","coordinates":[17.12346,48.14462]},"properties":{"cat":"zastavka","name":"\u010culenova"}},{"type":"Feature","geometry":{"type":"Point","coordinates":[17.12266,48.14399]},"properties":{"cat":"zastavka","name":"\u010culenova"}},{"type":"Feature","geometry":{"type":"Point","coordinates":[17.1032,48.1237]},"properties":{"cat":"zastavka","name":"Rusovsk\u00e1 cesta"}},{"type":"Feature","geometry":{"type":"Point","coordinates":[17.12116,48.14076]},"properties":{"cat":"zastavka","name":"Nov\u00e9 SND"}},{"type":"Feature","geometry":{"type":"Point","coordinates":[17.08565,48.15127]},"properties":{"cat":"obchod","name":"Tesco Expres"}},{"type":"Feature","geometry":{"type":"Point","coordinates":[17.13582,48.15632]},"properties":{"cat":"obchod","name":"malina"}},{"type":"Feature","geometry":{"type":"Point","coordinates":[17.11957,48.15783]},"properties":{"cat":"zastavka","name":"Ra\u010dianske m\u00fdto"}},{"type":"Feature","geometry":{"type":"Point","coordinates":[17.11799,48.11974]},"properties":{"cat":"zastavka","name":"Staroh\u00e1jska"}},{"type":"Feature","geometry":{"type":"Point","coordinates":[17.10737,48.12399]},"properties":{"cat":"zastavka","name":"H\u00e1lova"}},{"type":"Feature","geometry":{"type":"Point","coordinates":[17.11064,48.15359]},"properties":{"cat":"zastavka","name":"\u00darad vl\u00e1dy SR"}},{"type":"Feature","geometry":{"type":"Point","coordinates":[17.11063,48.15]},"properties":{"cat":"zastavka","name":"Koll\u00e1rovo n\u00e1m."}},{"type":"Feature","geometry":{"type":"Point","coordinates":[17.11332,48.15249]},"properties":{"cat":"zastavka","name":"N\u00e1m. slobody"}},{"type":"Feature","geometry":{"type":"Point","coordinates":[17.11914,48.15719]},"properties":{"cat":"zastavka","name":"Ra\u010dianske m\u00fdto"}},{"type":"Feature","geometry":{"type":"Point","coordinates":[17.11255,48.15652]},"properties":{"cat":"zastavka","name":"Karpatsk\u00e1"}},{"type":"Feature","geometry":{"type":"Point","coordinates":[17.12175,48.15775]},"properties":{"cat":"zastavka","name":"Ra\u010dianske m\u00fdto"}},{"type":"Feature","geometry":{"type":"Point","coordinates":[17.13285,48.14645]},"properties":{"cat":"zastavka","name":"Ko\u0161ick\u00e1"}},{"type":"Feature","geometry":{"type":"Point","coordinates":[17.0903,48.14945]},"properties":{"cat":"zastavka","name":"\u010cerven\u00fd kr\u00ed\u017e"}},{"type":"Feature","geometry":{"type":"Point","coordinates":[17.10899,48.14788]},"properties":{"cat":"obchod","name":"Lidl"}},{"type":"Feature","geometry":{"type":"Point","coordinates":[17.10393,48.14605]},"properties":{"cat":"zastavka","name":"Zochova"}},{"type":"Feature","geometry":{"type":"Point","coordinates":[17.1256,48.1546]},"properties":{"cat":"zastavka","name":"Kr\u00ed\u017ena"}},{"type":"Feature","geometry":{"type":"Point","coordinates":[17.12942,48.15413]},"properties":{"cat":"zastavka","name":"Kva\u010dalova"}},{"type":"Feature","geometry":{"type":"Point","coordinates":[17.12445,48.15332]},"properties":{"cat":"zastavka","name":"Karad\u017ei\u010dova"}},{"type":"Feature","geometry":{"type":"Point","coordinates":[17.11816,48.15099]},"properties":{"cat":"zastavka","name":"Americk\u00e9 n\u00e1m."}},{"type":"Feature","geometry":{"type":"Point","coordinates":[17.08938,48.14739]},"properties":{"cat":"zastavka","name":"Hummelova"}},{"type":"Feature","geometry":{"type":"Point","coordinates":[17.09215,48.14595]},"properties":{"cat":"zastavka","name":"Radvansk\u00e1"}},{"type":"Feature","geometry":{"type":"Point","coordinates":[17.116,48.15005]},"properties":{"cat":"zastavka","name":"Americk\u00e9 n\u00e1m."}},{"type":"Feature","geometry":{"type":"Point","coordinates":[17.12892,48.1424]},"properties":{"cat":"zastavka","name":"Pr\u00edstavn\u00e1"}},{"type":"Feature","geometry":{"type":"Point","coordinates":[17.13059,48.14595]},"properties":{"cat":"zastavka","name":"Ko\u0161ick\u00e1"}},{"type":"Feature","geometry":{"type":"Point","coordinates":[17.12513,48.15014]},"properties":{"cat":"zastavka","name":"\u0160olt\u00e9sovej"}},{"type":"Feature","geometry":{"type":"Point","coordinates":[17.13918,48.15097]},"properties":{"cat":"zastavka","name":"Tren\u010dianska"}},{"type":"Feature","geometry":{"type":"Point","coordinates":[17.12959,48.15434]},"properties":{"cat":"zastavka","name":"Kva\u010dalova"}},{"type":"Feature","geometry":{"type":"Point","coordinates":[17.12416,48.15338]},"properties":{"cat":"zastavka","name":"Karad\u017ei\u010dova"}},{"type":"Feature","geometry":{"type":"Point","coordinates":[17.13739,48.14611]},"properties":{"cat":"zastavka","name":"Novohradsk\u00e1"}},{"type":"Feature","geometry":{"type":"Point","coordinates":[17.13727,48.14632]},"properties":{"cat":"zastavka","name":"Novohradsk\u00e1"}},{"type":"Feature","geometry":{"type":"Point","coordinates":[17.13293,48.14537]},"properties":{"cat":"zastavka","name":"Ko\u0161ick\u00e1"}},{"type":"Feature","geometry":{"type":"Point","coordinates":[17.10072,48.12089]},"properties":{"cat":"zastavka","name":"Stn. Petr\u017ealka"}},{"type":"Feature","geometry":{"type":"Point","coordinates":[17.0915,48.15277]},"properties":{"cat":"zastavka","name":"B\u00fadkov\u00e1"}},{"type":"Feature","geometry":{"type":"Point","coordinates":[17.09174,48.153]},"properties":{"cat":"zastavka","name":"B\u00fadkov\u00e1"}},{"type":"Feature","geometry":{"type":"Point","coordinates":[17.08909,48.14789]},"properties":{"cat":"zastavka","name":"Jan\u010dova"}},{"type":"Feature","geometry":{"type":"Point","coordinates":[17.09036,48.14998]},"properties":{"cat":"zastavka","name":"\u010cerven\u00fd kr\u00ed\u017e"}},{"type":"Feature","geometry":{"type":"Point","coordinates":[17.09711,48.14245]},"properties":{"cat":"zastavka","name":"Hrad"}},{"type":"Feature","geometry":{"type":"Point","coordinates":[17.09629,48.14301]},"properties":{"cat":"zastavka","name":"Hrad"}},{"type":"Feature","geometry":{"type":"Point","coordinates":[17.09499,48.14378]},"properties":{"cat":"zastavka","name":"Inoveck\u00e1"}},{"type":"Feature","geometry":{"type":"Point","coordinates":[17.09497,48.14412]},"properties":{"cat":"zastavka","name":"Inoveck\u00e1"}},{"type":"Feature","geometry":{"type":"Point","coordinates":[17.09912,48.1456]},"properties":{"cat":"zastavka","name":"Svoradova"}},{"type":"Feature","geometry":{"type":"Point","coordinates":[17.09922,48.14615]},"properties":{"cat":"zastavka","name":"Svoradova"}},{"type":"Feature","geometry":{"type":"Point","coordinates":[17.09136,48.14613]},"properties":{"cat":"zastavka","name":"Radvansk\u00e1"}},{"type":"Feature","geometry":{"type":"Point","coordinates":[17.09862,48.14332]},"properties":{"cat":"zastavka","name":"Z\u00e1mock\u00e1"}},{"type":"Feature","geometry":{"type":"Point","coordinates":[17.09878,48.14366]},"properties":{"cat":"zastavka","name":"Z\u00e1mock\u00e1"}},{"type":"Feature","geometry":{"type":"Point","coordinates":[17.10115,48.14818]},"properties":{"cat":"zastavka","name":"Kozia"}},{"type":"Feature","geometry":{"type":"Point","coordinates":[17.10124,48.14841]},"properties":{"cat":"zastavka","name":"Kozia"}},{"type":"Feature","geometry":{"type":"Point","coordinates":[17.10683,48.1481]},"properties":{"cat":"zastavka","name":"Hod\u017eovo n\u00e1m."}},{"type":"Feature","geometry":{"type":"Point","coordinates":[17.10719,48.14897]},"properties":{"cat":"zastavka","name":"Hod\u017eovo n\u00e1m."}},{"type":"Feature","geometry":{"type":"Point","coordinates":[17.1061,48.15402]},"properties":{"cat":"zastavka","name":"Pod stanicou"}},{"type":"Feature","geometry":{"type":"Point","coordinates":[17.10625,48.15476]},"properties":{"cat":"zastavka","name":"Pod stanicou"}},{"type":"Feature","geometry":{"type":"Point","coordinates":[17.11259,48.14929]},"properties":{"cat":"zastavka","name":"Koll\u00e1rovo n\u00e1m."}},{"type":"Feature","geometry":{"type":"Point","coordinates":[17.11299,48.14997]},"properties":{"cat":"zastavka","name":"Koll\u00e1rovo n\u00e1m."}},{"type":"Feature","geometry":{"type":"Point","coordinates":[17.11048,48.15122]},"properties":{"cat":"zastavka","name":"Prezident. z\u00e1hrada"}},{"type":"Feature","geometry":{"type":"Point","coordinates":[17.11062,48.15383]},"properties":{"cat":"zastavka","name":"\u00darad vl\u00e1dy SR"}},{"type":"Feature","geometry":{"type":"Point","coordinates":[17.11325,48.15689]},"properties":{"cat":"zastavka","name":"Karpatsk\u00e1"}},{"type":"Feature","geometry":{"type":"Point","coordinates":[17.11348,48.15714]},"properties":{"cat":"zastavka","name":"Karpatsk\u00e1"}},{"type":"Feature","geometry":{"type":"Point","coordinates":[17.12952,48.1514]},"properties":{"cat":"zastavka","name":"Kul\u00ed\u0161kova"}},{"type":"Feature","geometry":{"type":"Point","coordinates":[17.12943,48.15198]},"properties":{"cat":"zastavka","name":"Kul\u00ed\u0161kova"}},{"type":"Feature","geometry":{"type":"Point","coordinates":[17.13085,48.14815]},"properties":{"cat":"zastavka","name":"Cvernovka"}},{"type":"Feature","geometry":{"type":"Point","coordinates":[17.13153,48.14636]},"properties":{"cat":"zastavka","name":"Ko\u0161ick\u00e1"}},{"type":"Feature","geometry":{"type":"Point","coordinates":[17.09661,48.12536]},"properties":{"cat":"zastavka","name":"Z\u00e1poro\u017esk\u00e1"}},{"type":"Feature","geometry":{"type":"Point","coordinates":[17.09991,48.12403]},"properties":{"cat":"zastavka","name":"Gercenova"}},{"type":"Feature","geometry":{"type":"Point","coordinates":[17.10062,48.12418]},"properties":{"cat":"zastavka","name":"Gercenova"}},{"type":"Feature","geometry":{"type":"Point","coordinates":[17.10651,48.15545]},"properties":{"cat":"zastavka","name":"Pod stanicou"}},{"type":"Feature","geometry":{"type":"Point","coordinates":[17.10611,48.15729]},"properties":{"cat":"zastavka","name":"Hlavn\u00e1 stanica"}},{"type":"Feature","geometry":{"type":"Point","coordinates":[17.10624,48.15731]},"properties":{"cat":"zastavka","name":"Hlavn\u00e1 stanica"}},{"type":"Feature","geometry":{"type":"Point","coordinates":[17.12692,48.15769]},"properties":{"cat":"zastavka","name":"Trnavsk\u00e9 m\u00fdto"}},{"type":"Feature","geometry":{"type":"Point","coordinates":[17.12088,48.15718]},"properties":{"cat":"zastavka","name":"Ra\u010dianske m\u00fdto"}},{"type":"Feature","geometry":{"type":"Point","coordinates":[17.10379,48.14563]},"properties":{"cat":"zastavka","name":"Zochova"}},{"type":"Feature","geometry":{"type":"Point","coordinates":[17.10454,48.13325]},"properties":{"cat":"zastavka","name":"Pri sade"}},{"type":"Feature","geometry":{"type":"Point","coordinates":[17.105,48.13327]},"properties":{"cat":"zastavka","name":"Pri sade"}},{"type":"Feature","geometry":{"type":"Point","coordinates":[17.11753,48.12101]},"properties":{"cat":"zastavka","name":"N\u00e1m. hrani\u010diarov"}},{"type":"Feature","geometry":{"type":"Point","coordinates":[17.11711,48.12202]},"properties":{"cat":"zastavka","name":"N\u00e1m. hrani\u010diarov"}},{"type":"Feature","geometry":{"type":"Point","coordinates":[17.09871,48.13223]},"properties":{"cat":"zastavka","name":"Einsteinova"}},{"type":"Feature","geometry":{"type":"Point","coordinates":[17.10415,48.14029]},"properties":{"cat":"zastavka","name":"Most SNP"}},{"type":"Feature","geometry":{"type":"Point","coordinates":[17.1043,48.14025]},"properties":{"cat":"zastavka","name":"Most SNP"}},{"type":"Feature","geometry":{"type":"Point","coordinates":[17.10878,48.15556]},"properties":{"cat":"zastavka","name":"Pod stanicou"}},{"type":"Feature","geometry":{"type":"Point","coordinates":[17.10836,48.14864]},"properties":{"cat":"zastavka","name":"Hod\u017eovo n\u00e1m."}},{"type":"Feature","geometry":{"type":"Point","coordinates":[17.10549,48.13963]},"properties":{"cat":"zastavka","name":"Most SNP"}},{"type":"Feature","geometry":{"type":"Point","coordinates":[17.10447,48.14053]},"properties":{"cat":"zastavka","name":"Most SNP"}},{"type":"Feature","geometry":{"type":"Point","coordinates":[17.0907,48.14195]},"properties":{"cat":"zastavka","name":"Chatam S\u00f3fer"}},{"type":"Feature","geometry":{"type":"Point","coordinates":[17.13604,48.15349]},"properties":{"cat":"zastavka","name":"Trhovisko"}},{"type":"Feature","geometry":{"type":"Point","coordinates":[17.12643,48.14607]},"properties":{"cat":"zastavka","name":"Autobusov\u00e1 stanica"}},{"type":"Feature","geometry":{"type":"Point","coordinates":[17.12654,48.14639]},"properties":{"cat":"zastavka","name":"Autobusov\u00e1 stanica"}},{"type":"Feature","geometry":{"type":"Point","coordinates":[17.12624,48.14681]},"properties":{"cat":"zastavka","name":"Autobusov\u00e1 stanica"}},{"type":"Feature","geometry":{"type":"Point","coordinates":[17.12629,48.14703]},"properties":{"cat":"zastavka","name":"Autobusov\u00e1 stanica"}},{"type":"Feature","geometry":{"type":"Point","coordinates":[17.12579,48.14733]},"properties":{"cat":"zastavka","name":"Autobusov\u00e1 stanica"}},{"type":"Feature","geometry":{"type":"Point","coordinates":[17.11391,48.15655]},"properties":{"cat":"zastavka","name":"Karpatsk\u00e1"}},{"type":"Feature","geometry":{"type":"Point","coordinates":[17.12507,48.15495]},"properties":{"cat":"zastavka","name":"Kr\u00ed\u017ena"}},{"type":"Feature","geometry":{"type":"Point","coordinates":[17.12408,48.14732]},"properties":{"cat":"zastavka","name":"Mal\u00fd trh"}},{"type":"Feature","geometry":{"type":"Point","coordinates":[17.12575,48.15093]},"properties":{"cat":"zastavka","name":"\u0160olt\u00e9sovej"}},{"type":"Feature","geometry":{"type":"Point","coordinates":[17.12085,48.14824]},"properties":{"cat":"zastavka","name":"Ondrejsk\u00fd cintor\u00edn"}},{"type":"Feature","geometry":{"type":"Point","coordinates":[17.11869,48.14927]},"properties":{"cat":"zastavka","name":"\u0160pit\u00e1lska"}},{"type":"Feature","geometry":{"type":"Point","coordinates":[17.11821,48.14929]},"properties":{"cat":"zastavka","name":"\u0160pit\u00e1lska"}},{"type":"Feature","geometry":{"type":"Point","coordinates":[17.09377,48.12828]},"properties":{"cat":"zastavka","name":"Kremnick\u00e1"}},{"type":"Feature","geometry":{"type":"Point","coordinates":[17.09377,48.12876]},"properties":{"cat":"zastavka","name":"Kremnick\u00e1"}},{"type":"Feature","geometry":{"type":"Point","coordinates":[17.12119,48.12502]},"properties":{"cat":"zastavka","name":"Lachova"}},{"type":"Feature","geometry":{"type":"Point","coordinates":[17.13065,48.14266]},"properties":{"cat":"zastavka","name":"Pr\u00edstavn\u00e1"}},{"type":"Feature","geometry":{"type":"Point","coordinates":[17.11952,48.12002]},"properties":{"cat":"zastavka","name":"Staroh\u00e1jska"}},{"type":"Feature","geometry":{"type":"Point","coordinates":[17.09607,48.12634]},"properties":{"cat":"zastavka","name":"Z\u00e1poro\u017esk\u00e1"}},{"type":"Feature","geometry":{"type":"Point","coordinates":[17.10037,48.13161]},"properties":{"cat":"zastavka","name":"Einsteinova"}},{"type":"Feature","geometry":{"type":"Point","coordinates":[17.10408,48.14075]},"properties":{"cat":"zastavka","name":"Most SNP"}},{"type":"Feature","geometry":{"type":"Point","coordinates":[17.11722,48.12781]},"properties":{"cat":"zastavka","name":"Farsk\u00e9ho"}},{"type":"Feature","geometry":{"type":"Point","coordinates":[17.11675,48.12856]},"properties":{"cat":"zastavka","name":"Farsk\u00e9ho"}},{"type":"Feature","geometry":{"type":"Point","coordinates":[17.11597,48.11879]},"properties":{"cat":"zastavka","name":"Hrob\u00e1kova"}},{"type":"Feature","geometry":{"type":"Point","coordinates":[17.11451,48.11886]},"properties":{"cat":"zastavka","name":"Hrob\u00e1kova"}},{"type":"Feature","geometry":{"type":"Point","coordinates":[17.11898,48.14173]},"properties":{"cat":"zastavka","name":"Mal\u00e1 sc\u00e9na"}},{"type":"Feature","geometry":{"type":"Point","coordinates":[17.11213,48.15093]},"properties":{"cat":"zastavka","name":"Koll\u00e1rovo n\u00e1m."}},{"type":"Feature","geometry":{"type":"Point","coordinates":[17.11691,48.15542]},"properties":{"cat":"zastavka","name":"Povrazn\u00edcka"}},{"type":"Feature","geometry":{"type":"Point","coordinates":[17.1048,48.12839]},"properties":{"cat":"zastavka","name":"Dvory"}},{"type":"Feature","geometry":{"type":"Point","coordinates":[17.13325,48.15463]},"properties":{"cat":"zastavka","name":"Salezi\u00e1ni"}},{"type":"Feature","geometry":{"type":"Point","coordinates":[17.13312,48.15478]},"properties":{"cat":"zastavka","name":"Salezi\u00e1ni"}},{"type":"Feature","geometry":{"type":"Point","coordinates":[17.13379,48.15502]},"properties":{"cat":"zastavka","name":"Salezi\u00e1ni"}},{"type":"Feature","geometry":{"type":"Point","coordinates":[17.13367,48.15533]},"properties":{"cat":"zastavka","name":"Salezi\u00e1ni"}},{"type":"Feature","geometry":{"type":"Point","coordinates":[17.14,48.15182]},"properties":{"cat":"zastavka","name":"Ru\u017eov\u00e1 dolina"}},{"type":"Feature","geometry":{"type":"Point","coordinates":[17.13918,48.15166]},"properties":{"cat":"zastavka","name":"Ru\u017eov\u00e1 dolina"}},{"type":"Feature","geometry":{"type":"Point","coordinates":[17.13722,48.15225]},"properties":{"cat":"zastavka","name":"Trhovisko"}},{"type":"Feature","geometry":{"type":"Point","coordinates":[17.13606,48.15267]},"properties":{"cat":"zastavka","name":"Trhovisko"}},{"type":"Feature","geometry":{"type":"Point","coordinates":[17.10608,48.1576]},"properties":{"cat":"zastavka","name":"Hlavn\u00e1 stanica"}},{"type":"Feature","geometry":{"type":"Point","coordinates":[17.08841,48.1536]},"properties":{"cat":"zastavka","name":"Na hrebienku"}},{"type":"Feature","geometry":{"type":"Point","coordinates":[17.10663,48.15061]},"properties":{"cat":"obchod","name":"Terno"}},{"type":"Feature","geometry":{"type":"Point","coordinates":[17.11313,48.14262]},"properties":{"cat":"skolka","name":"S\u00fakromn\u00e1 \u0161k\u00f4lka ROZPR\u00c1VKOVO"}},{"type":"Feature","geometry":{"type":"Point","coordinates":[17.11896,48.14867]},"properties":{"cat":"lekaren","name":"Lek\u00e1re\u0148 na Cukrovej"}},{"type":"Feature","geometry":{"type":"Point","coordinates":[17.0977,48.1214]},"properties":{"cat":"obchod","name":"Tesco Expres"}},{"type":"Feature","geometry":{"type":"Point","coordinates":[17.10679,48.14542]},"properties":{"cat":"lekaren","name":"Farm\u00e1cia"}},{"type":"Feature","geometry":{"type":"Point","coordinates":[17.10836,48.14659]},"properties":{"cat":"obchod","name":"Old town supermarket"}},{"type":"Feature","geometry":{"type":"Point","coordinates":[17.11553,48.1474]},"properties":{"cat":"zastavka","name":"Mari\u00e1nska"}},{"type":"Feature","geometry":{"type":"Point","coordinates":[17.10492,48.14497]},"properties":{"cat":"zastavka","name":"Kapuc\u00ednska"}},{"type":"Feature","geometry":{"type":"Point","coordinates":[17.12372,48.15474]},"properties":{"cat":"zastavka","name":"Kr\u00ed\u017ena"}},{"type":"Feature","geometry":{"type":"Point","coordinates":[17.09299,48.14089]},"properties":{"cat":"zastavka","name":"Chatam S\u00f3fer"}},{"type":"Feature","geometry":{"type":"Point","coordinates":[17.11574,48.1417]},"properties":{"cat":"zastavka","name":"\u0160af\u00e1rikovo n\u00e1m."}},{"type":"Feature","geometry":{"type":"Point","coordinates":[17.10051,48.12913]},"properties":{"cat":"skolka","name":"Matersk\u00e1 \u0161kola Nobelovo n\u00e1mestie 6"}},{"type":"Feature","geometry":{"type":"Point","coordinates":[17.10981,48.14717]},"properties":{"cat":"zastavka","name":"Po\u0161tov\u00e1"}},{"type":"Feature","geometry":{"type":"Point","coordinates":[17.1336,48.15555]},"properties":{"cat":"zastavka","name":"Salezi\u00e1ni"}},{"type":"Feature","geometry":{"type":"Point","coordinates":[17.12051,48.15412]},"properties":{"cat":"zastavka","name":"Vazovova"}},{"type":"Feature","geometry":{"type":"Point","coordinates":[17.11881,48.15359]},"properties":{"cat":"zastavka","name":"Blument\u00e1l"}},{"type":"Feature","geometry":{"type":"Point","coordinates":[17.10861,48.14666]},"properties":{"cat":"zastavka","name":"Po\u0161tov\u00e1"}},{"type":"Feature","geometry":{"type":"Point","coordinates":[17.12053,48.15795]},"properties":{"cat":"zastavka","name":"Ra\u010dianske m\u00fdto"}},{"type":"Feature","geometry":{"type":"Point","coordinates":[17.11227,48.14849]},"properties":{"cat":"zastavka","name":"Vysok\u00e1"}},{"type":"Feature","geometry":{"type":"Point","coordinates":[17.11297,48.14872]},"properties":{"cat":"zastavka","name":"Vysok\u00e1"}},{"type":"Feature","geometry":{"type":"Point","coordinates":[17.10264,48.12896]},"properties":{"cat":"park","name":""}},{"type":"Feature","geometry":{"type":"Point","coordinates":[17.12698,48.15704]},"properties":{"cat":"zastavka","name":"Trnavsk\u00e9 m\u00fdto"}},{"type":"Feature","geometry":{"type":"Point","coordinates":[17.09505,48.12853]},"properties":{"cat":"obchod","name":"Potraviny U Janka"}},{"type":"Feature","geometry":{"type":"Point","coordinates":[17.10844,48.13189]},"properties":{"cat":"zastavka","name":"OC Einsteinova"}},{"type":"Feature","geometry":{"type":"Point","coordinates":[17.12014,48.15416]},"properties":{"cat":"skola","name":"Cirkevn\u00e1 stredn\u00e1 odborn\u00e1 \u0161kola elektrotechnick\u00e1 P. G. Frassatiho"}},{"type":"Feature","geometry":{"type":"Point","coordinates":[17.1162,48.14619]},"properties":{"cat":"zastavka","name":"Rajsk\u00e1"}},{"type":"Feature","geometry":{"type":"Point","coordinates":[17.10103,48.12836]},"properties":{"cat":"park","name":""}},{"type":"Feature","geometry":{"type":"Point","coordinates":[17.10139,48.12914]},"properties":{"cat":"park","name":""}},{"type":"Feature","geometry":{"type":"Point","coordinates":[17.11992,48.15445]},"properties":{"cat":"zastavka","name":"Vazovova"}},{"type":"Feature","geometry":{"type":"Point","coordinates":[17.11646,48.14876]},"properties":{"cat":"lekar","name":"MUDr. Marta Grmanov\u00e1"}},{"type":"Feature","geometry":{"type":"Point","coordinates":[17.11652,48.14885]},"properties":{"cat":"skolka","name":"Matersk\u00e1 \u0161kola \u0160pit\u00e1lska 49"}},{"type":"Feature","geometry":{"type":"Point","coordinates":[17.11126,48.14551]},"properties":{"cat":"lekaren","name":"Milosrdn\u00ed bratia"}},{"type":"Feature","geometry":{"type":"Point","coordinates":[17.10121,48.11952]},"properties":{"cat":"obchod","name":"Tesco Expres"}},{"type":"Feature","geometry":{"type":"Point","coordinates":[17.11066,48.12382]},"properties":{"cat":"zastavka","name":"Vlasteneck\u00e9 n\u00e1m."}},{"type":"Feature","geometry":{"type":"Point","coordinates":[17.13387,48.15263]},"properties":{"cat":"lekaren","name":"Medius"}},{"type":"Feature","geometry":{"type":"Point","coordinates":[17.1077,48.12549]},"properties":{"cat":"park","name":""}},{"type":"Feature","geometry":{"type":"Point","coordinates":[17.11019,48.12569]},"properties":{"cat":"park","name":""}},{"type":"Feature","geometry":{"type":"Point","coordinates":[17.10927,48.1257]},"properties":{"cat":"park","name":""}},{"type":"Feature","geometry":{"type":"Point","coordinates":[17.10766,48.13212]},"properties":{"cat":"zastavka","name":"OC Einsteinova"}},{"type":"Feature","geometry":{"type":"Point","coordinates":[17.13144,48.1421]},"properties":{"cat":"zastavka","name":"Pr\u00edstavn\u00e1"}},{"type":"Feature","geometry":{"type":"Point","coordinates":[17.13535,48.15189]},"properties":{"cat":"obchod","name":"Tesco Expres"}},{"type":"Feature","geometry":{"type":"Point","coordinates":[17.09926,48.14563]},"properties":{"cat":"obchod","name":"Tesco Expres"}},{"type":"Feature","geometry":{"type":"Point","coordinates":[17.11908,48.15485]},"properties":{"cat":"obchod","name":"Malina"}},{"type":"Feature","geometry":{"type":"Point","coordinates":[17.11752,48.12215]},"properties":{"cat":"lekaren","name":"Kamilka"}},{"type":"Feature","geometry":{"type":"Point","coordinates":[17.11766,48.12198]},"properties":{"cat":"obchod","name":"Mix Markt"}},{"type":"Feature","geometry":{"type":"Point","coordinates":[17.11891,48.12037]},"properties":{"cat":"obchod","name":"Tesco Expres"}},{"type":"Feature","geometry":{"type":"Point","coordinates":[17.12439,48.12693]},"properties":{"cat":"zastavka","name":"Bos\u00e1kova"}},{"type":"Feature","geometry":{"type":"Point","coordinates":[17.13054,48.12026]},"properties":{"cat":"zastavka","name":"Ovsi\u0161tsk\u00e9 n\u00e1m."}},{"type":"Feature","geometry":{"type":"Point","coordinates":[17.13073,48.12034]},"properties":{"cat":"zastavka","name":"Ovsi\u0161tsk\u00e9 n\u00e1m."}},{"type":"Feature","geometry":{"type":"Point","coordinates":[17.1311,48.12032]},"properties":{"cat":"obchod","name":"Terno plus"}},{"type":"Feature","geometry":{"type":"Point","coordinates":[17.12204,48.14139]},"properties":{"cat":"zastavka","name":"Nov\u00e9 SND"}},{"type":"Feature","geometry":{"type":"Point","coordinates":[17.10504,48.1445]},"properties":{"cat":"obchod","name":"Potraviny Julka"}},{"type":"Feature","geometry":{"type":"Point","coordinates":[17.1395,48.14634]},"properties":{"cat":"lekaren","name":"OMEGA lek\u00e1re\u0148"}},{"type":"Feature","geometry":{"type":"Point","coordinates":[17.13598,48.13006]},"properties":{"cat":"park","name":""}},{"type":"Feature","geometry":{"type":"Point","coordinates":[17.12022,48.12653]},"properties":{"cat":"obchod","name":"Terno"}},{"type":"Feature","geometry":{"type":"Point","coordinates":[17.11074,48.1271]},"properties":{"cat":"park","name":""}},{"type":"Feature","geometry":{"type":"Point","coordinates":[17.12548,48.12753]},"properties":{"cat":"zastavka","name":"Bos\u00e1kova"}},{"type":"Feature","geometry":{"type":"Point","coordinates":[17.12174,48.12765]},"properties":{"cat":"zastavka","name":"Mlynarovi\u010dova"}},{"type":"Feature","geometry":{"type":"Point","coordinates":[17.11446,48.12703]},"properties":{"cat":"park","name":""}},{"type":"Feature","geometry":{"type":"Point","coordinates":[17.11088,48.12423]},"properties":{"cat":"obchod","name":"Terno"}},{"type":"Feature","geometry":{"type":"Point","coordinates":[17.10929,48.12487]},"properties":{"cat":"park","name":""}},{"type":"Feature","geometry":{"type":"Point","coordinates":[17.11191,48.12531]},"properties":{"cat":"skola","name":"S\u00fakromn\u00e1 \u0161kola umeleck\u00e9ho priemyslu animovanej tvorby"}},{"type":"Feature","geometry":{"type":"Point","coordinates":[17.11179,48.12501]},"properties":{"cat":"skola","name":"Z\u00e1kladn\u00e1 \u0161kola intern\u00e1tna pre \u017eiakov s naru\u0161enou komunika\u010dnou schopnos\u0165ou"}},{"type":"Feature","geometry":{"type":"Point","coordinates":[17.09181,48.12631]},"properties":{"cat":"skola","name":"S\u00fakromn\u00e1 hotelov\u00e1 akad\u00e9mia"}},{"type":"Feature","geometry":{"type":"Point","coordinates":[17.13035,48.12438]},"properties":{"cat":"park","name":""}},{"type":"Feature","geometry":{"type":"Point","coordinates":[17.13418,48.14286]},"properties":{"cat":"park","name":""}},{"type":"Feature","geometry":{"type":"Point","coordinates":[17.12009,48.13256]},"properties":{"cat":"park","name":""}},{"type":"Feature","geometry":{"type":"Point","coordinates":[17.1337,48.15036]},"properties":{"cat":"lekaren","name":"Vesnala"}},{"type":"Feature","geometry":{"type":"Point","coordinates":[17.12394,48.12679]},"properties":{"cat":"obchod","name":"Potraviny Kv\u00e1sok"}},{"type":"Feature","geometry":{"type":"Point","coordinates":[17.11452,48.14554]},"properties":{"cat":"lekaren","name":"BENU"}},{"type":"Feature","geometry":{"type":"Point","coordinates":[17.11427,48.14718]},"properties":{"cat":"skolka","name":"Detsk\u00e9 jasle"}},{"type":"Feature","geometry":{"type":"Point","coordinates":[17.11401,48.14704]},"properties":{"cat":"lekaren","name":"Lek\u00e1re\u0148 sv. Al\u017ebety"}},{"type":"Feature","geometry":{"type":"Point","coordinates":[17.11228,48.14833]},"properties":{"cat":"obchod","name":"malina"}},{"type":"Feature","geometry":{"type":"Point","coordinates":[17.11344,48.14889]},"properties":{"cat":"lekaren","name":"Dr. Max"}},{"type":"Feature","geometry":{"type":"Point","coordinates":[17.1105,48.14479]},"properties":{"cat":"skola","name":"Gymn\u00e1zium sv. Ur\u0161ule"}},{"type":"Feature","geometry":{"type":"Point","coordinates":[17.10986,48.14498]},"properties":{"cat":"skolka","name":"Matersk\u00e1 \u0161kola sv. Ur\u0161ule"}},{"type":"Feature","geometry":{"type":"Point","coordinates":[17.11033,48.14486]},"properties":{"cat":"skola","name":"Z\u00e1kladn\u00e1 \u0161kola sv. Ur\u0161ule"}},{"type":"Feature","geometry":{"type":"Point","coordinates":[17.10746,48.14232]},"properties":{"cat":"skola","name":"British Council"}},{"type":"Feature","geometry":{"type":"Point","coordinates":[17.09374,48.12468]},"properties":{"cat":"park","name":""}},{"type":"Feature","geometry":{"type":"Point","coordinates":[17.09754,48.121]},"properties":{"cat":"zastavka","name":"Stn. Petr\u017ealka"}},{"type":"Feature","geometry":{"type":"Point","coordinates":[17.09745,48.12136]},"properties":{"cat":"zastavka","name":"Stn. Petr\u017ealka"}},{"type":"Feature","geometry":{"type":"Point","coordinates":[17.12303,48.12536]},"properties":{"cat":"park","name":""}},{"type":"Feature","geometry":{"type":"Point","coordinates":[17.10976,48.14279]},"properties":{"cat":"lekaren","name":"Lek\u00e1re\u0148 pri divadle"}},{"type":"Feature","geometry":{"type":"Point","coordinates":[17.11645,48.14802]},"properties":{"cat":"obchod","name":"Tesco Expres"}},{"type":"Feature","geometry":{"type":"Point","coordinates":[17.13607,48.15418]},"properties":{"cat":"obchod","name":"Potraviny Mileti\u010dka"}},{"type":"Feature","geometry":{"type":"Point","coordinates":[17.12059,48.14769]},"properties":{"cat":"zastavka","name":"Ondrejsk\u00fd cintor\u00edn"}},{"type":"Feature","geometry":{"type":"Point","coordinates":[17.12577,48.14984]},"properties":{"cat":"obchod","name":"Billa"}},{"type":"Feature","geometry":{"type":"Point","coordinates":[17.11701,48.14647]},"properties":{"cat":"zastavka","name":"Rajsk\u00e1"}},{"type":"Feature","geometry":{"type":"Point","coordinates":[17.12521,48.14824]},"properties":{"cat":"lekaren","name":"Lek\u00e1re\u0148 CBC"}},{"type":"Feature","geometry":{"type":"Point","coordinates":[17.11063,48.15104]},"properties":{"cat":"zastavka","name":"Prezident. z\u00e1hrada"}},{"type":"Feature","geometry":{"type":"Point","coordinates":[17.09183,48.1459]},"properties":{"cat":"park","name":""}},{"type":"Feature","geometry":{"type":"Point","coordinates":[17.1007,48.15237]},"properties":{"cat":"zastavka","name":"Slav\u00edn"}},{"type":"Feature","geometry":{"type":"Point","coordinates":[17.10036,48.15401]},"properties":{"cat":"zastavka","name":"Havl\u00ed\u010dkova"}},{"type":"Feature","geometry":{"type":"Point","coordinates":[17.10191,48.15187]},"properties":{"cat":"zastavka","name":"Mi\u0161\u00edkova"}},{"type":"Feature","geometry":{"type":"Point","coordinates":[17.10208,48.15196]},"properties":{"cat":"zastavka","name":"Mi\u0161\u00edkova"}},{"type":"Feature","geometry":{"type":"Point","coordinates":[17.10006,48.15098]},"properties":{"cat":"zastavka","name":"Donovalova"}},{"type":"Feature","geometry":{"type":"Point","coordinates":[17.09833,48.14866]},"properties":{"cat":"zastavka","name":"\u0160ulekova"}},{"type":"Feature","geometry":{"type":"Point","coordinates":[17.09838,48.14896]},"properties":{"cat":"zastavka","name":"\u0160ulekova"}},{"type":"Feature","geometry":{"type":"Point","coordinates":[17.08846,48.15597]},"properties":{"cat":"zastavka","name":"Horsk\u00fd park"}},{"type":"Feature","geometry":{"type":"Point","coordinates":[17.08844,48.15624]},"properties":{"cat":"zastavka","name":"Horsk\u00fd park"}},{"type":"Feature","geometry":{"type":"Point","coordinates":[17.10884,48.14663]},"properties":{"cat":"lekaren","name":"Aries Medishop"}},{"type":"Feature","geometry":{"type":"Point","coordinates":[17.10443,48.13997]},"properties":{"cat":"zastavka","name":"Most SNP"}},{"type":"Feature","geometry":{"type":"Point","coordinates":[17.1086,48.15573]},"properties":{"cat":"zastavka","name":"Pod stanicou"}},{"type":"Feature","geometry":{"type":"Point","coordinates":[17.11075,48.13996]},"properties":{"cat":"zastavka","name":"N\u00e1m. \u013d. \u0160t\u00fara"}},{"type":"Feature","geometry":{"type":"Point","coordinates":[17.10851,48.13997]},"properties":{"cat":"zastavka","name":"N\u00e1m. \u013d. \u0160t\u00fara"}},{"type":"Feature","geometry":{"type":"Point","coordinates":[17.11985,48.15197]},"properties":{"cat":"obchod","name":"Tesco Expres"}},{"type":"Feature","geometry":{"type":"Point","coordinates":[17.11999,48.12794]},"properties":{"cat":"zastavka","name":"Mlynarovi\u010dova"}},{"type":"Feature","geometry":{"type":"Point","coordinates":[17.11253,48.14927]},"properties":{"cat":"obchod","name":"Kmart"}},{"type":"Feature","geometry":{"type":"Point","coordinates":[17.13501,48.1496]},"properties":{"cat":"obchod","name":"COOP Jednota"}},{"type":"Feature","geometry":{"type":"Point","coordinates":[17.10938,48.14136]},"properties":{"cat":"obchod","name":"Billa"}},{"type":"Feature","geometry":{"type":"Point","coordinates":[17.09073,48.15366]},"properties":{"cat":"zastavka","name":"B\u00fadkov\u00e1"}},{"type":"Feature","geometry":{"type":"Point","coordinates":[17.12676,48.14847]},"properties":{"cat":"lekar","name":"MUDr. Amonov\u00e1 Daniela"}},{"type":"Feature","geometry":{"type":"Point","coordinates":[17.12694,48.14896]},"properties":{"cat":"skolka","name":"Matersk\u00e1 \u0161kola Velehradsk\u00e1 24, Elokovan\u00e9 triedy Budovate\u013esk\u00e1 10"}},{"type":"Feature","geometry":{"type":"Point","coordinates":[17.1001,48.15225]},"properties":{"cat":"zastavka","name":"Slav\u00edn"}},{"type":"Feature","geometry":{"type":"Point","coordinates":[17.10444,48.14909]},"properties":{"cat":"park","name":""}},{"type":"Feature","geometry":{"type":"Point","coordinates":[17.10342,48.14985]},"properties":{"cat":"park","name":""}},{"type":"Feature","geometry":{"type":"Point","coordinates":[17.0987,48.15129]},"properties":{"cat":"zastavka","name":"Donovalova"}},{"type":"Feature","geometry":{"type":"Point","coordinates":[17.10602,48.14888]},"properties":{"cat":"skola","name":"Evanjelick\u00e9 l\u00fdceum a z\u00e1kladn\u00e1 \u0161kola Palis\u00e1dy"}},{"type":"Feature","geometry":{"type":"Point","coordinates":[17.11559,48.15628]},"properties":{"cat":"park","name":"Ihrisko na Z\u00e1hrebskej ul."}},{"type":"Feature","geometry":{"type":"Point","coordinates":[17.10752,48.14853]},"properties":{"cat":"obchod","name":"Bioraj"}},{"type":"Feature","geometry":{"type":"Point","coordinates":[17.10714,48.14854]},"properties":{"cat":"lekaren","name":"BENU"}},{"type":"Feature","geometry":{"type":"Point","coordinates":[17.13001,48.15644]},"properties":{"cat":"zastavka","name":"Jela\u010di\u010dova"}},{"type":"Feature","geometry":{"type":"Point","coordinates":[17.13025,48.15661]},"properties":{"cat":"zastavka","name":"Jela\u010di\u010dova"}},{"type":"Feature","geometry":{"type":"Point","coordinates":[17.09602,48.11874]},"properties":{"cat":"zastavka","name":"Kop\u010dianska, stred"}},{"type":"Feature","geometry":{"type":"Point","coordinates":[17.10748,48.15578]},"properties":{"cat":"zastavka","name":"Pod stanicou"}},{"type":"Feature","geometry":{"type":"Point","coordinates":[17.09755,48.1578]},"properties":{"cat":"zastavka","name":"Kalv\u00e1ria"}},{"type":"Feature","geometry":{"type":"Point","coordinates":[17.09486,48.15706]},"properties":{"cat":"park","name":""}},{"type":"Feature","geometry":{"type":"Point","coordinates":[17.1291,48.15505]},"properties":{"cat":"lekaren","name":"Dial\u00f3g spol. s r.o."}},{"type":"Feature","geometry":{"type":"Point","coordinates":[17.10597,48.12218]},"properties":{"cat":"lekaren","name":"Lek\u00e1re\u0148 Clementia"}},{"type":"Feature","geometry":{"type":"Point","coordinates":[17.0987,48.12211]},"properties":{"cat":"zastavka","name":"Stn. Petr\u017ealka"}},{"type":"Feature","geometry":{"type":"Point","coordinates":[17.09784,48.1495]},"properties":{"cat":"lekar","name":"iscare"}},{"type":"Feature","geometry":{"type":"Point","coordinates":[17.09894,48.11808]},"properties":{"cat":"lekaren","name":"Sofia"}},{"type":"Feature","geometry":{"type":"Point","coordinates":[17.09553,48.11833]},"properties":{"cat":"zastavka","name":"Kop\u010dianska, stred"}},{"type":"Feature","geometry":{"type":"Point","coordinates":[17.13212,48.11854]},"properties":{"cat":"zastavka","name":"Ovsi\u0161te"}},{"type":"Feature","geometry":{"type":"Point","coordinates":[17.1283,48.14936]},"properties":{"cat":"obchod","name":"Potraviny L&M"}},{"type":"Feature","geometry":{"type":"Point","coordinates":[17.13404,48.14688]},"properties":{"cat":"skolka","name":"Matersk\u00e1 \u0161kola Mot\u00fdlik"}},{"type":"Feature","geometry":{"type":"Point","coordinates":[17.11895,48.15388]},"properties":{"cat":"zastavka","name":"Blument\u00e1l"}},{"type":"Feature","geometry":{"type":"Point","coordinates":[17.12717,48.15762]},"properties":{"cat":"zastavka","name":"Trnavsk\u00e9 m\u00fdto"}},{"type":"Feature","geometry":{"type":"Point","coordinates":[17.11295,48.14876]},"properties":{"cat":"zastavka","name":"Vysok\u00e1"}},{"type":"Feature","geometry":{"type":"Point","coordinates":[17.11372,48.14581]},"properties":{"cat":"zastavka","name":"Centrum"}},{"type":"Feature","geometry":{"type":"Point","coordinates":[17.11654,48.14844]},"properties":{"cat":"zastavka","name":"Mari\u00e1nska"}},{"type":"Feature","geometry":{"type":"Point","coordinates":[17.10556,48.14516]},"properties":{"cat":"zastavka","name":"Kapuc\u00ednska"}},{"type":"Feature","geometry":{"type":"Point","coordinates":[17.10559,48.14513]},"properties":{"cat":"zastavka","name":"Kapuc\u00ednska"}},{"type":"Feature","geometry":{"type":"Point","coordinates":[17.10961,48.14021]},"properties":{"cat":"zastavka","name":"N\u00e1m. \u013d. \u0160t\u00fara"}},{"type":"Feature","geometry":{"type":"Point","coordinates":[17.08815,48.14159]},"properties":{"cat":"obchod","name":"Moja Samo\u0161ka"}},{"type":"Feature","geometry":{"type":"Point","coordinates":[17.13353,48.15554]},"properties":{"cat":"zastavka","name":"Salezi\u00e1ni"}},{"type":"Feature","geometry":{"type":"Point","coordinates":[17.10677,48.15771]},"properties":{"cat":"zastavka","name":"Hlavn\u00e1 stanica"}},{"type":"Feature","geometry":{"type":"Point","coordinates":[17.10749,48.15582]},"properties":{"cat":"zastavka","name":"Pod stanicou"}},{"type":"Feature","geometry":{"type":"Point","coordinates":[17.10978,48.14718]},"properties":{"cat":"zastavka","name":"Po\u0161tov\u00e1"}},{"type":"Feature","geometry":{"type":"Point","coordinates":[17.11164,48.1452]},"properties":{"cat":"zastavka","name":"Centrum"}},{"type":"Feature","geometry":{"type":"Point","coordinates":[17.11208,48.14497]},"properties":{"cat":"zastavka","name":"Centrum"}},{"type":"Feature","geometry":{"type":"Point","coordinates":[17.11196,48.14292]},"properties":{"cat":"zastavka","name":"Jesensk\u00e9ho"}},{"type":"Feature","geometry":{"type":"Point","coordinates":[17.1052,48.13979]},"properties":{"cat":"zastavka","name":"Most SNP"}},{"type":"Feature","geometry":{"type":"Point","coordinates":[17.09246,48.1412]},"properties":{"cat":"zastavka","name":"Chatam S\u00f3fer"}},{"type":"Feature","geometry":{"type":"Point","coordinates":[17.1181,48.15158]},"properties":{"cat":"zastavka","name":"Americk\u00e9 n\u00e1m."}},{"type":"Feature","geometry":{"type":"Point","coordinates":[17.12043,48.15221]},"properties":{"cat":"zastavka","name":"Americk\u00e9 n\u00e1m."}},{"type":"Feature","geometry":{"type":"Point","coordinates":[17.12051,48.15416]},"properties":{"cat":"zastavka","name":"Vazovova"}},{"type":"Feature","geometry":{"type":"Point","coordinates":[17.124,48.15493]},"properties":{"cat":"zastavka","name":"Kr\u00ed\u017ena"}},{"type":"Feature","geometry":{"type":"Point","coordinates":[17.12757,48.15779]},"properties":{"cat":"zastavka","name":"Trnavsk\u00e9 m\u00fdto"}},{"type":"Feature","geometry":{"type":"Point","coordinates":[17.11972,48.14609]},"properties":{"cat":"obchod","name":"Terno"}},{"type":"Feature","geometry":{"type":"Point","coordinates":[17.11139,48.15549]},"properties":{"cat":"obchod","name":"Dom\u00e1ce potraviny"}},{"type":"Feature","geometry":{"type":"Point","coordinates":[17.10714,48.14682]},"properties":{"cat":"zastavka","name":"Such\u00e9 m\u00fdto"}},{"type":"Feature","geometry":{"type":"Point","coordinates":[17.13194,48.1184]},"properties":{"cat":"zastavka","name":"Ovsi\u0161te"}},{"type":"Feature","geometry":{"type":"Point","coordinates":[17.11872,48.15361]},"properties":{"cat":"zastavka","name":"Blument\u00e1l"}},{"type":"Feature","geometry":{"type":"Point","coordinates":[17.10414,48.14048]},"properties":{"cat":"zastavka","name":"Most SNP"}},{"type":"Feature","geometry":{"type":"Point","coordinates":[17.11295,48.13658]},"properties":{"cat":"park","name":""}},{"type":"Feature","geometry":{"type":"Point","coordinates":[17.08686,48.1187]},"properties":{"cat":"zastavka","name":"Cintor\u00edn Petr\u017ealka"}},{"type":"Feature","geometry":{"type":"Point","coordinates":[17.08672,48.11871]},"properties":{"cat":"zastavka","name":"Cintor\u00edn Petr\u017ealka"}},{"type":"Feature","geometry":{"type":"Point","coordinates":[17.09012,48.12014]},"properties":{"cat":"zastavka","name":"Dargovsk\u00e1"}},{"type":"Feature","geometry":{"type":"Point","coordinates":[17.08926,48.1204]},"properties":{"cat":"zastavka","name":"Dargovsk\u00e1"}},{"type":"Feature","geometry":{"type":"Point","coordinates":[17.09279,48.12289]},"properties":{"cat":"zastavka","name":"Kapitulsk\u00fd dvor"}},{"type":"Feature","geometry":{"type":"Point","coordinates":[17.11081,48.1543]},"properties":{"cat":"zastavka","name":"\u00darad vl\u00e1dy SR"}},{"type":"Feature","geometry":{"type":"Point","coordinates":[17.1094,48.15564]},"properties":{"cat":"obchod","name":"DELIA"}},{"type":"Feature","geometry":{"type":"Point","coordinates":[17.10687,48.14708]},"properties":{"cat":"zastavka","name":"Such\u00e9 m\u00fdto"}},{"type":"Feature","geometry":{"type":"Point","coordinates":[17.12248,48.15668]},"properties":{"cat":"zastavka","name":"Ra\u010dianske m\u00fdto"}},{"type":"Feature","geometry":{"type":"Point","coordinates":[17.12317,48.1532]},"properties":{"cat":"lekar","name":"FitBack"}},{"type":"Feature","geometry":{"type":"Point","coordinates":[17.09981,48.13057]},"properties":{"cat":"lekaren","name":""}},{"type":"Feature","geometry":{"type":"Point","coordinates":[17.08731,48.15386]},"properties":{"cat":"zastavka","name":"Na hrebienku"}},{"type":"Feature","geometry":{"type":"Point","coordinates":[17.08605,48.15432]},"properties":{"cat":"lekar","name":"Lek\u00e1rska kozmetika LifeStyle"}},{"type":"Feature","geometry":{"type":"Point","coordinates":[17.1151,48.12889]},"properties":{"cat":"lekaren","name":"Benu"}},{"type":"Feature","geometry":{"type":"Point","coordinates":[17.11993,48.14139]},"properties":{"cat":"zastavka","name":"Mal\u00e1 sc\u00e9na"}},{"type":"Feature","geometry":{"type":"Point","coordinates":[17.11602,48.15573]},"properties":{"cat":"lekar","name":"MUDr. So\u0148a Da\u0161kov\u00e1"}},{"type":"Feature","geometry":{"type":"Point","coordinates":[17.12195,48.14121]},"properties":{"cat":"zastavka","name":"Nov\u00e9 SND"}},{"type":"Feature","geometry":{"type":"Point","coordinates":[17.11437,48.15659]},"properties":{"cat":"lekaren","name":"PLUS LEK\u00c1RE\u0147"}},{"type":"Feature","geometry":{"type":"Point","coordinates":[17.11665,48.15637]},"properties":{"cat":"skolka","name":"Matersk\u00e1 \u0161kola Tabakov\u00e1"}},{"type":"Feature","geometry":{"type":"Point","coordinates":[17.09868,48.14443]},"properties":{"cat":"obchod","name":"Gastronom"}},{"type":"Feature","geometry":{"type":"Point","coordinates":[17.09958,48.12534]},"properties":{"cat":"obchod","name":"Malina"}},{"type":"Feature","geometry":{"type":"Point","coordinates":[17.09926,48.12611]},"properties":{"cat":"obchod","name":"Star\u00fd Otec"}},{"type":"Feature","geometry":{"type":"Point","coordinates":[17.10166,48.11834]},"properties":{"cat":"park","name":""}},{"type":"Feature","geometry":{"type":"Point","coordinates":[17.10075,48.14481]},"properties":{"cat":"obchod","name":"Malina"}},{"type":"Feature","geometry":{"type":"Point","coordinates":[17.11202,48.15721]},"properties":{"cat":"lekar","name":"Ne\u0161t\u00e1tna intern\u00e1 ambulancia"}},{"type":"Feature","geometry":{"type":"Point","coordinates":[17.11767,48.15255]},"properties":{"cat":"lekar","name":"MDclinic"}},{"type":"Feature","geometry":{"type":"Point","coordinates":[17.11744,48.14185]},"properties":{"cat":"lekar","name":""}},{"type":"Feature","geometry":{"type":"Point","coordinates":[17.13058,48.12112]},"properties":{"cat":"park","name":""}},{"type":"Feature","geometry":{"type":"Point","coordinates":[17.1099,48.1509]},"properties":{"cat":"skolka","name":"S\u00fakromn\u00e1 matersk\u00e1 \u0161kola Anjelik"}},{"type":"Feature","geometry":{"type":"Point","coordinates":[17.09775,48.12145]},"properties":{"cat":"lekaren","name":"Vienna"}},{"type":"Feature","geometry":{"type":"Point","coordinates":[17.12062,48.15317]},"properties":{"cat":"skolka","name":"Detsk\u00e9 centrum Kvietok"}},{"type":"Feature","geometry":{"type":"Point","coordinates":[17.13565,48.15691]},"properties":{"cat":"obchod","name":"Dom\u00e1ce Potraviny"}},{"type":"Feature","geometry":{"type":"Point","coordinates":[17.12013,48.14044]},"properties":{"cat":"obchod","name":"Billa"}},{"type":"Feature","geometry":{"type":"Point","coordinates":[17.13033,48.15557]},"properties":{"cat":"park","name":""}},{"type":"Feature","geometry":{"type":"Point","coordinates":[17.11657,48.14637]},"properties":{"cat":"lekaren","name":""}},{"type":"Feature","geometry":{"type":"Point","coordinates":[17.11906,48.1539]},"properties":{"cat":"zastavka","name":"Blument\u00e1l"}},{"type":"Feature","geometry":{"type":"Point","coordinates":[17.09852,48.14615]},"properties":{"cat":"lekar","name":""}},{"type":"Feature","geometry":{"type":"Point","coordinates":[17.10127,48.14768]},"properties":{"cat":"obchod","name":"Na\u0161e potraviny"}},{"type":"Feature","geometry":{"type":"Point","coordinates":[17.09675,48.14695]},"properties":{"cat":"skolka","name":"Hlavi\u010dka"}},{"type":"Feature","geometry":{"type":"Point","coordinates":[17.11686,48.12769]},"properties":{"cat":"zastavka","name":"Farsk\u00e9ho"}},{"type":"Feature","geometry":{"type":"Point","coordinates":[17.11721,48.14226]},"properties":{"cat":"lekar","name":"MUDr. Peter Lipt\u00e1k"}},{"type":"Feature","geometry":{"type":"Point","coordinates":[17.10576,48.14961]},"properties":{"cat":"skolka","name":"S\u00fakromn\u00e1 \u0161k\u00f4lka \"Ako u mami\u010dky\""}},{"type":"Feature","geometry":{"type":"Point","coordinates":[17.10897,48.14831]},"properties":{"cat":"lekaren","name":"INA"}},{"type":"Feature","geometry":{"type":"Point","coordinates":[17.11679,48.12722]},"properties":{"cat":"zastavka","name":"Farsk\u00e9ho"}},{"type":"Feature","geometry":{"type":"Point","coordinates":[17.12946,48.12553]},"properties":{"cat":"park","name":""}},{"type":"Feature","geometry":{"type":"Point","coordinates":[17.09827,48.12218]},"properties":{"cat":"lekar","name":"Praktick\u00e1 Ambulancia Petr\u017ealka"}},{"type":"Feature","geometry":{"type":"Point","coordinates":[17.12809,48.12334]},"properties":{"cat":"lekaren","name":"Arnika"}},{"type":"Feature","geometry":{"type":"Point","coordinates":[17.12371,48.12456]},"properties":{"cat":"park","name":""}},{"type":"Feature","geometry":{"type":"Point","coordinates":[17.10673,48.15769]},"properties":{"cat":"zastavka","name":"Hlavn\u00e1 stanica"}},{"type":"Feature","geometry":{"type":"Point","coordinates":[17.10742,48.15602]},"properties":{"cat":"zastavka","name":"Pod stanicou"}},{"type":"Feature","geometry":{"type":"Point","coordinates":[17.10742,48.15607]},"properties":{"cat":"zastavka","name":"Pod stanicou"}},{"type":"Feature","geometry":{"type":"Point","coordinates":[17.12301,48.14222]},"properties":{"cat":"zastavka","name":"Nov\u00e9 SND"}},{"type":"Feature","geometry":{"type":"Point","coordinates":[17.13626,48.15208]},"properties":{"cat":"lekaren","name":"Lek\u00e1re\u0148 Ko\u0161ick\u00e1"}},{"type":"Feature","geometry":{"type":"Point","coordinates":[17.12239,48.1295]},"properties":{"cat":"obchod","name":"Bio potraviny"}},{"type":"Feature","geometry":{"type":"Point","coordinates":[17.12302,48.1219]},"properties":{"cat":"lekaren","name":"Lek\u00e1re\u0148 Pharmacy 4U"}},{"type":"Feature","geometry":{"type":"Point","coordinates":[17.12063,48.124]},"properties":{"cat":"obchod","name":"Delikates"}},{"type":"Feature","geometry":{"type":"Point","coordinates":[17.12144,48.12812]},"properties":{"cat":"obchod","name":"Malina"}},{"type":"Feature","geometry":{"type":"Point","coordinates":[17.10591,48.14161]},"properties":{"cat":"lekaren","name":"St. Martin"}},{"type":"Feature","geometry":{"type":"Point","coordinates":[17.1072,48.14835]},"properties":{"cat":"obchod","name":"Ad Fruit"}},{"type":"Feature","geometry":{"type":"Point","coordinates":[17.10648,48.11832]},"properties":{"cat":"obchod","name":"Potraviny Ve\u010dierka"}},{"type":"Feature","geometry":{"type":"Point","coordinates":[17.11595,48.14464]},"properties":{"cat":"lekaren","name":"Bylinka"}},{"type":"Feature","geometry":{"type":"Point","coordinates":[17.1268,48.12799]},"properties":{"cat":"park","name":""}},{"type":"Feature","geometry":{"type":"Point","coordinates":[17.1016,48.14752]},"properties":{"cat":"obchod","name":"Zelovoc u Ki\u0161\u0161a"}},{"type":"Feature","geometry":{"type":"Point","coordinates":[17.1197,48.1466]},"properties":{"cat":"skolka","name":"Anglick\u00e1 bilingv\u00e1lna \u0161k\u00f4lka"}},{"type":"Feature","geometry":{"type":"Point","coordinates":[17.11989,48.14666]},"properties":{"cat":"skolka","name":"Detsk\u00e9 opatrovate\u013esk\u00e9 centrum Pln\u00e9 radosti"}},{"type":"Feature","geometry":{"type":"Point","coordinates":[17.11956,48.14893]},"properties":{"cat":"lekar","name":"Benedictus"}},{"type":"Feature","geometry":{"type":"Point","coordinates":[17.10429,48.14045]},"properties":{"cat":"zastavka","name":"Most SNP"}},{"type":"Feature","geometry":{"type":"Point","coordinates":[17.13555,48.12766]},"properties":{"cat":"park","name":""}},{"type":"Feature","geometry":{"type":"Point","coordinates":[17.13643,48.15133]},"properties":{"cat":"lekar","name":"Ambulancia v\u0161eobecn\u00e9ho lek\u00e1ra pre dospel\u00fdch"}},{"type":"Feature","geometry":{"type":"Point","coordinates":[17.11003,48.14744]},"properties":{"cat":"obchod","name":"malina"}},{"type":"Feature","geometry":{"type":"Point","coordinates":[17.118,48.14483]},"properties":{"cat":"obchod","name":"Pressburg bajgel"}},{"type":"Feature","geometry":{"type":"Point","coordinates":[17.1251,48.14794]},"properties":{"cat":"obchod","name":"DELIA"}},{"type":"Feature","geometry":{"type":"Point","coordinates":[17.13928,48.15379]},"properties":{"cat":"lekaren","name":"Lek\u00e1re\u0148 ALMA"}},{"type":"Feature","geometry":{"type":"Point","coordinates":[17.11502,48.11908]},"properties":{"cat":"obchod","name":"Malina"}},{"type":"Feature","geometry":{"type":"Point","coordinates":[17.09986,48.1236]},"properties":{"cat":"lekar","name":"NeoV\u00edzia"}},{"type":"Feature","geometry":{"type":"Point","coordinates":[17.11259,48.14433]},"properties":{"cat":"obchod","name":"malina"}},{"type":"Feature","geometry":{"type":"Point","coordinates":[17.12101,48.15292]},"properties":{"cat":"lekar","name":"SCHNEIDER MBST terapia"}},{"type":"Feature","geometry":{"type":"Point","coordinates":[17.09913,48.11822]},"properties":{"cat":"lekar","name":""}},{"type":"Feature","geometry":{"type":"Point","coordinates":[17.11573,48.15456]},"properties":{"cat":"lekaren","name":"Dr. Max"}},{"type":"Feature","geometry":{"type":"Point","coordinates":[17.1134,48.14777]},"properties":{"cat":"skolka","name":"M\u0160 Heydukova"}},{"type":"Feature","geometry":{"type":"Point","coordinates":[17.11097,48.15083]},"properties":{"cat":"lekar","name":"CMO o\u010dn\u00e1 ambulancia"}},{"type":"Feature","geometry":{"type":"Point","coordinates":[17.10663,48.14497]},"properties":{"cat":"obchod","name":"DELIA"}},{"type":"Feature","geometry":{"type":"Point","coordinates":[17.10953,48.13226]},"properties":{"cat":"lekaren","name":"Dr. Max"}},{"type":"Feature","geometry":{"type":"Point","coordinates":[17.11393,48.12578]},"properties":{"cat":"skolka","name":"Brilliant Stars"}},{"type":"Feature","geometry":{"type":"Point","coordinates":[17.12955,48.15642]},"properties":{"cat":"park","name":""}},{"type":"Feature","geometry":{"type":"Point","coordinates":[17.13017,48.15727]},"properties":{"cat":"park","name":""}},{"type":"Feature","geometry":{"type":"Point","coordinates":[17.10911,48.13243]},"properties":{"cat":"obchod","name":"Kraj"}},{"type":"Feature","geometry":{"type":"Point","coordinates":[17.12894,48.15376]},"properties":{"cat":"lekar","name":"Excimer Augenlaserklinik"}},{"type":"Feature","geometry":{"type":"Point","coordinates":[17.08741,48.15772]},"properties":{"cat":"obchod","name":"Yeme"}},{"type":"Feature","geometry":{"type":"Point","coordinates":[17.11908,48.1183]},"properties":{"cat":"park","name":""}},{"type":"Feature","geometry":{"type":"Point","coordinates":[17.09648,48.1263]},"properties":{"cat":"lekar","name":"Esthetic Centrum"}},{"type":"Feature","geometry":{"type":"Point","coordinates":[17.09646,48.12623]},"properties":{"cat":"lekar","name":"FYZIO CARE"}},{"type":"Feature","geometry":{"type":"Point","coordinates":[17.09653,48.12624]},"properties":{"cat":"lekar","name":"inClinic"}},{"type":"Feature","geometry":{"type":"Point","coordinates":[17.11286,48.12083]},"properties":{"cat":"lekaren","name":"MEDACO"}},{"type":"Feature","geometry":{"type":"Point","coordinates":[17.1131,48.12069]},"properties":{"cat":"obchod","name":"Ve\u010dierka"}},{"type":"Feature","geometry":{"type":"Point","coordinates":[17.11203,48.12841]},"properties":{"cat":"obchod","name":"Potraviny Fresh"}},{"type":"Feature","geometry":{"type":"Point","coordinates":[17.11425,48.14436]},"properties":{"cat":"lekaren","name":"Dunajsk\u00e1"}},{"type":"Feature","geometry":{"type":"Point","coordinates":[17.11709,48.14626]},"properties":{"cat":"lekaren","name":"Sv. Lucie"}},{"type":"Feature","geometry":{"type":"Point","coordinates":[17.12787,48.15793]},"properties":{"cat":"lekaren","name":""}},{"type":"Feature","geometry":{"type":"Point","coordinates":[17.11697,48.13535]},"properties":{"cat":"zastavka","name":"Sad Janka Kr\u00e1\u013ea"}},{"type":"Feature","geometry":{"type":"Point","coordinates":[17.1162,48.14136]},"properties":{"cat":"zastavka","name":"\u0160af\u00e1rikovo n\u00e1m."}},{"type":"Feature","geometry":{"type":"Point","coordinates":[17.08514,48.15261]},"properties":{"cat":"park","name":""}},{"type":"Feature","geometry":{"type":"Point","coordinates":[17.12941,48.15726]},"properties":{"cat":"obchod","name":"Billa"}},{"type":"Feature","geometry":{"type":"Point","coordinates":[17.12156,48.12873]},"properties":{"cat":"obchod","name":"Delia"}},{"type":"Feature","geometry":{"type":"Point","coordinates":[17.12457,48.12987]},"properties":{"cat":"obchod","name":"Delia"}},{"type":"Feature","geometry":{"type":"Point","coordinates":[17.11526,48.15677]},"properties":{"cat":"obchod","name":"DELIA"}},{"type":"Feature","geometry":{"type":"Point","coordinates":[17.11554,48.1308]},"properties":{"cat":"lekar","name":"Interklinik"}},{"type":"Feature","geometry":{"type":"Point","coordinates":[17.11446,48.12395]},"properties":{"cat":"zastavka","name":"Jungmannova"}},{"type":"Feature","geometry":{"type":"Point","coordinates":[17.11389,48.12341]},"properties":{"cat":"zastavka","name":"Jungmannova"}},{"type":"Feature","geometry":{"type":"Point","coordinates":[17.1115,48.12084]},"properties":{"cat":"zastavka","name":"Gessayova"}},{"type":"Feature","geometry":{"type":"Point","coordinates":[17.11098,48.12037]},"properties":{"cat":"zastavka","name":"Gessayova"}},{"type":"Feature","geometry":{"type":"Point","coordinates":[17.10755,48.14835]},"properties":{"cat":"obchod","name":"DELIA"}},{"type":"Feature","geometry":{"type":"Point","coordinates":[17.106,48.15383]},"properties":{"cat":"obchod","name":"malina"}},{"type":"Feature","geometry":{"type":"Point","coordinates":[17.13318,48.15071]},"properties":{"cat":"obchod","name":"Slne\u010dnica"}},{"type":"Feature","geometry":{"type":"Point","coordinates":[17.10075,48.14602]},"properties":{"cat":"skolka","name":"M\u0160 Milana Hod\u017eu"}},{"type":"Feature","geometry":{"type":"Point","coordinates":[17.12544,48.14233]},"properties":{"cat":"zastavka","name":"Landererova"}},{"type":"Feature","geometry":{"type":"Point","coordinates":[17.11676,48.14672]},"properties":{"cat":"lekar","name":"Assiduo"}},{"type":"Feature","geometry":{"type":"Point","coordinates":[17.11692,48.14686]},"properties":{"cat":"lekar","name":"IBD Centrum"}},{"type":"Feature","geometry":{"type":"Point","coordinates":[17.11664,48.1466]},"properties":{"cat":"lekaren","name":"Amarth"}},{"type":"Feature","geometry":{"type":"Point","coordinates":[17.09932,48.11841]},"properties":{"cat":"obchod","name":"DELIA"}},{"type":"Feature","geometry":{"type":"Point","coordinates":[17.11189,48.14292]},"properties":{"cat":"zastavka","name":"Jesensk\u00e9ho"}},{"type":"Feature","geometry":{"type":"Point","coordinates":[17.11362,48.14582]},"properties":{"cat":"zastavka","name":"Centrum"}},{"type":"Feature","geometry":{"type":"Point","coordinates":[17.11585,48.15468]},"properties":{"cat":"lekar","name":"sante - Centrum prevencie a lie\u010dby"}},{"type":"Feature","geometry":{"type":"Point","coordinates":[17.09717,48.12124]},"properties":{"cat":"lekaren","name":"Lek\u00e1re\u0148 MOJE LIEKY"}},{"type":"Feature","geometry":{"type":"Point","coordinates":[17.12404,48.14518]},"properties":{"cat":"lekaren","name":"Twin City"}},{"type":"Feature","geometry":{"type":"Point","coordinates":[17.12331,48.14356]},"properties":{"cat":"lekar","name":"Zdravotn\u00e9 stredisko \u010culenova 6"}},{"type":"Feature","geometry":{"type":"Point","coordinates":[17.09911,48.14397]},"properties":{"cat":"lekaren","name":"Z\u00e1mock\u00e1"}},{"type":"Feature","geometry":{"type":"Point","coordinates":[17.10434,48.15676]},"properties":{"cat":"park","name":""}},{"type":"Feature","geometry":{"type":"Point","coordinates":[17.1064,48.15407]},"properties":{"cat":"obchod","name":"DELIA"}},{"type":"Feature","geometry":{"type":"Point","coordinates":[17.11393,48.12894]},"properties":{"cat":"zastavka","name":"Muchovo n\u00e1m."}},{"type":"Feature","geometry":{"type":"Point","coordinates":[17.0918,48.12442]},"properties":{"cat":"skola","name":"S\u00fakromn\u00e1 stredn\u00e1 odborn\u00e1 \u0161kola ochrany os\u00f4b a majetku"}},{"type":"Feature","geometry":{"type":"Point","coordinates":[17.09075,48.12593]},"properties":{"cat":"skolka","name":"Ga\u0161parko"}},{"type":"Feature","geometry":{"type":"Point","coordinates":[17.09925,48.12604]},"properties":{"cat":"park","name":""}},{"type":"Feature","geometry":{"type":"Point","coordinates":[17.11189,48.14812]},"properties":{"cat":"obchod","name":"Potraviny Obchodn\u00e1"}},{"type":"Feature","geometry":{"type":"Point","coordinates":[17.11849,48.15626]},"properties":{"cat":"obchod","name":"Billa"}},{"type":"Feature","geometry":{"type":"Point","coordinates":[17.11262,48.14874]},"properties":{"cat":"obchod","name":"Tesco Expres"}},{"type":"Feature","geometry":{"type":"Point","coordinates":[17.10709,48.1301]},"properties":{"cat":"obchod","name":"malina"}},{"type":"Feature","geometry":{"type":"Point","coordinates":[17.13014,48.15756]},"properties":{"cat":"obchod","name":"My Food"}},{"type":"Feature","geometry":{"type":"Point","coordinates":[17.13055,48.1572]},"properties":{"cat":"lekaren","name":"Dr. Max"}},{"type":"Feature","geometry":{"type":"Point","coordinates":[17.09253,48.14096]},"properties":{"cat":"zastavka","name":"Chatam S\u00f3fer"}},{"type":"Feature","geometry":{"type":"Point","coordinates":[17.12498,48.15744]},"properties":{"cat":"lekar","name":"ProCare Trnavsk\u00e9 m\u00fdto"}},{"type":"Feature","geometry":{"type":"Point","coordinates":[17.09664,48.14049]},"properties":{"cat":"obchod","name":"DELIA"}},{"type":"Feature","geometry":{"type":"Point","coordinates":[17.11979,48.15196]},"properties":{"cat":"lekaren","name":"Benu"}},{"type":"Feature","geometry":{"type":"Point","coordinates":[17.1392,48.1522]},"properties":{"cat":"obchod","name":"NATURFYT"}},{"type":"Feature","geometry":{"type":"Point","coordinates":[17.11196,48.15554]},"properties":{"cat":"obchod","name":""}},{"type":"Feature","geometry":{"type":"Point","coordinates":[17.12533,48.14205]},"properties":{"cat":"lekar","name":"Pastel Care"}},{"type":"Feature","geometry":{"type":"Point","coordinates":[17.12614,48.14204]},"properties":{"cat":"obchod","name":"Yeme"}},{"type":"Feature","geometry":{"type":"Point","coordinates":[17.13543,48.15759]},"properties":{"cat":"obchod","name":"Bio Alej"}},{"type":"Feature","geometry":{"type":"Point","coordinates":[17.09928,48.12628]},"properties":{"cat":"lekar","name":""}},{"type":"Feature","geometry":{"type":"Point","coordinates":[17.13051,48.15236]},"properties":{"cat":"obchod","name":"Malina"}},{"type":"Feature","geometry":{"type":"Point","coordinates":[17.1223,48.12821]},"properties":{"cat":"lekaren","name":"Lek\u00e1re\u0148 Bos\u00e1kova"}},{"type":"Feature","geometry":{"type":"Point","coordinates":[17.12528,48.14581]},"properties":{"cat":"obchod","name":"malina"}},{"type":"Feature","geometry":{"type":"Point","coordinates":[17.12714,48.12868]},"properties":{"cat":"park","name":""}},{"type":"Feature","geometry":{"type":"Point","coordinates":[17.119,48.15096]},"properties":{"cat":"lekar","name":"Poliklinika cudzokrajn\u00fdch chor\u00f4b"}},{"type":"Feature","geometry":{"type":"Point","coordinates":[17.10445,48.15706]},"properties":{"cat":"park","name":""}},{"type":"Feature","geometry":{"type":"Point","coordinates":[17.11128,48.15422]},"properties":{"cat":"obchod","name":"DELIA"}},{"type":"Feature","geometry":{"type":"Point","coordinates":[17.10167,48.14467]},"properties":{"cat":"lekar","name":"RW Medical"}},{"type":"Feature","geometry":{"type":"Point","coordinates":[17.09093,48.12553]},"properties":{"cat":"skola","name":"Bilingv\u00e1lne gymn\u00e1zium"}},{"type":"Feature","geometry":{"type":"Point","coordinates":[17.12147,48.14518]},"properties":{"cat":"skolka","name":"Matersk\u00e1 \u0161kola Gr\u00f6sslingov\u00e1"}},{"type":"Feature","geometry":{"type":"Point","coordinates":[17.13287,48.12022]},"properties":{"cat":"park","name":""}},{"type":"Feature","geometry":{"type":"Point","coordinates":[17.10556,48.13388]},"properties":{"cat":"lekar","name":"iClinic"}},{"type":"Feature","geometry":{"type":"Point","coordinates":[17.11261,48.14886]},"properties":{"cat":"obchod","name":"N\u00e1\u0161 Produkt"}},{"type":"Feature","geometry":{"type":"Point","coordinates":[17.1283,48.11934]},"properties":{"cat":"park","name":""}},{"type":"Feature","geometry":{"type":"Point","coordinates":[17.11704,48.13578]},"properties":{"cat":"zastavka","name":"Sad Janka Kr\u00e1\u013ea"}},{"type":"Feature","geometry":{"type":"Point","coordinates":[17.1192,48.14676]},"properties":{"cat":"skolka","name":"Handprints International"}},{"type":"Feature","geometry":{"type":"Point","coordinates":[17.11338,48.14413]},"properties":{"cat":"obchod","name":"yeme"}},{"type":"Feature","geometry":{"type":"Point","coordinates":[17.1296,48.14429]},"properties":{"cat":"obchod","name":""}},{"type":"Feature","geometry":{"type":"Point","coordinates":[17.12371,48.15552]},"properties":{"cat":"obchod","name":"bezobalovo"}},{"type":"Feature","geometry":{"type":"Point","coordinates":[17.11351,48.15638]},"properties":{"cat":"lekar","name":"CityDent"}},{"type":"Feature","geometry":{"type":"Point","coordinates":[17.12839,48.15396]},"properties":{"cat":"lekar","name":"Gynaex"}},{"type":"Feature","geometry":{"type":"Point","coordinates":[17.10104,48.12572]},"properties":{"cat":"skolka","name":"S\u00fakromn\u00e1 matersk\u00e1 \u0161kola Pramienok"}},{"type":"Feature","geometry":{"type":"Point","coordinates":[17.0987,48.12537]},"properties":{"cat":"skolka","name":"S\u00fakromn\u00e1 matersk\u00e1 \u0161kola Christa Boteva"}},{"type":"Feature","geometry":{"type":"Point","coordinates":[17.10782,48.13037]},"properties":{"cat":"skolka","name":"City Baby Care"}},{"type":"Feature","geometry":{"type":"Point","coordinates":[17.11708,48.13986]},"properties":{"cat":"park","name":""}},{"type":"Feature","geometry":{"type":"Point","coordinates":[17.11561,48.12007]},"properties":{"cat":"skolka","name":"Matersk\u00e1 \u0161kola Gessayova 2"}},{"type":"Feature","geometry":{"type":"Point","coordinates":[17.11546,48.12017]},"properties":{"cat":"park","name":""}},{"type":"Feature","geometry":{"type":"Point","coordinates":[17.11284,48.11955]},"properties":{"cat":"park","name":""}},{"type":"Feature","geometry":{"type":"Point","coordinates":[17.12015,48.12243]},"properties":{"cat":"obchod","name":"Teta Berta"}},{"type":"Feature","geometry":{"type":"Point","coordinates":[17.11415,48.14527]},"properties":{"cat":"obchod","name":"Tesco Supermarket"}},{"type":"Feature","geometry":{"type":"Point","coordinates":[17.13041,48.12246]},"properties":{"cat":"park","name":""}},{"type":"Feature","geometry":{"type":"Point","coordinates":[17.11768,48.14089]},"properties":{"cat":"park","name":""}},{"type":"Feature","geometry":{"type":"Point","coordinates":[17.12029,48.14038]},"properties":{"cat":"lekaren","name":"Dr. Max"}},{"type":"Feature","geometry":{"type":"Point","coordinates":[17.12315,48.14002]},"properties":{"cat":"lekaren","name":"Dr. Max"}},{"type":"Feature","geometry":{"type":"Point","coordinates":[17.11258,48.13029]},"properties":{"cat":"lekar","name":"Medic\u00ednske centrum LEONARDO"}},{"type":"Feature","geometry":{"type":"Point","coordinates":[17.11743,48.14145]},"properties":{"cat":"zastavka","name":"\u0160af\u00e1rikovo n\u00e1m."}},{"type":"Feature","geometry":{"type":"Point","coordinates":[17.11619,48.14085]},"properties":{"cat":"zastavka","name":"\u0160af\u00e1rikovo n\u00e1m."}},{"type":"Feature","geometry":{"type":"Point","coordinates":[17.12995,48.15751]},"properties":{"cat":"lekaren","name":"Va\u0161a Lek\u00e1re\u0148"}},{"type":"Feature","geometry":{"type":"Point","coordinates":[17.13354,48.15049]},"properties":{"cat":"lekar","name":"MUDr. Judit Szogl;MUDr. M\u00e1ria Antalov\u00e1"}},{"type":"Feature","geometry":{"type":"Point","coordinates":[17.13357,48.15047]},"properties":{"cat":"lekar","name":"MUDr. Helena Grossov\u00e1"}},{"type":"Feature","geometry":{"type":"Point","coordinates":[17.13361,48.15044]},"properties":{"cat":"lekar","name":"MUDr. Ot\u00edlia Valachov\u00e1"}},{"type":"Feature","geometry":{"type":"Point","coordinates":[17.1338,48.15029]},"properties":{"cat":"lekar","name":"MUDr. Vladim\u00edr Michalka"}},{"type":"Feature","geometry":{"type":"Point","coordinates":[17.13331,48.15029]},"properties":{"cat":"obchod","name":"Slne\u010dnica"}},{"type":"Feature","geometry":{"type":"Point","coordinates":[17.13337,48.15024]},"properties":{"cat":"lekar","name":"MUDr. Zuzuana Toma\u0161ovi\u010dov\u00e1"}},{"type":"Feature","geometry":{"type":"Point","coordinates":[17.1334,48.15022]},"properties":{"cat":"lekar","name":""}},{"type":"Feature","geometry":{"type":"Point","coordinates":[17.13343,48.1502]},"properties":{"cat":"lekar","name":"MUDr. Marek Mydliar"}},{"type":"Feature","geometry":{"type":"Point","coordinates":[17.13021,48.15753]},"properties":{"cat":"obchod","name":"Star\u00fd otec"}},{"type":"Feature","geometry":{"type":"Point","coordinates":[17.13062,48.15593]},"properties":{"cat":"obchod","name":"Naturia"}},{"type":"Feature","geometry":{"type":"Point","coordinates":[17.12258,48.15315]},"properties":{"cat":"park","name":""}},{"type":"Feature","geometry":{"type":"Point","coordinates":[17.10684,48.15771]},"properties":{"cat":"zastavka","name":"Hlavn\u00e1 stanica"}},{"type":"Feature","geometry":{"type":"Point","coordinates":[17.1068,48.15768]},"properties":{"cat":"zastavka","name":"Hlavn\u00e1 stanica"}},{"type":"Feature","geometry":{"type":"Point","coordinates":[17.11505,48.12761]},"properties":{"cat":"lekaren","name":"Benu"}},{"type":"Feature","geometry":{"type":"Point","coordinates":[17.1151,48.12774]},"properties":{"cat":"obchod","name":"Tesco"}},{"type":"Feature","geometry":{"type":"Point","coordinates":[17.10206,48.12807]},"properties":{"cat":"park","name":""}},{"type":"Feature","geometry":{"type":"Point","coordinates":[17.11677,48.14601]},"properties":{"cat":"skolka","name":"IN\u0161k\u00f4lka"}},{"type":"Feature","geometry":{"type":"Point","coordinates":[17.13338,48.14915]},"properties":{"cat":"obchod","name":"Potraviny Ve\u010dierka QMV"}},{"type":"Feature","geometry":{"type":"Point","coordinates":[17.13001,48.15401]},"properties":{"cat":"lekar","name":"MUDr. Eva Gerincov\u00e1"}},{"type":"Feature","geometry":{"type":"Point","coordinates":[17.13005,48.15403]},"properties":{"cat":"lekar","name":"MUDr. Gabriela Metkeov\u00e1"}},{"type":"Feature","geometry":{"type":"Point","coordinates":[17.1273,48.15387]},"properties":{"cat":"lekar","name":"S\u00fakromn\u00e9 chirurgick\u00e9 centrum - MUDr.Dimov s.r.o."}},{"type":"Feature","geometry":{"type":"Point","coordinates":[17.11652,48.15019]},"properties":{"cat":"lekar","name":"Hyperbarick\u00e9 komory"}},{"type":"Feature","geometry":{"type":"Point","coordinates":[17.1085,48.12625]},"properties":{"cat":"park","name":""}},{"type":"Feature","geometry":{"type":"Point","coordinates":[17.11415,48.14516]},"properties":{"cat":"obchod","name":"Kashmir express"}},{"type":"Feature","geometry":{"type":"Point","coordinates":[17.11413,48.14539]},"properties":{"cat":"obchod","name":"FARMFOODS"}},{"type":"Feature","geometry":{"type":"Point","coordinates":[17.11391,48.1452]},"properties":{"cat":"obchod","name":"Tesco Expres"}},{"type":"Feature","geometry":{"type":"Point","coordinates":[17.12777,48.12059]},"properties":{"cat":"lekar","name":"REOcentrum"}},{"type":"Feature","geometry":{"type":"Point","coordinates":[17.11931,48.14115]},"properties":{"cat":"zastavka","name":"Mal\u00e1 sc\u00e9na"}},{"type":"Feature","geometry":{"type":"Point","coordinates":[17.10686,48.15768]},"properties":{"cat":"zastavka","name":"Hlavn\u00e1 stanica"}},{"type":"Feature","geometry":{"type":"Point","coordinates":[17.11463,48.15591]},"properties":{"cat":"lekar","name":"medifem"}},{"type":"Feature","geometry":{"type":"Point","coordinates":[17.11644,48.15445]},"properties":{"cat":"lekar","name":"MUDr. Tatiana Smolenov\u00e1"}},{"type":"Feature","geometry":{"type":"Point","coordinates":[17.13725,48.15322]},"properties":{"cat":"obchod","name":""}},{"type":"Feature","geometry":{"type":"Point","coordinates":[17.12628,48.14507]},"properties":{"cat":"lekaren","name":"Dr.Max"}},{"type":"Feature","geometry":{"type":"Point","coordinates":[17.10924,48.14269]},"properties":{"cat":"obchod","name":"DELIA"}},{"type":"Feature","geometry":{"type":"Point","coordinates":[17.12653,48.14504]},"properties":{"cat":"skolka","name":"Bystr\u00e1 \u0161k\u00f4lka"}},{"type":"Feature","geometry":{"type":"Point","coordinates":[17.11721,48.14142]},"properties":{"cat":"skolka","name":"Detsk\u00e9 Centrum Dostojevsk\u00e9ho"}},{"type":"Feature","geometry":{"type":"Point","coordinates":[17.13387,48.15518]},"properties":{"cat":"zastavka","name":"Salezi\u00e1ni"}},{"type":"Feature","geometry":{"type":"Point","coordinates":[17.12329,48.1422]},"properties":{"cat":"zastavka","name":"Nov\u00e9 SND"}},{"type":"Feature","geometry":{"type":"Point","coordinates":[17.12086,48.14078]},"properties":{"cat":"zastavka","name":"Nov\u00e9 SND"}},{"type":"Feature","geometry":{"type":"Point","coordinates":[17.098,48.15764]},"properties":{"cat":"zastavka","name":"Kalv\u00e1ria"}},{"type":"Feature","geometry":{"type":"Point","coordinates":[17.13379,48.14498]},"properties":{"cat":"skolka","name":"Detsk\u00e9 centrum Mini Raj"}},{"type":"Feature","geometry":{"type":"Point","coordinates":[17.09705,48.15713]},"properties":{"cat":"park","name":""}},{"type":"Feature","geometry":{"type":"Point","coordinates":[17.1222,48.14658]},"properties":{"cat":"obchod","name":"Potraviny na Rohu"}},{"type":"Feature","geometry":{"type":"Point","coordinates":[17.1081,48.13258]},"properties":{"cat":"lekaren","name":"ProfiMED"}},{"type":"Feature","geometry":{"type":"Point","coordinates":[17.10756,48.13313]},"properties":{"cat":"park","name":"Timeout"}},{"type":"Feature","geometry":{"type":"Point","coordinates":[17.1083,48.13292]},"properties":{"cat":"lekaren","name":"Benu"}},{"type":"Feature","geometry":{"type":"Point","coordinates":[17.12978,48.14687]},"properties":{"cat":"obchod","name":"Lidl"}},{"type":"Feature","geometry":{"type":"Point","coordinates":[17.12965,48.14631]},"properties":{"cat":"lekaren","name":"Benu"}},{"type":"Feature","geometry":{"type":"Point","coordinates":[17.12805,48.14744]},"properties":{"cat":"obchod","name":"yeme"}},{"type":"Feature","geometry":{"type":"Point","coordinates":[17.12852,48.14689]},"properties":{"cat":"zastavka","name":"Bratislava, Autobusov\u00e1 stanica"}},{"type":"Feature","geometry":{"type":"Point","coordinates":[17.12951,48.14653]},"properties":{"cat":"obchod","name":"malina"}},{"type":"Feature","geometry":{"type":"Point","coordinates":[17.13893,48.1461]},"properties":{"cat":"lekar","name":"REPROFIT"}},{"type":"Feature","geometry":{"type":"Point","coordinates":[17.12887,48.14691]},"properties":{"cat":"zastavka","name":"Bratislava, Autobusov\u00e1 stanica"}},{"type":"Feature","geometry":{"type":"Point","coordinates":[17.1281,48.14697]},"properties":{"cat":"zastavka","name":"Bratislava, Autobusov\u00e1 stanica"}},{"type":"Feature","geometry":{"type":"Point","coordinates":[17.12727,48.14704]},"properties":{"cat":"zastavka","name":"Bratislava, Autobusov\u00e1 stanica"}},{"type":"Feature","geometry":{"type":"Point","coordinates":[17.12807,48.14682]},"properties":{"cat":"zastavka","name":"Bratislava, Autobusov\u00e1 stanica"}},{"type":"Feature","geometry":{"type":"Point","coordinates":[17.12733,48.14106]},"properties":{"cat":"obchod","name":"DELIA"}},{"type":"Feature","geometry":{"type":"Point","coordinates":[17.10803,48.13036]},"properties":{"cat":"park","name":""}},{"type":"Feature","geometry":{"type":"Point","coordinates":[17.1363,48.15056]},"properties":{"cat":"skolka","name":"M\u0160 Mileti\u010dova 37 - Elokovan\u00e9 triedy Gemersk\u00e1 4"}},{"type":"Feature","geometry":{"type":"Point","coordinates":[17.12918,48.14699]},"properties":{"cat":"lekaren","name":"Elf"}},{"type":"Feature","geometry":{"type":"Point","coordinates":[17.12527,48.15099]},"properties":{"cat":"lekar","name":"Ambulancia v\u0161eobecn\u00e9ho lek\u00e1ra pre dospel\u00fdch"}},{"type":"Feature","geometry":{"type":"Point","coordinates":[17.11638,48.14505]},"properties":{"cat":"zastavka","name":"Dunajsk\u00e1"}},{"type":"Feature","geometry":{"type":"Point","coordinates":[17.11201,48.1249]},"properties":{"cat":"skolka","name":"\u0160peci\u00e1lna matersk\u00e1 \u0161kola"}},{"type":"Feature","geometry":{"type":"Point","coordinates":[17.13283,48.14901]},"properties":{"cat":"lekaren","name":"BENU"}},{"type":"Feature","geometry":{"type":"Point","coordinates":[17.10468,48.15041]},"properties":{"cat":"obchod","name":""}},{"type":"Feature","geometry":{"type":"Point","coordinates":[17.11863,48.12954]},"properties":{"cat":"park","name":"Detsk\u00e9 centrum p\u00e1n Je\u017eko"}},{"type":"Feature","geometry":{"type":"Point","coordinates":[17.12605,48.15074]},"properties":{"cat":"lekar","name":"VESELY O\u010dn\u00e1 Klinika"}},{"type":"Feature","geometry":{"type":"Point","coordinates":[17.1333,48.15541]},"properties":{"cat":"lekar","name":"SINALGIS"}},{"type":"Feature","geometry":{"type":"Point","coordinates":[17.11765,48.14287]},"properties":{"cat":"lekar","name":"Poliklinika Bezru\u010dova"}},{"type":"Feature","geometry":{"type":"Point","coordinates":[17.1267,48.14601]},"properties":{"cat":"lekaren","name":"EKO lek\u00e1re\u0148"}},{"type":"Feature","geometry":{"type":"Point","coordinates":[17.12164,48.12944]},"properties":{"cat":"obchod","name":"Italiano Vero"}},{"type":"Feature","geometry":{"type":"Point","coordinates":[17.12307,48.15515]},"properties":{"cat":"obchod","name":"lim\u0169"}},{"type":"Feature","geometry":{"type":"Point","coordinates":[17.12279,48.15499]},"properties":{"cat":"lekar","name":"La Luna"}},{"type":"Feature","geometry":{"type":"Point","coordinates":[17.12196,48.15531]},"properties":{"cat":"obchod","name":"m\u00f4jobchod"}},{"type":"Feature","geometry":{"type":"Point","coordinates":[17.12952,48.15663]},"properties":{"cat":"park","name":""}},{"type":"Feature","geometry":{"type":"Point","coordinates":[17.09106,48.12562]},"properties":{"cat":"skola","name":"S\u00fakromn\u00e1 obchodn\u00e1 akad\u00e9mia"}},{"type":"Feature","geometry":{"type":"Point","coordinates":[17.09164,48.12611]},"properties":{"cat":"skola","name":"S\u00fakromn\u00e9 gymn\u00e1zium"}},{"type":"Feature","geometry":{"type":"Point","coordinates":[17.11626,48.15648]},"properties":{"cat":"park","name":"Park na Z\u00e1hrebskej"}},{"type":"Feature","geometry":{"type":"Point","coordinates":[17.13659,48.14393]},"properties":{"cat":"park","name":""}},{"type":"Feature","geometry":{"type":"Point","coordinates":[17.13858,48.14618]},"properties":{"cat":"lekar","name":"g\u00e9v\u00e9 KLINIKA"}},{"type":"Feature","geometry":{"type":"Point","coordinates":[17.11983,48.15727]},"properties":{"cat":"skolka","name":"Starters"}},{"type":"Feature","geometry":{"type":"Point","coordinates":[17.12669,48.13972]},"properties":{"cat":"obchod","name":"Tesco Expres"}},{"type":"Feature","geometry":{"type":"Point","coordinates":[17.09194,48.14696]},"properties":{"cat":"skola","name":"S\u00fakromn\u00e1 z\u00e1kladn\u00e1 \u0161kola Sv. Michala"}},{"type":"Feature","geometry":{"type":"Point","coordinates":[17.13883,48.1553]},"properties":{"cat":"obchod","name":"DELIA"}},{"type":"Feature","geometry":{"type":"Point","coordinates":[17.12167,48.15543]},"properties":{"cat":"lekar","name":"PROCTOCARE Proktologick\u00e9 centrum"}},{"type":"Feature","geometry":{"type":"Point","coordinates":[17.12218,48.15522]},"properties":{"cat":"lekar","name":"PROCTOCARE Gastrocentrum"}},{"type":"Feature","geometry":{"type":"Point","coordinates":[17.12247,48.15511]},"properties":{"cat":"lekaren","name":"Lek\u00e1re\u0148 Steinerka"}},{"type":"Feature","geometry":{"type":"Point","coordinates":[17.13766,48.14577]},"properties":{"cat":"obchod","name":"Kraj"}},{"type":"Feature","geometry":{"type":"Point","coordinates":[17.10711,48.14569]},"properties":{"cat":"obchod","name":"Regina"}},{"type":"Feature","geometry":{"type":"Point","coordinates":[17.12584,48.14614]},"properties":{"cat":"zastavka","name":"Autobusov\u00e1 stanica"}},{"type":"Feature","geometry":{"type":"Point","coordinates":[17.10643,48.15684]},"properties":{"cat":"zastavka","name":"Hlavn\u00e1 stanica"}},{"type":"Feature","geometry":{"type":"Point","coordinates":[17.12233,48.14961]},"properties":{"cat":"lekar","name":"oftal kabe"}},{"type":"Feature","geometry":{"type":"Point","coordinates":[17.12134,48.15199]},"properties":{"cat":"lekar","name":"simaMENT"}},{"type":"Feature","geometry":{"type":"Point","coordinates":[17.10537,48.15185]},"properties":{"cat":"skola","name":"Akad\u00e9mia LEAF"}},{"type":"Feature","geometry":{"type":"Point","coordinates":[17.12511,48.15435]},"properties":{"cat":"skolka","name":"M\u0160 Karad\u017ei\u010dova"}},{"type":"Feature","geometry":{"type":"Point","coordinates":[17.09637,48.1495]},"properties":{"cat":"obchod","name":"Potraviny Holubyho"}},{"type":"Feature","geometry":{"type":"Point","coordinates":[17.13887,48.14623]},"properties":{"cat":"lekar","name":"HIPPOKRATES"}},{"type":"Feature","geometry":{"type":"Point","coordinates":[17.12675,48.14844]},"properties":{"cat":"lekar","name":"MUDr. Amon Karol"}},{"type":"Feature","geometry":{"type":"Point","coordinates":[17.13206,48.11982]},"properties":{"cat":"skola","name":"S\u00fakromn\u00e1 spojen\u00e1 \u0161kola franc\u00fazsko-slovensk\u00e1"}},{"type":"Feature","geometry":{"type":"Point","coordinates":[17.13262,48.1194]},"properties":{"cat":"skola","name":"S\u00fakromn\u00e1 stredn\u00e1 \u0161portov\u00e1 \u0161kola"}},{"type":"Feature","geometry":{"type":"Point","coordinates":[17.13177,48.11939]},"properties":{"cat":"lekar","name":"Therapy House"}},{"type":"Feature","geometry":{"type":"Point","coordinates":[17.11566,48.15459]},"properties":{"cat":"lekar","name":"HEDAK, a.s."}},{"type":"Feature","geometry":{"type":"Point","coordinates":[17.09621,48.1194]},"properties":{"cat":"lekar","name":"Go Create Performance centrum"}},{"type":"Feature","geometry":{"type":"Point","coordinates":[17.1231,48.15333]},"properties":{"cat":"lekar","name":"MEDIPODI"}},{"type":"Feature","geometry":{"type":"Point","coordinates":[17.12305,48.15337]},"properties":{"cat":"lekar","name":"MEDIPODI"}},{"type":"Feature","geometry":{"type":"Point","coordinates":[17.10645,48.15787]},"properties":{"cat":"zastavka","name":"Hlavn\u00e1 stanica"}},{"type":"Feature","geometry":{"type":"Point","coordinates":[17.10013,48.13993]},"properties":{"cat":"zastavka","name":"Vodn\u00e1 ve\u017ea"}},{"type":"Feature","geometry":{"type":"Point","coordinates":[17.09965,48.13997]},"properties":{"cat":"zastavka","name":"Vodn\u00e1 ve\u017ea"}},{"type":"Feature","geometry":{"type":"Point","coordinates":[17.11623,48.15516]},"properties":{"cat":"lekar","name":"MUDr. Andrea Michalkov\u00e1"}},{"type":"Feature","geometry":{"type":"Point","coordinates":[17.11627,48.15514]},"properties":{"cat":"lekar","name":"MUDr. Daniela Gejlenov\u00e1"}},{"type":"Feature","geometry":{"type":"Point","coordinates":[17.11555,48.15482]},"properties":{"cat":"lekar","name":"ENTenea"}},{"type":"Feature","geometry":{"type":"Point","coordinates":[17.10588,48.13344]},"properties":{"cat":"lekar","name":"American Medical Centers"}},{"type":"Feature","geometry":{"type":"Point","coordinates":[17.11962,48.12919]},"properties":{"cat":"lekar","name":"Vlasov\u00e1 klinika"}},{"type":"Feature","geometry":{"type":"Point","coordinates":[17.10048,48.15404]},"properties":{"cat":"zastavka","name":"Havl\u00ed\u010dkova"}},{"type":"Feature","geometry":{"type":"Point","coordinates":[17.13334,48.1488]},"properties":{"cat":"park","name":""}},{"type":"Feature","geometry":{"type":"Point","coordinates":[17.10555,48.14143]},"properties":{"cat":"lekaren","name":"Lek\u00e1re\u0148 u Salvatora"}},{"type":"Feature","geometry":{"type":"Point","coordinates":[17.12129,48.15649]},"properties":{"cat":"skolka","name":"S\u00fakromn\u00e1 matersk\u00e1 \u0161kola Slovenskej technickej univerzity v Bratislave"}},{"type":"Feature","geometry":{"type":"Point","coordinates":[17.13345,48.14837]},"properties":{"cat":"obchod","name":"Tesco Expres"}},{"type":"Feature","geometry":{"type":"Point","coordinates":[17.09951,48.14517]},"properties":{"cat":"lekar","name":"Pro Vitae"}},{"type":"Feature","geometry":{"type":"Point","coordinates":[17.12697,48.14178]},"properties":{"cat":"lekaren","name":"Famia"}},{"type":"Feature","geometry":{"type":"Point","coordinates":[17.1276,48.13997]},"properties":{"cat":"lekaren","name":"V\u00e1\u0161 lek\u00e1r"}},{"type":"Feature","geometry":{"type":"Point","coordinates":[17.12759,48.1399]},"properties":{"cat":"lekar","name":"V\u00e1\u0161 lek\u00e1r"}},{"type":"Feature","geometry":{"type":"Point","coordinates":[17.11171,48.14806]},"properties":{"cat":"obchod","name":"Mix Markt"}},{"type":"Feature","geometry":{"type":"Point","coordinates":[17.11638,48.15765]},"properties":{"cat":"lekar","name":"Crystal Esthetic Clinic"}},{"type":"Feature","geometry":{"type":"Point","coordinates":[17.11433,48.15701]},"properties":{"cat":"skolka","name":"SMART START"}},{"type":"Feature","geometry":{"type":"Point","coordinates":[17.10899,48.13233]},"properties":{"cat":"obchod","name":"Star\u00fd Otec"}},{"type":"Feature","geometry":{"type":"Point","coordinates":[17.11391,48.12374]},"properties":{"cat":"zastavka","name":"Jungmannova"}},{"type":"Feature","geometry":{"type":"Point","coordinates":[17.11378,48.12401]},"properties":{"cat":"zastavka","name":"Jungmannova"}},{"type":"Feature","geometry":{"type":"Point","coordinates":[17.12492,48.15745]},"properties":{"cat":"lekar","name":""}},{"type":"Feature","geometry":{"type":"Point","coordinates":[17.13769,48.14593]},"properties":{"cat":"lekaren","name":"Apolka"}},{"type":"Feature","geometry":{"type":"Point","coordinates":[17.09279,48.12234]},"properties":{"cat":"zastavka","name":"Kapitulsk\u00fd dvor"}},{"type":"Feature","geometry":{"type":"Point","coordinates":[17.09334,48.12247]},"properties":{"cat":"zastavka","name":"Kapitulsk\u00fd dvor"}},{"type":"Feature","geometry":{"type":"Point","coordinates":[17.11009,48.14619]},"properties":{"cat":"obchod","name":"Billa"}},{"type":"Feature","geometry":{"type":"Point","coordinates":[17.1134,48.12546]},"properties":{"cat":"park","name":""}},{"type":"Feature","geometry":{"type":"Point","coordinates":[17.12152,48.12698]},"properties":{"cat":"obchod","name":"\u00c1zijsk\u00e9 potraviny Lotus"}},{"type":"Feature","geometry":{"type":"Point","coordinates":[17.12244,48.13519]},"properties":{"cat":"park","name":""}},{"type":"Feature","geometry":{"type":"Point","coordinates":[17.13045,48.15489]},"properties":{"cat":"lekaren","name":"PLUS LEK\u00c1RE\u0147"}},{"type":"Feature","geometry":{"type":"Point","coordinates":[17.12584,48.14344]},"properties":{"cat":"obchod","name":"Billa"}},{"type":"Feature","geometry":{"type":"Point","coordinates":[17.11417,48.12283]},"properties":{"cat":"zastavka","name":"Jungmannova"}},{"type":"Feature","geometry":{"type":"Point","coordinates":[17.11411,48.12303]},"properties":{"cat":"zastavka","name":"Jungmannova"}},{"type":"Feature","geometry":{"type":"Point","coordinates":[17.09955,48.14034]},"properties":{"cat":"obchod","name":"Yeme"}},{"type":"Feature","geometry":{"type":"Point","coordinates":[17.10042,48.12579]},"properties":{"cat":"lekar","name":"MUDr. Kosibov\u00e1 Zuzana, s.r.o."}},{"type":"Feature","geometry":{"type":"Point","coordinates":[17.11758,48.14294]},"properties":{"cat":"lekar","name":"Sonografick\u00e1 ambulancia"}},{"type":"Feature","geometry":{"type":"Point","coordinates":[17.11751,48.14293]},"properties":{"cat":"lekar","name":"Gastroenterologick\u00e9 centrum"}},{"type":"Feature","geometry":{"type":"Point","coordinates":[17.11746,48.14292]},"properties":{"cat":"lekar","name":"Pediatrick\u00e9 centrum"}},{"type":"Feature","geometry":{"type":"Point","coordinates":[17.1179,48.14274]},"properties":{"cat":"lekaren","name":"Lek\u00e1re\u0148 Bezru\u010dova"}},{"type":"Feature","geometry":{"type":"Point","coordinates":[17.13255,48.15656]},"properties":{"cat":"lekar","name":"GYN-MV"}},{"type":"Feature","geometry":{"type":"Point","coordinates":[17.12499,48.1462]},"properties":{"cat":"lekar","name":"Doktorpro"}},{"type":"Feature","geometry":{"type":"Point","coordinates":[17.11501,48.14471]},"properties":{"cat":"lekar","name":"MUDr. Stanislava B\u00edr\u00f3cziov\u00e1"}},{"type":"Feature","geometry":{"type":"Point","coordinates":[17.11497,48.14471]},"properties":{"cat":"lekar","name":"DUOS"}},{"type":"Feature","geometry":{"type":"Point","coordinates":[17.10115,48.1475]},"properties":{"cat":"skolka","name":"ESPANIA"}},{"type":"Feature","geometry":{"type":"Point","coordinates":[17.12162,48.15067]},"properties":{"cat":"skola","name":"NHI ELEMENTARY SCHOOL"}},{"type":"Feature","geometry":{"type":"Point","coordinates":[17.11566,48.15475]},"properties":{"cat":"lekar","name":"GYNJA"}},{"type":"Feature","geometry":{"type":"Point","coordinates":[17.11416,48.12401]},"properties":{"cat":"zastavka","name":"Jungmannova"}},{"type":"Feature","geometry":{"type":"Point","coordinates":[17.11913,48.15595]},"properties":{"cat":"park","name":""}},{"type":"Feature","geometry":{"type":"Point","coordinates":[17.09918,48.14038]},"properties":{"cat":"lekaren","name":"Dr.Max"}},{"type":"Feature","geometry":{"type":"Point","coordinates":[17.09309,48.14139]},"properties":{"cat":"park","name":""}},{"type":"Feature","geometry":{"type":"Point","coordinates":[17.107,48.15755]},"properties":{"cat":"zastavka","name":"Hlavn\u00e1 stanica"}},{"type":"Feature","geometry":{"type":"Point","coordinates":[17.10694,48.15779]},"properties":{"cat":"zastavka","name":"Hlavn\u00e1 stanica"}},{"type":"Feature","geometry":{"type":"Point","coordinates":[17.11436,48.14826]},"properties":{"cat":"lekaren","name":"Lek\u00e1re\u0148 Mari\u00e1nska"}},{"type":"Feature","geometry":{"type":"Point","coordinates":[17.13329,48.15262]},"properties":{"cat":"lekar","name":"FRAIS"}},{"type":"Feature","geometry":{"type":"Point","coordinates":[17.13322,48.15261]},"properties":{"cat":"lekar","name":"Pain Clinic"}},{"type":"Feature","geometry":{"type":"Point","coordinates":[17.10549,48.1474]},"properties":{"cat":"park","name":""}},{"type":"Feature","geometry":{"type":"Point","coordinates":[17.13227,48.14987]},"properties":{"cat":"park","name":""}},{"type":"Feature","geometry":{"type":"Point","coordinates":[17.10318,48.14646]},"properties":{"cat":"zastavka","name":"Zochova"}},{"type":"Feature","geometry":{"type":"Point","coordinates":[17.12766,48.12695]},"properties":{"cat":"lekar","name":"FB Clinic"}},{"type":"Feature","geometry":{"type":"Point","coordinates":[17.13159,48.14897]},"properties":{"cat":"lekar","name":"Praktick\u00e1 Ambulancia"}},{"type":"Feature","geometry":{"type":"Point","coordinates":[17.1059,48.12195]},"properties":{"cat":"obchod","name":"Tesco"}},{"type":"Feature","geometry":{"type":"Point","coordinates":[17.09393,48.12878]},"properties":{"cat":"obchod","name":""}},{"type":"Feature","geometry":{"type":"Point","coordinates":[17.12562,48.14851]},"properties":{"cat":"skolka","name":"HAPPY"}},{"type":"Feature","geometry":{"type":"Point","coordinates":[17.0954,48.12017]},"properties":{"cat":"park","name":""}},{"type":"Feature","geometry":{"type":"Point","coordinates":[17.08561,48.153]},"properties":{"cat":"lekar","name":"Mudr. Silvia Cvachov\u00e1"}},{"type":"Feature","geometry":{"type":"Point","coordinates":[17.11563,48.14257]},"properties":{"cat":"park","name":"Park G\u00e1bora Barossa"}},{"type":"Feature","geometry":{"type":"Point","coordinates":[17.10962,48.1459]},"properties":{"cat":"park","name":""}},{"type":"Feature","geometry":{"type":"Point","coordinates":[17.10821,48.15047]},"properties":{"cat":"park","name":"Grasalkovi\u010dova z\u00e1hrada"}},{"type":"Feature","geometry":{"type":"Point","coordinates":[17.11954,48.14985]},"properties":{"cat":"park","name":"Medick\u00e1 z\u00e1hrada"}},{"type":"Feature","geometry":{"type":"Point","coordinates":[17.11673,48.15114]},"properties":{"cat":"lekar","name":"Univerzitn\u00e1 nemocnica Bratislava - Nemocnica Star\u00e9 Mesto"}},{"type":"Feature","geometry":{"type":"Point","coordinates":[17.11875,48.15879]},"properties":{"cat":"park","name":"Park Ra\u010dianske m\u00fdto"}},{"type":"Feature","geometry":{"type":"Point","coordinates":[17.10992,48.13448]},"properties":{"cat":"park","name":"Sad Janka Kr\u00e1\u013ea"}},{"type":"Feature","geometry":{"type":"Point","coordinates":[17.11156,48.15229]},"properties":{"cat":"park","name":"Park na N\u00e1mest\u00ed slobody"}},{"type":"Feature","geometry":{"type":"Point","coordinates":[17.11036,48.15389]},"properties":{"cat":"park","name":""}},{"type":"Feature","geometry":{"type":"Point","coordinates":[17.11872,48.1227]},"properties":{"cat":"skola","name":"Z\u00e1kladn\u00e1 \u0161kola Lachova 1"}},{"type":"Feature","geometry":{"type":"Point","coordinates":[17.11821,48.12127]},"properties":{"cat":"park","name":"Park obet\u00ed Hrani\u010diarov"}},{"type":"Feature","geometry":{"type":"Point","coordinates":[17.11598,48.1206]},"properties":{"cat":"skola","name":"Z\u00e1kladn\u00e1 \u0161kola Gessayova 2"}},{"type":"Feature","geometry":{"type":"Point","coordinates":[17.11876,48.12418]},"properties":{"cat":"skolka","name":"Matersk\u00e1 \u0161kola Lachova 31"}},{"type":"Feature","geometry":{"type":"Point","coordinates":[17.09533,48.12498]},"properties":{"cat":"skolka","name":"Detsk\u00e9 centrum Srdie\u010dko"}},{"type":"Feature","geometry":{"type":"Point","coordinates":[17.09822,48.12574]},"properties":{"cat":"skola","name":"Bulharsk\u00e1 z\u00e1kladn\u00e1 \u0161kola a gymn\u00e1zium Christa Boteva"}},{"type":"Feature","geometry":{"type":"Point","coordinates":[17.10175,48.12541]},"properties":{"cat":"skola","name":"Spojen\u00e1 \u0161kola Sv\u00e4tej Rodiny - z\u00e1kladn\u00e1 \u0161kola a gymn\u00e1zium"}},{"type":"Feature","geometry":{"type":"Point","coordinates":[17.11612,48.14166]},"properties":{"cat":"park","name":""}},{"type":"Feature","geometry":{"type":"Point","coordinates":[17.10805,48.13358]},"properties":{"cat":"park","name":""}},{"type":"Feature","geometry":{"type":"Point","coordinates":[17.1104,48.12632]},"properties":{"cat":"park","name":""}},{"type":"Feature","geometry":{"type":"Point","coordinates":[17.11267,48.14965]},"properties":{"cat":"park","name":"Park na Koll\u00e1rovom n\u00e1mest\u00ed"}},{"type":"Feature","geometry":{"type":"Point","coordinates":[17.11482,48.12931]},"properties":{"cat":"park","name":""}},{"type":"Feature","geometry":{"type":"Point","coordinates":[17.13763,48.15612]},"properties":{"cat":"park","name":""}},{"type":"Feature","geometry":{"type":"Point","coordinates":[17.13517,48.15462]},"properties":{"cat":"park","name":""}},{"type":"Feature","geometry":{"type":"Point","coordinates":[17.12964,48.15282]},"properties":{"cat":"park","name":"Kukorelliho park"}},{"type":"Feature","geometry":{"type":"Point","coordinates":[17.12107,48.15512]},"properties":{"cat":"park","name":"Park na Kme\u0165ovom n\u00e1mest\u00ed"}},{"type":"Feature","geometry":{"type":"Point","coordinates":[17.13775,48.15488]},"properties":{"cat":"park","name":""}},{"type":"Feature","geometry":{"type":"Point","coordinates":[17.12087,48.14373]},"properties":{"cat":"park","name":""}},{"type":"Feature","geometry":{"type":"Point","coordinates":[17.11987,48.14341]},"properties":{"cat":"park","name":"Park na Jakubovom n\u00e1mest\u00ed"}},{"type":"Feature","geometry":{"type":"Point","coordinates":[17.09072,48.15077]},"properties":{"cat":"skola","name":"Z\u0160 Mudro\u0148ova"}},{"type":"Feature","geometry":{"type":"Point","coordinates":[17.09142,48.15024]},"properties":{"cat":"skolka","name":"M\u0160 Myjavsk\u00e1"}},{"type":"Feature","geometry":{"type":"Point","coordinates":[17.10459,48.14537]},"properties":{"cat":"park","name":""}},{"type":"Feature","geometry":{"type":"Point","coordinates":[17.10927,48.13108]},"properties":{"cat":"obchod","name":"Viva"}},{"type":"Feature","geometry":{"type":"Point","coordinates":[17.10233,48.14675]},"properties":{"cat":"lekar","name":"Chirurgick\u00e9 centrum"}},{"type":"Feature","geometry":{"type":"Point","coordinates":[17.10356,48.14971]},"properties":{"cat":"skolka","name":""}},{"type":"Feature","geometry":{"type":"Point","coordinates":[17.10014,48.15122]},"properties":{"cat":"skolka","name":"M\u0160 - Mi\u0161\u00edkova 19"}},{"type":"Feature","geometry":{"type":"Point","coordinates":[17.09487,48.1465]},"properties":{"cat":"lekar","name":"Gynekologicko - p\u00f4rodn\u00edcka nemocnica KOCH"}},{"type":"Feature","geometry":{"type":"Point","coordinates":[17.13517,48.1569]},"properties":{"cat":"park","name":""}},{"type":"Feature","geometry":{"type":"Point","coordinates":[17.13953,48.14895]},"properties":{"cat":"lekar","name":"Mind body"}},{"type":"Feature","geometry":{"type":"Point","coordinates":[17.13557,48.14551]},"properties":{"cat":"obchod","name":""}},{"type":"Feature","geometry":{"type":"Point","coordinates":[17.11549,48.12875]},"properties":{"cat":"obchod","name":"Billa"}},{"type":"Feature","geometry":{"type":"Point","coordinates":[17.12422,48.12541]},"properties":{"cat":"obchod","name":"Lidl"}},{"type":"Feature","geometry":{"type":"Point","coordinates":[17.11897,48.14666]},"properties":{"cat":"lekar","name":"Poliklinika sv. Michala"}},{"type":"Feature","geometry":{"type":"Point","coordinates":[17.11874,48.14854]},"properties":{"cat":"lekar","name":"Medic\u00ednske centrum Retia"}},{"type":"Feature","geometry":{"type":"Point","coordinates":[17.11074,48.14592]},"properties":{"cat":"park","name":""}},{"type":"Feature","geometry":{"type":"Point","coordinates":[17.11882,48.15143]},"properties":{"cat":"obchod","name":"Orlen"}},{"type":"Feature","geometry":{"type":"Point","coordinates":[17.11726,48.15788]},"properties":{"cat":"skolka","name":"Detsk\u00e9 kr\u00e1\u013eovstvo"}},{"type":"Feature","geometry":{"type":"Point","coordinates":[17.10865,48.15537]},"properties":{"cat":"park","name":""}},{"type":"Feature","geometry":{"type":"Point","coordinates":[17.11584,48.15474]},"properties":{"cat":"lekar","name":"Poliklinika M\u00fdtna"}},{"type":"Feature","geometry":{"type":"Point","coordinates":[17.11842,48.15137]},"properties":{"cat":"park","name":"Par\u010d\u00edk pri Avione"}},{"type":"Feature","geometry":{"type":"Point","coordinates":[17.0945,48.1463]},"properties":{"cat":"park","name":"Kochova z\u00e1hrada"}},{"type":"Feature","geometry":{"type":"Point","coordinates":[17.12559,48.14693]},"properties":{"cat":"park","name":""}},{"type":"Feature","geometry":{"type":"Point","coordinates":[17.1207,48.1494]},"properties":{"cat":"park","name":"Detsk\u00e9 ihrisko Medick\u00e1 z\u00e1hrada"}},{"type":"Feature","geometry":{"type":"Point","coordinates":[17.09978,48.15342]},"properties":{"cat":"park","name":""}},{"type":"Feature","geometry":{"type":"Point","coordinates":[17.10064,48.14593]},"properties":{"cat":"skola","name":"Z\u0160 Milana Hod\u017eu"}},{"type":"Feature","geometry":{"type":"Point","coordinates":[17.10066,48.14724]},"properties":{"cat":"park","name":"Slubekova z\u00e1hrada"}},{"type":"Feature","geometry":{"type":"Point","coordinates":[17.13423,48.15297]},"properties":{"cat":"park","name":""}},{"type":"Feature","geometry":{"type":"Point","coordinates":[17.12097,48.15675]},"properties":{"cat":"park","name":"Park na Legion\u00e1rskej ulici - \u010cere\u0161\u0148ov\u00fd sad"}},{"type":"Feature","geometry":{"type":"Point","coordinates":[17.1074,48.14621]},"properties":{"cat":"park","name":""}},{"type":"Feature","geometry":{"type":"Point","coordinates":[17.10668,48.13934]},"properties":{"cat":"zastavka","name":"HUMA-6"}},{"type":"Feature","geometry":{"type":"Point","coordinates":[17.09556,48.12199]},"properties":{"cat":"skola","name":""}},{"type":"Feature","geometry":{"type":"Point","coordinates":[17.13435,48.14591]},"properties":{"cat":"skola","name":"Gymn\u00e1zium Jura Hronca"}},{"type":"Feature","geometry":{"type":"Point","coordinates":[17.13333,48.14607]},"properties":{"cat":"skola","name":"Z\u0160 Ko\u0161ick\u00e1"}},{"type":"Feature","geometry":{"type":"Point","coordinates":[17.10892,48.14491]},"properties":{"cat":"park","name":"Franti\u0161k\u00e1nska z\u00e1hrada"}},{"type":"Feature","geometry":{"type":"Point","coordinates":[17.1243,48.15451]},"properties":{"cat":"park","name":""}},{"type":"Feature","geometry":{"type":"Point","coordinates":[17.12475,48.15437]},"properties":{"cat":"park","name":"Detsk\u00e9 ihrisko Materskej \u0161koly Karad\u017ei\u010dova"}},{"type":"Feature","geometry":{"type":"Point","coordinates":[17.10871,48.15133]},"properties":{"cat":"park","name":""}},{"type":"Feature","geometry":{"type":"Point","coordinates":[17.1089,48.15079]},"properties":{"cat":"park","name":""}},{"type":"Feature","geometry":{"type":"Point","coordinates":[17.10185,48.14196]},"properties":{"cat":"park","name":""}},{"type":"Feature","geometry":{"type":"Point","coordinates":[17.09125,48.15076]},"properties":{"cat":"park","name":""}},{"type":"Feature","geometry":{"type":"Point","coordinates":[17.12249,48.13066]},"properties":{"cat":"obchod","name":""}},{"type":"Feature","geometry":{"type":"Point","coordinates":[17.12062,48.13165]},"properties":{"cat":"obchod","name":"VIVA"}},{"type":"Feature","geometry":{"type":"Point","coordinates":[17.09895,48.12133]},"properties":{"cat":"zastavka","name":"Bratislava-Petr\u017ealka"}},{"type":"Feature","geometry":{"type":"Point","coordinates":[17.09963,48.12144]},"properties":{"cat":"zastavka","name":"Bratislava-Petr\u017ealka"}},{"type":"Feature","geometry":{"type":"Point","coordinates":[17.12748,48.15766]},"properties":{"cat":"zastavka","name":"Trnavsk\u00e9 m\u00fdto"}},{"type":"Feature","geometry":{"type":"Point","coordinates":[17.1274,48.15771]},"properties":{"cat":"zastavka","name":"Trnavsk\u00e9 m\u00fdto"}},{"type":"Feature","geometry":{"type":"Point","coordinates":[17.1273,48.15777]},"properties":{"cat":"zastavka","name":"Trnavsk\u00e9 m\u00fdto"}},{"type":"Feature","geometry":{"type":"Point","coordinates":[17.12081,48.1582]},"properties":{"cat":"zastavka","name":"Ra\u010dianske m\u00fdto"}},{"type":"Feature","geometry":{"type":"Point","coordinates":[17.12073,48.15824]},"properties":{"cat":"zastavka","name":"Ra\u010dianske m\u00fdto"}},{"type":"Feature","geometry":{"type":"Point","coordinates":[17.10547,48.13982]},"properties":{"cat":"zastavka","name":"Most SNP"}},{"type":"Feature","geometry":{"type":"Point","coordinates":[17.10547,48.13974]},"properties":{"cat":"zastavka","name":"Most SNP"}},{"type":"Feature","geometry":{"type":"Point","coordinates":[17.10994,48.1403]},"properties":{"cat":"zastavka","name":"N\u00e1m. \u013d. \u0160t\u00fara"}},{"type":"Feature","geometry":{"type":"Point","coordinates":[17.1096,48.14032]},"properties":{"cat":"zastavka","name":"N\u00e1m. \u013d. \u0160t\u00fara"}},{"type":"Feature","geometry":{"type":"Point","coordinates":[17.11846,48.15098]},"properties":{"cat":"zastavka","name":"Americk\u00e9 n\u00e1m."}},{"type":"Feature","geometry":{"type":"Point","coordinates":[17.11067,48.15442]},"properties":{"cat":"zastavka","name":"\u00darad vl\u00e1dy SR"}},{"type":"Feature","geometry":{"type":"Point","coordinates":[17.11061,48.15436]},"properties":{"cat":"zastavka","name":"\u00darad vl\u00e1dy SR"}},{"type":"Feature","geometry":{"type":"Point","coordinates":[17.11717,48.12193]},"properties":{"cat":"zastavka","name":""}},{"type":"Feature","geometry":{"type":"Point","coordinates":[17.10415,48.14034]},"properties":{"cat":"zastavka","name":""}},{"type":"Feature","geometry":{"type":"Point","coordinates":[17.09953,48.1192]},"properties":{"cat":"obchod","name":"Select"}},{"type":"Feature","geometry":{"type":"Point","coordinates":[17.12022,48.15201]},"properties":{"cat":"zastavka","name":"Americk\u00e9 n\u00e1m."}},{"type":"Feature","geometry":{"type":"Point","coordinates":[17.09877,48.12975]},"properties":{"cat":"obchod","name":"KRAJ potrav\u00edn"}},{"type":"Feature","geometry":{"type":"Point","coordinates":[17.10077,48.13024]},"properties":{"cat":"park","name":""}},{"type":"Feature","geometry":{"type":"Point","coordinates":[17.11941,48.1233]},"properties":{"cat":"park","name":""}},{"type":"Feature","geometry":{"type":"Point","coordinates":[17.11985,48.12275]},"properties":{"cat":"park","name":""}},{"type":"Feature","geometry":{"type":"Point","coordinates":[17.12009,48.12157]},"properties":{"cat":"park","name":""}},{"type":"Feature","geometry":{"type":"Point","coordinates":[17.12141,48.12275]},"properties":{"cat":"obchod","name":"Terno plus"}},{"type":"Feature","geometry":{"type":"Point","coordinates":[17.1227,48.12258]},"properties":{"cat":"park","name":""}},{"type":"Feature","geometry":{"type":"Point","coordinates":[17.10375,48.1215]},"properties":{"cat":"park","name":"Komunitn\u00e1 z\u00e1hrada Dvory"}},{"type":"Feature","geometry":{"type":"Point","coordinates":[17.10439,48.12091]},"properties":{"cat":"skola","name":"Stredn\u00e1 priemyseln\u00e1 \u0161kola elektrotechnick\u00e1 H\u00e1lova 16"}},{"type":"Feature","geometry":{"type":"Point","coordinates":[17.11334,48.14522]},"properties":{"cat":"zastavka","name":"Centrum"}},{"type":"Feature","geometry":{"type":"Point","coordinates":[17.09785,48.14259]},"properties":{"cat":"park","name":""}},{"type":"Feature","geometry":{"type":"Point","coordinates":[17.11342,48.15473]},"properties":{"cat":"park","name":"Park Belopotock\u00e9ho"}},{"type":"Feature","geometry":{"type":"Point","coordinates":[17.10574,48.14342]},"properties":{"cat":"park","name":"Lisztova z\u00e1hrada"}},{"type":"Feature","geometry":{"type":"Point","coordinates":[17.13968,48.15373]},"properties":{"cat":"lekar","name":"PRO BIOS"}},{"type":"Feature","geometry":{"type":"Point","coordinates":[17.12807,48.14844]},"properties":{"cat":"park","name":"Detsk\u00e9 ihrisko P\u00e1ri\u010dkova"}},{"type":"Feature","geometry":{"type":"Point","coordinates":[17.13308,48.15302]},"properties":{"cat":"park","name":""}},{"type":"Feature","geometry":{"type":"Point","coordinates":[17.10503,48.12352]},"properties":{"cat":"park","name":""}},{"type":"Feature","geometry":{"type":"Point","coordinates":[17.13963,48.15654]},"properties":{"cat":"park","name":"Kopec"}},{"type":"Feature","geometry":{"type":"Point","coordinates":[17.11134,48.13994]},"properties":{"cat":"park","name":""}},{"type":"Feature","geometry":{"type":"Point","coordinates":[17.12623,48.14947]},"properties":{"cat":"park","name":"Detsk\u00e9 ihrisko Budovate\u013esk\u00e1"}},{"type":"Feature","geometry":{"type":"Point","coordinates":[17.13081,48.1186]},"properties":{"cat":"park","name":""}},{"type":"Feature","geometry":{"type":"Point","coordinates":[17.11267,48.15738]},"properties":{"cat":"park","name":""}},{"type":"Feature","geometry":{"type":"Point","coordinates":[17.11224,48.14123]},"properties":{"cat":"park","name":"Park M\u00e1rie \u010eur\u00ed\u010dkovej"}},{"type":"Feature","geometry":{"type":"Point","coordinates":[17.11308,48.14617]},"properties":{"cat":"lekar","name":"OUsA - Prevent\u00edvne centrum"}},{"type":"Feature","geometry":{"type":"Point","coordinates":[17.13893,48.15734]},"properties":{"cat":"skolka","name":"Matersk\u00e1 \u0161kola Pre\u0161ovsk\u00e1 28"}},{"type":"Feature","geometry":{"type":"Point","coordinates":[17.10873,48.15249]},"properties":{"cat":"park","name":"Lippayova z\u00e1hrada"}},{"type":"Feature","geometry":{"type":"Point","coordinates":[17.12648,48.15486]},"properties":{"cat":"park","name":""}},{"type":"Feature","geometry":{"type":"Point","coordinates":[17.11097,48.1427]},"properties":{"cat":"park","name":""}},{"type":"Feature","geometry":{"type":"Point","coordinates":[17.12498,48.15226]},"properties":{"cat":"park","name":"Vn\u00fatroblok Po\u013esk\u00e1 - Justi\u010dn\u00e1 ul."}},{"type":"Feature","geometry":{"type":"Point","coordinates":[17.13224,48.15804]},"properties":{"cat":"park","name":""}},{"type":"Feature","geometry":{"type":"Point","coordinates":[17.1161,48.15127]},"properties":{"cat":"zastavka","name":"STU"}},{"type":"Feature","geometry":{"type":"Point","coordinates":[17.11794,48.15123]},"properties":{"cat":"zastavka","name":"Americk\u00e9 n\u00e1m."}},{"type":"Feature","geometry":{"type":"Point","coordinates":[17.10543,48.12521]},"properties":{"cat":"obchod","name":"Fresh corner"}},{"type":"Feature","geometry":{"type":"Point","coordinates":[17.1059,48.14559]},"properties":{"cat":"park","name":""}},{"type":"Feature","geometry":{"type":"Point","coordinates":[17.10561,48.14549]},"properties":{"cat":"park","name":""}},{"type":"Feature","geometry":{"type":"Point","coordinates":[17.10576,48.14544]},"properties":{"cat":"park","name":""}},{"type":"Feature","geometry":{"type":"Point","coordinates":[17.12447,48.1514]},"properties":{"cat":"park","name":""}},{"type":"Feature","geometry":{"type":"Point","coordinates":[17.1237,48.15106]},"properties":{"cat":"park","name":""}},{"type":"Feature","geometry":{"type":"Point","coordinates":[17.12446,48.15291]},"properties":{"cat":"park","name":""}},{"type":"Feature","geometry":{"type":"Point","coordinates":[17.12496,48.15309]},"properties":{"cat":"park","name":""}},{"type":"Feature","geometry":{"type":"Point","coordinates":[17.1109,48.13637]},"properties":{"cat":"park","name":"Tyr\u0161ovo n\u00e1bre\u017eie"}},{"type":"Feature","geometry":{"type":"Point","coordinates":[17.11353,48.15335]},"properties":{"cat":"park","name":"Park Jozefa Murga\u0161a"}},{"type":"Feature","geometry":{"type":"Point","coordinates":[17.1145,48.14169]},"properties":{"cat":"park","name":""}},{"type":"Feature","geometry":{"type":"Point","coordinates":[17.11385,48.14145]},"properties":{"cat":"park","name":""}},{"type":"Feature","geometry":{"type":"Point","coordinates":[17.12393,48.15484]},"properties":{"cat":"zastavka","name":"Kr\u00ed\u017ena"}},{"type":"Feature","geometry":{"type":"Point","coordinates":[17.12385,48.15488]},"properties":{"cat":"zastavka","name":"Kr\u00ed\u017ena"}},{"type":"Feature","geometry":{"type":"Point","coordinates":[17.1099,48.15502]},"properties":{"cat":"park","name":""}},{"type":"Feature","geometry":{"type":"Point","coordinates":[17.10333,48.12264]},"properties":{"cat":"park","name":""}},{"type":"Feature","geometry":{"type":"Point","coordinates":[17.09269,48.14101]},"properties":{"cat":"zastavka","name":"Chatam S\u00f3fer"}},{"type":"Feature","geometry":{"type":"Point","coordinates":[17.09277,48.14107]},"properties":{"cat":"zastavka","name":"Chatam S\u00f3fer"}},{"type":"Feature","geometry":{"type":"Point","coordinates":[17.11463,48.14037]},"properties":{"cat":"skola","name":"Stredn\u00e1 priemyseln\u00e1 \u0161kola strojn\u00edcka"}},{"type":"Feature","geometry":{"type":"Point","coordinates":[17.12419,48.15399]},"properties":{"cat":"park","name":""}},{"type":"Feature","geometry":{"type":"Point","coordinates":[17.09828,48.14176]},"properties":{"cat":"park","name":""}},{"type":"Feature","geometry":{"type":"Point","coordinates":[17.11159,48.13206]},"properties":{"cat":"obchod","name":"Viva"}},{"type":"Feature","geometry":{"type":"Point","coordinates":[17.10662,48.14742]},"properties":{"cat":"park","name":""}},{"type":"Feature","geometry":{"type":"Point","coordinates":[17.12012,48.13981]},"properties":{"cat":"park","name":""}},{"type":"Feature","geometry":{"type":"Point","coordinates":[17.10112,48.14292]},"properties":{"cat":"park","name":""}},{"type":"Feature","geometry":{"type":"Point","coordinates":[17.09561,48.13129]},"properties":{"cat":"obchod","name":"Slovnaft"}},{"type":"Feature","geometry":{"type":"Point","coordinates":[17.11623,48.1438]},"properties":{"cat":"skola","name":"Gymn\u00e1zium Gr\u00f6sslingov\u00e1 18"}},{"type":"Feature","geometry":{"type":"Point","coordinates":[17.10734,48.14541]},"properties":{"cat":"park","name":""}},{"type":"Feature","geometry":{"type":"Point","coordinates":[17.092,48.14099]},"properties":{"cat":"park","name":""}},{"type":"Feature","geometry":{"type":"Point","coordinates":[17.10123,48.11844]},"properties":{"cat":"skolka","name":"Matersk\u00e1 \u0161kola \u0160ev\u010denkova 35"}},{"type":"Feature","geometry":{"type":"Point","coordinates":[17.11091,48.15447]},"properties":{"cat":"park","name":""}},{"type":"Feature","geometry":{"type":"Point","coordinates":[17.12026,48.15299]},"properties":{"cat":"park","name":""}},{"type":"Feature","geometry":{"type":"Point","coordinates":[17.12045,48.15199]},"properties":{"cat":"park","name":""}},{"type":"Feature","geometry":{"type":"Point","coordinates":[17.10412,48.14931]},"properties":{"cat":"skola","name":"S\u00fakromn\u00e1 z\u00e1kladn\u00e1 \u0161kola Edulienka"}},{"type":"Feature","geometry":{"type":"Point","coordinates":[17.12886,48.12073]},"properties":{"cat":"park","name":""}},{"type":"Feature","geometry":{"type":"Point","coordinates":[17.11813,48.14636]},"properties":{"cat":"lekar","name":"Univerzitn\u00e1 nemocnica - Nemocnica sv\u00e4t\u00e9ho Michala, a.s.,"}},{"type":"Feature","geometry":{"type":"Point","coordinates":[17.11223,48.15752]},"properties":{"cat":"skola","name":"Z\u00e1kladn\u00e1 \u0161kola Jelenia 16"}},{"type":"Feature","geometry":{"type":"Point","coordinates":[17.11308,48.15733]},"properties":{"cat":"skola","name":"\u0160peci\u00e1lna z\u00e1kladn\u00e1 \u0161kola s materskou \u0161kolou"}},{"type":"Feature","geometry":{"type":"Point","coordinates":[17.13467,48.15644]},"properties":{"cat":"park","name":""}},{"type":"Feature","geometry":{"type":"Point","coordinates":[17.13319,48.12061]},"properties":{"cat":"park","name":""}},{"type":"Feature","geometry":{"type":"Point","coordinates":[17.09729,48.1212]},"properties":{"cat":"lekar","name":"Pneumo-Alergo Centrum"}},{"type":"Feature","geometry":{"type":"Point","coordinates":[17.11682,48.1454]},"properties":{"cat":"skola","name":"Z\u00e1kladn\u00e1 \u0161kola s vyu\u010dovac\u00edm jazykom ma\u010farsk\u00fdm"}},{"type":"Feature","geometry":{"type":"Point","coordinates":[17.11836,48.14598]},"properties":{"cat":"park","name":"Park na Dunajskej ulici - Ve\u0161el\u00e9niho (Wesselenyiho) z\u00e1hrada"}},{"type":"Feature","geometry":{"type":"Point","coordinates":[17.1084,48.15348]},"properties":{"cat":"skolka","name":"Detsk\u00e9 jasle \u010cajkovsk\u00e9ho"}},{"type":"Feature","geometry":{"type":"Point","coordinates":[17.118,48.15393]},"properties":{"cat":"skola","name":"Gymn\u00e1zium J\u00e1na Pap\u00e1nka"}},{"type":"Feature","geometry":{"type":"Point","coordinates":[17.11675,48.15381]},"properties":{"cat":"skola","name":"Z\u00e1kladn\u00e1 \u0161kola Vazovova 4"}},{"type":"Feature","geometry":{"type":"Point","coordinates":[17.0969,48.13018]},"properties":{"cat":"skolka","name":"Matersk\u00e1 \u0161kola Bohrova 1"}},{"type":"Feature","geometry":{"type":"Point","coordinates":[17.10236,48.12762]},"properties":{"cat":"skolka","name":"Matersk\u00e1 \u0161kola R\u00f6ntgenova 16"}},{"type":"Feature","geometry":{"type":"Point","coordinates":[17.10354,48.12998]},"properties":{"cat":"skola","name":"S\u00fakromn\u00e9 gymn\u00e1zium Mercury"}},{"type":"Feature","geometry":{"type":"Point","coordinates":[17.10096,48.12837]},"properties":{"cat":"skola","name":"Z\u00e1kladn\u00e1 \u0161kola Nobelovo n\u00e1mestie 6"}},{"type":"Feature","geometry":{"type":"Point","coordinates":[17.11305,48.12932]},"properties":{"cat":"park","name":""}},{"type":"Feature","geometry":{"type":"Point","coordinates":[17.11106,48.12953]},"properties":{"cat":"park","name":""}},{"type":"Feature","geometry":{"type":"Point","coordinates":[17.11113,48.12937]},"properties":{"cat":"park","name":""}},{"type":"Feature","geometry":{"type":"Point","coordinates":[17.10874,48.12941]},"properties":{"cat":"skola","name":"Z\u00e1kladn\u00e1 \u0161kola \u010cerny\u0161evsk\u00e9ho 8"}},{"type":"Feature","geometry":{"type":"Point","coordinates":[17.10741,48.12748]},"properties":{"cat":"park","name":""}},{"type":"Feature","geometry":{"type":"Point","coordinates":[17.11168,48.12694]},"properties":{"cat":"skola","name":"Stredn\u00e1 odborn\u00e1 \u0161kola gastron\u00f3mie a hotelov\u00fdch slu\u017eieb"}},{"type":"Feature","geometry":{"type":"Point","coordinates":[17.09679,48.12697]},"properties":{"cat":"park","name":""}},{"type":"Feature","geometry":{"type":"Point","coordinates":[17.10748,48.12792]},"properties":{"cat":"skolka","name":"Matersk\u00e1 \u0161kola Macharova 1"}},{"type":"Feature","geometry":{"type":"Point","coordinates":[17.11808,48.15127]},"properties":{"cat":"zastavka","name":"Americk\u00e9 n\u00e1m."}},{"type":"Feature","geometry":{"type":"Point","coordinates":[17.12925,48.1256]},"properties":{"cat":"skolka","name":"Matersk\u00e1 \u0161kola Bul\u00edkova 25"}},{"type":"Feature","geometry":{"type":"Point","coordinates":[17.0916,48.12703]},"properties":{"cat":"park","name":""}},{"type":"Feature","geometry":{"type":"Point","coordinates":[17.1329,48.11928]},"properties":{"cat":"park","name":""}},{"type":"Feature","geometry":{"type":"Point","coordinates":[17.1059,48.12722]},"properties":{"cat":"park","name":"Mestsk\u00fd ovocn\u00fd sad Petr\u017ealka - Dvory"}},{"type":"Feature","geometry":{"type":"Point","coordinates":[17.11484,48.12933]},"properties":{"cat":"park","name":""}},{"type":"Feature","geometry":{"type":"Point","coordinates":[17.11108,48.14597]},"properties":{"cat":"lekar","name":"Univerzitn\u00e1 nemocnica s poliklinikou Milosrdn\u00ed bratia"}},{"type":"Feature","geometry":{"type":"Point","coordinates":[17.12688,48.1495]},"properties":{"cat":"park","name":""}},{"type":"Feature","geometry":{"type":"Point","coordinates":[17.11102,48.12834]},"properties":{"cat":"park","name":""}},{"type":"Feature","geometry":{"type":"Point","coordinates":[17.1128,48.12826]},"properties":{"cat":"park","name":""}},{"type":"Feature","geometry":{"type":"Point","coordinates":[17.10273,48.14798]},"properties":{"cat":"skola","name":"Z\u00e1kladn\u00e1 umeleck\u00e1 \u0161kola Milo\u0161a Ruppeldta"}},{"type":"Feature","geometry":{"type":"Point","coordinates":[17.11792,48.14624]},"properties":{"cat":"park","name":""}},{"type":"Feature","geometry":{"type":"Point","coordinates":[17.11136,48.14183]},"properties":{"cat":"park","name":""}},{"type":"Feature","geometry":{"type":"Point","coordinates":[17.11061,48.14167]},"properties":{"cat":"park","name":""}},{"type":"Feature","geometry":{"type":"Point","coordinates":[17.12113,48.1534]},"properties":{"cat":"park","name":""}},{"type":"Feature","geometry":{"type":"Point","coordinates":[17.11535,48.14722]},"properties":{"cat":"zastavka","name":"Mari\u00e1nska"}},{"type":"Feature","geometry":{"type":"Point","coordinates":[17.11192,48.1451]},"properties":{"cat":"zastavka","name":"Centrum"}},{"type":"Feature","geometry":{"type":"Point","coordinates":[17.10429,48.14035]},"properties":{"cat":"zastavka","name":"Most SNP (J)"}},{"type":"Feature","geometry":{"type":"Point","coordinates":[17.11099,48.14202]},"properties":{"cat":"skola","name":"Gymn\u00e1zium Matky Alexie"}},{"type":"Feature","geometry":{"type":"Point","coordinates":[17.11426,48.14104]},"properties":{"cat":"park","name":""}},{"type":"Feature","geometry":{"type":"Point","coordinates":[17.12385,48.12712]},"properties":{"cat":"park","name":""}},{"type":"Feature","geometry":{"type":"Point","coordinates":[17.12771,48.15447]},"properties":{"cat":"park","name":""}},{"type":"Feature","geometry":{"type":"Point","coordinates":[17.13421,48.15688]},"properties":{"cat":"park","name":""}},{"type":"Feature","geometry":{"type":"Point","coordinates":[17.11238,48.12711]},"properties":{"cat":"park","name":""}},{"type":"Feature","geometry":{"type":"Point","coordinates":[17.12706,48.12817]},"properties":{"cat":"skolka","name":"Matersk\u00e1 \u0161kola \u0160ustekova 33"}},{"type":"Feature","geometry":{"type":"Point","coordinates":[17.13062,48.15726]},"properties":{"cat":"lekar","name":"ProCare Central"}},{"type":"Feature","geometry":{"type":"Point","coordinates":[17.10067,48.14316]},"properties":{"cat":"park","name":"Barokov\u00e1 z\u00e1hrada"}},{"type":"Feature","geometry":{"type":"Point","coordinates":[17.11918,48.15378]},"properties":{"cat":"park","name":"Park Antona Srholca"}},{"type":"Feature","geometry":{"type":"Point","coordinates":[17.1204,48.15305]},"properties":{"cat":"park","name":""}},{"type":"Feature","geometry":{"type":"Point","coordinates":[17.09653,48.12623]},"properties":{"cat":"lekar","name":"Medicentrum Magma"}},{"type":"Feature","geometry":{"type":"Point","coordinates":[17.09717,48.12635]},"properties":{"cat":"lekar","name":"Zdravotn\u00e9 stredisko Z\u00e1poro\u017esk\u00e1"}},{"type":"Feature","geometry":{"type":"Point","coordinates":[17.11309,48.14665]},"properties":{"cat":"lekar","name":"Onkologick\u00fd \u00fastav sv. Al\u017ebety, s.r.o."}},{"type":"Feature","geometry":{"type":"Point","coordinates":[17.11844,48.12382]},"properties":{"cat":"skolka","name":"Cirkevn\u00e1 matersk\u00e1 \u0161kola M\u00e1rie Mazzarellovej"}},{"type":"Feature","geometry":{"type":"Point","coordinates":[17.11279,48.11971]},"properties":{"cat":"skolka","name":"Matersk\u00e1 \u0161kola Gessayova 31"}},{"type":"Feature","geometry":{"type":"Point","coordinates":[17.10859,48.1265]},"properties":{"cat":"skolka","name":"Matersk\u00e1 \u0161kola Pifflova 10"}},{"type":"Feature","geometry":{"type":"Point","coordinates":[17.11688,48.12743]},"properties":{"cat":"zastavka","name":"Farsk\u00e9ho"}},{"type":"Feature","geometry":{"type":"Point","coordinates":[17.11676,48.12743]},"properties":{"cat":"zastavka","name":"Farsk\u00e9ho"}},{"type":"Feature","geometry":{"type":"Point","coordinates":[17.1151,48.12469]},"properties":{"cat":"zastavka","name":"Jungmannova"}},{"type":"Feature","geometry":{"type":"Point","coordinates":[17.11519,48.12464]},"properties":{"cat":"zastavka","name":"Jungmannova"}},{"type":"Feature","geometry":{"type":"Point","coordinates":[17.11694,48.13555]},"properties":{"cat":"zastavka","name":"Sad Janka Kr\u00e1\u013ea"}},{"type":"Feature","geometry":{"type":"Point","coordinates":[17.11707,48.13555]},"properties":{"cat":"zastavka","name":"Sad Janka Kr\u00e1\u013ea"}},{"type":"Feature","geometry":{"type":"Point","coordinates":[17.11593,48.14151]},"properties":{"cat":"zastavka","name":"\u0160af\u00e1rikovo n\u00e1m."}},{"type":"Feature","geometry":{"type":"Point","coordinates":[17.11386,48.12507]},"properties":{"cat":"park","name":""}},{"type":"Feature","geometry":{"type":"Point","coordinates":[17.11364,48.12521]},"properties":{"cat":"park","name":""}},{"type":"Feature","geometry":{"type":"Point","coordinates":[17.12893,48.15782]},"properties":{"cat":"park","name":""}},{"type":"Feature","geometry":{"type":"Point","coordinates":[17.12681,48.12608]},"properties":{"cat":"park","name":""}},{"type":"Feature","geometry":{"type":"Point","coordinates":[17.12792,48.12591]},"properties":{"cat":"park","name":""}},{"type":"Feature","geometry":{"type":"Point","coordinates":[17.12912,48.1263]},"properties":{"cat":"park","name":""}},{"type":"Feature","geometry":{"type":"Point","coordinates":[17.12727,48.12404]},"properties":{"cat":"park","name":""}},{"type":"Feature","geometry":{"type":"Point","coordinates":[17.12911,48.12346]},"properties":{"cat":"park","name":""}},{"type":"Feature","geometry":{"type":"Point","coordinates":[17.12687,48.12365]},"properties":{"cat":"park","name":""}},{"type":"Feature","geometry":{"type":"Point","coordinates":[17.12668,48.1242]},"properties":{"cat":"park","name":""}},{"type":"Feature","geometry":{"type":"Point","coordinates":[17.12842,48.12409]},"properties":{"cat":"park","name":""}},{"type":"Feature","geometry":{"type":"Point","coordinates":[17.12799,48.12429]},"properties":{"cat":"park","name":""}},{"type":"Feature","geometry":{"type":"Point","coordinates":[17.12784,48.12422]},"properties":{"cat":"park","name":""}},{"type":"Feature","geometry":{"type":"Point","coordinates":[17.12799,48.12466]},"properties":{"cat":"park","name":""}},{"type":"Feature","geometry":{"type":"Point","coordinates":[17.12818,48.12652]},"properties":{"cat":"park","name":""}},{"type":"Feature","geometry":{"type":"Point","coordinates":[17.1287,48.12509]},"properties":{"cat":"park","name":""}},{"type":"Feature","geometry":{"type":"Point","coordinates":[17.12835,48.12553]},"properties":{"cat":"park","name":""}},{"type":"Feature","geometry":{"type":"Point","coordinates":[17.12913,48.1227]},"properties":{"cat":"park","name":""}},{"type":"Feature","geometry":{"type":"Point","coordinates":[17.12918,48.1271]},"properties":{"cat":"park","name":""}},{"type":"Feature","geometry":{"type":"Point","coordinates":[17.13582,48.1504]},"properties":{"cat":"park","name":""}},{"type":"Feature","geometry":{"type":"Point","coordinates":[17.11834,48.15569]},"properties":{"cat":"park","name":""}},{"type":"Feature","geometry":{"type":"Point","coordinates":[17.11333,48.12468]},"properties":{"cat":"park","name":""}},{"type":"Feature","geometry":{"type":"Point","coordinates":[17.11323,48.1251]},"properties":{"cat":"park","name":""}},{"type":"Feature","geometry":{"type":"Point","coordinates":[17.11307,48.12474]},"properties":{"cat":"park","name":""}},{"type":"Feature","geometry":{"type":"Point","coordinates":[17.1023,48.12068]},"properties":{"cat":"park","name":""}},{"type":"Feature","geometry":{"type":"Point","coordinates":[17.12202,48.12454]},"properties":{"cat":"park","name":""}},{"type":"Feature","geometry":{"type":"Point","coordinates":[17.12157,48.12457]},"properties":{"cat":"park","name":""}},{"type":"Feature","geometry":{"type":"Point","coordinates":[17.12131,48.12629]},"properties":{"cat":"park","name":""}},{"type":"Feature","geometry":{"type":"Point","coordinates":[17.11973,48.12357]},"properties":{"cat":"park","name":""}},{"type":"Feature","geometry":{"type":"Point","coordinates":[17.12048,48.12359]},"properties":{"cat":"park","name":""}},{"type":"Feature","geometry":{"type":"Point","coordinates":[17.12076,48.12434]},"properties":{"cat":"park","name":""}},{"type":"Feature","geometry":{"type":"Point","coordinates":[17.11971,48.12406]},"properties":{"cat":"park","name":""}},{"type":"Feature","geometry":{"type":"Point","coordinates":[17.1215,48.12634]},"properties":{"cat":"park","name":""}},{"type":"Feature","geometry":{"type":"Point","coordinates":[17.12149,48.12646]},"properties":{"cat":"park","name":""}},{"type":"Feature","geometry":{"type":"Point","coordinates":[17.12102,48.12337]},"properties":{"cat":"park","name":""}},{"type":"Feature","geometry":{"type":"Point","coordinates":[17.12112,48.12482]},"properties":{"cat":"park","name":""}},{"type":"Feature","geometry":{"type":"Point","coordinates":[17.12116,48.12303]},"properties":{"cat":"park","name":""}},{"type":"Feature","geometry":{"type":"Point","coordinates":[17.12204,48.12335]},"properties":{"cat":"park","name":""}},{"type":"Feature","geometry":{"type":"Point","coordinates":[17.12208,48.12207]},"properties":{"cat":"park","name":""}},{"type":"Feature","geometry":{"type":"Point","coordinates":[17.12167,48.12322]},"properties":{"cat":"park","name":""}},{"type":"Feature","geometry":{"type":"Point","coordinates":[17.12185,48.12328]},"properties":{"cat":"park","name":""}},{"type":"Feature","geometry":{"type":"Point","coordinates":[17.12178,48.12346]},"properties":{"cat":"park","name":""}},{"type":"Feature","geometry":{"type":"Point","coordinates":[17.12054,48.12252]},"properties":{"cat":"park","name":""}},{"type":"Feature","geometry":{"type":"Point","coordinates":[17.1152,48.11917]},"properties":{"cat":"park","name":""}},{"type":"Feature","geometry":{"type":"Point","coordinates":[17.12193,48.12225]},"properties":{"cat":"park","name":""}},{"type":"Feature","geometry":{"type":"Point","coordinates":[17.11547,48.11848]},"properties":{"cat":"park","name":""}},{"type":"Feature","geometry":{"type":"Point","coordinates":[17.11948,48.12114]},"properties":{"cat":"park","name":""}},{"type":"Feature","geometry":{"type":"Point","coordinates":[17.11181,48.11848]},"properties":{"cat":"park","name":""}},{"type":"Feature","geometry":{"type":"Point","coordinates":[17.11635,48.11836]},"properties":{"cat":"park","name":""}},{"type":"Feature","geometry":{"type":"Point","coordinates":[17.1194,48.11971]},"properties":{"cat":"park","name":""}},{"type":"Feature","geometry":{"type":"Point","coordinates":[17.11247,48.11913]},"properties":{"cat":"park","name":""}},{"type":"Feature","geometry":{"type":"Point","coordinates":[17.11596,48.11864]},"properties":{"cat":"park","name":""}},{"type":"Feature","geometry":{"type":"Point","coordinates":[17.12162,48.12145]},"properties":{"cat":"park","name":""}},{"type":"Feature","geometry":{"type":"Point","coordinates":[17.12066,48.1213]},"properties":{"cat":"park","name":""}},{"type":"Feature","geometry":{"type":"Point","coordinates":[17.12281,48.12245]},"properties":{"cat":"park","name":""}},{"type":"Feature","geometry":{"type":"Point","coordinates":[17.11992,48.12119]},"properties":{"cat":"park","name":""}},{"type":"Feature","geometry":{"type":"Point","coordinates":[17.12066,48.12144]},"properties":{"cat":"park","name":""}},{"type":"Feature","geometry":{"type":"Point","coordinates":[17.1169,48.12071]},"properties":{"cat":"park","name":""}},{"type":"Feature","geometry":{"type":"Point","coordinates":[17.123,48.12246]},"properties":{"cat":"park","name":""}},{"type":"Feature","geometry":{"type":"Point","coordinates":[17.11632,48.11883]},"properties":{"cat":"park","name":""}},{"type":"Feature","geometry":{"type":"Point","coordinates":[17.12182,48.12366]},"properties":{"cat":"park","name":""}},{"type":"Feature","geometry":{"type":"Point","coordinates":[17.12203,48.12244]},"properties":{"cat":"park","name":""}},{"type":"Feature","geometry":{"type":"Point","coordinates":[17.12165,48.12232]},"properties":{"cat":"park","name":""}},{"type":"Feature","geometry":{"type":"Point","coordinates":[17.12143,48.12353]},"properties":{"cat":"park","name":""}},{"type":"Feature","geometry":{"type":"Point","coordinates":[17.12242,48.12248]},"properties":{"cat":"park","name":""}},{"type":"Feature","geometry":{"type":"Point","coordinates":[17.12155,48.12338]},"properties":{"cat":"park","name":""}},{"type":"Feature","geometry":{"type":"Point","coordinates":[17.12176,48.12218]},"properties":{"cat":"park","name":""}},{"type":"Feature","geometry":{"type":"Point","coordinates":[17.12183,48.12239]},"properties":{"cat":"park","name":""}},{"type":"Feature","geometry":{"type":"Point","coordinates":[17.12215,48.12229]},"properties":{"cat":"park","name":""}},{"type":"Feature","geometry":{"type":"Point","coordinates":[17.12198,48.12351]},"properties":{"cat":"park","name":""}},{"type":"Feature","geometry":{"type":"Point","coordinates":[17.12162,48.1236]},"properties":{"cat":"park","name":""}},{"type":"Feature","geometry":{"type":"Point","coordinates":[17.1227,48.12234]},"properties":{"cat":"park","name":""}},{"type":"Feature","geometry":{"type":"Point","coordinates":[17.12226,48.12215]},"properties":{"cat":"park","name":""}},{"type":"Feature","geometry":{"type":"Point","coordinates":[17.12245,48.1226]},"properties":{"cat":"park","name":""}},{"type":"Feature","geometry":{"type":"Point","coordinates":[17.11648,48.11957]},"properties":{"cat":"park","name":""}},{"type":"Feature","geometry":{"type":"Point","coordinates":[17.11917,48.12158]},"properties":{"cat":"park","name":""}},{"type":"Feature","geometry":{"type":"Point","coordinates":[17.11929,48.12138]},"properties":{"cat":"park","name":""}},{"type":"Feature","geometry":{"type":"Point","coordinates":[17.12188,48.12202]},"properties":{"cat":"park","name":""}},{"type":"Feature","geometry":{"type":"Point","coordinates":[17.12252,48.12275]},"properties":{"cat":"park","name":""}},{"type":"Feature","geometry":{"type":"Point","coordinates":[17.10032,48.11897]},"properties":{"cat":"park","name":""}},{"type":"Feature","geometry":{"type":"Point","coordinates":[17.10009,48.11873]},"properties":{"cat":"park","name":""}},{"type":"Feature","geometry":{"type":"Point","coordinates":[17.10057,48.11919]},"properties":{"cat":"park","name":""}},{"type":"Feature","geometry":{"type":"Point","coordinates":[17.10119,48.11924]},"properties":{"cat":"park","name":""}},{"type":"Feature","geometry":{"type":"Point","coordinates":[17.10085,48.11925]},"properties":{"cat":"park","name":""}},{"type":"Feature","geometry":{"type":"Point","coordinates":[17.10152,48.11923]},"properties":{"cat":"park","name":""}},{"type":"Feature","geometry":{"type":"Point","coordinates":[17.10133,48.11944]},"properties":{"cat":"park","name":""}},{"type":"Feature","geometry":{"type":"Point","coordinates":[17.09996,48.11856]},"properties":{"cat":"park","name":""}},{"type":"Feature","geometry":{"type":"Point","coordinates":[17.10071,48.11881]},"properties":{"cat":"park","name":""}},{"type":"Feature","geometry":{"type":"Point","coordinates":[17.10121,48.11898]},"properties":{"cat":"park","name":""}},{"type":"Feature","geometry":{"type":"Point","coordinates":[17.10087,48.11898]},"properties":{"cat":"park","name":""}},{"type":"Feature","geometry":{"type":"Point","coordinates":[17.13095,48.11958]},"properties":{"cat":"park","name":""}},{"type":"Feature","geometry":{"type":"Point","coordinates":[17.1282,48.1199]},"properties":{"cat":"park","name":""}},{"type":"Feature","geometry":{"type":"Point","coordinates":[17.13058,48.11995]},"properties":{"cat":"park","name":""}},{"type":"Feature","geometry":{"type":"Point","coordinates":[17.12933,48.11891]},"properties":{"cat":"park","name":""}},{"type":"Feature","geometry":{"type":"Point","coordinates":[17.12834,48.11931]},"properties":{"cat":"park","name":""}},{"type":"Feature","geometry":{"type":"Point","coordinates":[17.12981,48.12103]},"properties":{"cat":"park","name":""}},{"type":"Feature","geometry":{"type":"Point","coordinates":[17.13062,48.12137]},"properties":{"cat":"park","name":""}},{"type":"Feature","geometry":{"type":"Point","coordinates":[17.13025,48.11976]},"properties":{"cat":"park","name":""}},{"type":"Feature","geometry":{"type":"Point","coordinates":[17.12954,48.11974]},"properties":{"cat":"park","name":""}},{"type":"Feature","geometry":{"type":"Point","coordinates":[17.12898,48.12053]},"properties":{"cat":"park","name":""}},{"type":"Feature","geometry":{"type":"Point","coordinates":[17.13082,48.11975]},"properties":{"cat":"park","name":""}},{"type":"Feature","geometry":{"type":"Point","coordinates":[17.10749,48.12674]},"properties":{"cat":"park","name":""}},{"type":"Feature","geometry":{"type":"Point","coordinates":[17.10742,48.12688]},"properties":{"cat":"park","name":""}},{"type":"Feature","geometry":{"type":"Point","coordinates":[17.10716,48.12676]},"properties":{"cat":"park","name":""}},{"type":"Feature","geometry":{"type":"Point","coordinates":[17.10759,48.12641]},"properties":{"cat":"park","name":""}},{"type":"Feature","geometry":{"type":"Point","coordinates":[17.10714,48.12645]},"properties":{"cat":"park","name":""}},{"type":"Feature","geometry":{"type":"Point","coordinates":[17.10734,48.1266]},"properties":{"cat":"park","name":""}},{"type":"Feature","geometry":{"type":"Point","coordinates":[17.10779,48.12682]},"properties":{"cat":"park","name":""}},{"type":"Feature","geometry":{"type":"Point","coordinates":[17.10779,48.12647]},"properties":{"cat":"park","name":""}},{"type":"Feature","geometry":{"type":"Point","coordinates":[17.10733,48.12635]},"properties":{"cat":"park","name":""}},{"type":"Feature","geometry":{"type":"Point","coordinates":[17.11879,48.14005]},"properties":{"cat":"park","name":""}},{"type":"Feature","geometry":{"type":"Point","coordinates":[17.09984,48.1461]},"properties":{"cat":"skola","name":"Stredn\u00e1 priemyseln\u00e1 \u0161kola elektrotechnick\u00e1"}},{"type":"Feature","geometry":{"type":"Point","coordinates":[17.0994,48.14483]},"properties":{"cat":"skola","name":"Z\u0160 Milana Hod\u017eu"}},{"type":"Feature","geometry":{"type":"Point","coordinates":[17.13586,48.15833]},"properties":{"cat":"park","name":""}},{"type":"Feature","geometry":{"type":"Point","coordinates":[17.10839,48.14465]},"properties":{"cat":"park","name":"Rajsk\u00fd dvor"}},{"type":"Feature","geometry":{"type":"Point","coordinates":[17.10512,48.14692]},"properties":{"cat":"park","name":""}},{"type":"Feature","geometry":{"type":"Point","coordinates":[17.1038,48.14661]},"properties":{"cat":"park","name":""}},{"type":"Feature","geometry":{"type":"Point","coordinates":[17.10432,48.14681]},"properties":{"cat":"park","name":""}},{"type":"Feature","geometry":{"type":"Point","coordinates":[17.1029,48.14675]},"properties":{"cat":"park","name":""}},{"type":"Feature","geometry":{"type":"Point","coordinates":[17.10542,48.14783]},"properties":{"cat":"park","name":""}},{"type":"Feature","geometry":{"type":"Point","coordinates":[17.10518,48.14755]},"properties":{"cat":"park","name":""}},{"type":"Feature","geometry":{"type":"Point","coordinates":[17.10448,48.14696]},"properties":{"cat":"park","name":""}},{"type":"Feature","geometry":{"type":"Point","coordinates":[17.09974,48.14517]},"properties":{"cat":"park","name":"Park \u0160karniclova"}},{"type":"Feature","geometry":{"type":"Point","coordinates":[17.10132,48.14548]},"properties":{"cat":"park","name":"Park Svoradova"}},{"type":"Feature","geometry":{"type":"Point","coordinates":[17.10302,48.12229]},"properties":{"cat":"park","name":""}},{"type":"Feature","geometry":{"type":"Point","coordinates":[17.10979,48.13544]},"properties":{"cat":"park","name":""}},{"type":"Feature","geometry":{"type":"Point","coordinates":[17.10958,48.13509]},"properties":{"cat":"park","name":""}},{"type":"Feature","geometry":{"type":"Point","coordinates":[17.10932,48.13537]},"properties":{"cat":"park","name":""}},{"type":"Feature","geometry":{"type":"Point","coordinates":[17.11,48.13538]},"properties":{"cat":"park","name":""}},{"type":"Feature","geometry":{"type":"Point","coordinates":[17.10906,48.13398]},"properties":{"cat":"park","name":""}},{"type":"Feature","geometry":{"type":"Point","coordinates":[17.10645,48.13593]},"properties":{"cat":"park","name":""}},{"type":"Feature","geometry":{"type":"Point","coordinates":[17.10754,48.13603]},"properties":{"cat":"park","name":""}},{"type":"Feature","geometry":{"type":"Point","coordinates":[17.10953,48.13522]},"properties":{"cat":"park","name":""}},{"type":"Feature","geometry":{"type":"Point","coordinates":[17.10979,48.13505]},"properties":{"cat":"park","name":""}},{"type":"Feature","geometry":{"type":"Point","coordinates":[17.10963,48.13539]},"properties":{"cat":"park","name":""}},{"type":"Feature","geometry":{"type":"Point","coordinates":[17.11931,48.14263]},"properties":{"cat":"park","name":""}},{"type":"Feature","geometry":{"type":"Point","coordinates":[17.11908,48.1428]},"properties":{"cat":"park","name":""}},{"type":"Feature","geometry":{"type":"Point","coordinates":[17.1185,48.14225]},"properties":{"cat":"park","name":""}},{"type":"Feature","geometry":{"type":"Point","coordinates":[17.11874,48.14241]},"properties":{"cat":"park","name":""}},{"type":"Feature","geometry":{"type":"Point","coordinates":[17.11787,48.14356]},"properties":{"cat":"park","name":""}},{"type":"Feature","geometry":{"type":"Point","coordinates":[17.11835,48.14306]},"properties":{"cat":"park","name":""}},{"type":"Feature","geometry":{"type":"Point","coordinates":[17.11833,48.14374]},"properties":{"cat":"park","name":""}},{"type":"Feature","geometry":{"type":"Point","coordinates":[17.11887,48.14322]},"properties":{"cat":"park","name":""}},{"type":"Feature","geometry":{"type":"Point","coordinates":[17.11719,48.14396]},"properties":{"cat":"park","name":""}},{"type":"Feature","geometry":{"type":"Point","coordinates":[17.11743,48.14219]},"properties":{"cat":"park","name":""}},{"type":"Feature","geometry":{"type":"Point","coordinates":[17.11819,48.14416]},"properties":{"cat":"park","name":""}},{"type":"Feature","geometry":{"type":"Point","coordinates":[17.11808,48.14439]},"properties":{"cat":"park","name":""}},{"type":"Feature","geometry":{"type":"Point","coordinates":[17.11724,48.14272]},"properties":{"cat":"park","name":""}},{"type":"Feature","geometry":{"type":"Point","coordinates":[17.1173,48.14253]},"properties":{"cat":"park","name":""}},{"type":"Feature","geometry":{"type":"Point","coordinates":[17.1165,48.14274]},"properties":{"cat":"park","name":""}},{"type":"Feature","geometry":{"type":"Point","coordinates":[17.11621,48.14258]},"properties":{"cat":"park","name":""}},{"type":"Feature","geometry":{"type":"Point","coordinates":[17.11704,48.14291]},"properties":{"cat":"park","name":""}},{"type":"Feature","geometry":{"type":"Point","coordinates":[17.11649,48.14233]},"properties":{"cat":"park","name":""}},{"type":"Feature","geometry":{"type":"Point","coordinates":[17.11663,48.14279]},"properties":{"cat":"park","name":""}},{"type":"Feature","geometry":{"type":"Point","coordinates":[17.11681,48.14284]},"properties":{"cat":"park","name":""}},{"type":"Feature","geometry":{"type":"Point","coordinates":[17.11776,48.14222]},"properties":{"cat":"park","name":""}},{"type":"Feature","geometry":{"type":"Point","coordinates":[17.11521,48.12238]},"properties":{"cat":"obchod","name":"Billa"}},{"type":"Feature","geometry":{"type":"Point","coordinates":[17.10933,48.15506]},"properties":{"cat":"park","name":""}},{"type":"Feature","geometry":{"type":"Point","coordinates":[17.1245,48.14555]},"properties":{"cat":"park","name":""}},{"type":"Feature","geometry":{"type":"Point","coordinates":[17.12461,48.14539]},"properties":{"cat":"park","name":""}},{"type":"Feature","geometry":{"type":"Point","coordinates":[17.12478,48.14514]},"properties":{"cat":"park","name":""}},{"type":"Feature","geometry":{"type":"Point","coordinates":[17.09597,48.14225]},"properties":{"cat":"park","name":""}},{"type":"Feature","geometry":{"type":"Point","coordinates":[17.12292,48.1284]},"properties":{"cat":"park","name":""}},{"type":"Feature","geometry":{"type":"Point","coordinates":[17.11196,48.145]},"properties":{"cat":"zastavka","name":"Centrum"}},{"type":"Feature","geometry":{"type":"Point","coordinates":[17.09037,48.12488]},"properties":{"cat":"skola","name":"Evanjelick\u00e9 l\u00fdceum, Vranovsk\u00e1 2"}},{"type":"Feature","geometry":{"type":"Point","coordinates":[17.1113,48.14186]},"properties":{"cat":"skola","name":"Z\u0160 Matky Alexie"}},{"type":"Feature","geometry":{"type":"Point","coordinates":[17.12055,48.14366]},"properties":{"cat":"park","name":"Permakult\u00fara"}},{"type":"Feature","geometry":{"type":"Point","coordinates":[17.09213,48.14087]},"properties":{"cat":"park","name":""}},{"type":"Feature","geometry":{"type":"Point","coordinates":[17.1343,48.15238]},"properties":{"cat":"park","name":""}},{"type":"Feature","geometry":{"type":"Point","coordinates":[17.11104,48.14851]},"properties":{"cat":"park","name":""}},{"type":"Feature","geometry":{"type":"Point","coordinates":[17.12429,48.14498]},"properties":{"cat":"park","name":""}},{"type":"Feature","geometry":{"type":"Point","coordinates":[17.12529,48.14551]},"properties":{"cat":"park","name":""}},{"type":"Feature","geometry":{"type":"Point","coordinates":[17.1054,48.14243]},"properties":{"cat":"park","name":""}},{"type":"Feature","geometry":{"type":"Point","coordinates":[17.12611,48.14167]},"properties":{"cat":"park","name":""}},{"type":"Feature","geometry":{"type":"Point","coordinates":[17.12641,48.14164]},"properties":{"cat":"park","name":""}},{"type":"Feature","geometry":{"type":"Point","coordinates":[17.12689,48.14155]},"properties":{"cat":"park","name":""}},{"type":"Feature","geometry":{"type":"Point","coordinates":[17.11222,48.14016]},"properties":{"cat":"park","name":""}},{"type":"Feature","geometry":{"type":"Point","coordinates":[17.11271,48.14025]},"properties":{"cat":"park","name":""}},{"type":"Feature","geometry":{"type":"Point","coordinates":[17.11272,48.14014]},"properties":{"cat":"park","name":""}},{"type":"Feature","geometry":{"type":"Point","coordinates":[17.12136,48.14949]},"properties":{"cat":"park","name":""}},{"type":"Feature","geometry":{"type":"Point","coordinates":[17.10046,48.14302]},"properties":{"cat":"park","name":""}},{"type":"Feature","geometry":{"type":"Point","coordinates":[17.10079,48.143]},"properties":{"cat":"park","name":""}},{"type":"Feature","geometry":{"type":"Point","coordinates":[17.12245,48.15305]},"properties":{"cat":"park","name":""}},{"type":"Feature","geometry":{"type":"Point","coordinates":[17.12535,48.15333]},"properties":{"cat":"park","name":""}},{"type":"Feature","geometry":{"type":"Point","coordinates":[17.10544,48.14166]},"properties":{"cat":"park","name":"Rudnayovo n\u00e1mestie"}},{"type":"Feature","geometry":{"type":"Point","coordinates":[17.1259,48.1456]},"properties":{"cat":"park","name":""}},{"type":"Feature","geometry":{"type":"Point","coordinates":[17.10574,48.14205]},"properties":{"cat":"park","name":""}},{"type":"Feature","geometry":{"type":"Point","coordinates":[17.08542,48.14284]},"properties":{"cat":"zastavka","name":"Kr\u00e1\u013eovsk\u00e9 \u00fadolie"}},{"type":"Feature","geometry":{"type":"Point","coordinates":[17.118,48.12854]},"properties":{"cat":"park","name":"Detsk\u00e9 ihrisko Fuxova"}},{"type":"Feature","geometry":{"type":"Point","coordinates":[17.12285,48.12885]},"properties":{"cat":"park","name":""}},{"type":"Feature","geometry":{"type":"Point","coordinates":[17.11518,48.12934]},"properties":{"cat":"park","name":""}},{"type":"Feature","geometry":{"type":"Point","coordinates":[17.11221,48.12953]},"properties":{"cat":"park","name":""}},{"type":"Feature","geometry":{"type":"Point","coordinates":[17.11957,48.12748]},"properties":{"cat":"park","name":""}},{"type":"Feature","geometry":{"type":"Point","coordinates":[17.10147,48.14139]},"properties":{"cat":"park","name":""}},{"type":"Feature","geometry":{"type":"Point","coordinates":[17.1103,48.1226]},"properties":{"cat":"park","name":"Mestsk\u00fd park Petr\u017ealka city - Detsk\u00fd svet"}},{"type":"Feature","geometry":{"type":"Point","coordinates":[17.10197,48.14243]},"properties":{"cat":"park","name":""}},{"type":"Feature","geometry":{"type":"Point","coordinates":[17.11101,48.14673]},"properties":{"cat":"park","name":"Detsk\u00e9 ihrisko Jedl\u00edkova ulica"}},{"type":"Feature","geometry":{"type":"Point","coordinates":[17.10807,48.12818]},"properties":{"cat":"park","name":"Mal\u00fd par\u010d\u00edk"}},{"type":"Feature","geometry":{"type":"Point","coordinates":[17.11089,48.12756]},"properties":{"cat":"park","name":""}},{"type":"Feature","geometry":{"type":"Point","coordinates":[17.10837,48.12551]},"properties":{"cat":"park","name":""}},{"type":"Feature","geometry":{"type":"Point","coordinates":[17.12514,48.12532]},"properties":{"cat":"park","name":""}},{"type":"Feature","geometry":{"type":"Point","coordinates":[17.12916,48.15498]},"properties":{"cat":"lekar","name":"AGEL Clinic"}},{"type":"Feature","geometry":{"type":"Point","coordinates":[17.11658,48.14853]},"properties":{"cat":"zastavka","name":"Mari\u00e1nska"}},{"type":"Feature","geometry":{"type":"Point","coordinates":[17.13318,48.14643]},"properties":{"cat":"park","name":""}},{"type":"Feature","geometry":{"type":"Point","coordinates":[17.12031,48.14451]},"properties":{"cat":"skolka","name":"Matersk\u00e1 \u0161kola Funiversity"}},{"type":"Feature","geometry":{"type":"Point","coordinates":[17.12002,48.14073]},"properties":{"cat":"park","name":""}},{"type":"Feature","geometry":{"type":"Point","coordinates":[17.11993,48.14081]},"properties":{"cat":"park","name":""}},{"type":"Feature","geometry":{"type":"Point","coordinates":[17.11976,48.14067]},"properties":{"cat":"park","name":""}},{"type":"Feature","geometry":{"type":"Point","coordinates":[17.11986,48.14062]},"properties":{"cat":"park","name":""}},{"type":"Feature","geometry":{"type":"Point","coordinates":[17.10811,48.14964]},"properties":{"cat":"park","name":""}},{"type":"Feature","geometry":{"type":"Point","coordinates":[17.1075,48.14967]},"properties":{"cat":"park","name":""}},{"type":"Feature","geometry":{"type":"Point","coordinates":[17.11593,48.14162]},"properties":{"cat":"zastavka","name":"\u0160af\u00e1rikovo n\u00e1m."}},{"type":"Feature","geometry":{"type":"Point","coordinates":[17.1225,48.12134]},"properties":{"cat":"park","name":""}},{"type":"Feature","geometry":{"type":"Point","coordinates":[17.12774,48.12008]},"properties":{"cat":"park","name":""}},{"type":"Feature","geometry":{"type":"Point","coordinates":[17.11685,48.14125]},"properties":{"cat":"park","name":""}},{"type":"Feature","geometry":{"type":"Point","coordinates":[17.09635,48.13015]},"properties":{"cat":"park","name":""}},{"type":"Feature","geometry":{"type":"Point","coordinates":[17.11678,48.12421]},"properties":{"cat":"park","name":""}},{"type":"Feature","geometry":{"type":"Point","coordinates":[17.11551,48.14299]},"properties":{"cat":"park","name":""}},{"type":"Feature","geometry":{"type":"Point","coordinates":[17.11555,48.14389]},"properties":{"cat":"park","name":""}},{"type":"Feature","geometry":{"type":"Point","coordinates":[17.11809,48.12938]},"properties":{"cat":"park","name":""}},{"type":"Feature","geometry":{"type":"Point","coordinates":[17.1185,48.12928]},"properties":{"cat":"park","name":""}},{"type":"Feature","geometry":{"type":"Point","coordinates":[17.12142,48.15359]},"properties":{"cat":"park","name":""}},{"type":"Feature","geometry":{"type":"Point","coordinates":[17.11625,48.15648]},"properties":{"cat":"park","name":"Park na Z\u00e1hrebskej"}},{"type":"Feature","geometry":{"type":"Point","coordinates":[17.13102,48.15089]},"properties":{"cat":"skola","name":"Z\u0160 Kul\u00ed\u0161kova"}},{"type":"Feature","geometry":{"type":"Point","coordinates":[17.13191,48.15086]},"properties":{"cat":"skola","name":"Stredn\u00e1 priemyseln\u00e1 \u0161kola dopravn\u00e1"}},{"type":"Feature","geometry":{"type":"Point","coordinates":[17.12818,48.15586]},"properties":{"cat":"skola","name":"Gymn\u00e1zium Metodova"}},{"type":"Feature","geometry":{"type":"Point","coordinates":[17.0984,48.14165]},"properties":{"cat":"park","name":""}},{"type":"Feature","geometry":{"type":"Point","coordinates":[17.09843,48.14173]},"properties":{"cat":"park","name":""}},{"type":"Feature","geometry":{"type":"Point","coordinates":[17.12061,48.12871]},"properties":{"cat":"park","name":""}},{"type":"Feature","geometry":{"type":"Point","coordinates":[17.12117,48.12839]},"properties":{"cat":"park","name":""}},{"type":"Feature","geometry":{"type":"Point","coordinates":[17.12149,48.12872]},"properties":{"cat":"park","name":""}},{"type":"Feature","geometry":{"type":"Point","coordinates":[17.12124,48.12873]},"properties":{"cat":"park","name":""}},{"type":"Feature","geometry":{"type":"Point","coordinates":[17.12242,48.12858]},"properties":{"cat":"park","name":""}},{"type":"Feature","geometry":{"type":"Point","coordinates":[17.11518,48.127]},"properties":{"cat":"park","name":""}},{"type":"Feature","geometry":{"type":"Point","coordinates":[17.12242,48.14035]},"properties":{"cat":"park","name":""}},{"type":"Feature","geometry":{"type":"Point","coordinates":[17.12219,48.14004]},"properties":{"cat":"park","name":""}},{"type":"Feature","geometry":{"type":"Point","coordinates":[17.12107,48.14018]},"properties":{"cat":"park","name":""}},{"type":"Feature","geometry":{"type":"Point","coordinates":[17.10316,48.1559]},"properties":{"cat":"skola","name":"Z\u00e1kladn\u00e1 \u0161kola, Hlbok\u00e1 cesta 4"}},{"type":"Feature","geometry":{"type":"Point","coordinates":[17.1342,48.14244]},"properties":{"cat":"obchod","name":"Fresh corner"}},{"type":"Feature","geometry":{"type":"Point","coordinates":[17.10521,48.14416]},"properties":{"cat":"park","name":""}},{"type":"Feature","geometry":{"type":"Point","coordinates":[17.12998,48.15378]},"properties":{"cat":"lekar","name":"\u0160pecializovan\u00e1 nemocnica pre ortopedick\u00fa protetiku Bratislava, n. o."}},{"type":"Feature","geometry":{"type":"Point","coordinates":[17.11486,48.15731]},"properties":{"cat":"skolka","name":"Matersk\u00e1 \u0161kola Beskydsk\u00e1"}},{"type":"Feature","geometry":{"type":"Point","coordinates":[17.13079,48.15399]},"properties":{"cat":"skola","name":"Stredn\u00e1 zdravotn\u00edcka \u0161kola"}},{"type":"Feature","geometry":{"type":"Point","coordinates":[17.13216,48.1534]},"properties":{"cat":"skola","name":"Stredn\u00e1 odborn\u00e1 \u0161kola pre \u017eiakov so sluchov\u00fdm postihnut\u00edm"}},{"type":"Feature","geometry":{"type":"Point","coordinates":[17.13126,48.15502]},"properties":{"cat":"park","name":""}},{"type":"Feature","geometry":{"type":"Point","coordinates":[17.09272,48.15191]},"properties":{"cat":"skolka","name":"M\u0160 Slne\u010dnica"}},{"type":"Feature","geometry":{"type":"Point","coordinates":[17.13428,48.14665]},"properties":{"cat":"park","name":""}},{"type":"Feature","geometry":{"type":"Point","coordinates":[17.14014,48.14585]},"properties":{"cat":"park","name":""}},{"type":"Feature","geometry":{"type":"Point","coordinates":[17.13864,48.14612]},"properties":{"cat":"park","name":""}},{"type":"Feature","geometry":{"type":"Point","coordinates":[17.13919,48.14515]},"properties":{"cat":"park","name":""}},{"type":"Feature","geometry":{"type":"Point","coordinates":[17.13816,48.14548]},"properties":{"cat":"park","name":""}},{"type":"Feature","geometry":{"type":"Point","coordinates":[17.10503,48.14516]},"properties":{"cat":"park","name":""}},{"type":"Feature","geometry":{"type":"Point","coordinates":[17.12273,48.15586]},"properties":{"cat":"park","name":""}},{"type":"Feature","geometry":{"type":"Point","coordinates":[17.11442,48.12588]},"properties":{"cat":"park","name":""}},{"type":"Feature","geometry":{"type":"Point","coordinates":[17.13682,48.14929]},"properties":{"cat":"park","name":""}},{"type":"Feature","geometry":{"type":"Point","coordinates":[17.12657,48.14132]},"properties":{"cat":"park","name":"PANORAMA PARK"}},{"type":"Feature","geometry":{"type":"Point","coordinates":[17.12657,48.14101]},"properties":{"cat":"park","name":""}},{"type":"Feature","geometry":{"type":"Point","coordinates":[17.10326,48.14446]},"properties":{"cat":"park","name":""}},{"type":"Feature","geometry":{"type":"Point","coordinates":[17.10605,48.12151]},"properties":{"cat":"park","name":""}},{"type":"Feature","geometry":{"type":"Point","coordinates":[17.10719,48.11847]},"properties":{"cat":"park","name":""}},{"type":"Feature","geometry":{"type":"Point","coordinates":[17.12189,48.12741]},"properties":{"cat":"park","name":"Detsk\u00e9 dopravn\u00e9 ihrisko"}},{"type":"Feature","geometry":{"type":"Point","coordinates":[17.10892,48.14114]},"properties":{"cat":"park","name":""}},{"type":"Feature","geometry":{"type":"Point","coordinates":[17.13116,48.14638]},"properties":{"cat":"park","name":""}},{"type":"Feature","geometry":{"type":"Point","coordinates":[17.13997,48.15087]},"properties":{"cat":"park","name":""}},{"type":"Feature","geometry":{"type":"Point","coordinates":[17.12227,48.13961]},"properties":{"cat":"park","name":""}},{"type":"Feature","geometry":{"type":"Point","coordinates":[17.12477,48.14418]},"properties":{"cat":"park","name":""}},{"type":"Feature","geometry":{"type":"Point","coordinates":[17.1245,48.1439]},"properties":{"cat":"park","name":""}},{"type":"Feature","geometry":{"type":"Point","coordinates":[17.12521,48.14425]},"properties":{"cat":"park","name":""}},{"type":"Feature","geometry":{"type":"Point","coordinates":[17.10414,48.1405]},"properties":{"cat":"zastavka","name":""}},{"type":"Feature","geometry":{"type":"Point","coordinates":[17.12432,48.14365]},"properties":{"cat":"park","name":""}},{"type":"Feature","geometry":{"type":"Point","coordinates":[17.12525,48.14591]},"properties":{"cat":"park","name":""}},{"type":"Feature","geometry":{"type":"Point","coordinates":[17.12432,48.14563]},"properties":{"cat":"park","name":""}},{"type":"Feature","geometry":{"type":"Point","coordinates":[17.12431,48.1444]},"properties":{"cat":"park","name":""}},{"type":"Feature","geometry":{"type":"Point","coordinates":[17.12362,48.14426]},"properties":{"cat":"park","name":""}},{"type":"Feature","geometry":{"type":"Point","coordinates":[17.13164,48.1526]},"properties":{"cat":"park","name":"Detsk\u00e9 ihrisko, Kvetn\u00e1 ulica"}},{"type":"Feature","geometry":{"type":"Point","coordinates":[17.11567,48.11818]},"properties":{"cat":"park","name":""}},{"type":"Feature","geometry":{"type":"Point","coordinates":[17.12675,48.14495]},"properties":{"cat":"park","name":""}},{"type":"Feature","geometry":{"type":"Point","coordinates":[17.11842,48.14892]},"properties":{"cat":"park","name":""}},{"type":"Feature","geometry":{"type":"Point","coordinates":[17.12442,48.14423]},"properties":{"cat":"park","name":""}},{"type":"Feature","geometry":{"type":"Point","coordinates":[17.12648,48.15031]},"properties":{"cat":"park","name":""}},{"type":"Feature","geometry":{"type":"Point","coordinates":[17.12482,48.1552]},"properties":{"cat":"park","name":""}},{"type":"Feature","geometry":{"type":"Point","coordinates":[17.11298,48.13636]},"properties":{"cat":"park","name":"Detsk\u00e9 ihrisko Tyr\u0161ovo n\u00e1bre\u017eie"}},{"type":"Feature","geometry":{"type":"Point","coordinates":[17.12238,48.15566]},"properties":{"cat":"park","name":""}},{"type":"Feature","geometry":{"type":"Point","coordinates":[17.12169,48.15594]},"properties":{"cat":"park","name":""}},{"type":"Feature","geometry":{"type":"Point","coordinates":[17.13447,48.14845]},"properties":{"cat":"park","name":""}},{"type":"Feature","geometry":{"type":"Point","coordinates":[17.11893,48.11816]},"properties":{"cat":"park","name":""}},{"type":"Feature","geometry":{"type":"Point","coordinates":[17.13853,48.14813]},"properties":{"cat":"park","name":""}},{"type":"Feature","geometry":{"type":"Point","coordinates":[17.09676,48.15705]},"properties":{"cat":"park","name":"Pr\u00fcger-Wallnerova z\u00e1hrada"}},{"type":"Feature","geometry":{"type":"Point","coordinates":[17.1136,48.1257]},"properties":{"cat":"skola","name":"Brilliant Stars"}},{"type":"Feature","geometry":{"type":"Point","coordinates":[17.11684,48.14317]},"properties":{"cat":"park","name":""}},{"type":"Feature","geometry":{"type":"Point","coordinates":[17.13165,48.14765]},"properties":{"cat":"park","name":""}},{"type":"Feature","geometry":{"type":"Point","coordinates":[17.13168,48.14793]},"properties":{"cat":"park","name":""}},{"type":"Feature","geometry":{"type":"Point","coordinates":[17.11042,48.14167]},"properties":{"cat":"park","name":""}},{"type":"Feature","geometry":{"type":"Point","coordinates":[17.12818,48.14679]},"properties":{"cat":"park","name":"Zelen\u00e1 strecha"}},{"type":"Feature","geometry":{"type":"Point","coordinates":[17.13999,48.15544]},"properties":{"cat":"park","name":""}},{"type":"Feature","geometry":{"type":"Point","coordinates":[17.13344,48.14354]},"properties":{"cat":"park","name":"Klingerka park"}},{"type":"Feature","geometry":{"type":"Point","coordinates":[17.1251,48.12549]},"properties":{"cat":"park","name":""}},{"type":"Feature","geometry":{"type":"Point","coordinates":[17.12516,48.12559]},"properties":{"cat":"park","name":""}},{"type":"Feature","geometry":{"type":"Point","coordinates":[17.12588,48.12486]},"properties":{"cat":"park","name":""}},{"type":"Feature","geometry":{"type":"Point","coordinates":[17.12632,48.12426]},"properties":{"cat":"park","name":""}},{"type":"Feature","geometry":{"type":"Point","coordinates":[17.13359,48.14361]},"properties":{"cat":"park","name":""}},{"type":"Feature","geometry":{"type":"Point","coordinates":[17.13358,48.14349]},"properties":{"cat":"park","name":""}},{"type":"Feature","geometry":{"type":"Point","coordinates":[17.13275,48.14993]},"properties":{"cat":"park","name":""}},{"type":"Feature","geometry":{"type":"Point","coordinates":[17.13584,48.15028]},"properties":{"cat":"park","name":""}},{"type":"Feature","geometry":{"type":"Point","coordinates":[17.13387,48.14721]},"properties":{"cat":"park","name":""}},{"type":"Feature","geometry":{"type":"Point","coordinates":[17.09743,48.1237]},"properties":{"cat":"park","name":""}},{"type":"Feature","geometry":{"type":"Point","coordinates":[17.11847,48.15577]},"properties":{"cat":"park","name":""}},{"type":"Feature","geometry":{"type":"Point","coordinates":[17.09819,48.1256]},"properties":{"cat":"park","name":""}},{"type":"Feature","geometry":{"type":"Point","coordinates":[17.10016,48.14344]},"properties":{"cat":"park","name":""}},{"type":"Feature","geometry":{"type":"Point","coordinates":[17.13397,48.14724]},"properties":{"cat":"park","name":"Detsk\u00e9 ihrisko Tekovsk\u00e1"}},{"type":"Feature","geometry":{"type":"Point","coordinates":[17.09836,48.1273]},"properties":{"cat":"park","name":""}},{"type":"Feature","geometry":{"type":"Point","coordinates":[17.1361,48.14508]},"properties":{"cat":"park","name":""}},{"type":"Feature","geometry":{"type":"Point","coordinates":[17.09593,48.12837]},"properties":{"cat":"park","name":"Detsk\u00e9 ihrisko Kutl\u00edkova 17"}},{"type":"Feature","geometry":{"type":"Point","coordinates":[17.10634,48.14097]},"properties":{"cat":"park","name":""}},{"type":"Feature","geometry":{"type":"Point","coordinates":[17.12091,48.14243]},"properties":{"cat":"park","name":""}},{"type":"Feature","geometry":{"type":"Point","coordinates":[17.12173,48.14238]},"properties":{"cat":"park","name":""}},{"type":"Feature","geometry":{"type":"Point","coordinates":[17.13817,48.15783]},"properties":{"cat":"skolka","name":"Elokovan\u00e9 pracovisko M\u0160 Pre\u0161ovsk\u00e1 28"}},{"type":"Feature","geometry":{"type":"Point","coordinates":[17.1251,48.15232]},"properties":{"cat":"park","name":""}},{"type":"Feature","geometry":{"type":"Point","coordinates":[17.12511,48.15238]},"properties":{"cat":"park","name":""}},{"type":"Feature","geometry":{"type":"Point","coordinates":[17.11939,48.14251]},"properties":{"cat":"park","name":""}},{"type":"Feature","geometry":{"type":"Point","coordinates":[17.11938,48.14217]},"properties":{"cat":"park","name":""}},{"type":"Feature","geometry":{"type":"Point","coordinates":[17.12727,48.13931]},"properties":{"cat":"park","name":""}},{"type":"Feature","geometry":{"type":"Point","coordinates":[17.10341,48.15567]},"properties":{"cat":"park","name":"Z\u00e1kladn\u00e1 \u0161kola"}},{"type":"Feature","geometry":{"type":"Point","coordinates":[17.09178,48.14867]},"properties":{"cat":"skolka","name":"Matersk\u00e1 \u0161kola Javorinsk\u00e1"}},{"type":"Feature","geometry":{"type":"Point","coordinates":[17.12665,48.15156]},"properties":{"cat":"park","name":""}},{"type":"Feature","geometry":{"type":"Point","coordinates":[17.12623,48.15449]},"properties":{"cat":"park","name":"Terasa K6"}},{"type":"Feature","geometry":{"type":"Point","coordinates":[17.12242,48.15546]},"properties":{"cat":"park","name":""}},{"type":"Feature","geometry":{"type":"Point","coordinates":[17.12588,48.14845]},"properties":{"cat":"park","name":"Komunitn\u00e1 z\u00e1hrada 500 bytov"}},{"type":"Feature","geometry":{"type":"Point","coordinates":[17.12647,48.1478]},"properties":{"cat":"park","name":""}},{"type":"Feature","geometry":{"type":"Point","coordinates":[17.12857,48.15284]},"properties":{"cat":"park","name":""}},{"type":"Feature","geometry":{"type":"Point","coordinates":[17.12403,48.13989]},"properties":{"cat":"park","name":""}},{"type":"Feature","geometry":{"type":"Point","coordinates":[17.11751,48.15418]},"properties":{"cat":"park","name":""}},{"type":"Feature","geometry":{"type":"Point","coordinates":[17.1163,48.15444]},"properties":{"cat":"park","name":""}},{"type":"Feature","geometry":{"type":"Point","coordinates":[17.09958,48.1574]},"properties":{"cat":"park","name":""}},{"type":"Feature","geometry":{"type":"Point","coordinates":[17.12946,48.15518]},"properties":{"cat":"park","name":""}},{"type":"Feature","geometry":{"type":"Point","coordinates":[17.13818,48.15718]},"properties":{"cat":"park","name":""}},{"type":"Feature","geometry":{"type":"Point","coordinates":[17.10608,48.14512]},"properties":{"cat":"park","name":""}},{"type":"Feature","geometry":{"type":"Point","coordinates":[17.09595,48.12128]},"properties":{"cat":"park","name":""}},{"type":"Feature","geometry":{"type":"Point","coordinates":[17.09548,48.12013]},"properties":{"cat":"park","name":""}},{"type":"Feature","geometry":{"type":"Point","coordinates":[17.09519,48.11975]},"properties":{"cat":"park","name":""}},{"type":"Feature","geometry":{"type":"Point","coordinates":[17.12143,48.12946]},"properties":{"cat":"park","name":""}},{"type":"Feature","geometry":{"type":"Point","coordinates":[17.12153,48.12917]},"properties":{"cat":"park","name":""}},{"type":"Feature","geometry":{"type":"Point","coordinates":[17.12128,48.12921]},"properties":{"cat":"park","name":""}},{"type":"Feature","geometry":{"type":"Point","coordinates":[17.12162,48.13002]},"properties":{"cat":"park","name":""}},{"type":"Feature","geometry":{"type":"Point","coordinates":[17.12163,48.13013]},"properties":{"cat":"park","name":""}},{"type":"Feature","geometry":{"type":"Point","coordinates":[17.12289,48.12991]},"properties":{"cat":"park","name":""}},{"type":"Feature","geometry":{"type":"Point","coordinates":[17.1331,48.14869]},"properties":{"cat":"park","name":""}},{"type":"Feature","geometry":{"type":"Point","coordinates":[17.10837,48.15571]},"properties":{"cat":"park","name":""}},{"type":"Feature","geometry":{"type":"Point","coordinates":[17.12093,48.15676]},"properties":{"cat":"park","name":""}},{"type":"Feature","geometry":{"type":"Point","coordinates":[17.09633,48.12202]},"properties":{"cat":"park","name":""}},{"type":"Feature","geometry":{"type":"Point","coordinates":[17.12692,48.15622]},"properties":{"cat":"park","name":"Detsk\u00e9 ihrisko Ludwigov mlyn"}},{"type":"Feature","geometry":{"type":"Point","coordinates":[17.09998,48.13991]},"properties":{"cat":"zastavka","name":"Vodn\u00e1 ve\u017ea"}},{"type":"Feature","geometry":{"type":"Point","coordinates":[17.09999,48.13999]},"properties":{"cat":"zastavka","name":"Vodn\u00e1 ve\u017ea"}},{"type":"Feature","geometry":{"type":"Point","coordinates":[17.12678,48.12379]},"properties":{"cat":"park","name":""}},{"type":"Feature","geometry":{"type":"Point","coordinates":[17.10762,48.15602]},"properties":{"cat":"park","name":"\u017dabotka"}},{"type":"Feature","geometry":{"type":"Point","coordinates":[17.11901,48.15549]},"properties":{"cat":"park","name":"Komunitn\u00e1 z\u00e1hrada BABIE LETO"}},{"type":"Feature","geometry":{"type":"Point","coordinates":[17.11411,48.12369]},"properties":{"cat":"zastavka","name":"Jungmannova"}},{"type":"Feature","geometry":{"type":"Point","coordinates":[17.11422,48.12364]},"properties":{"cat":"zastavka","name":"Jungmannova"}},{"type":"Feature","geometry":{"type":"Point","coordinates":[17.11119,48.12062]},"properties":{"cat":"zastavka","name":"Gessayova"}},{"type":"Feature","geometry":{"type":"Point","coordinates":[17.1113,48.12057]},"properties":{"cat":"zastavka","name":"Gessayova"}},{"type":"Feature","geometry":{"type":"Point","coordinates":[17.11697,48.12742]},"properties":{"cat":"zastavka","name":"Farsk\u00e9ho"}},{"type":"Feature","geometry":{"type":"Point","coordinates":[17.11667,48.12743]},"properties":{"cat":"zastavka","name":"Farsk\u00e9ho"}},{"type":"Feature","geometry":{"type":"Point","coordinates":[17.12371,48.15656]},"properties":{"cat":"park","name":""}},{"type":"Feature","geometry":{"type":"Point","coordinates":[17.12241,48.12145]},"properties":{"cat":"skolka","name":"Matersk\u00e1 \u0161kola Haanova 9"}},{"type":"Feature","geometry":{"type":"Point","coordinates":[17.12754,48.12032]},"properties":{"cat":"skolka","name":"Matersk\u00e1 \u0161kola Jankolova 8"}},{"type":"Feature","geometry":{"type":"Point","coordinates":[17.11196,48.12918]},"properties":{"cat":"skolka","name":"Matersk\u00e1 \u0161kola sv. Vincenta de Paul"}},{"type":"Feature","geometry":{"type":"Point","coordinates":[17.09742,48.12997]},"properties":{"cat":"park","name":""}},{"type":"Feature","geometry":{"type":"Point","coordinates":[17.1316,48.15496]},"properties":{"cat":"park","name":""}},{"type":"Feature","geometry":{"type":"Point","coordinates":[17.12018,48.14405]},"properties":{"cat":"park","name":""}},{"type":"Feature","geometry":{"type":"Point","coordinates":[17.11651,48.14573]},"properties":{"cat":"park","name":""}},{"type":"Feature","geometry":{"type":"Point","coordinates":[17.11659,48.14576]},"properties":{"cat":"park","name":""}},{"type":"Feature","geometry":{"type":"Point","coordinates":[17.11387,48.1466]},"properties":{"cat":"park","name":""}},{"type":"Feature","geometry":{"type":"Point","coordinates":[17.09519,48.12138]},"properties":{"cat":"park","name":""}},{"type":"Feature","geometry":{"type":"Point","coordinates":[17.11835,48.14612]},"properties":{"cat":"park","name":""}},{"type":"Feature","geometry":{"type":"Point","coordinates":[17.12636,48.1499]},"properties":{"cat":"park","name":""}},{"type":"Feature","geometry":{"type":"Point","coordinates":[17.12846,48.1438]},"properties":{"cat":"park","name":""}},{"type":"Feature","geometry":{"type":"Point","coordinates":[17.13403,48.15735]},"properties":{"cat":"park","name":""}},{"type":"Feature","geometry":{"type":"Point","coordinates":[17.13196,48.14664]},"properties":{"cat":"park","name":""}},{"type":"Feature","geometry":{"type":"Point","coordinates":[17.13202,48.1467]},"properties":{"cat":"park","name":""}},{"type":"Feature","geometry":{"type":"Point","coordinates":[17.11587,48.1523]},"properties":{"cat":"zastavka","name":"STU"}},{"type":"Feature","geometry":{"type":"Point","coordinates":[17.11891,48.15371]},"properties":{"cat":"zastavka","name":"Blument\u00e1l"}},{"type":"Feature","geometry":{"type":"Point","coordinates":[17.11882,48.15372]},"properties":{"cat":"zastavka","name":"Blument\u00e1l"}},{"type":"Feature","geometry":{"type":"Point","coordinates":[17.1169,48.15393]},"properties":{"cat":"park","name":""}},{"type":"Feature","geometry":{"type":"Point","coordinates":[17.11085,48.15285]},"properties":{"cat":"park","name":""}},{"type":"Feature","geometry":{"type":"Point","coordinates":[17.10735,48.14623]},"properties":{"cat":"park","name":""}},{"type":"Feature","geometry":{"type":"Point","coordinates":[17.12374,48.15471]},"properties":{"cat":"zastavka","name":""}},{"type":"Feature","geometry":{"type":"Point","coordinates":[17.12367,48.15475]},"properties":{"cat":"zastavka","name":""}},{"type":"Feature","geometry":{"type":"Point","coordinates":[17.1022,48.15607]},"properties":{"cat":"park","name":""}},{"type":"Feature","geometry":{"type":"Point","coordinates":[17.11824,48.11842]},"properties":{"cat":"park","name":""}},{"type":"Feature","geometry":{"type":"Point","coordinates":[17.12828,48.14368]},"properties":{"cat":"park","name":""}},{"type":"Feature","geometry":{"type":"Point","coordinates":[17.13392,48.15116]},"properties":{"cat":"park","name":""}},{"type":"Feature","geometry":{"type":"Point","coordinates":[17.11642,48.13582]},"properties":{"cat":"park","name":""}},{"type":"Feature","geometry":{"type":"Point","coordinates":[17.11588,48.13578]},"properties":{"cat":"park","name":""}},{"type":"Feature","geometry":{"type":"Point","coordinates":[17.1161,48.13578]},"properties":{"cat":"park","name":""}},{"type":"Feature","geometry":{"type":"Point","coordinates":[17.12093,48.15525]},"properties":{"cat":"park","name":"Ihrisko Kme\u0165ovo n\u00e1mestie"}},{"type":"Feature","geometry":{"type":"Point","coordinates":[17.12574,48.1485]},"properties":{"cat":"park","name":""}},{"type":"Feature","geometry":{"type":"Point","coordinates":[17.13035,48.15217]},"properties":{"cat":"park","name":""}},{"type":"Feature","geometry":{"type":"Point","coordinates":[17.11889,48.1581]},"properties":{"cat":"park","name":""}},{"type":"Feature","geometry":{"type":"Point","coordinates":[17.1188,48.15796]},"properties":{"cat":"park","name":""}},{"type":"Feature","geometry":{"type":"Point","coordinates":[17.12666,48.14424]},"properties":{"cat":"park","name":""}},{"type":"Feature","geometry":{"type":"Point","coordinates":[17.11348,48.1547]},"properties":{"cat":"park","name":"Park Belopotock\u00e9ho"}},{"type":"Feature","geometry":{"type":"Point","coordinates":[17.12385,48.14995]},"properties":{"cat":"park","name":""}},{"type":"Feature","geometry":{"type":"Point","coordinates":[17.1372,48.15692]},"properties":{"cat":"park","name":""}},{"type":"Feature","geometry":{"type":"Point","coordinates":[17.1239,48.12844]},"properties":{"cat":"lekar","name":"Poliklinika \u0160ustekova"}},{"type":"Feature","geometry":{"type":"Point","coordinates":[17.09813,48.13126]},"properties":{"cat":"skola","name":"Gymn\u00e1zium Alberta Einsteina"}},{"type":"Feature","geometry":{"type":"Point","coordinates":[17.13358,48.15033]},"properties":{"cat":"lekar","name":"Ambulancie Kva\u010dalova"}},{"type":"Feature","geometry":{"type":"Point","coordinates":[17.13459,48.1463]},"properties":{"cat":"park","name":""}},{"type":"Feature","geometry":{"type":"Point","coordinates":[17.10829,48.13097]},"properties":{"cat":"park","name":"Park Jozefa Hal\u00e1sza"}},{"type":"Feature","geometry":{"type":"Point","coordinates":[17.10672,48.14126]},"properties":{"cat":"park","name":""}}]}