{"type":"FeatureCollection","features":[{"type":"Feature","geometry":{"type":"Point","coordinates":[17.03913,48.10302]},"properties":{"cat":"obchod"}},{"type":"Feature","geometry":{"type":"Point","coordinates":[17.03918,48.10342]},"properties":{"cat":"lekar"}},{"type":"Feature","geometry":{"type":"Point","coordinates":[17.04707,48.10474]},"properties":{"cat":"park"}},{"type":"Feature","geometry":{"type":"Point","coordinates":[17.06553,48.09218]},"properties":{"cat":"lekaren"}},{"type":"Feature","geometry":{"type":"Point","coordinates":[17.0612,48.09551]},"properties":{"cat":"zastavka"}},{"type":"Feature","geometry":{"type":"Point","coordinates":[17.06036,48.09392]},"properties":{"cat":"zastavka"}},{"type":"Feature","geometry":{"type":"Point","coordinates":[17.06032,48.09416]},"properties":{"cat":"zastavka"}},{"type":"Feature","geometry":{"type":"Point","coordinates":[17.05233,48.08784]},"properties":{"cat":"obchod"}},{"type":"Feature","geometry":{"type":"Point","coordinates":[17.05121,48.08748]},"properties":{"cat":"obchod"}},{"type":"Feature","geometry":{"type":"Point","coordinates":[17.04866,48.08622]},"properties":{"cat":"obchod"}},{"type":"Feature","geometry":{"type":"Point","coordinates":[17.04295,48.10376]},"properties":{"cat":"zastavka"}},{"type":"Feature","geometry":{"type":"Point","coordinates":[17.03267,48.10335]},"properties":{"cat":"zastavka"}},{"type":"Feature","geometry":{"type":"Point","coordinates":[17.03735,48.10375]},"properties":{"cat":"zastavka"}},{"type":"Feature","geometry":{"type":"Point","coordinates":[17.06496,48.09258]},"properties":{"cat":"zastavka"}},{"type":"Feature","geometry":{"type":"Point","coordinates":[17.0664,48.0911]},"properties":{"cat":"lekar"}},{"type":"Feature","geometry":{"type":"Point","coordinates":[17.03275,48.10329]},"properties":{"cat":"zastavka"}},{"type":"Feature","geometry":{"type":"Point","coordinates":[17.03736,48.10384]},"properties":{"cat":"zastavka"}},{"type":"Feature","geometry":{"type":"Point","coordinates":[17.04301,48.10369]},"properties":{"cat":"zastavka"}},{"type":"Feature","geometry":{"type":"Point","coordinates":[17.04852,48.08598]},"properties":{"cat":"zastavka"}},{"type":"Feature","geometry":{"type":"Point","coordinates":[17.04828,48.08591]},"properties":{"cat":"zastavka"}},{"type":"Feature","geometry":{"type":"Point","coordinates":[17.05869,48.09211]},"properties":{"cat":"obchod"}},{"type":"Feature","geometry":{"type":"Point","coordinates":[17.03074,48.10315]},"properties":{"cat":"park"}},{"type":"Feature","geometry":{"type":"Point","coordinates":[17.06568,48.09271]},"properties":{"cat":"lekar"}},{"type":"Feature","geometry":{"type":"Point","coordinates":[17.03779,48.10408]},"properties":{"cat":"skolka"}},{"type":"Feature","geometry":{"type":"Point","coordinates":[17.06631,48.09053]},"properties":{"cat":"park"}},{"type":"Feature","geometry":{"type":"Point","coordinates":[17.06572,48.09145]},"properties":{"cat":"zastavka"}},{"type":"Feature","geometry":{"type":"Point","coordinates":[17.06577,48.09138]},"properties":{"cat":"zastavka"}},{"type":"Feature","geometry":{"type":"Point","coordinates":[17.0588,48.09439]},"properties":{"cat":"park"}},{"type":"Feature","geometry":{"type":"Point","coordinates":[17.05847,48.09536]},"properties":{"cat":"park"}},{"type":"Feature","geometry":{"type":"Point","coordinates":[17.04775,48.08571]},"properties":{"cat":"obchod"}},{"type":"Feature","geometry":{"type":"Point","coordinates":[17.06561,48.09261]},"properties":{"cat":"park"}},{"type":"Feature","geometry":{"type":"Point","coordinates":[17.06278,48.09028]},"properties":{"cat":"park"}},{"type":"Feature","geometry":{"type":"Point","coordinates":[17.06297,48.09061]},"properties":{"cat":"park"}},{"type":"Feature","geometry":{"type":"Point","coordinates":[17.06221,48.09108]},"properties":{"cat":"park"}},{"type":"Feature","geometry":{"type":"Point","coordinates":[17.0454,48.08517]},"properties":{"cat":"obchod"}},{"type":"Feature","geometry":{"type":"Point","coordinates":[17.0411,48.10386]},"properties":{"cat":"park"}},{"type":"Feature","geometry":{"type":"Point","coordinates":[17.04108,48.10355]},"properties":{"cat":"park"}},{"type":"Feature","geometry":{"type":"Point","coordinates":[17.06037,48.0959]},"properties":{"cat":"skola"}},{"type":"Feature","geometry":{"type":"Point","coordinates":[17.09947,48.12148]},"properties":{"cat":"zastavka"}},{"type":"Feature","geometry":{"type":"Point","coordinates":[17.11872,48.09849]},"properties":{"cat":"park"}},{"type":"Feature","geometry":{"type":"Point","coordinates":[17.09659,48.12615]},"properties":{"cat":"lekaren"}},{"type":"Feature","geometry":{"type":"Point","coordinates":[17.09709,48.12628]},"properties":{"cat":"lekaren"}},{"type":"Feature","geometry":{"type":"Point","coordinates":[17.09623,48.12414]},"properties":{"cat":"obchod"}},{"type":"Feature","geometry":{"type":"Point","coordinates":[17.09186,48.1245]},"properties":{"cat":"skola"}},{"type":"Feature","geometry":{"type":"Point","coordinates":[17.09791,48.12152]},"properties":{"cat":"zastavka"}},{"type":"Feature","geometry":{"type":"Point","coordinates":[17.12393,48.12301]},"properties":{"cat":"skola"}},{"type":"Feature","geometry":{"type":"Point","coordinates":[17.12551,48.12591]},"properties":{"cat":"zastavka"}},{"type":"Feature","geometry":{"type":"Point","coordinates":[17.12543,48.12614]},"properties":{"cat":"zastavka"}},{"type":"Feature","geometry":{"type":"Point","coordinates":[17.11085,48.11794]},"properties":{"cat":"zastavka"}},{"type":"Feature","geometry":{"type":"Point","coordinates":[17.11121,48.11799]},"properties":{"cat":"zastavka"}},{"type":"Feature","geometry":{"type":"Point","coordinates":[17.11227,48.11467]},"properties":{"cat":"zastavka"}},{"type":"Feature","geometry":{"type":"Point","coordinates":[17.11255,48.11411]},"properties":{"cat":"zastavka"}},{"type":"Feature","geometry":{"type":"Point","coordinates":[17.11233,48.11108]},"properties":{"cat":"zastavka"}},{"type":"Feature","geometry":{"type":"Point","coordinates":[17.1114,48.11066]},"properties":{"cat":"zastavka"}},{"type":"Feature","geometry":{"type":"Point","coordinates":[17.1131,48.11032]},"properties":{"cat":"zastavka"}},{"type":"Feature","geometry":{"type":"Point","coordinates":[17.12348,48.11245]},"properties":{"cat":"zastavka"}},{"type":"Feature","geometry":{"type":"Point","coordinates":[17.12433,48.11212]},"properties":{"cat":"zastavka"}},{"type":"Feature","geometry":{"type":"Point","coordinates":[17.12936,48.12409]},"properties":{"cat":"zastavka"}},{"type":"Feature","geometry":{"type":"Point","coordinates":[17.12865,48.12464]},"properties":{"cat":"zastavka"}},{"type":"Feature","geometry":{"type":"Point","coordinates":[17.13098,48.12624]},"properties":{"cat":"zastavka"}},{"type":"Feature","geometry":{"type":"Point","coordinates":[17.13099,48.12567]},"properties":{"cat":"zastavka"}},{"type":"Feature","geometry":{"type":"Point","coordinates":[17.12346,48.1278]},"properties":{"cat":"zastavka"}},{"type":"Feature","geometry":{"type":"Point","coordinates":[17.12504,48.12393]},"properties":{"cat":"skola"}},{"type":"Feature","geometry":{"type":"Point","coordinates":[17.12632,48.12352]},"properties":{"cat":"skola"}},{"type":"Feature","geometry":{"type":"Point","coordinates":[17.10928,48.0939]},"properties":{"cat":"zastavka"}},{"type":"Feature","geometry":{"type":"Point","coordinates":[17.1062,48.12219]},"properties":{"cat":"obchod"}},{"type":"Feature","geometry":{"type":"Point","coordinates":[17.09974,48.12519]},"properties":{"cat":"lekaren"}},{"type":"Feature","geometry":{"type":"Point","coordinates":[17.10666,48.10511]},"properties":{"cat":"lekaren"}},{"type":"Feature","geometry":{"type":"Point","coordinates":[17.12413,48.1283]},"properties":{"cat":"lekaren"}},{"type":"Feature","geometry":{"type":"Point","coordinates":[17.10807,48.10992]},"properties":{"cat":"zastavka"}},{"type":"Feature","geometry":{"type":"Point","coordinates":[17.10105,48.1092]},"properties":{"cat":"zastavka"}},{"type":"Feature","geometry":{"type":"Point","coordinates":[17.10734,48.12369]},"properties":{"cat":"zastavka"}},{"type":"Feature","geometry":{"type":"Point","coordinates":[17.1304,48.12553]},"properties":{"cat":"obchod"}},{"type":"Feature","geometry":{"type":"Point","coordinates":[17.10688,48.1064]},"properties":{"cat":"zastavka"}},{"type":"Feature","geometry":{"type":"Point","coordinates":[17.10171,48.1147]},"properties":{"cat":"zastavka"}},{"type":"Feature","geometry":{"type":"Point","coordinates":[17.10073,48.10878]},"properties":{"cat":"zastavka"}},{"type":"Feature","geometry":{"type":"Point","coordinates":[17.10252,48.1235]},"properties":{"cat":"zastavka"}},{"type":"Feature","geometry":{"type":"Point","coordinates":[17.09994,48.12055]},"properties":{"cat":"zastavka"}},{"type":"Feature","geometry":{"type":"Point","coordinates":[17.09817,48.11855]},"properties":{"cat":"zastavka"}},{"type":"Feature","geometry":{"type":"Point","coordinates":[17.11372,48.09893]},"properties":{"cat":"zastavka"}},{"type":"Feature","geometry":{"type":"Point","coordinates":[17.11437,48.09933]},"properties":{"cat":"zastavka"}},{"type":"Feature","geometry":{"type":"Point","coordinates":[17.11841,48.09949]},"properties":{"cat":"zastavka"}},{"type":"Feature","geometry":{"type":"Point","coordinates":[17.1178,48.09938]},"properties":{"cat":"zastavka"}},{"type":"Feature","geometry":{"type":"Point","coordinates":[17.10916,48.09893]},"properties":{"cat":"zastavka"}},{"type":"Feature","geometry":{"type":"Point","coordinates":[17.10923,48.09976]},"properties":{"cat":"zastavka"}},{"type":"Feature","geometry":{"type":"Point","coordinates":[17.10763,48.10446]},"properties":{"cat":"zastavka"}},{"type":"Feature","geometry":{"type":"Point","coordinates":[17.10788,48.10527]},"properties":{"cat":"zastavka"}},{"type":"Feature","geometry":{"type":"Point","coordinates":[17.10803,48.1066]},"properties":{"cat":"zastavka"}},{"type":"Feature","geometry":{"type":"Point","coordinates":[17.13255,48.11661]},"properties":{"cat":"obchod"}},{"type":"Feature","geometry":{"type":"Point","coordinates":[17.11158,48.12362]},"properties":{"cat":"zastavka"}},{"type":"Feature","geometry":{"type":"Point","coordinates":[17.1203,48.12453]},"properties":{"cat":"zastavka"}},{"type":"Feature","geometry":{"type":"Point","coordinates":[17.11869,48.12606]},"properties":{"cat":"lekaren"}},{"type":"Feature","geometry":{"type":"Point","coordinates":[17.1032,48.1237]},"properties":{"cat":"zastavka"}},{"type":"Feature","geometry":{"type":"Point","coordinates":[17.12235,48.09938]},"properties":{"cat":"zastavka"}},{"type":"Feature","geometry":{"type":"Point","coordinates":[17.12349,48.0992]},"properties":{"cat":"zastavka"}},{"type":"Feature","geometry":{"type":"Point","coordinates":[17.11853,48.09374]},"properties":{"cat":"zastavka"}},{"type":"Feature","geometry":{"type":"Point","coordinates":[17.1183,48.09447]},"properties":{"cat":"zastavka"}},{"type":"Feature","geometry":{"type":"Point","coordinates":[17.1021,48.0975]},"properties":{"cat":"lekaren"}},{"type":"Feature","geometry":{"type":"Point","coordinates":[17.11799,48.11974]},"properties":{"cat":"zastavka"}},{"type":"Feature","geometry":{"type":"Point","coordinates":[17.10737,48.12399]},"properties":{"cat":"zastavka"}},{"type":"Feature","geometry":{"type":"Point","coordinates":[17.09634,48.11372]},"properties":{"cat":"zastavka"}},{"type":"Feature","geometry":{"type":"Point","coordinates":[17.10456,48.11087]},"properties":{"cat":"zastavka"}},{"type":"Feature","geometry":{"type":"Point","coordinates":[17.11546,48.10137]},"properties":{"cat":"zastavka"}},{"type":"Feature","geometry":{"type":"Point","coordinates":[17.11566,48.10391]},"properties":{"cat":"zastavka"}},{"type":"Feature","geometry":{"type":"Point","coordinates":[17.10539,48.10051]},"properties":{"cat":"zastavka"}},{"type":"Feature","geometry":{"type":"Point","coordinates":[17.1022,48.11594]},"properties":{"cat":"zastavka"}},{"type":"Feature","geometry":{"type":"Point","coordinates":[17.11937,48.11217]},"properties":{"cat":"zastavka"}},{"type":"Feature","geometry":{"type":"Point","coordinates":[17.11985,48.0958]},"properties":{"cat":"zastavka"}},{"type":"Feature","geometry":{"type":"Point","coordinates":[17.12074,48.09694]},"properties":{"cat":"zastavka"}},{"type":"Feature","geometry":{"type":"Point","coordinates":[17.09819,48.10748]},"properties":{"cat":"zastavka"}},{"type":"Feature","geometry":{"type":"Point","coordinates":[17.10322,48.10728]},"properties":{"cat":"zastavka"}},{"type":"Feature","geometry":{"type":"Point","coordinates":[17.10072,48.12089]},"properties":{"cat":"zastavka"}},{"type":"Feature","geometry":{"type":"Point","coordinates":[17.09661,48.12536]},"properties":{"cat":"zastavka"}},{"type":"Feature","geometry":{"type":"Point","coordinates":[17.09991,48.12403]},"properties":{"cat":"zastavka"}},{"type":"Feature","geometry":{"type":"Point","coordinates":[17.10062,48.12418]},"properties":{"cat":"zastavka"}},{"type":"Feature","geometry":{"type":"Point","coordinates":[17.11753,48.12101]},"properties":{"cat":"zastavka"}},{"type":"Feature","geometry":{"type":"Point","coordinates":[17.11711,48.12202]},"properties":{"cat":"zastavka"}},{"type":"Feature","geometry":{"type":"Point","coordinates":[17.09377,48.12828]},"properties":{"cat":"zastavka"}},{"type":"Feature","geometry":{"type":"Point","coordinates":[17.12119,48.12502]},"properties":{"cat":"zastavka"}},{"type":"Feature","geometry":{"type":"Point","coordinates":[17.11952,48.12002]},"properties":{"cat":"zastavka"}},{"type":"Feature","geometry":{"type":"Point","coordinates":[17.09607,48.12634]},"properties":{"cat":"zastavka"}},{"type":"Feature","geometry":{"type":"Point","coordinates":[17.11722,48.12781]},"properties":{"cat":"zastavka"}},{"type":"Feature","geometry":{"type":"Point","coordinates":[17.11597,48.11879]},"properties":{"cat":"zastavka"}},{"type":"Feature","geometry":{"type":"Point","coordinates":[17.11451,48.11886]},"properties":{"cat":"zastavka"}},{"type":"Feature","geometry":{"type":"Point","coordinates":[17.10637,48.11733]},"properties":{"cat":"zastavka"}},{"type":"Feature","geometry":{"type":"Point","coordinates":[17.0977,48.1214]},"properties":{"cat":"obchod"}},{"type":"Feature","geometry":{"type":"Point","coordinates":[17.10609,48.10056]},"properties":{"cat":"zastavka"}},{"type":"Feature","geometry":{"type":"Point","coordinates":[17.1042,48.10664]},"properties":{"cat":"zastavka"}},{"type":"Feature","geometry":{"type":"Point","coordinates":[17.10525,48.11747]},"properties":{"cat":"zastavka"}},{"type":"Feature","geometry":{"type":"Point","coordinates":[17.10168,48.11676]},"properties":{"cat":"lekaren"}},{"type":"Feature","geometry":{"type":"Point","coordinates":[17.10121,48.11952]},"properties":{"cat":"obchod"}},{"type":"Feature","geometry":{"type":"Point","coordinates":[17.11066,48.12382]},"properties":{"cat":"zastavka"}},{"type":"Feature","geometry":{"type":"Point","coordinates":[17.1077,48.12549]},"properties":{"cat":"park"}},{"type":"Feature","geometry":{"type":"Point","coordinates":[17.11019,48.12569]},"properties":{"cat":"park"}},{"type":"Feature","geometry":{"type":"Point","coordinates":[17.10927,48.1257]},"properties":{"cat":"park"}},{"type":"Feature","geometry":{"type":"Point","coordinates":[17.11752,48.12215]},"properties":{"cat":"lekaren"}},{"type":"Feature","geometry":{"type":"Point","coordinates":[17.11766,48.12198]},"properties":{"cat":"obchod"}},{"type":"Feature","geometry":{"type":"Point","coordinates":[17.11891,48.12037]},"properties":{"cat":"obchod"}},{"type":"Feature","geometry":{"type":"Point","coordinates":[17.12439,48.12693]},"properties":{"cat":"zastavka"}},{"type":"Feature","geometry":{"type":"Point","coordinates":[17.13054,48.12026]},"properties":{"cat":"zastavka"}},{"type":"Feature","geometry":{"type":"Point","coordinates":[17.13073,48.12034]},"properties":{"cat":"zastavka"}},{"type":"Feature","geometry":{"type":"Point","coordinates":[17.1311,48.12032]},"properties":{"cat":"obchod"}},{"type":"Feature","geometry":{"type":"Point","coordinates":[17.11953,48.11305]},"properties":{"cat":"park"}},{"type":"Feature","geometry":{"type":"Point","coordinates":[17.10978,48.10177]},"properties":{"cat":"lekaren"}},{"type":"Feature","geometry":{"type":"Point","coordinates":[17.11547,48.1033]},"properties":{"cat":"zastavka"}},{"type":"Feature","geometry":{"type":"Point","coordinates":[17.10266,48.10017]},"properties":{"cat":"zastavka"}},{"type":"Feature","geometry":{"type":"Point","coordinates":[17.09848,48.10698]},"properties":{"cat":"zastavka"}},{"type":"Feature","geometry":{"type":"Point","coordinates":[17.11529,48.10126]},"properties":{"cat":"zastavka"}},{"type":"Feature","geometry":{"type":"Point","coordinates":[17.09969,48.10249]},"properties":{"cat":"zastavka"}},{"type":"Feature","geometry":{"type":"Point","coordinates":[17.0996,48.10298]},"properties":{"cat":"zastavka"}},{"type":"Feature","geometry":{"type":"Point","coordinates":[17.12022,48.12653]},"properties":{"cat":"obchod"}},{"type":"Feature","geometry":{"type":"Point","coordinates":[17.11074,48.1271]},"properties":{"cat":"park"}},{"type":"Feature","geometry":{"type":"Point","coordinates":[17.12548,48.12753]},"properties":{"cat":"zastavka"}},{"type":"Feature","geometry":{"type":"Point","coordinates":[17.12174,48.12765]},"properties":{"cat":"zastavka"}},{"type":"Feature","geometry":{"type":"Point","coordinates":[17.11446,48.12703]},"properties":{"cat":"park"}},{"type":"Feature","geometry":{"type":"Point","coordinates":[17.11088,48.12423]},"properties":{"cat":"obchod"}},{"type":"Feature","geometry":{"type":"Point","coordinates":[17.10929,48.12487]},"properties":{"cat":"park"}},{"type":"Feature","geometry":{"type":"Point","coordinates":[17.11191,48.12531]},"properties":{"cat":"skola"}},{"type":"Feature","geometry":{"type":"Point","coordinates":[17.11179,48.12501]},"properties":{"cat":"skola"}},{"type":"Feature","geometry":{"type":"Point","coordinates":[17.09181,48.12631]},"properties":{"cat":"skola"}},{"type":"Feature","geometry":{"type":"Point","coordinates":[17.13035,48.12438]},"properties":{"cat":"park"}},{"type":"Feature","geometry":{"type":"Point","coordinates":[17.12394,48.12679]},"properties":{"cat":"obchod"}},{"type":"Feature","geometry":{"type":"Point","coordinates":[17.09374,48.12468]},"properties":{"cat":"park"}},{"type":"Feature","geometry":{"type":"Point","coordinates":[17.09754,48.121]},"properties":{"cat":"zastavka"}},{"type":"Feature","geometry":{"type":"Point","coordinates":[17.09745,48.12136]},"properties":{"cat":"zastavka"}},{"type":"Feature","geometry":{"type":"Point","coordinates":[17.12303,48.12536]},"properties":{"cat":"park"}},{"type":"Feature","geometry":{"type":"Point","coordinates":[17.10723,48.09491]},"properties":{"cat":"zastavka"}},{"type":"Feature","geometry":{"type":"Point","coordinates":[17.10669,48.09512]},"properties":{"cat":"zastavka"}},{"type":"Feature","geometry":{"type":"Point","coordinates":[17.10504,48.09527]},"properties":{"cat":"zastavka"}},{"type":"Feature","geometry":{"type":"Point","coordinates":[17.11999,48.12794]},"properties":{"cat":"zastavka"}},{"type":"Feature","geometry":{"type":"Point","coordinates":[17.06743,48.08741]},"properties":{"cat":"zastavka"}},{"type":"Feature","geometry":{"type":"Point","coordinates":[17.06764,48.08716]},"properties":{"cat":"zastavka"}},{"type":"Feature","geometry":{"type":"Point","coordinates":[17.09602,48.11874]},"properties":{"cat":"zastavka"}},{"type":"Feature","geometry":{"type":"Point","coordinates":[17.10222,48.1149]},"properties":{"cat":"zastavka"}},{"type":"Feature","geometry":{"type":"Point","coordinates":[17.10597,48.12218]},"properties":{"cat":"lekaren"}},{"type":"Feature","geometry":{"type":"Point","coordinates":[17.0987,48.12211]},"properties":{"cat":"zastavka"}},{"type":"Feature","geometry":{"type":"Point","coordinates":[17.09894,48.11808]},"properties":{"cat":"lekaren"}},{"type":"Feature","geometry":{"type":"Point","coordinates":[17.09664,48.11593]},"properties":{"cat":"zastavka"}},{"type":"Feature","geometry":{"type":"Point","coordinates":[17.09593,48.11376]},"properties":{"cat":"zastavka"}},{"type":"Feature","geometry":{"type":"Point","coordinates":[17.124,48.08738]},"properties":{"cat":"zastavka"}},{"type":"Feature","geometry":{"type":"Point","coordinates":[17.10342,48.09999]},"properties":{"cat":"zastavka"}},{"type":"Feature","geometry":{"type":"Point","coordinates":[17.09922,48.1118]},"properties":{"cat":"zastavka"}},{"type":"Feature","geometry":{"type":"Point","coordinates":[17.09553,48.11833]},"properties":{"cat":"zastavka"}},{"type":"Feature","geometry":{"type":"Point","coordinates":[17.13212,48.11854]},"properties":{"cat":"zastavka"}},{"type":"Feature","geometry":{"type":"Point","coordinates":[17.09883,48.11236]},"properties":{"cat":"zastavka"}},{"type":"Feature","geometry":{"type":"Point","coordinates":[17.10341,48.0962]},"properties":{"cat":"zastavka"}},{"type":"Feature","geometry":{"type":"Point","coordinates":[17.10149,48.09976]},"properties":{"cat":"zastavka"}},{"type":"Feature","geometry":{"type":"Point","coordinates":[17.10118,48.10091]},"properties":{"cat":"zastavka"}},{"type":"Feature","geometry":{"type":"Point","coordinates":[17.10307,48.09694]},"properties":{"cat":"zastavka"}},{"type":"Feature","geometry":{"type":"Point","coordinates":[17.12201,48.09943]},"properties":{"cat":"lekaren"}},{"type":"Feature","geometry":{"type":"Point","coordinates":[17.11295,48.09921]},"properties":{"cat":"lekaren"}},{"type":"Feature","geometry":{"type":"Point","coordinates":[17.105,48.10374]},"properties":{"cat":"obchod"}},{"type":"Feature","geometry":{"type":"Point","coordinates":[17.10155,48.11232]},"properties":{"cat":"lekaren"}},{"type":"Feature","geometry":{"type":"Point","coordinates":[17.12145,48.11222]},"properties":{"cat":"zastavka"}},{"type":"Feature","geometry":{"type":"Point","coordinates":[17.13194,48.1184]},"properties":{"cat":"zastavka"}},{"type":"Feature","geometry":{"type":"Point","coordinates":[17.12528,48.09877]},"properties":{"cat":"zastavka"}},{"type":"Feature","geometry":{"type":"Point","coordinates":[17.12544,48.099]},"properties":{"cat":"zastavka"}},{"type":"Feature","geometry":{"type":"Point","coordinates":[17.08686,48.1187]},"properties":{"cat":"zastavka"}},{"type":"Feature","geometry":{"type":"Point","coordinates":[17.08672,48.11871]},"properties":{"cat":"zastavka"}},{"type":"Feature","geometry":{"type":"Point","coordinates":[17.09012,48.12014]},"properties":{"cat":"zastavka"}},{"type":"Feature","geometry":{"type":"Point","coordinates":[17.08926,48.1204]},"properties":{"cat":"zastavka"}},{"type":"Feature","geometry":{"type":"Point","coordinates":[17.09256,48.11377]},"properties":{"cat":"zastavka"}},{"type":"Feature","geometry":{"type":"Point","coordinates":[17.09311,48.11417]},"properties":{"cat":"zastavka"}},{"type":"Feature","geometry":{"type":"Point","coordinates":[17.09279,48.12289]},"properties":{"cat":"zastavka"}},{"type":"Feature","geometry":{"type":"Point","coordinates":[17.09305,48.11457]},"properties":{"cat":"zastavka"}},{"type":"Feature","geometry":{"type":"Point","coordinates":[17.09286,48.11494]},"properties":{"cat":"zastavka"}},{"type":"Feature","geometry":{"type":"Point","coordinates":[17.10188,48.11579]},"properties":{"cat":"zastavka"}},{"type":"Feature","geometry":{"type":"Point","coordinates":[17.09535,48.10504]},"properties":{"cat":"zastavka"}},{"type":"Feature","geometry":{"type":"Point","coordinates":[17.09574,48.1056]},"properties":{"cat":"zastavka"}},{"type":"Feature","geometry":{"type":"Point","coordinates":[17.11764,48.09402]},"properties":{"cat":"zastavka"}},{"type":"Feature","geometry":{"type":"Point","coordinates":[17.09958,48.12534]},"properties":{"cat":"obchod"}},{"type":"Feature","geometry":{"type":"Point","coordinates":[17.09926,48.12611]},"properties":{"cat":"obchod"}},{"type":"Feature","geometry":{"type":"Point","coordinates":[17.10166,48.11834]},"properties":{"cat":"park"}},{"type":"Feature","geometry":{"type":"Point","coordinates":[17.13058,48.12112]},"properties":{"cat":"park"}},{"type":"Feature","geometry":{"type":"Point","coordinates":[17.09775,48.12145]},"properties":{"cat":"lekaren"}},{"type":"Feature","geometry":{"type":"Point","coordinates":[17.116,48.11385]},"properties":{"cat":"park"}},{"type":"Feature","geometry":{"type":"Point","coordinates":[17.10462,48.11106]},"properties":{"cat":"obchod"}},{"type":"Feature","geometry":{"type":"Point","coordinates":[17.11859,48.10108]},"properties":{"cat":"lekaren"}},{"type":"Feature","geometry":{"type":"Point","coordinates":[17.11686,48.12769]},"properties":{"cat":"zastavka"}},{"type":"Feature","geometry":{"type":"Point","coordinates":[17.12002,48.09639]},"properties":{"cat":"obchod"}},{"type":"Feature","geometry":{"type":"Point","coordinates":[17.09978,48.1099]},"properties":{"cat":"park"}},{"type":"Feature","geometry":{"type":"Point","coordinates":[17.11679,48.12722]},"properties":{"cat":"zastavka"}},{"type":"Feature","geometry":{"type":"Point","coordinates":[17.12946,48.12553]},"properties":{"cat":"park"}},{"type":"Feature","geometry":{"type":"Point","coordinates":[17.09827,48.12218]},"properties":{"cat":"lekar"}},{"type":"Feature","geometry":{"type":"Point","coordinates":[17.12809,48.12334]},"properties":{"cat":"lekaren"}},{"type":"Feature","geometry":{"type":"Point","coordinates":[17.12371,48.12456]},"properties":{"cat":"park"}},{"type":"Feature","geometry":{"type":"Point","coordinates":[17.10767,48.09554]},"properties":{"cat":"obchod"}},{"type":"Feature","geometry":{"type":"Point","coordinates":[17.10291,48.09777]},"properties":{"cat":"obchod"}},{"type":"Feature","geometry":{"type":"Point","coordinates":[17.12302,48.1219]},"properties":{"cat":"lekaren"}},{"type":"Feature","geometry":{"type":"Point","coordinates":[17.12063,48.124]},"properties":{"cat":"obchod"}},{"type":"Feature","geometry":{"type":"Point","coordinates":[17.12144,48.12812]},"properties":{"cat":"obchod"}},{"type":"Feature","geometry":{"type":"Point","coordinates":[17.10659,48.1095]},"properties":{"cat":"obchod"}},{"type":"Feature","geometry":{"type":"Point","coordinates":[17.10648,48.11832]},"properties":{"cat":"obchod"}},{"type":"Feature","geometry":{"type":"Point","coordinates":[17.11616,48.11604]},"properties":{"cat":"obchod"}},{"type":"Feature","geometry":{"type":"Point","coordinates":[17.1077,48.11637]},"properties":{"cat":"lekaren"}},{"type":"Feature","geometry":{"type":"Point","coordinates":[17.1268,48.12799]},"properties":{"cat":"park"}},{"type":"Feature","geometry":{"type":"Point","coordinates":[17.12341,48.11434]},"properties":{"cat":"park"}},{"type":"Feature","geometry":{"type":"Point","coordinates":[17.11502,48.11908]},"properties":{"cat":"obchod"}},{"type":"Feature","geometry":{"type":"Point","coordinates":[17.09986,48.1236]},"properties":{"cat":"lekar"}},{"type":"Feature","geometry":{"type":"Point","coordinates":[17.11766,48.10123]},"properties":{"cat":"obchod"}},{"type":"Feature","geometry":{"type":"Point","coordinates":[17.1174,48.10115]},"properties":{"cat":"obchod"}},{"type":"Feature","geometry":{"type":"Point","coordinates":[17.09913,48.11822]},"properties":{"cat":"lekar"}},{"type":"Feature","geometry":{"type":"Point","coordinates":[17.11393,48.12578]},"properties":{"cat":"skolka"}},{"type":"Feature","geometry":{"type":"Point","coordinates":[17.1081,48.0978]},"properties":{"cat":"obchod"}},{"type":"Feature","geometry":{"type":"Point","coordinates":[17.11995,48.09639]},"properties":{"cat":"lekaren"}},{"type":"Feature","geometry":{"type":"Point","coordinates":[17.08992,48.11599]},"properties":{"cat":"park"}},{"type":"Feature","geometry":{"type":"Point","coordinates":[17.12485,48.08629]},"properties":{"cat":"skolka"}},{"type":"Feature","geometry":{"type":"Point","coordinates":[17.12403,48.08643]},"properties":{"cat":"zastavka"}},{"type":"Feature","geometry":{"type":"Point","coordinates":[17.11868,48.11518]},"properties":{"cat":"skolka"}},{"type":"Feature","geometry":{"type":"Point","coordinates":[17.11908,48.1183]},"properties":{"cat":"park"}},{"type":"Feature","geometry":{"type":"Point","coordinates":[17.09648,48.1263]},"properties":{"cat":"lekar"}},{"type":"Feature","geometry":{"type":"Point","coordinates":[17.09646,48.12623]},"properties":{"cat":"lekar"}},{"type":"Feature","geometry":{"type":"Point","coordinates":[17.09653,48.12624]},"properties":{"cat":"lekar"}},{"type":"Feature","geometry":{"type":"Point","coordinates":[17.11286,48.12083]},"properties":{"cat":"lekaren"}},{"type":"Feature","geometry":{"type":"Point","coordinates":[17.1131,48.12069]},"properties":{"cat":"obchod"}},{"type":"Feature","geometry":{"type":"Point","coordinates":[17.11803,48.09401]},"properties":{"cat":"zastavka"}},{"type":"Feature","geometry":{"type":"Point","coordinates":[17.0948,48.10701]},"properties":{"cat":"lekaren"}},{"type":"Feature","geometry":{"type":"Point","coordinates":[17.06934,48.09191]},"properties":{"cat":"park"}},{"type":"Feature","geometry":{"type":"Point","coordinates":[17.11446,48.12395]},"properties":{"cat":"zastavka"}},{"type":"Feature","geometry":{"type":"Point","coordinates":[17.11389,48.12341]},"properties":{"cat":"zastavka"}},{"type":"Feature","geometry":{"type":"Point","coordinates":[17.1115,48.12084]},"properties":{"cat":"zastavka"}},{"type":"Feature","geometry":{"type":"Point","coordinates":[17.11098,48.12037]},"properties":{"cat":"zastavka"}},{"type":"Feature","geometry":{"type":"Point","coordinates":[17.10857,48.11718]},"properties":{"cat":"zastavka"}},{"type":"Feature","geometry":{"type":"Point","coordinates":[17.1084,48.11657]},"properties":{"cat":"zastavka"}},{"type":"Feature","geometry":{"type":"Point","coordinates":[17.10136,48.11636]},"properties":{"cat":"lekar"}},{"type":"Feature","geometry":{"type":"Point","coordinates":[17.1013,48.1163]},"properties":{"cat":"lekar"}},{"type":"Feature","geometry":{"type":"Point","coordinates":[17.11673,48.11541]},"properties":{"cat":"park"}},{"type":"Feature","geometry":{"type":"Point","coordinates":[17.09932,48.11841]},"properties":{"cat":"obchod"}},{"type":"Feature","geometry":{"type":"Point","coordinates":[17.09863,48.10347]},"properties":{"cat":"park"}},{"type":"Feature","geometry":{"type":"Point","coordinates":[17.09717,48.12124]},"properties":{"cat":"lekaren"}},{"type":"Feature","geometry":{"type":"Point","coordinates":[17.10133,48.0975]},"properties":{"cat":"skolka"}},{"type":"Feature","geometry":{"type":"Point","coordinates":[17.10795,48.11045]},"properties":{"cat":"zastavka"}},{"type":"Feature","geometry":{"type":"Point","coordinates":[17.10752,48.10494]},"properties":{"cat":"zastavka"}},{"type":"Feature","geometry":{"type":"Point","coordinates":[17.10937,48.0943]},"properties":{"cat":"zastavka"}},{"type":"Feature","geometry":{"type":"Point","coordinates":[17.10742,48.10432]},"properties":{"cat":"zastavka"}},{"type":"Feature","geometry":{"type":"Point","coordinates":[17.10782,48.10981]},"properties":{"cat":"zastavka"}},{"type":"Feature","geometry":{"type":"Point","coordinates":[17.0918,48.12442]},"properties":{"cat":"skola"}},{"type":"Feature","geometry":{"type":"Point","coordinates":[17.09075,48.12593]},"properties":{"cat":"skolka"}},{"type":"Feature","geometry":{"type":"Point","coordinates":[17.1084,48.09684]},"properties":{"cat":"obchod"}},{"type":"Feature","geometry":{"type":"Point","coordinates":[17.10008,48.10151]},"properties":{"cat":"obchod"}},{"type":"Feature","geometry":{"type":"Point","coordinates":[17.09925,48.12604]},"properties":{"cat":"park"}},{"type":"Feature","geometry":{"type":"Point","coordinates":[17.12489,48.0863]},"properties":{"cat":"skolka"}},{"type":"Feature","geometry":{"type":"Point","coordinates":[17.10566,48.10457]},"properties":{"cat":"skolka"}},{"type":"Feature","geometry":{"type":"Point","coordinates":[17.12448,48.08731]},"properties":{"cat":"obchod"}},{"type":"Feature","geometry":{"type":"Point","coordinates":[17.11089,48.1151]},"properties":{"cat":"lekaren"}},{"type":"Feature","geometry":{"type":"Point","coordinates":[17.10278,48.1088]},"properties":{"cat":"skolka"}},{"type":"Feature","geometry":{"type":"Point","coordinates":[17.11084,48.1114]},"properties":{"cat":"obchod"}},{"type":"Feature","geometry":{"type":"Point","coordinates":[17.09928,48.12628]},"properties":{"cat":"lekar"}},{"type":"Feature","geometry":{"type":"Point","coordinates":[17.1223,48.12821]},"properties":{"cat":"lekaren"}},{"type":"Feature","geometry":{"type":"Point","coordinates":[17.10607,48.10295]},"properties":{"cat":"skola"}},{"type":"Feature","geometry":{"type":"Point","coordinates":[17.10423,48.11562]},"properties":{"cat":"obchod"}},{"type":"Feature","geometry":{"type":"Point","coordinates":[17.09923,48.11097]},"properties":{"cat":"obchod"}},{"type":"Feature","geometry":{"type":"Point","coordinates":[17.09938,48.11147]},"properties":{"cat":"park"}},{"type":"Feature","geometry":{"type":"Point","coordinates":[17.09093,48.12553]},"properties":{"cat":"skola"}},{"type":"Feature","geometry":{"type":"Point","coordinates":[17.13287,48.12022]},"properties":{"cat":"park"}},{"type":"Feature","geometry":{"type":"Point","coordinates":[17.10284,48.10362]},"properties":{"cat":"park"}},{"type":"Feature","geometry":{"type":"Point","coordinates":[17.13253,48.11647]},"properties":{"cat":"obchod"}},{"type":"Feature","geometry":{"type":"Point","coordinates":[17.1283,48.11934]},"properties":{"cat":"park"}},{"type":"Feature","geometry":{"type":"Point","coordinates":[17.11832,48.09209]},"properties":{"cat":"obchod"}},{"type":"Feature","geometry":{"type":"Point","coordinates":[17.11577,48.10283]},"properties":{"cat":"lekar"}},{"type":"Feature","geometry":{"type":"Point","coordinates":[17.11577,48.10279]},"properties":{"cat":"lekar"}},{"type":"Feature","geometry":{"type":"Point","coordinates":[17.11629,48.10265]},"properties":{"cat":"lekar"}},{"type":"Feature","geometry":{"type":"Point","coordinates":[17.11626,48.10266]},"properties":{"cat":"lekar"}},{"type":"Feature","geometry":{"type":"Point","coordinates":[17.11141,48.11671]},"properties":{"cat":"lekar"}},{"type":"Feature","geometry":{"type":"Point","coordinates":[17.12131,48.11354]},"properties":{"cat":"park"}},{"type":"Feature","geometry":{"type":"Point","coordinates":[17.10139,48.10515]},"properties":{"cat":"skola"}},{"type":"Feature","geometry":{"type":"Point","coordinates":[17.11905,48.11687]},"properties":{"cat":"skola"}},{"type":"Feature","geometry":{"type":"Point","coordinates":[17.10104,48.12572]},"properties":{"cat":"skolka"}},{"type":"Feature","geometry":{"type":"Point","coordinates":[17.0987,48.12537]},"properties":{"cat":"skolka"}},{"type":"Feature","geometry":{"type":"Point","coordinates":[17.12017,48.09646]},"properties":{"cat":"obchod"}},{"type":"Feature","geometry":{"type":"Point","coordinates":[17.10658,48.10443]},"properties":{"cat":"lekaren"}},{"type":"Feature","geometry":{"type":"Point","coordinates":[17.1041,48.11226]},"properties":{"cat":"park"}},{"type":"Feature","geometry":{"type":"Point","coordinates":[17.11106,48.11138]},"properties":{"cat":"lekaren"}},{"type":"Feature","geometry":{"type":"Point","coordinates":[17.11561,48.12007]},"properties":{"cat":"skolka"}},{"type":"Feature","geometry":{"type":"Point","coordinates":[17.11546,48.12017]},"properties":{"cat":"park"}},{"type":"Feature","geometry":{"type":"Point","coordinates":[17.11284,48.11955]},"properties":{"cat":"park"}},{"type":"Feature","geometry":{"type":"Point","coordinates":[17.12015,48.12243]},"properties":{"cat":"obchod"}},{"type":"Feature","geometry":{"type":"Point","coordinates":[17.10807,48.09927]},"properties":{"cat":"obchod"}},{"type":"Feature","geometry":{"type":"Point","coordinates":[17.13041,48.12246]},"properties":{"cat":"park"}},{"type":"Feature","geometry":{"type":"Point","coordinates":[17.11572,48.11017]},"properties":{"cat":"park"}},{"type":"Feature","geometry":{"type":"Point","coordinates":[17.11505,48.12761]},"properties":{"cat":"lekaren"}},{"type":"Feature","geometry":{"type":"Point","coordinates":[17.1151,48.12774]},"properties":{"cat":"obchod"}},{"type":"Feature","geometry":{"type":"Point","coordinates":[17.10379,48.11406]},"properties":{"cat":"park"}},{"type":"Feature","geometry":{"type":"Point","coordinates":[17.10416,48.11401]},"properties":{"cat":"skolka"}},{"type":"Feature","geometry":{"type":"Point","coordinates":[17.10367,48.11381]},"properties":{"cat":"park"}},{"type":"Feature","geometry":{"type":"Point","coordinates":[17.10493,48.11223]},"properties":{"cat":"park"}},{"type":"Feature","geometry":{"type":"Point","coordinates":[17.10206,48.12807]},"properties":{"cat":"park"}},{"type":"Feature","geometry":{"type":"Point","coordinates":[17.12566,48.08889]},"properties":{"cat":"park"}},{"type":"Feature","geometry":{"type":"Point","coordinates":[17.12774,48.08909]},"properties":{"cat":"skolka"}},{"type":"Feature","geometry":{"type":"Point","coordinates":[17.1085,48.12625]},"properties":{"cat":"park"}},{"type":"Feature","geometry":{"type":"Point","coordinates":[17.10636,48.10525]},"properties":{"cat":"lekar"}},{"type":"Feature","geometry":{"type":"Point","coordinates":[17.12777,48.12059]},"properties":{"cat":"lekar"}},{"type":"Feature","geometry":{"type":"Point","coordinates":[17.08527,48.10499]},"properties":{"cat":"zastavka"}},{"type":"Feature","geometry":{"type":"Point","coordinates":[17.08547,48.10492]},"properties":{"cat":"zastavka"}},{"type":"Feature","geometry":{"type":"Point","coordinates":[17.08873,48.1089]},"properties":{"cat":"zastavka"}},{"type":"Feature","geometry":{"type":"Point","coordinates":[17.08837,48.10867]},"properties":{"cat":"zastavka"}},{"type":"Feature","geometry":{"type":"Point","coordinates":[17.10538,48.10986]},"properties":{"cat":"obchod"}},{"type":"Feature","geometry":{"type":"Point","coordinates":[17.10089,48.10412]},"properties":{"cat":"park"}},{"type":"Feature","geometry":{"type":"Point","coordinates":[17.10161,48.10505]},"properties":{"cat":"skola"}},{"type":"Feature","geometry":{"type":"Point","coordinates":[17.11201,48.1249]},"properties":{"cat":"skolka"}},{"type":"Feature","geometry":{"type":"Point","coordinates":[17.0679,48.09048]},"properties":{"cat":"skolka"}},{"type":"Feature","geometry":{"type":"Point","coordinates":[17.06756,48.08822]},"properties":{"cat":"obchod"}},{"type":"Feature","geometry":{"type":"Point","coordinates":[17.10459,48.09686]},"properties":{"cat":"park"}},{"type":"Feature","geometry":{"type":"Point","coordinates":[17.11397,48.09764]},"properties":{"cat":"park"}},{"type":"Feature","geometry":{"type":"Point","coordinates":[17.09106,48.12562]},"properties":{"cat":"skola"}},{"type":"Feature","geometry":{"type":"Point","coordinates":[17.09164,48.12611]},"properties":{"cat":"skola"}},{"type":"Feature","geometry":{"type":"Point","coordinates":[17.10929,48.1]},"properties":{"cat":"zastavka"}},{"type":"Feature","geometry":{"type":"Point","coordinates":[17.1095,48.09941]},"properties":{"cat":"zastavka"}},{"type":"Feature","geometry":{"type":"Point","coordinates":[17.11649,48.09197]},"properties":{"cat":"lekar"}},{"type":"Feature","geometry":{"type":"Point","coordinates":[17.11681,48.09254]},"properties":{"cat":"lekar"}},{"type":"Feature","geometry":{"type":"Point","coordinates":[17.10187,48.09681]},"properties":{"cat":"skolka"}},{"type":"Feature","geometry":{"type":"Point","coordinates":[17.10172,48.097]},"properties":{"cat":"lekar"}},{"type":"Feature","geometry":{"type":"Point","coordinates":[17.10168,48.09699]},"properties":{"cat":"lekar"}},{"type":"Feature","geometry":{"type":"Point","coordinates":[17.10153,48.09722]},"properties":{"cat":"lekar"}},{"type":"Feature","geometry":{"type":"Point","coordinates":[17.11635,48.10263]},"properties":{"cat":"lekar"}},{"type":"Feature","geometry":{"type":"Point","coordinates":[17.11427,48.09821]},"properties":{"cat":"skola"}},{"type":"Feature","geometry":{"type":"Point","coordinates":[17.13206,48.11982]},"properties":{"cat":"skola"}},{"type":"Feature","geometry":{"type":"Point","coordinates":[17.13262,48.1194]},"properties":{"cat":"skola"}},{"type":"Feature","geometry":{"type":"Point","coordinates":[17.13177,48.11939]},"properties":{"cat":"lekar"}},{"type":"Feature","geometry":{"type":"Point","coordinates":[17.09621,48.1194]},"properties":{"cat":"lekar"}},{"type":"Feature","geometry":{"type":"Point","coordinates":[17.09948,48.11127]},"properties":{"cat":"obchod"}},{"type":"Feature","geometry":{"type":"Point","coordinates":[17.09905,48.11122]},"properties":{"cat":"lekaren"}},{"type":"Feature","geometry":{"type":"Point","coordinates":[17.11391,48.12374]},"properties":{"cat":"zastavka"}},{"type":"Feature","geometry":{"type":"Point","coordinates":[17.11378,48.12401]},"properties":{"cat":"zastavka"}},{"type":"Feature","geometry":{"type":"Point","coordinates":[17.11684,48.09254]},"properties":{"cat":"lekar"}},{"type":"Feature","geometry":{"type":"Point","coordinates":[17.11402,48.09264]},"properties":{"cat":"lekar"}},{"type":"Feature","geometry":{"type":"Point","coordinates":[17.11475,48.09204]},"properties":{"cat":"skolka"}},{"type":"Feature","geometry":{"type":"Point","coordinates":[17.10639,48.10516]},"properties":{"cat":"lekar"}},{"type":"Feature","geometry":{"type":"Point","coordinates":[17.10654,48.10521]},"properties":{"cat":"lekar"}},{"type":"Feature","geometry":{"type":"Point","coordinates":[17.09279,48.12234]},"properties":{"cat":"zastavka"}},{"type":"Feature","geometry":{"type":"Point","coordinates":[17.09334,48.12247]},"properties":{"cat":"zastavka"}},{"type":"Feature","geometry":{"type":"Point","coordinates":[17.1134,48.12546]},"properties":{"cat":"park"}},{"type":"Feature","geometry":{"type":"Point","coordinates":[17.12383,48.0901]},"properties":{"cat":"obchod"}},{"type":"Feature","geometry":{"type":"Point","coordinates":[17.10951,48.10461]},"properties":{"cat":"skolka"}},{"type":"Feature","geometry":{"type":"Point","coordinates":[17.12152,48.12698]},"properties":{"cat":"obchod"}},{"type":"Feature","geometry":{"type":"Point","coordinates":[17.11322,48.1005]},"properties":{"cat":"lekar"}},{"type":"Feature","geometry":{"type":"Point","coordinates":[17.11417,48.12283]},"properties":{"cat":"zastavka"}},{"type":"Feature","geometry":{"type":"Point","coordinates":[17.11411,48.12303]},"properties":{"cat":"zastavka"}},{"type":"Feature","geometry":{"type":"Point","coordinates":[17.10042,48.12579]},"properties":{"cat":"lekar"}},{"type":"Feature","geometry":{"type":"Point","coordinates":[17.10899,48.11742]},"properties":{"cat":"zastavka"}},{"type":"Feature","geometry":{"type":"Point","coordinates":[17.10912,48.11724]},"properties":{"cat":"zastavka"}},{"type":"Feature","geometry":{"type":"Point","coordinates":[17.10706,48.11081]},"properties":{"cat":"zastavka"}},{"type":"Feature","geometry":{"type":"Point","coordinates":[17.11416,48.12401]},"properties":{"cat":"zastavka"}},{"type":"Feature","geometry":{"type":"Point","coordinates":[17.12438,48.08724]},"properties":{"cat":"lekar"}},{"type":"Feature","geometry":{"type":"Point","coordinates":[17.11747,48.10093]},"properties":{"cat":"lekar"}},{"type":"Feature","geometry":{"type":"Point","coordinates":[17.10154,48.11262]},"properties":{"cat":"obchod"}},{"type":"Feature","geometry":{"type":"Point","coordinates":[17.12766,48.12695]},"properties":{"cat":"lekar"}},{"type":"Feature","geometry":{"type":"Point","coordinates":[17.1059,48.12195]},"properties":{"cat":"obchod"}},{"type":"Feature","geometry":{"type":"Point","coordinates":[17.10848,48.10693]},"properties":{"cat":"obchod"}},{"type":"Feature","geometry":{"type":"Point","coordinates":[17.0954,48.12017]},"properties":{"cat":"park"}},{"type":"Feature","geometry":{"type":"Point","coordinates":[17.1078,48.10016]},"properties":{"cat":"lekar"}},{"type":"Feature","geometry":{"type":"Point","coordinates":[17.10914,48.09434]},"properties":{"cat":"zastavka"}},{"type":"Feature","geometry":{"type":"Point","coordinates":[17.10951,48.09405]},"properties":{"cat":"zastavka"}},{"type":"Feature","geometry":{"type":"Point","coordinates":[17.1109,48.09907]},"properties":{"cat":"obchod"}},{"type":"Feature","geometry":{"type":"Point","coordinates":[17.11872,48.1227]},"properties":{"cat":"skola"}},{"type":"Feature","geometry":{"type":"Point","coordinates":[17.11821,48.12127]},"properties":{"cat":"park"}},{"type":"Feature","geometry":{"type":"Point","coordinates":[17.11598,48.1206]},"properties":{"cat":"skola"}},{"type":"Feature","geometry":{"type":"Point","coordinates":[17.11876,48.12418]},"properties":{"cat":"skolka"}},{"type":"Feature","geometry":{"type":"Point","coordinates":[17.09533,48.12498]},"properties":{"cat":"skolka"}},{"type":"Feature","geometry":{"type":"Point","coordinates":[17.09822,48.12574]},"properties":{"cat":"skola"}},{"type":"Feature","geometry":{"type":"Point","coordinates":[17.10175,48.12541]},"properties":{"cat":"skola"}},{"type":"Feature","geometry":{"type":"Point","coordinates":[17.11206,48.11493]},"properties":{"cat":"obchod"}},{"type":"Feature","geometry":{"type":"Point","coordinates":[17.1104,48.12632]},"properties":{"cat":"park"}},{"type":"Feature","geometry":{"type":"Point","coordinates":[17.1063,48.10444]},"properties":{"cat":"obchod"}},{"type":"Feature","geometry":{"type":"Point","coordinates":[17.10099,48.11538]},"properties":{"cat":"skola"}},{"type":"Feature","geometry":{"type":"Point","coordinates":[17.09988,48.11395]},"properties":{"cat":"skola"}},{"type":"Feature","geometry":{"type":"Point","coordinates":[17.10398,48.11344]},"properties":{"cat":"skola"}},{"type":"Feature","geometry":{"type":"Point","coordinates":[17.12404,48.10646]},"properties":{"cat":"obchod"}},{"type":"Feature","geometry":{"type":"Point","coordinates":[17.11841,48.11667]},"properties":{"cat":"skola"}},{"type":"Feature","geometry":{"type":"Point","coordinates":[17.10742,48.11585]},"properties":{"cat":"obchod"}},{"type":"Feature","geometry":{"type":"Point","coordinates":[17.11248,48.09607]},"properties":{"cat":"skolka"}},{"type":"Feature","geometry":{"type":"Point","coordinates":[17.11299,48.09783]},"properties":{"cat":"park"}},{"type":"Feature","geometry":{"type":"Point","coordinates":[17.11248,48.09549]},"properties":{"cat":"park"}},{"type":"Feature","geometry":{"type":"Point","coordinates":[17.11583,48.09858]},"properties":{"cat":"park"}},{"type":"Feature","geometry":{"type":"Point","coordinates":[17.11821,48.0975]},"properties":{"cat":"skola"}},{"type":"Feature","geometry":{"type":"Point","coordinates":[17.11746,48.09813]},"properties":{"cat":"skolka"}},{"type":"Feature","geometry":{"type":"Point","coordinates":[17.11582,48.09592]},"properties":{"cat":"park"}},{"type":"Feature","geometry":{"type":"Point","coordinates":[17.12199,48.09952]},"properties":{"cat":"lekar"}},{"type":"Feature","geometry":{"type":"Point","coordinates":[17.0981,48.0876]},"properties":{"cat":"obchod"}},{"type":"Feature","geometry":{"type":"Point","coordinates":[17.12422,48.12541]},"properties":{"cat":"obchod"}},{"type":"Feature","geometry":{"type":"Point","coordinates":[17.10044,48.11289]},"properties":{"cat":"obchod"}},{"type":"Feature","geometry":{"type":"Point","coordinates":[17.1185,48.10138]},"properties":{"cat":"lekar"}},{"type":"Feature","geometry":{"type":"Point","coordinates":[17.09556,48.12199]},"properties":{"cat":"skola"}},{"type":"Feature","geometry":{"type":"Point","coordinates":[17.11142,48.10999]},"properties":{"cat":"obchod"}},{"type":"Feature","geometry":{"type":"Point","coordinates":[17.09697,48.11763]},"properties":{"cat":"obchod"}},{"type":"Feature","geometry":{"type":"Point","coordinates":[17.09643,48.10647]},"properties":{"cat":"obchod"}},{"type":"Feature","geometry":{"type":"Point","coordinates":[17.09979,48.10524]},"properties":{"cat":"park"}},{"type":"Feature","geometry":{"type":"Point","coordinates":[17.09895,48.12133]},"properties":{"cat":"zastavka"}},{"type":"Feature","geometry":{"type":"Point","coordinates":[17.09963,48.12144]},"properties":{"cat":"zastavka"}},{"type":"Feature","geometry":{"type":"Point","coordinates":[17.10007,48.11092]},"properties":{"cat":"obchod"}},{"type":"Feature","geometry":{"type":"Point","coordinates":[17.11717,48.12193]},"properties":{"cat":"zastavka"}},{"type":"Feature","geometry":{"type":"Point","coordinates":[17.10144,48.1166]},"properties":{"cat":"lekar"}},{"type":"Feature","geometry":{"type":"Point","coordinates":[17.09953,48.1192]},"properties":{"cat":"obchod"}},{"type":"Feature","geometry":{"type":"Point","coordinates":[17.11755,48.09575]},"properties":{"cat":"skolka"}},{"type":"Feature","geometry":{"type":"Point","coordinates":[17.12251,48.10607]},"properties":{"cat":"obchod"}},{"type":"Feature","geometry":{"type":"Point","coordinates":[17.11941,48.1233]},"properties":{"cat":"park"}},{"type":"Feature","geometry":{"type":"Point","coordinates":[17.11985,48.12275]},"properties":{"cat":"park"}},{"type":"Feature","geometry":{"type":"Point","coordinates":[17.12009,48.12157]},"properties":{"cat":"park"}},{"type":"Feature","geometry":{"type":"Point","coordinates":[17.12141,48.12275]},"properties":{"cat":"obchod"}},{"type":"Feature","geometry":{"type":"Point","coordinates":[17.1227,48.12258]},"properties":{"cat":"park"}},{"type":"Feature","geometry":{"type":"Point","coordinates":[17.10375,48.1215]},"properties":{"cat":"park"}},{"type":"Feature","geometry":{"type":"Point","coordinates":[17.10439,48.12091]},"properties":{"cat":"skola"}},{"type":"Feature","geometry":{"type":"Point","coordinates":[17.10271,48.11646]},"properties":{"cat":"obchod"}},{"type":"Feature","geometry":{"type":"Point","coordinates":[17.11106,48.10672]},"properties":{"cat":"park"}},{"type":"Feature","geometry":{"type":"Point","coordinates":[17.10503,48.12352]},"properties":{"cat":"park"}},{"type":"Feature","geometry":{"type":"Point","coordinates":[17.13081,48.1186]},"properties":{"cat":"park"}},{"type":"Feature","geometry":{"type":"Point","coordinates":[17.10655,48.10318]},"properties":{"cat":"park"}},{"type":"Feature","geometry":{"type":"Point","coordinates":[17.11178,48.09958]},"properties":{"cat":"park"}},{"type":"Feature","geometry":{"type":"Point","coordinates":[17.1068,48.10832]},"properties":{"cat":"obchod"}},{"type":"Feature","geometry":{"type":"Point","coordinates":[17.10989,48.10919]},"properties":{"cat":"park"}},{"type":"Feature","geometry":{"type":"Point","coordinates":[17.10994,48.1081]},"properties":{"cat":"park"}},{"type":"Feature","geometry":{"type":"Point","coordinates":[17.11026,48.10726]},"properties":{"cat":"park"}},{"type":"Feature","geometry":{"type":"Point","coordinates":[17.10164,48.10149]},"properties":{"cat":"park"}},{"type":"Feature","geometry":{"type":"Point","coordinates":[17.10649,48.0971]},"properties":{"cat":"park"}},{"type":"Feature","geometry":{"type":"Point","coordinates":[17.10363,48.10978]},"properties":{"cat":"skolka"}},{"type":"Feature","geometry":{"type":"Point","coordinates":[17.10593,48.10535]},"properties":{"cat":"park"}},{"type":"Feature","geometry":{"type":"Point","coordinates":[17.11446,48.09492]},"properties":{"cat":"park"}},{"type":"Feature","geometry":{"type":"Point","coordinates":[17.11662,48.09616]},"properties":{"cat":"park"}},{"type":"Feature","geometry":{"type":"Point","coordinates":[17.09992,48.11668]},"properties":{"cat":"park"}},{"type":"Feature","geometry":{"type":"Point","coordinates":[17.10233,48.11729]},"properties":{"cat":"park"}},{"type":"Feature","geometry":{"type":"Point","coordinates":[17.09902,48.11551]},"properties":{"cat":"park"}},{"type":"Feature","geometry":{"type":"Point","coordinates":[17.11001,48.10213]},"properties":{"cat":"lekar"}},{"type":"Feature","geometry":{"type":"Point","coordinates":[17.1183,48.10229]},"properties":{"cat":"lekar"}},{"type":"Feature","geometry":{"type":"Point","coordinates":[17.10543,48.12521]},"properties":{"cat":"obchod"}},{"type":"Feature","geometry":{"type":"Point","coordinates":[17.12852,48.08853]},"properties":{"cat":"park"}},{"type":"Feature","geometry":{"type":"Point","coordinates":[17.1279,48.08821]},"properties":{"cat":"park"}},{"type":"Feature","geometry":{"type":"Point","coordinates":[17.12725,48.08779]},"properties":{"cat":"park"}},{"type":"Feature","geometry":{"type":"Point","coordinates":[17.12661,48.08735]},"properties":{"cat":"park"}},{"type":"Feature","geometry":{"type":"Point","coordinates":[17.10231,48.10913]},"properties":{"cat":"skola"}},{"type":"Feature","geometry":{"type":"Point","coordinates":[17.10333,48.12264]},"properties":{"cat":"park"}},{"type":"Feature","geometry":{"type":"Point","coordinates":[17.10123,48.11844]},"properties":{"cat":"skolka"}},{"type":"Feature","geometry":{"type":"Point","coordinates":[17.12886,48.12073]},"properties":{"cat":"park"}},{"type":"Feature","geometry":{"type":"Point","coordinates":[17.10392,48.09872]},"properties":{"cat":"skola"}},{"type":"Feature","geometry":{"type":"Point","coordinates":[17.10289,48.10383]},"properties":{"cat":"skola"}},{"type":"Feature","geometry":{"type":"Point","coordinates":[17.101,48.10294]},"properties":{"cat":"skola"}},{"type":"Feature","geometry":{"type":"Point","coordinates":[17.13319,48.12061]},"properties":{"cat":"park"}},{"type":"Feature","geometry":{"type":"Point","coordinates":[17.09729,48.1212]},"properties":{"cat":"lekar"}},{"type":"Feature","geometry":{"type":"Point","coordinates":[17.11551,48.11366]},"properties":{"cat":"skolka"}},{"type":"Feature","geometry":{"type":"Point","coordinates":[17.11963,48.11525]},"properties":{"cat":"skola"}},{"type":"Feature","geometry":{"type":"Point","coordinates":[17.11926,48.1144]},"properties":{"cat":"skola"}},{"type":"Feature","geometry":{"type":"Point","coordinates":[17.10236,48.12762]},"properties":{"cat":"skolka"}},{"type":"Feature","geometry":{"type":"Point","coordinates":[17.10096,48.12837]},"properties":{"cat":"skola"}},{"type":"Feature","geometry":{"type":"Point","coordinates":[17.11538,48.11683]},"properties":{"cat":"park"}},{"type":"Feature","geometry":{"type":"Point","coordinates":[17.11432,48.11564]},"properties":{"cat":"park"}},{"type":"Feature","geometry":{"type":"Point","coordinates":[17.10741,48.12748]},"properties":{"cat":"park"}},{"type":"Feature","geometry":{"type":"Point","coordinates":[17.11168,48.12694]},"properties":{"cat":"skola"}},{"type":"Feature","geometry":{"type":"Point","coordinates":[17.09679,48.12697]},"properties":{"cat":"park"}},{"type":"Feature","geometry":{"type":"Point","coordinates":[17.10748,48.12792]},"properties":{"cat":"skolka"}},{"type":"Feature","geometry":{"type":"Point","coordinates":[17.11026,48.09932]},"properties":{"cat":"lekaren"}},{"type":"Feature","geometry":{"type":"Point","coordinates":[17.12925,48.1256]},"properties":{"cat":"skolka"}},{"type":"Feature","geometry":{"type":"Point","coordinates":[17.0916,48.12703]},"properties":{"cat":"park"}},{"type":"Feature","geometry":{"type":"Point","coordinates":[17.1329,48.11928]},"properties":{"cat":"park"}},{"type":"Feature","geometry":{"type":"Point","coordinates":[17.10449,48.1125]},"properties":{"cat":"skolka"}},{"type":"Feature","geometry":{"type":"Point","coordinates":[17.1059,48.12722]},"properties":{"cat":"park"}},{"type":"Feature","geometry":{"type":"Point","coordinates":[17.11102,48.12834]},"properties":{"cat":"park"}},{"type":"Feature","geometry":{"type":"Point","coordinates":[17.1128,48.12826]},"properties":{"cat":"park"}},{"type":"Feature","geometry":{"type":"Point","coordinates":[17.06702,48.08862]},"properties":{"cat":"park"}},{"type":"Feature","geometry":{"type":"Point","coordinates":[17.12385,48.12712]},"properties":{"cat":"park"}},{"type":"Feature","geometry":{"type":"Point","coordinates":[17.10352,48.10524]},"properties":{"cat":"skolka"}},{"type":"Feature","geometry":{"type":"Point","coordinates":[17.10224,48.11024]},"properties":{"cat":"park"}},{"type":"Feature","geometry":{"type":"Point","coordinates":[17.11238,48.12711]},"properties":{"cat":"park"}},{"type":"Feature","geometry":{"type":"Point","coordinates":[17.12706,48.12817]},"properties":{"cat":"skolka"}},{"type":"Feature","geometry":{"type":"Point","coordinates":[17.10601,48.0995]},"properties":{"cat":"skolka"}},{"type":"Feature","geometry":{"type":"Point","coordinates":[17.10561,48.09747]},"properties":{"cat":"park"}},{"type":"Feature","geometry":{"type":"Point","coordinates":[17.10582,48.09922]},"properties":{"cat":"park"}},{"type":"Feature","geometry":{"type":"Point","coordinates":[17.11419,48.09592]},"properties":{"cat":"skola"}},{"type":"Feature","geometry":{"type":"Point","coordinates":[17.12676,48.0866]},"properties":{"cat":"park"}},{"type":"Feature","geometry":{"type":"Point","coordinates":[17.12486,48.0876]},"properties":{"cat":"park"}},{"type":"Feature","geometry":{"type":"Point","coordinates":[17.12805,48.08747]},"properties":{"cat":"park"}},{"type":"Feature","geometry":{"type":"Point","coordinates":[17.12578,48.08636]},"properties":{"cat":"park"}},{"type":"Feature","geometry":{"type":"Point","coordinates":[17.09653,48.12623]},"properties":{"cat":"lekar"}},{"type":"Feature","geometry":{"type":"Point","coordinates":[17.09717,48.12635]},"properties":{"cat":"lekar"}},{"type":"Feature","geometry":{"type":"Point","coordinates":[17.1266,48.08683]},"properties":{"cat":"park"}},{"type":"Feature","geometry":{"type":"Point","coordinates":[17.12621,48.08704]},"properties":{"cat":"park"}},{"type":"Feature","geometry":{"type":"Point","coordinates":[17.12521,48.08638]},"properties":{"cat":"park"}},{"type":"Feature","geometry":{"type":"Point","coordinates":[17.12653,48.08676]},"properties":{"cat":"park"}},{"type":"Feature","geometry":{"type":"Point","coordinates":[17.12572,48.08749]},"properties":{"cat":"park"}},{"type":"Feature","geometry":{"type":"Point","coordinates":[17.12464,48.08746]},"properties":{"cat":"park"}},{"type":"Feature","geometry":{"type":"Point","coordinates":[17.12464,48.08722]},"properties":{"cat":"park"}},{"type":"Feature","geometry":{"type":"Point","coordinates":[17.12447,48.08714]},"properties":{"cat":"park"}},{"type":"Feature","geometry":{"type":"Point","coordinates":[17.12482,48.08719]},"properties":{"cat":"park"}},{"type":"Feature","geometry":{"type":"Point","coordinates":[17.12443,48.08684]},"properties":{"cat":"park"}},{"type":"Feature","geometry":{"type":"Point","coordinates":[17.12453,48.08659]},"properties":{"cat":"park"}},{"type":"Feature","geometry":{"type":"Point","coordinates":[17.12464,48.08633]},"properties":{"cat":"park"}},{"type":"Feature","geometry":{"type":"Point","coordinates":[17.124,48.08792]},"properties":{"cat":"park"}},{"type":"Feature","geometry":{"type":"Point","coordinates":[17.11844,48.12382]},"properties":{"cat":"skolka"}},{"type":"Feature","geometry":{"type":"Point","coordinates":[17.10661,48.09793]},"properties":{"cat":"park"}},{"type":"Feature","geometry":{"type":"Point","coordinates":[17.10732,48.09813]},"properties":{"cat":"park"}},{"type":"Feature","geometry":{"type":"Point","coordinates":[17.1053,48.09805]},"properties":{"cat":"park"}},{"type":"Feature","geometry":{"type":"Point","coordinates":[17.11291,48.09675]},"properties":{"cat":"park"}},{"type":"Feature","geometry":{"type":"Point","coordinates":[17.11322,48.09674]},"properties":{"cat":"park"}},{"type":"Feature","geometry":{"type":"Point","coordinates":[17.11361,48.09673]},"properties":{"cat":"park"}},{"type":"Feature","geometry":{"type":"Point","coordinates":[17.11393,48.09672]},"properties":{"cat":"park"}},{"type":"Feature","geometry":{"type":"Point","coordinates":[17.11311,48.09479]},"properties":{"cat":"park"}},{"type":"Feature","geometry":{"type":"Point","coordinates":[17.11278,48.09485]},"properties":{"cat":"park"}},{"type":"Feature","geometry":{"type":"Point","coordinates":[17.11244,48.09499]},"properties":{"cat":"park"}},{"type":"Feature","geometry":{"type":"Point","coordinates":[17.11213,48.09512]},"properties":{"cat":"park"}},{"type":"Feature","geometry":{"type":"Point","coordinates":[17.11187,48.09523]},"properties":{"cat":"park"}},{"type":"Feature","geometry":{"type":"Point","coordinates":[17.11168,48.09532]},"properties":{"cat":"park"}},{"type":"Feature","geometry":{"type":"Point","coordinates":[17.11279,48.11971]},"properties":{"cat":"skolka"}},{"type":"Feature","geometry":{"type":"Point","coordinates":[17.10859,48.1265]},"properties":{"cat":"skolka"}},{"type":"Feature","geometry":{"type":"Point","coordinates":[17.1256,48.08761]},"properties":{"cat":"park"}},{"type":"Feature","geometry":{"type":"Point","coordinates":[17.11462,48.09656]},"properties":{"cat":"park"}},{"type":"Feature","geometry":{"type":"Point","coordinates":[17.11799,48.09616]},"properties":{"cat":"park"}},{"type":"Feature","geometry":{"type":"Point","coordinates":[17.11836,48.09614]},"properties":{"cat":"park"}},{"type":"Feature","geometry":{"type":"Point","coordinates":[17.11879,48.09613]},"properties":{"cat":"park"}},{"type":"Feature","geometry":{"type":"Point","coordinates":[17.11913,48.09612]},"properties":{"cat":"park"}},{"type":"Feature","geometry":{"type":"Point","coordinates":[17.11938,48.09611]},"properties":{"cat":"park"}},{"type":"Feature","geometry":{"type":"Point","coordinates":[17.12,48.09784]},"properties":{"cat":"park"}},{"type":"Feature","geometry":{"type":"Point","coordinates":[17.11999,48.09767]},"properties":{"cat":"park"}},{"type":"Feature","geometry":{"type":"Point","coordinates":[17.11997,48.09743]},"properties":{"cat":"park"}},{"type":"Feature","geometry":{"type":"Point","coordinates":[17.11986,48.09714]},"properties":{"cat":"park"}},{"type":"Feature","geometry":{"type":"Point","coordinates":[17.11969,48.09693]},"properties":{"cat":"park"}},{"type":"Feature","geometry":{"type":"Point","coordinates":[17.11902,48.09679]},"properties":{"cat":"park"}},{"type":"Feature","geometry":{"type":"Point","coordinates":[17.11927,48.09678]},"properties":{"cat":"park"}},{"type":"Feature","geometry":{"type":"Point","coordinates":[17.11748,48.09669]},"properties":{"cat":"park"}},{"type":"Feature","geometry":{"type":"Point","coordinates":[17.11716,48.09671]},"properties":{"cat":"park"}},{"type":"Feature","geometry":{"type":"Point","coordinates":[17.11693,48.09673]},"properties":{"cat":"park"}},{"type":"Feature","geometry":{"type":"Point","coordinates":[17.11678,48.09679]},"properties":{"cat":"park"}},{"type":"Feature","geometry":{"type":"Point","coordinates":[17.11644,48.09767]},"properties":{"cat":"park"}},{"type":"Feature","geometry":{"type":"Point","coordinates":[17.11643,48.09752]},"properties":{"cat":"park"}},{"type":"Feature","geometry":{"type":"Point","coordinates":[17.11643,48.09732]},"properties":{"cat":"park"}},{"type":"Feature","geometry":{"type":"Point","coordinates":[17.11653,48.09709]},"properties":{"cat":"park"}},{"type":"Feature","geometry":{"type":"Point","coordinates":[17.11666,48.09692]},"properties":{"cat":"park"}},{"type":"Feature","geometry":{"type":"Point","coordinates":[17.11626,48.09536]},"properties":{"cat":"park"}},{"type":"Feature","geometry":{"type":"Point","coordinates":[17.11627,48.09554]},"properties":{"cat":"park"}},{"type":"Feature","geometry":{"type":"Point","coordinates":[17.12518,48.0879]},"properties":{"cat":"park"}},{"type":"Feature","geometry":{"type":"Point","coordinates":[17.11619,48.09783]},"properties":{"cat":"park"}},{"type":"Feature","geometry":{"type":"Point","coordinates":[17.11623,48.09804]},"properties":{"cat":"park"}},{"type":"Feature","geometry":{"type":"Point","coordinates":[17.11638,48.09828]},"properties":{"cat":"park"}},{"type":"Feature","geometry":{"type":"Point","coordinates":[17.11659,48.0985]},"properties":{"cat":"park"}},{"type":"Feature","geometry":{"type":"Point","coordinates":[17.11674,48.09866]},"properties":{"cat":"park"}},{"type":"Feature","geometry":{"type":"Point","coordinates":[17.11689,48.0987]},"properties":{"cat":"park"}},{"type":"Feature","geometry":{"type":"Point","coordinates":[17.11713,48.0987]},"properties":{"cat":"park"}},{"type":"Feature","geometry":{"type":"Point","coordinates":[17.11736,48.09869]},"properties":{"cat":"park"}},{"type":"Feature","geometry":{"type":"Point","coordinates":[17.11688,48.12743]},"properties":{"cat":"zastavka"}},{"type":"Feature","geometry":{"type":"Point","coordinates":[17.11676,48.12743]},"properties":{"cat":"zastavka"}},{"type":"Feature","geometry":{"type":"Point","coordinates":[17.1151,48.12469]},"properties":{"cat":"zastavka"}},{"type":"Feature","geometry":{"type":"Point","coordinates":[17.11519,48.12464]},"properties":{"cat":"zastavka"}},{"type":"Feature","geometry":{"type":"Point","coordinates":[17.11386,48.12507]},"properties":{"cat":"park"}},{"type":"Feature","geometry":{"type":"Point","coordinates":[17.11364,48.12521]},"properties":{"cat":"park"}},{"type":"Feature","geometry":{"type":"Point","coordinates":[17.10055,48.10666]},"properties":{"cat":"park"}},{"type":"Feature","geometry":{"type":"Point","coordinates":[17.12681,48.12608]},"properties":{"cat":"park"}},{"type":"Feature","geometry":{"type":"Point","coordinates":[17.12792,48.12591]},"properties":{"cat":"park"}},{"type":"Feature","geometry":{"type":"Point","coordinates":[17.12912,48.1263]},"properties":{"cat":"park"}},{"type":"Feature","geometry":{"type":"Point","coordinates":[17.12727,48.12404]},"properties":{"cat":"park"}},{"type":"Feature","geometry":{"type":"Point","coordinates":[17.12911,48.12346]},"properties":{"cat":"park"}},{"type":"Feature","geometry":{"type":"Point","coordinates":[17.12687,48.12365]},"properties":{"cat":"park"}},{"type":"Feature","geometry":{"type":"Point","coordinates":[17.12668,48.1242]},"properties":{"cat":"park"}},{"type":"Feature","geometry":{"type":"Point","coordinates":[17.12842,48.12409]},"properties":{"cat":"park"}},{"type":"Feature","geometry":{"type":"Point","coordinates":[17.12799,48.12429]},"properties":{"cat":"park"}},{"type":"Feature","geometry":{"type":"Point","coordinates":[17.12784,48.12422]},"properties":{"cat":"park"}},{"type":"Feature","geometry":{"type":"Point","coordinates":[17.12799,48.12466]},"properties":{"cat":"park"}},{"type":"Feature","geometry":{"type":"Point","coordinates":[17.12818,48.12652]},"properties":{"cat":"park"}},{"type":"Feature","geometry":{"type":"Point","coordinates":[17.1287,48.12509]},"properties":{"cat":"park"}},{"type":"Feature","geometry":{"type":"Point","coordinates":[17.12835,48.12553]},"properties":{"cat":"park"}},{"type":"Feature","geometry":{"type":"Point","coordinates":[17.12913,48.1227]},"properties":{"cat":"park"}},{"type":"Feature","geometry":{"type":"Point","coordinates":[17.12918,48.1271]},"properties":{"cat":"park"}},{"type":"Feature","geometry":{"type":"Point","coordinates":[17.12435,48.08798]},"properties":{"cat":"park"}},{"type":"Feature","geometry":{"type":"Point","coordinates":[17.12435,48.08791]},"properties":{"cat":"park"}},{"type":"Feature","geometry":{"type":"Point","coordinates":[17.12451,48.08795]},"properties":{"cat":"park"}},{"type":"Feature","geometry":{"type":"Point","coordinates":[17.12447,48.08778]},"properties":{"cat":"park"}},{"type":"Feature","geometry":{"type":"Point","coordinates":[17.12394,48.08803]},"properties":{"cat":"park"}},{"type":"Feature","geometry":{"type":"Point","coordinates":[17.12479,48.08725]},"properties":{"cat":"park"}},{"type":"Feature","geometry":{"type":"Point","coordinates":[17.12452,48.08719]},"properties":{"cat":"park"}},{"type":"Feature","geometry":{"type":"Point","coordinates":[17.12442,48.08717]},"properties":{"cat":"park"}},{"type":"Feature","geometry":{"type":"Point","coordinates":[17.1257,48.08739]},"properties":{"cat":"park"}},{"type":"Feature","geometry":{"type":"Point","coordinates":[17.11024,48.1158]},"properties":{"cat":"skolka"}},{"type":"Feature","geometry":{"type":"Point","coordinates":[17.11333,48.12468]},"properties":{"cat":"park"}},{"type":"Feature","geometry":{"type":"Point","coordinates":[17.11323,48.1251]},"properties":{"cat":"park"}},{"type":"Feature","geometry":{"type":"Point","coordinates":[17.11307,48.12474]},"properties":{"cat":"park"}},{"type":"Feature","geometry":{"type":"Point","coordinates":[17.1167,48.11541]},"properties":{"cat":"park"}},{"type":"Feature","geometry":{"type":"Point","coordinates":[17.10458,48.10985]},"properties":{"cat":"park"}},{"type":"Feature","geometry":{"type":"Point","coordinates":[17.12423,48.08731]},"properties":{"cat":"park"}},{"type":"Feature","geometry":{"type":"Point","coordinates":[17.12412,48.0872]},"properties":{"cat":"park"}},{"type":"Feature","geometry":{"type":"Point","coordinates":[17.12409,48.08728]},"properties":{"cat":"park"}},{"type":"Feature","geometry":{"type":"Point","coordinates":[17.12406,48.08736]},"properties":{"cat":"park"}},{"type":"Feature","geometry":{"type":"Point","coordinates":[17.12387,48.08782]},"properties":{"cat":"park"}},{"type":"Feature","geometry":{"type":"Point","coordinates":[17.1239,48.08774]},"properties":{"cat":"park"}},{"type":"Feature","geometry":{"type":"Point","coordinates":[17.12393,48.08767]},"properties":{"cat":"park"}},{"type":"Feature","geometry":{"type":"Point","coordinates":[17.12397,48.08759]},"properties":{"cat":"park"}},{"type":"Feature","geometry":{"type":"Point","coordinates":[17.124,48.08751]},"properties":{"cat":"park"}},{"type":"Feature","geometry":{"type":"Point","coordinates":[17.12403,48.08743]},"properties":{"cat":"park"}},{"type":"Feature","geometry":{"type":"Point","coordinates":[17.1242,48.08715]},"properties":{"cat":"park"}},{"type":"Feature","geometry":{"type":"Point","coordinates":[17.1246,48.08698]},"properties":{"cat":"park"}},{"type":"Feature","geometry":{"type":"Point","coordinates":[17.11458,48.10925]},"properties":{"cat":"park"}},{"type":"Feature","geometry":{"type":"Point","coordinates":[17.1023,48.12068]},"properties":{"cat":"park"}},{"type":"Feature","geometry":{"type":"Point","coordinates":[17.12202,48.12454]},"properties":{"cat":"park"}},{"type":"Feature","geometry":{"type":"Point","coordinates":[17.12157,48.12457]},"properties":{"cat":"park"}},{"type":"Feature","geometry":{"type":"Point","coordinates":[17.12131,48.12629]},"properties":{"cat":"park"}},{"type":"Feature","geometry":{"type":"Point","coordinates":[17.11973,48.12357]},"properties":{"cat":"park"}},{"type":"Feature","geometry":{"type":"Point","coordinates":[17.12048,48.12359]},"properties":{"cat":"park"}},{"type":"Feature","geometry":{"type":"Point","coordinates":[17.12076,48.12434]},"properties":{"cat":"park"}},{"type":"Feature","geometry":{"type":"Point","coordinates":[17.11971,48.12406]},"properties":{"cat":"park"}},{"type":"Feature","geometry":{"type":"Point","coordinates":[17.1215,48.12634]},"properties":{"cat":"park"}},{"type":"Feature","geometry":{"type":"Point","coordinates":[17.12149,48.12646]},"properties":{"cat":"park"}},{"type":"Feature","geometry":{"type":"Point","coordinates":[17.12102,48.12337]},"properties":{"cat":"park"}},{"type":"Feature","geometry":{"type":"Point","coordinates":[17.12112,48.12482]},"properties":{"cat":"park"}},{"type":"Feature","geometry":{"type":"Point","coordinates":[17.12116,48.12303]},"properties":{"cat":"park"}},{"type":"Feature","geometry":{"type":"Point","coordinates":[17.12204,48.12335]},"properties":{"cat":"park"}},{"type":"Feature","geometry":{"type":"Point","coordinates":[17.12208,48.12207]},"properties":{"cat":"park"}},{"type":"Feature","geometry":{"type":"Point","coordinates":[17.12167,48.12322]},"properties":{"cat":"park"}},{"type":"Feature","geometry":{"type":"Point","coordinates":[17.12185,48.12328]},"properties":{"cat":"park"}},{"type":"Feature","geometry":{"type":"Point","coordinates":[17.12178,48.12346]},"properties":{"cat":"park"}},{"type":"Feature","geometry":{"type":"Point","coordinates":[17.12054,48.12252]},"properties":{"cat":"park"}},{"type":"Feature","geometry":{"type":"Point","coordinates":[17.1152,48.11917]},"properties":{"cat":"park"}},{"type":"Feature","geometry":{"type":"Point","coordinates":[17.12193,48.12225]},"properties":{"cat":"park"}},{"type":"Feature","geometry":{"type":"Point","coordinates":[17.11547,48.11848]},"properties":{"cat":"park"}},{"type":"Feature","geometry":{"type":"Point","coordinates":[17.11948,48.12114]},"properties":{"cat":"park"}},{"type":"Feature","geometry":{"type":"Point","coordinates":[17.11181,48.11848]},"properties":{"cat":"park"}},{"type":"Feature","geometry":{"type":"Point","coordinates":[17.11635,48.11836]},"properties":{"cat":"park"}},{"type":"Feature","geometry":{"type":"Point","coordinates":[17.1194,48.11971]},"properties":{"cat":"park"}},{"type":"Feature","geometry":{"type":"Point","coordinates":[17.11247,48.11913]},"properties":{"cat":"park"}},{"type":"Feature","geometry":{"type":"Point","coordinates":[17.11596,48.11864]},"properties":{"cat":"park"}},{"type":"Feature","geometry":{"type":"Point","coordinates":[17.12162,48.12145]},"properties":{"cat":"park"}},{"type":"Feature","geometry":{"type":"Point","coordinates":[17.12066,48.1213]},"properties":{"cat":"park"}},{"type":"Feature","geometry":{"type":"Point","coordinates":[17.12281,48.12245]},"properties":{"cat":"park"}},{"type":"Feature","geometry":{"type":"Point","coordinates":[17.11992,48.12119]},"properties":{"cat":"park"}},{"type":"Feature","geometry":{"type":"Point","coordinates":[17.12066,48.12144]},"properties":{"cat":"park"}},{"type":"Feature","geometry":{"type":"Point","coordinates":[17.1169,48.12071]},"properties":{"cat":"park"}},{"type":"Feature","geometry":{"type":"Point","coordinates":[17.123,48.12246]},"properties":{"cat":"park"}},{"type":"Feature","geometry":{"type":"Point","coordinates":[17.11632,48.11883]},"properties":{"cat":"park"}},{"type":"Feature","geometry":{"type":"Point","coordinates":[17.12182,48.12366]},"properties":{"cat":"park"}},{"type":"Feature","geometry":{"type":"Point","coordinates":[17.12203,48.12244]},"properties":{"cat":"park"}},{"type":"Feature","geometry":{"type":"Point","coordinates":[17.12165,48.12232]},"properties":{"cat":"park"}},{"type":"Feature","geometry":{"type":"Point","coordinates":[17.12143,48.12353]},"properties":{"cat":"park"}},{"type":"Feature","geometry":{"type":"Point","coordinates":[17.12242,48.12248]},"properties":{"cat":"park"}},{"type":"Feature","geometry":{"type":"Point","coordinates":[17.12155,48.12338]},"properties":{"cat":"park"}},{"type":"Feature","geometry":{"type":"Point","coordinates":[17.12176,48.12218]},"properties":{"cat":"park"}},{"type":"Feature","geometry":{"type":"Point","coordinates":[17.12183,48.12239]},"properties":{"cat":"park"}},{"type":"Feature","geometry":{"type":"Point","coordinates":[17.12215,48.12229]},"properties":{"cat":"park"}},{"type":"Feature","geometry":{"type":"Point","coordinates":[17.12198,48.12351]},"properties":{"cat":"park"}},{"type":"Feature","geometry":{"type":"Point","coordinates":[17.12162,48.1236]},"properties":{"cat":"park"}},{"type":"Feature","geometry":{"type":"Point","coordinates":[17.1227,48.12234]},"properties":{"cat":"park"}},{"type":"Feature","geometry":{"type":"Point","coordinates":[17.12226,48.12215]},"properties":{"cat":"park"}},{"type":"Feature","geometry":{"type":"Point","coordinates":[17.12245,48.1226]},"properties":{"cat":"park"}},{"type":"Feature","geometry":{"type":"Point","coordinates":[17.11648,48.11957]},"properties":{"cat":"park"}},{"type":"Feature","geometry":{"type":"Point","coordinates":[17.11917,48.12158]},"properties":{"cat":"park"}},{"type":"Feature","geometry":{"type":"Point","coordinates":[17.11929,48.12138]},"properties":{"cat":"park"}},{"type":"Feature","geometry":{"type":"Point","coordinates":[17.12188,48.12202]},"properties":{"cat":"park"}},{"type":"Feature","geometry":{"type":"Point","coordinates":[17.12252,48.12275]},"properties":{"cat":"park"}},{"type":"Feature","geometry":{"type":"Point","coordinates":[17.09995,48.11595]},"properties":{"cat":"park"}},{"type":"Feature","geometry":{"type":"Point","coordinates":[17.09927,48.11617]},"properties":{"cat":"park"}},{"type":"Feature","geometry":{"type":"Point","coordinates":[17.09975,48.11559]},"properties":{"cat":"park"}},{"type":"Feature","geometry":{"type":"Point","coordinates":[17.09924,48.11524]},"properties":{"cat":"park"}},{"type":"Feature","geometry":{"type":"Point","coordinates":[17.09933,48.11558]},"properties":{"cat":"park"}},{"type":"Feature","geometry":{"type":"Point","coordinates":[17.09896,48.11569]},"properties":{"cat":"park"}},{"type":"Feature","geometry":{"type":"Point","coordinates":[17.09977,48.11626]},"properties":{"cat":"park"}},{"type":"Feature","geometry":{"type":"Point","coordinates":[17.09945,48.11513]},"properties":{"cat":"park"}},{"type":"Feature","geometry":{"type":"Point","coordinates":[17.09883,48.11536]},"properties":{"cat":"park"}},{"type":"Feature","geometry":{"type":"Point","coordinates":[17.09961,48.11533]},"properties":{"cat":"park"}},{"type":"Feature","geometry":{"type":"Point","coordinates":[17.10321,48.11696]},"properties":{"cat":"park"}},{"type":"Feature","geometry":{"type":"Point","coordinates":[17.10328,48.11714]},"properties":{"cat":"park"}},{"type":"Feature","geometry":{"type":"Point","coordinates":[17.10294,48.11667]},"properties":{"cat":"park"}},{"type":"Feature","geometry":{"type":"Point","coordinates":[17.10032,48.11897]},"properties":{"cat":"park"}},{"type":"Feature","geometry":{"type":"Point","coordinates":[17.10009,48.11873]},"properties":{"cat":"park"}},{"type":"Feature","geometry":{"type":"Point","coordinates":[17.10057,48.11919]},"properties":{"cat":"park"}},{"type":"Feature","geometry":{"type":"Point","coordinates":[17.10119,48.11924]},"properties":{"cat":"park"}},{"type":"Feature","geometry":{"type":"Point","coordinates":[17.10085,48.11925]},"properties":{"cat":"park"}},{"type":"Feature","geometry":{"type":"Point","coordinates":[17.10152,48.11923]},"properties":{"cat":"park"}},{"type":"Feature","geometry":{"type":"Point","coordinates":[17.10133,48.11944]},"properties":{"cat":"park"}},{"type":"Feature","geometry":{"type":"Point","coordinates":[17.09996,48.11856]},"properties":{"cat":"park"}},{"type":"Feature","geometry":{"type":"Point","coordinates":[17.10071,48.11881]},"properties":{"cat":"park"}},{"type":"Feature","geometry":{"type":"Point","coordinates":[17.10121,48.11898]},"properties":{"cat":"park"}},{"type":"Feature","geometry":{"type":"Point","coordinates":[17.10087,48.11898]},"properties":{"cat":"park"}},{"type":"Feature","geometry":{"type":"Point","coordinates":[17.13095,48.11958]},"properties":{"cat":"park"}},{"type":"Feature","geometry":{"type":"Point","coordinates":[17.1282,48.1199]},"properties":{"cat":"park"}},{"type":"Feature","geometry":{"type":"Point","coordinates":[17.13058,48.11995]},"properties":{"cat":"park"}},{"type":"Feature","geometry":{"type":"Point","coordinates":[17.12933,48.11891]},"properties":{"cat":"park"}},{"type":"Feature","geometry":{"type":"Point","coordinates":[17.12834,48.11931]},"properties":{"cat":"park"}},{"type":"Feature","geometry":{"type":"Point","coordinates":[17.12981,48.12103]},"properties":{"cat":"park"}},{"type":"Feature","geometry":{"type":"Point","coordinates":[17.13062,48.12137]},"properties":{"cat":"park"}},{"type":"Feature","geometry":{"type":"Point","coordinates":[17.13025,48.11976]},"properties":{"cat":"park"}},{"type":"Feature","geometry":{"type":"Point","coordinates":[17.12954,48.11974]},"properties":{"cat":"park"}},{"type":"Feature","geometry":{"type":"Point","coordinates":[17.12898,48.12053]},"properties":{"cat":"park"}},{"type":"Feature","geometry":{"type":"Point","coordinates":[17.13082,48.11975]},"properties":{"cat":"park"}},{"type":"Feature","geometry":{"type":"Point","coordinates":[17.10749,48.12674]},"properties":{"cat":"park"}},{"type":"Feature","geometry":{"type":"Point","coordinates":[17.10742,48.12688]},"properties":{"cat":"park"}},{"type":"Feature","geometry":{"type":"Point","coordinates":[17.10716,48.12676]},"properties":{"cat":"park"}},{"type":"Feature","geometry":{"type":"Point","coordinates":[17.10759,48.12641]},"properties":{"cat":"park"}},{"type":"Feature","geometry":{"type":"Point","coordinates":[17.10714,48.12645]},"properties":{"cat":"park"}},{"type":"Feature","geometry":{"type":"Point","coordinates":[17.10734,48.1266]},"properties":{"cat":"park"}},{"type":"Feature","geometry":{"type":"Point","coordinates":[17.10779,48.12682]},"properties":{"cat":"park"}},{"type":"Feature","geometry":{"type":"Point","coordinates":[17.10779,48.12647]},"properties":{"cat":"park"}},{"type":"Feature","geometry":{"type":"Point","coordinates":[17.10733,48.12635]},"properties":{"cat":"park"}},{"type":"Feature","geometry":{"type":"Point","coordinates":[17.12376,48.08806]},"properties":{"cat":"park"}},{"type":"Feature","geometry":{"type":"Point","coordinates":[17.12384,48.0879]},"properties":{"cat":"park"}},{"type":"Feature","geometry":{"type":"Point","coordinates":[17.1238,48.08798]},"properties":{"cat":"park"}},{"type":"Feature","geometry":{"type":"Point","coordinates":[17.10302,48.12229]},"properties":{"cat":"park"}},{"type":"Feature","geometry":{"type":"Point","coordinates":[17.12581,48.08808]},"properties":{"cat":"park"}},{"type":"Feature","geometry":{"type":"Point","coordinates":[17.12589,48.08798]},"properties":{"cat":"park"}},{"type":"Feature","geometry":{"type":"Point","coordinates":[17.12594,48.08815]},"properties":{"cat":"park"}},{"type":"Feature","geometry":{"type":"Point","coordinates":[17.12601,48.08807]},"properties":{"cat":"park"}},{"type":"Feature","geometry":{"type":"Point","coordinates":[17.1262,48.08801]},"properties":{"cat":"park"}},{"type":"Feature","geometry":{"type":"Point","coordinates":[17.12615,48.08813]},"properties":{"cat":"park"}},{"type":"Feature","geometry":{"type":"Point","coordinates":[17.1259,48.0884]},"properties":{"cat":"park"}},{"type":"Feature","geometry":{"type":"Point","coordinates":[17.12612,48.08864]},"properties":{"cat":"park"}},{"type":"Feature","geometry":{"type":"Point","coordinates":[17.12626,48.08842]},"properties":{"cat":"park"}},{"type":"Feature","geometry":{"type":"Point","coordinates":[17.12559,48.08849]},"properties":{"cat":"park"}},{"type":"Feature","geometry":{"type":"Point","coordinates":[17.12545,48.08822]},"properties":{"cat":"park"}},{"type":"Feature","geometry":{"type":"Point","coordinates":[17.12565,48.08823]},"properties":{"cat":"park"}},{"type":"Feature","geometry":{"type":"Point","coordinates":[17.12586,48.08783]},"properties":{"cat":"park"}},{"type":"Feature","geometry":{"type":"Point","coordinates":[17.12646,48.08822]},"properties":{"cat":"park"}},{"type":"Feature","geometry":{"type":"Point","coordinates":[17.12638,48.08793]},"properties":{"cat":"park"}},{"type":"Feature","geometry":{"type":"Point","coordinates":[17.1262,48.08827]},"properties":{"cat":"park"}},{"type":"Feature","geometry":{"type":"Point","coordinates":[17.12598,48.0887]},"properties":{"cat":"park"}},{"type":"Feature","geometry":{"type":"Point","coordinates":[17.12557,48.08796]},"properties":{"cat":"park"}},{"type":"Feature","geometry":{"type":"Point","coordinates":[17.12572,48.08858]},"properties":{"cat":"park"}},{"type":"Feature","geometry":{"type":"Point","coordinates":[17.12591,48.08777]},"properties":{"cat":"park"}},{"type":"Feature","geometry":{"type":"Point","coordinates":[17.11521,48.12238]},"properties":{"cat":"obchod"}},{"type":"Feature","geometry":{"type":"Point","coordinates":[17.09946,48.10708]},"properties":{"cat":"park"}},{"type":"Feature","geometry":{"type":"Point","coordinates":[17.09941,48.10514]},"properties":{"cat":"park"}},{"type":"Feature","geometry":{"type":"Point","coordinates":[17.1003,48.10747]},"properties":{"cat":"park"}},{"type":"Feature","geometry":{"type":"Point","coordinates":[17.1009,48.10048]},"properties":{"cat":"park"}},{"type":"Feature","geometry":{"type":"Point","coordinates":[17.10114,48.10424]},"properties":{"cat":"park"}},{"type":"Feature","geometry":{"type":"Point","coordinates":[17.10003,48.10412]},"properties":{"cat":"park"}},{"type":"Feature","geometry":{"type":"Point","coordinates":[17.10111,48.10693]},"properties":{"cat":"park"}},{"type":"Feature","geometry":{"type":"Point","coordinates":[17.09944,48.10666]},"properties":{"cat":"park"}},{"type":"Feature","geometry":{"type":"Point","coordinates":[17.09908,48.1091]},"properties":{"cat":"park"}},{"type":"Feature","geometry":{"type":"Point","coordinates":[17.09927,48.11]},"properties":{"cat":"park"}},{"type":"Feature","geometry":{"type":"Point","coordinates":[17.10005,48.10981]},"properties":{"cat":"park"}},{"type":"Feature","geometry":{"type":"Point","coordinates":[17.09976,48.1096]},"properties":{"cat":"park"}},{"type":"Feature","geometry":{"type":"Point","coordinates":[17.09979,48.10999]},"properties":{"cat":"park"}},{"type":"Feature","geometry":{"type":"Point","coordinates":[17.10008,48.11025]},"properties":{"cat":"park"}},{"type":"Feature","geometry":{"type":"Point","coordinates":[17.10002,48.10943]},"properties":{"cat":"park"}},{"type":"Feature","geometry":{"type":"Point","coordinates":[17.09999,48.10899]},"properties":{"cat":"park"}},{"type":"Feature","geometry":{"type":"Point","coordinates":[17.12623,48.08855]},"properties":{"cat":"park"}},{"type":"Feature","geometry":{"type":"Point","coordinates":[17.12648,48.0884]},"properties":{"cat":"park"}},{"type":"Feature","geometry":{"type":"Point","coordinates":[17.12651,48.08862]},"properties":{"cat":"park"}},{"type":"Feature","geometry":{"type":"Point","coordinates":[17.12658,48.08853]},"properties":{"cat":"park"}},{"type":"Feature","geometry":{"type":"Point","coordinates":[17.12642,48.08851]},"properties":{"cat":"park"}},{"type":"Feature","geometry":{"type":"Point","coordinates":[17.12665,48.08844]},"properties":{"cat":"park"}},{"type":"Feature","geometry":{"type":"Point","coordinates":[17.12684,48.08837]},"properties":{"cat":"park"}},{"type":"Feature","geometry":{"type":"Point","coordinates":[17.12656,48.08882]},"properties":{"cat":"park"}},{"type":"Feature","geometry":{"type":"Point","coordinates":[17.12621,48.08892]},"properties":{"cat":"park"}},{"type":"Feature","geometry":{"type":"Point","coordinates":[17.12636,48.08901]},"properties":{"cat":"park"}},{"type":"Feature","geometry":{"type":"Point","coordinates":[17.12292,48.1284]},"properties":{"cat":"park"}},{"type":"Feature","geometry":{"type":"Point","coordinates":[17.09037,48.12488]},"properties":{"cat":"skola"}},{"type":"Feature","geometry":{"type":"Point","coordinates":[17.12657,48.08802]},"properties":{"cat":"park"}},{"type":"Feature","geometry":{"type":"Point","coordinates":[17.10993,48.11291]},"properties":{"cat":"park"}},{"type":"Feature","geometry":{"type":"Point","coordinates":[17.11701,48.09282]},"properties":{"cat":"park"}},{"type":"Feature","geometry":{"type":"Point","coordinates":[17.11674,48.09283]},"properties":{"cat":"park"}},{"type":"Feature","geometry":{"type":"Point","coordinates":[17.11724,48.09281]},"properties":{"cat":"park"}},{"type":"Feature","geometry":{"type":"Point","coordinates":[17.11755,48.0928]},"properties":{"cat":"park"}},{"type":"Feature","geometry":{"type":"Point","coordinates":[17.11738,48.09306]},"properties":{"cat":"park"}},{"type":"Feature","geometry":{"type":"Point","coordinates":[17.11696,48.09304]},"properties":{"cat":"park"}},{"type":"Feature","geometry":{"type":"Point","coordinates":[17.11738,48.09305]},"properties":{"cat":"park"}},{"type":"Feature","geometry":{"type":"Point","coordinates":[17.11695,48.09303]},"properties":{"cat":"park"}},{"type":"Feature","geometry":{"type":"Point","coordinates":[17.11719,48.09339]},"properties":{"cat":"park"}},{"type":"Feature","geometry":{"type":"Point","coordinates":[17.11697,48.09326]},"properties":{"cat":"park"}},{"type":"Feature","geometry":{"type":"Point","coordinates":[17.11719,48.09333]},"properties":{"cat":"park"}},{"type":"Feature","geometry":{"type":"Point","coordinates":[17.11739,48.09324]},"properties":{"cat":"park"}},{"type":"Feature","geometry":{"type":"Point","coordinates":[17.1272,48.08906]},"properties":{"cat":"park"}},{"type":"Feature","geometry":{"type":"Point","coordinates":[17.12739,48.08892]},"properties":{"cat":"park"}},{"type":"Feature","geometry":{"type":"Point","coordinates":[17.12702,48.08878]},"properties":{"cat":"park"}},{"type":"Feature","geometry":{"type":"Point","coordinates":[17.12696,48.08887]},"properties":{"cat":"park"}},{"type":"Feature","geometry":{"type":"Point","coordinates":[17.12708,48.0887]},"properties":{"cat":"park"}},{"type":"Feature","geometry":{"type":"Point","coordinates":[17.12736,48.08877]},"properties":{"cat":"park"}},{"type":"Feature","geometry":{"type":"Point","coordinates":[17.12715,48.0889]},"properties":{"cat":"park"}},{"type":"Feature","geometry":{"type":"Point","coordinates":[17.12708,48.08858]},"properties":{"cat":"park"}},{"type":"Feature","geometry":{"type":"Point","coordinates":[17.12718,48.08881]},"properties":{"cat":"park"}},{"type":"Feature","geometry":{"type":"Point","coordinates":[17.12796,48.08874]},"properties":{"cat":"park"}},{"type":"Feature","geometry":{"type":"Point","coordinates":[17.1276,48.0887]},"properties":{"cat":"park"}},{"type":"Feature","geometry":{"type":"Point","coordinates":[17.12747,48.0887]},"properties":{"cat":"park"}},{"type":"Feature","geometry":{"type":"Point","coordinates":[17.12717,48.08839]},"properties":{"cat":"park"}},{"type":"Feature","geometry":{"type":"Point","coordinates":[17.12776,48.08864]},"properties":{"cat":"park"}},{"type":"Feature","geometry":{"type":"Point","coordinates":[17.12717,48.08912]},"properties":{"cat":"park"}},{"type":"Feature","geometry":{"type":"Point","coordinates":[17.12673,48.08898]},"properties":{"cat":"park"}},{"type":"Feature","geometry":{"type":"Point","coordinates":[17.12741,48.08954]},"properties":{"cat":"park"}},{"type":"Feature","geometry":{"type":"Point","coordinates":[17.11865,48.09337]},"properties":{"cat":"obchod"}},{"type":"Feature","geometry":{"type":"Point","coordinates":[17.11957,48.12748]},"properties":{"cat":"park"}},{"type":"Feature","geometry":{"type":"Point","coordinates":[17.10443,48.09715]},"properties":{"cat":"skolka"}},{"type":"Feature","geometry":{"type":"Point","coordinates":[17.1103,48.1226]},"properties":{"cat":"park"}},{"type":"Feature","geometry":{"type":"Point","coordinates":[17.11839,48.0931]},"properties":{"cat":"lekaren"}},{"type":"Feature","geometry":{"type":"Point","coordinates":[17.10807,48.12818]},"properties":{"cat":"park"}},{"type":"Feature","geometry":{"type":"Point","coordinates":[17.11089,48.12756]},"properties":{"cat":"park"}},{"type":"Feature","geometry":{"type":"Point","coordinates":[17.10837,48.12551]},"properties":{"cat":"park"}},{"type":"Feature","geometry":{"type":"Point","coordinates":[17.12514,48.12532]},"properties":{"cat":"park"}},{"type":"Feature","geometry":{"type":"Point","coordinates":[17.1035,48.105]},"properties":{"cat":"park"}},{"type":"Feature","geometry":{"type":"Point","coordinates":[17.09901,48.11367]},"properties":{"cat":"park"}},{"type":"Feature","geometry":{"type":"Point","coordinates":[17.09926,48.10203]},"properties":{"cat":"park"}},{"type":"Feature","geometry":{"type":"Point","coordinates":[17.1225,48.12134]},"properties":{"cat":"park"}},{"type":"Feature","geometry":{"type":"Point","coordinates":[17.12774,48.12008]},"properties":{"cat":"park"}},{"type":"Feature","geometry":{"type":"Point","coordinates":[17.11678,48.12421]},"properties":{"cat":"park"}},{"type":"Feature","geometry":{"type":"Point","coordinates":[17.11712,48.11695]},"properties":{"cat":"park"}},{"type":"Feature","geometry":{"type":"Point","coordinates":[17.11559,48.09172]},"properties":{"cat":"park"}},{"type":"Feature","geometry":{"type":"Point","coordinates":[17.11229,48.09013]},"properties":{"cat":"park"}},{"type":"Feature","geometry":{"type":"Point","coordinates":[17.11717,48.09313]},"properties":{"cat":"park"}},{"type":"Feature","geometry":{"type":"Point","coordinates":[17.11146,48.10976]},"properties":{"cat":"park"}},{"type":"Feature","geometry":{"type":"Point","coordinates":[17.11485,48.11124]},"properties":{"cat":"park"}},{"type":"Feature","geometry":{"type":"Point","coordinates":[17.10416,48.10383]},"properties":{"cat":"park"}},{"type":"Feature","geometry":{"type":"Point","coordinates":[17.10154,48.10682]},"properties":{"cat":"park"}},{"type":"Feature","geometry":{"type":"Point","coordinates":[17.1182,48.09561]},"properties":{"cat":"park"}},{"type":"Feature","geometry":{"type":"Point","coordinates":[17.12429,48.08827]},"properties":{"cat":"park"}},{"type":"Feature","geometry":{"type":"Point","coordinates":[17.12433,48.08819]},"properties":{"cat":"park"}},{"type":"Feature","geometry":{"type":"Point","coordinates":[17.1242,48.08821]},"properties":{"cat":"park"}},{"type":"Feature","geometry":{"type":"Point","coordinates":[17.11791,48.11616]},"properties":{"cat":"park"}},{"type":"Feature","geometry":{"type":"Point","coordinates":[17.12457,48.08854]},"properties":{"cat":"park"}},{"type":"Feature","geometry":{"type":"Point","coordinates":[17.1245,48.08875]},"properties":{"cat":"park"}},{"type":"Feature","geometry":{"type":"Point","coordinates":[17.12413,48.08914]},"properties":{"cat":"park"}},{"type":"Feature","geometry":{"type":"Point","coordinates":[17.12449,48.08926]},"properties":{"cat":"park"}},{"type":"Feature","geometry":{"type":"Point","coordinates":[17.1243,48.08962]},"properties":{"cat":"park"}},{"type":"Feature","geometry":{"type":"Point","coordinates":[17.12395,48.08953]},"properties":{"cat":"park"}},{"type":"Feature","geometry":{"type":"Point","coordinates":[17.12117,48.12839]},"properties":{"cat":"park"}},{"type":"Feature","geometry":{"type":"Point","coordinates":[17.12242,48.12858]},"properties":{"cat":"park"}},{"type":"Feature","geometry":{"type":"Point","coordinates":[17.11518,48.127]},"properties":{"cat":"park"}},{"type":"Feature","geometry":{"type":"Point","coordinates":[17.11578,48.09332]},"properties":{"cat":"park"}},{"type":"Feature","geometry":{"type":"Point","coordinates":[17.11577,48.09314]},"properties":{"cat":"park"}},{"type":"Feature","geometry":{"type":"Point","coordinates":[17.10348,48.10638]},"properties":{"cat":"park"}},{"type":"Feature","geometry":{"type":"Point","coordinates":[17.11309,48.11789]},"properties":{"cat":"park"}},{"type":"Feature","geometry":{"type":"Point","coordinates":[17.11368,48.11666]},"properties":{"cat":"park"}},{"type":"Feature","geometry":{"type":"Point","coordinates":[17.11113,48.1109]},"properties":{"cat":"park"}},{"type":"Feature","geometry":{"type":"Point","coordinates":[17.11442,48.12588]},"properties":{"cat":"park"}},{"type":"Feature","geometry":{"type":"Point","coordinates":[17.12485,48.08593]},"properties":{"cat":"park"}},{"type":"Feature","geometry":{"type":"Point","coordinates":[17.12428,48.08825]},"properties":{"cat":"park"}},{"type":"Feature","geometry":{"type":"Point","coordinates":[17.10605,48.12151]},"properties":{"cat":"park"}},{"type":"Feature","geometry":{"type":"Point","coordinates":[17.10719,48.11847]},"properties":{"cat":"park"}},{"type":"Feature","geometry":{"type":"Point","coordinates":[17.12189,48.12741]},"properties":{"cat":"park"}},{"type":"Feature","geometry":{"type":"Point","coordinates":[17.12785,48.08926]},"properties":{"cat":"park"}},{"type":"Feature","geometry":{"type":"Point","coordinates":[17.11122,48.10709]},"properties":{"cat":"park"}},{"type":"Feature","geometry":{"type":"Point","coordinates":[17.12412,48.09813]},"properties":{"cat":"park"}},{"type":"Feature","geometry":{"type":"Point","coordinates":[17.11217,48.09955]},"properties":{"cat":"park"}},{"type":"Feature","geometry":{"type":"Point","coordinates":[17.11567,48.11818]},"properties":{"cat":"park"}},{"type":"Feature","geometry":{"type":"Point","coordinates":[17.11429,48.09234]},"properties":{"cat":"park"}},{"type":"Feature","geometry":{"type":"Point","coordinates":[17.1157,48.09229]},"properties":{"cat":"park"}},{"type":"Feature","geometry":{"type":"Point","coordinates":[17.1171,48.09223]},"properties":{"cat":"park"}},{"type":"Feature","geometry":{"type":"Point","coordinates":[17.11437,48.09324]},"properties":{"cat":"park"}},{"type":"Feature","geometry":{"type":"Point","coordinates":[17.12634,48.08979]},"properties":{"cat":"park"}},{"type":"Feature","geometry":{"type":"Point","coordinates":[17.12622,48.08962]},"properties":{"cat":"park"}},{"type":"Feature","geometry":{"type":"Point","coordinates":[17.12476,48.08943]},"properties":{"cat":"park"}},{"type":"Feature","geometry":{"type":"Point","coordinates":[17.12576,48.08969]},"properties":{"cat":"park"}},{"type":"Feature","geometry":{"type":"Point","coordinates":[17.12535,48.0896]},"properties":{"cat":"park"}},{"type":"Feature","geometry":{"type":"Point","coordinates":[17.12564,48.08942]},"properties":{"cat":"park"}},{"type":"Feature","geometry":{"type":"Point","coordinates":[17.12515,48.08909]},"properties":{"cat":"park"}},{"type":"Feature","geometry":{"type":"Point","coordinates":[17.12514,48.08952]},"properties":{"cat":"park"}},{"type":"Feature","geometry":{"type":"Point","coordinates":[17.12285,48.11505]},"properties":{"cat":"park"}},{"type":"Feature","geometry":{"type":"Point","coordinates":[17.10622,48.11361]},"properties":{"cat":"park"}},{"type":"Feature","geometry":{"type":"Point","coordinates":[17.11893,48.11816]},"properties":{"cat":"park"}},{"type":"Feature","geometry":{"type":"Point","coordinates":[17.10368,48.10958]},"properties":{"cat":"park"}},{"type":"Feature","geometry":{"type":"Point","coordinates":[17.10423,48.11298]},"properties":{"cat":"park"}},{"type":"Feature","geometry":{"type":"Point","coordinates":[17.11682,48.09569]},"properties":{"cat":"park"}},{"type":"Feature","geometry":{"type":"Point","coordinates":[17.1136,48.1257]},"properties":{"cat":"skola"}},{"type":"Feature","geometry":{"type":"Point","coordinates":[17.10492,48.09929]},"properties":{"cat":"park"}},{"type":"Feature","geometry":{"type":"Point","coordinates":[17.1052,48.11657]},"properties":{"cat":"park"}},{"type":"Feature","geometry":{"type":"Point","coordinates":[17.1251,48.12549]},"properties":{"cat":"park"}},{"type":"Feature","geometry":{"type":"Point","coordinates":[17.12516,48.12559]},"properties":{"cat":"park"}},{"type":"Feature","geometry":{"type":"Point","coordinates":[17.12588,48.12486]},"properties":{"cat":"park"}},{"type":"Feature","geometry":{"type":"Point","coordinates":[17.12632,48.12426]},"properties":{"cat":"park"}},{"type":"Feature","geometry":{"type":"Point","coordinates":[17.09743,48.1237]},"properties":{"cat":"park"}},{"type":"Feature","geometry":{"type":"Point","coordinates":[17.11466,48.09169]},"properties":{"cat":"park"}},{"type":"Feature","geometry":{"type":"Point","coordinates":[17.09819,48.1256]},"properties":{"cat":"park"}},{"type":"Feature","geometry":{"type":"Point","coordinates":[17.09836,48.1273]},"properties":{"cat":"park"}},{"type":"Feature","geometry":{"type":"Point","coordinates":[17.1102,48.11578]},"properties":{"cat":"park"}},{"type":"Feature","geometry":{"type":"Point","coordinates":[17.12622,48.08951]},"properties":{"cat":"park"}},{"type":"Feature","geometry":{"type":"Point","coordinates":[17.12598,48.08945]},"properties":{"cat":"park"}},{"type":"Feature","geometry":{"type":"Point","coordinates":[17.12565,48.08919]},"properties":{"cat":"park"}},{"type":"Feature","geometry":{"type":"Point","coordinates":[17.12542,48.08913]},"properties":{"cat":"park"}},{"type":"Feature","geometry":{"type":"Point","coordinates":[17.12519,48.08885]},"properties":{"cat":"park"}},{"type":"Feature","geometry":{"type":"Point","coordinates":[17.10633,48.09809]},"properties":{"cat":"park"}},{"type":"Feature","geometry":{"type":"Point","coordinates":[17.11853,48.09164]},"properties":{"cat":"park"}},{"type":"Feature","geometry":{"type":"Point","coordinates":[17.12708,48.08976]},"properties":{"cat":"park"}},{"type":"Feature","geometry":{"type":"Point","coordinates":[17.09593,48.12837]},"properties":{"cat":"park"}},{"type":"Feature","geometry":{"type":"Point","coordinates":[17.11117,48.11483]},"properties":{"cat":"park"}},{"type":"Feature","geometry":{"type":"Point","coordinates":[17.11185,48.11559]},"properties":{"cat":"park"}},{"type":"Feature","geometry":{"type":"Point","coordinates":[17.09415,48.10644]},"properties":{"cat":"obchod"}},{"type":"Feature","geometry":{"type":"Point","coordinates":[17.09353,48.10647]},"properties":{"cat":"obchod"}},{"type":"Feature","geometry":{"type":"Point","coordinates":[17.0928,48.10704]},"properties":{"cat":"lekaren"}},{"type":"Feature","geometry":{"type":"Point","coordinates":[17.09745,48.10781]},"properties":{"cat":"lekaren"}},{"type":"Feature","geometry":{"type":"Point","coordinates":[17.09755,48.10864]},"properties":{"cat":"obchod"}},{"type":"Feature","geometry":{"type":"Point","coordinates":[17.09668,48.10838]},"properties":{"cat":"obchod"}},{"type":"Feature","geometry":{"type":"Point","coordinates":[17.10171,48.09736]},"properties":{"cat":"park"}},{"type":"Feature","geometry":{"type":"Point","coordinates":[17.10241,48.09672]},"properties":{"cat":"park"}},{"type":"Feature","geometry":{"type":"Point","coordinates":[17.1018,48.1099]},"properties":{"cat":"park"}},{"type":"Feature","geometry":{"type":"Point","coordinates":[17.10327,48.10947]},"properties":{"cat":"park"}},{"type":"Feature","geometry":{"type":"Point","coordinates":[17.11678,48.09177]},"properties":{"cat":"park"}},{"type":"Feature","geometry":{"type":"Point","coordinates":[17.11676,48.09162]},"properties":{"cat":"park"}},{"type":"Feature","geometry":{"type":"Point","coordinates":[17.1161,48.09176]},"properties":{"cat":"park"}},{"type":"Feature","geometry":{"type":"Point","coordinates":[17.11598,48.09191]},"properties":{"cat":"park"}},{"type":"Feature","geometry":{"type":"Point","coordinates":[17.10228,48.10241]},"properties":{"cat":"park"}},{"type":"Feature","geometry":{"type":"Point","coordinates":[17.10252,48.10285]},"properties":{"cat":"park"}},{"type":"Feature","geometry":{"type":"Point","coordinates":[17.12572,48.09015]},"properties":{"cat":"park"}},{"type":"Feature","geometry":{"type":"Point","coordinates":[17.12542,48.09014]},"properties":{"cat":"park"}},{"type":"Feature","geometry":{"type":"Point","coordinates":[17.12513,48.09012]},"properties":{"cat":"park"}},{"type":"Feature","geometry":{"type":"Point","coordinates":[17.12482,48.09012]},"properties":{"cat":"park"}},{"type":"Feature","geometry":{"type":"Point","coordinates":[17.12447,48.09059]},"properties":{"cat":"park"}},{"type":"Feature","geometry":{"type":"Point","coordinates":[17.12449,48.09038]},"properties":{"cat":"park"}},{"type":"Feature","geometry":{"type":"Point","coordinates":[17.12453,48.0901]},"properties":{"cat":"park"}},{"type":"Feature","geometry":{"type":"Point","coordinates":[17.12568,48.09044]},"properties":{"cat":"park"}},{"type":"Feature","geometry":{"type":"Point","coordinates":[17.12565,48.09062]},"properties":{"cat":"park"}},{"type":"Feature","geometry":{"type":"Point","coordinates":[17.12538,48.09063]},"properties":{"cat":"park"}},{"type":"Feature","geometry":{"type":"Point","coordinates":[17.1254,48.09041]},"properties":{"cat":"park"}},{"type":"Feature","geometry":{"type":"Point","coordinates":[17.12504,48.09063]},"properties":{"cat":"park"}},{"type":"Feature","geometry":{"type":"Point","coordinates":[17.12508,48.09041]},"properties":{"cat":"park"}},{"type":"Feature","geometry":{"type":"Point","coordinates":[17.1248,48.0904]},"properties":{"cat":"park"}},{"type":"Feature","geometry":{"type":"Point","coordinates":[17.1248,48.09058]},"properties":{"cat":"park"}},{"type":"Feature","geometry":{"type":"Point","coordinates":[17.12489,48.09048]},"properties":{"cat":"park"}},{"type":"Feature","geometry":{"type":"Point","coordinates":[17.12559,48.09052]},"properties":{"cat":"park"}},{"type":"Feature","geometry":{"type":"Point","coordinates":[17.12559,48.09013]},"properties":{"cat":"park"}},{"type":"Feature","geometry":{"type":"Point","coordinates":[17.12499,48.0901]},"properties":{"cat":"park"}},{"type":"Feature","geometry":{"type":"Point","coordinates":[17.09595,48.12128]},"properties":{"cat":"park"}},{"type":"Feature","geometry":{"type":"Point","coordinates":[17.09548,48.12013]},"properties":{"cat":"park"}},{"type":"Feature","geometry":{"type":"Point","coordinates":[17.09519,48.11975]},"properties":{"cat":"park"}},{"type":"Feature","geometry":{"type":"Point","coordinates":[17.10328,48.09223]},"properties":{"cat":"park"}},{"type":"Feature","geometry":{"type":"Point","coordinates":[17.12256,48.09882]},"properties":{"cat":"park"}},{"type":"Feature","geometry":{"type":"Point","coordinates":[17.12277,48.09908]},"properties":{"cat":"park"}},{"type":"Feature","geometry":{"type":"Point","coordinates":[17.1127,48.10667]},"properties":{"cat":"park"}},{"type":"Feature","geometry":{"type":"Point","coordinates":[17.09633,48.12202]},"properties":{"cat":"park"}},{"type":"Feature","geometry":{"type":"Point","coordinates":[17.11898,48.1152]},"properties":{"cat":"park"}},{"type":"Feature","geometry":{"type":"Point","coordinates":[17.1207,48.11338]},"properties":{"cat":"park"}},{"type":"Feature","geometry":{"type":"Point","coordinates":[17.12678,48.12379]},"properties":{"cat":"park"}},{"type":"Feature","geometry":{"type":"Point","coordinates":[17.11411,48.12369]},"properties":{"cat":"zastavka"}},{"type":"Feature","geometry":{"type":"Point","coordinates":[17.11422,48.12364]},"properties":{"cat":"zastavka"}},{"type":"Feature","geometry":{"type":"Point","coordinates":[17.11119,48.12062]},"properties":{"cat":"zastavka"}},{"type":"Feature","geometry":{"type":"Point","coordinates":[17.1113,48.12057]},"properties":{"cat":"zastavka"}},{"type":"Feature","geometry":{"type":"Point","coordinates":[17.10946,48.09971]},"properties":{"cat":"zastavka"}},{"type":"Feature","geometry":{"type":"Point","coordinates":[17.11697,48.12742]},"properties":{"cat":"zastavka"}},{"type":"Feature","geometry":{"type":"Point","coordinates":[17.11667,48.12743]},"properties":{"cat":"zastavka"}},{"type":"Feature","geometry":{"type":"Point","coordinates":[17.12241,48.12145]},"properties":{"cat":"skolka"}},{"type":"Feature","geometry":{"type":"Point","coordinates":[17.12754,48.12032]},"properties":{"cat":"skolka"}},{"type":"Feature","geometry":{"type":"Point","coordinates":[17.1078,48.11013]},"properties":{"cat":"zastavka"}},{"type":"Feature","geometry":{"type":"Point","coordinates":[17.08331,48.10571]},"properties":{"cat":"park"}},{"type":"Feature","geometry":{"type":"Point","coordinates":[17.08381,48.10547]},"properties":{"cat":"park"}},{"type":"Feature","geometry":{"type":"Point","coordinates":[17.09123,48.11278]},"properties":{"cat":"park"}},{"type":"Feature","geometry":{"type":"Point","coordinates":[17.09519,48.12138]},"properties":{"cat":"park"}},{"type":"Feature","geometry":{"type":"Point","coordinates":[17.12509,48.11262]},"properties":{"cat":"skolka"}},{"type":"Feature","geometry":{"type":"Point","coordinates":[17.1268,48.11084]},"properties":{"cat":"park"}},{"type":"Feature","geometry":{"type":"Point","coordinates":[17.10856,48.11687]},"properties":{"cat":"zastavka"}},{"type":"Feature","geometry":{"type":"Point","coordinates":[17.1084,48.11688]},"properties":{"cat":"zastavka"}},{"type":"Feature","geometry":{"type":"Point","coordinates":[17.10796,48.11013]},"properties":{"cat":"zastavka"}},{"type":"Feature","geometry":{"type":"Point","coordinates":[17.10755,48.10462]},"properties":{"cat":"zastavka"}},{"type":"Feature","geometry":{"type":"Point","coordinates":[17.10738,48.10463]},"properties":{"cat":"zastavka"}},{"type":"Feature","geometry":{"type":"Point","coordinates":[17.10933,48.09969]},"properties":{"cat":"zastavka"}},{"type":"Feature","geometry":{"type":"Point","coordinates":[17.1092,48.0941]},"properties":{"cat":"zastavka"}},{"type":"Feature","geometry":{"type":"Point","coordinates":[17.10945,48.0941]},"properties":{"cat":"zastavka"}},{"type":"Feature","geometry":{"type":"Point","coordinates":[17.12701,48.08983]},"properties":{"cat":"skolka"}},{"type":"Feature","geometry":{"type":"Point","coordinates":[17.11974,48.09152]},"properties":{"cat":"park"}},{"type":"Feature","geometry":{"type":"Point","coordinates":[17.11747,48.10858]},"properties":{"cat":"park"}},{"type":"Feature","geometry":{"type":"Point","coordinates":[17.11824,48.11842]},"properties":{"cat":"park"}},{"type":"Feature","geometry":{"type":"Point","coordinates":[17.11996,48.11693]},"properties":{"cat":"park"}},{"type":"Feature","geometry":{"type":"Point","coordinates":[17.09918,48.10852]},"properties":{"cat":"park"}},{"type":"Feature","geometry":{"type":"Point","coordinates":[17.1239,48.12844]},"properties":{"cat":"lekar"}},{"type":"Feature","geometry":{"type":"Point","coordinates":[17.10644,48.1052]},"properties":{"cat":"lekar"}},{"type":"Feature","geometry":{"type":"Point","coordinates":[17.11177,48.11675]},"properties":{"cat":"lekar"}},{"type":"Feature","geometry":{"type":"Point","coordinates":[17.16585,48.11285]},"properties":{"cat":"zastavka"}},{"type":"Feature","geometry":{"type":"Point","coordinates":[17.16739,48.10757]},"properties":{"cat":"zastavka"}},{"type":"Feature","geometry":{"type":"Point","coordinates":[17.1588,48.12382]},"properties":{"cat":"zastavka"}},{"type":"Feature","geometry":{"type":"Point","coordinates":[17.16306,48.11654]},"properties":{"cat":"zastavka"}},{"type":"Feature","geometry":{"type":"Point","coordinates":[17.17428,48.12805]},"properties":{"cat":"lekaren"}},{"type":"Feature","geometry":{"type":"Point","coordinates":[17.18012,48.12776]},"properties":{"cat":"skola"}},{"type":"Feature","geometry":{"type":"Point","coordinates":[17.19843,48.10165]},"properties":{"cat":"zastavka"}},{"type":"Feature","geometry":{"type":"Point","coordinates":[17.16381,48.11734]},"properties":{"cat":"zastavka"}},{"type":"Feature","geometry":{"type":"Point","coordinates":[17.16131,48.1222]},"properties":{"cat":"zastavka"}},{"type":"Feature","geometry":{"type":"Point","coordinates":[17.1615,48.12222]},"properties":{"cat":"zastavka"}},{"type":"Feature","geometry":{"type":"Point","coordinates":[17.16582,48.11284]},"properties":{"cat":"zastavka"}},{"type":"Feature","geometry":{"type":"Point","coordinates":[17.1475,48.10523]},"properties":{"cat":"park"}},{"type":"Feature","geometry":{"type":"Point","coordinates":[17.13555,48.12766]},"properties":{"cat":"park"}},{"type":"Feature","geometry":{"type":"Point","coordinates":[17.17438,48.12801]},"properties":{"cat":"lekar"}},{"type":"Feature","geometry":{"type":"Point","coordinates":[17.17412,48.12801]},"properties":{"cat":"lekar"}},{"type":"Feature","geometry":{"type":"Point","coordinates":[17.17761,48.11394]},"properties":{"cat":"zastavka"}},{"type":"Feature","geometry":{"type":"Point","coordinates":[17.17826,48.11569]},"properties":{"cat":"zastavka"}},{"type":"Feature","geometry":{"type":"Point","coordinates":[17.17817,48.11543]},"properties":{"cat":"zastavka"}},{"type":"Feature","geometry":{"type":"Point","coordinates":[17.17784,48.12007]},"properties":{"cat":"zastavka"}},{"type":"Feature","geometry":{"type":"Point","coordinates":[17.17797,48.12017]},"properties":{"cat":"zastavka"}},{"type":"Feature","geometry":{"type":"Point","coordinates":[17.17214,48.12374]},"properties":{"cat":"zastavka"}},{"type":"Feature","geometry":{"type":"Point","coordinates":[17.17225,48.12368]},"properties":{"cat":"zastavka"}},{"type":"Feature","geometry":{"type":"Point","coordinates":[17.18388,48.11728]},"properties":{"cat":"zastavka"}},{"type":"Feature","geometry":{"type":"Point","coordinates":[17.18401,48.11723]},"properties":{"cat":"zastavka"}},{"type":"Feature","geometry":{"type":"Point","coordinates":[17.18355,48.11414]},"properties":{"cat":"zastavka"}},{"type":"Feature","geometry":{"type":"Point","coordinates":[17.18343,48.11407]},"properties":{"cat":"zastavka"}},{"type":"Feature","geometry":{"type":"Point","coordinates":[17.18091,48.11713]},"properties":{"cat":"zastavka"}},{"type":"Feature","geometry":{"type":"Point","coordinates":[17.17992,48.11715]},"properties":{"cat":"zastavka"}},{"type":"Feature","geometry":{"type":"Point","coordinates":[17.17871,48.10966]},"properties":{"cat":"zastavka"}},{"type":"Feature","geometry":{"type":"Point","coordinates":[17.17857,48.10969]},"properties":{"cat":"zastavka"}},{"type":"Feature","geometry":{"type":"Point","coordinates":[17.17853,48.11211]},"properties":{"cat":"zastavka"}},{"type":"Feature","geometry":{"type":"Point","coordinates":[17.1784,48.11222]},"properties":{"cat":"zastavka"}},{"type":"Feature","geometry":{"type":"Point","coordinates":[17.17831,48.11353]},"properties":{"cat":"zastavka"}},{"type":"Feature","geometry":{"type":"Point","coordinates":[17.17841,48.11359]},"properties":{"cat":"zastavka"}},{"type":"Feature","geometry":{"type":"Point","coordinates":[17.19027,48.11426]},"properties":{"cat":"zastavka"}},{"type":"Feature","geometry":{"type":"Point","coordinates":[17.19042,48.11436]},"properties":{"cat":"zastavka"}},{"type":"Feature","geometry":{"type":"Point","coordinates":[17.04587,48.15428]},"properties":{"cat":"zastavka"}},{"type":"Feature","geometry":{"type":"Point","coordinates":[17.04806,48.15186]},"properties":{"cat":"zastavka"}},{"type":"Feature","geometry":{"type":"Point","coordinates":[17.05424,48.14951]},"properties":{"cat":"zastavka"}},{"type":"Feature","geometry":{"type":"Point","coordinates":[17.05162,48.15122]},"properties":{"cat":"zastavka"}},{"type":"Feature","geometry":{"type":"Point","coordinates":[17.05616,48.14934]},"properties":{"cat":"zastavka"}},{"type":"Feature","geometry":{"type":"Point","coordinates":[17.05806,48.14938]},"properties":{"cat":"zastavka"}},{"type":"Feature","geometry":{"type":"Point","coordinates":[17.06315,48.14934]},"properties":{"cat":"zastavka"}},{"type":"Feature","geometry":{"type":"Point","coordinates":[17.05909,48.15335]},"properties":{"cat":"zastavka"}},{"type":"Feature","geometry":{"type":"Point","coordinates":[17.05358,48.15597]},"properties":{"cat":"zastavka"}},{"type":"Feature","geometry":{"type":"Point","coordinates":[17.04856,48.16217]},"properties":{"cat":"zastavka"}},{"type":"Feature","geometry":{"type":"Point","coordinates":[17.04679,48.16464]},"properties":{"cat":"zastavka"}},{"type":"Feature","geometry":{"type":"Point","coordinates":[17.04922,48.16214]},"properties":{"cat":"obchod"}},{"type":"Feature","geometry":{"type":"Point","coordinates":[17.05814,48.15343]},"properties":{"cat":"zastavka"}},{"type":"Feature","geometry":{"type":"Point","coordinates":[17.00885,48.13604]},"properties":{"cat":"zastavka"}},{"type":"Feature","geometry":{"type":"Point","coordinates":[17.04952,48.17047]},"properties":{"cat":"zastavka"}},{"type":"Feature","geometry":{"type":"Point","coordinates":[17.06433,48.15891]},"properties":{"cat":"lekar"}},{"type":"Feature","geometry":{"type":"Point","coordinates":[17.05732,48.14889]},"properties":{"cat":"zastavka"}},{"type":"Feature","geometry":{"type":"Point","coordinates":[17.04951,48.16273]},"properties":{"cat":"lekaren"}},{"type":"Feature","geometry":{"type":"Point","coordinates":[17.04967,48.1504]},"properties":{"cat":"obchod"}},{"type":"Feature","geometry":{"type":"Point","coordinates":[17.06326,48.14815]},"properties":{"cat":"zastavka"}},{"type":"Feature","geometry":{"type":"Point","coordinates":[17.06421,48.14814]},"properties":{"cat":"zastavka"}},{"type":"Feature","geometry":{"type":"Point","coordinates":[17.04384,48.14883]},"properties":{"cat":"zastavka"}},{"type":"Feature","geometry":{"type":"Point","coordinates":[17.05333,48.14681]},"properties":{"cat":"zastavka"}},{"type":"Feature","geometry":{"type":"Point","coordinates":[17.0529,48.14691]},"properties":{"cat":"zastavka"}},{"type":"Feature","geometry":{"type":"Point","coordinates":[17.04383,48.14894]},"properties":{"cat":"zastavka"}},{"type":"Feature","geometry":{"type":"Point","coordinates":[17.03202,48.15163]},"properties":{"cat":"zastavka"}},{"type":"Feature","geometry":{"type":"Point","coordinates":[17.03148,48.15175]},"properties":{"cat":"zastavka"}},{"type":"Feature","geometry":{"type":"Point","coordinates":[17.05117,48.15094]},"properties":{"cat":"lekaren"}},{"type":"Feature","geometry":{"type":"Point","coordinates":[17.05848,48.15394]},"properties":{"cat":"lekaren"}},{"type":"Feature","geometry":{"type":"Point","coordinates":[17.00806,48.15837]},"properties":{"cat":"zastavka"}},{"type":"Feature","geometry":{"type":"Point","coordinates":[17.01383,48.15697]},"properties":{"cat":"zastavka"}},{"type":"Feature","geometry":{"type":"Point","coordinates":[17.03782,48.15056]},"properties":{"cat":"zastavka"}},{"type":"Feature","geometry":{"type":"Point","coordinates":[17.00029,48.163]},"properties":{"cat":"zastavka"}},{"type":"Feature","geometry":{"type":"Point","coordinates":[17.05641,48.14972]},"properties":{"cat":"zastavka"}},{"type":"Feature","geometry":{"type":"Point","coordinates":[17.05341,48.14972]},"properties":{"cat":"zastavka"}},{"type":"Feature","geometry":{"type":"Point","coordinates":[17.0476,48.15203]},"properties":{"cat":"zastavka"}},{"type":"Feature","geometry":{"type":"Point","coordinates":[17.05096,48.15187]},"properties":{"cat":"zastavka"}},{"type":"Feature","geometry":{"type":"Point","coordinates":[17.04511,48.15682]},"properties":{"cat":"zastavka"}},{"type":"Feature","geometry":{"type":"Point","coordinates":[17.04505,48.15728]},"properties":{"cat":"zastavka"}},{"type":"Feature","geometry":{"type":"Point","coordinates":[17.04482,48.15762]},"properties":{"cat":"zastavka"}},{"type":"Feature","geometry":{"type":"Point","coordinates":[17.04442,48.15786]},"properties":{"cat":"zastavka"}},{"type":"Feature","geometry":{"type":"Point","coordinates":[17.04441,48.15764]},"properties":{"cat":"obchod"}},{"type":"Feature","geometry":{"type":"Point","coordinates":[17.04615,48.15484]},"properties":{"cat":"zastavka"}},{"type":"Feature","geometry":{"type":"Point","coordinates":[17.04816,48.16241]},"properties":{"cat":"zastavka"}},{"type":"Feature","geometry":{"type":"Point","coordinates":[17.05159,48.15876]},"properties":{"cat":"zastavka"}},{"type":"Feature","geometry":{"type":"Point","coordinates":[17.02427,48.1527]},"properties":{"cat":"zastavka"}},{"type":"Feature","geometry":{"type":"Point","coordinates":[17.03819,48.15041]},"properties":{"cat":"zastavka"}},{"type":"Feature","geometry":{"type":"Point","coordinates":[17.0083,48.15809]},"properties":{"cat":"zastavka"}},{"type":"Feature","geometry":{"type":"Point","coordinates":[17.01381,48.15688]},"properties":{"cat":"zastavka"}},{"type":"Feature","geometry":{"type":"Point","coordinates":[17.00022,48.16288]},"properties":{"cat":"zastavka"}},{"type":"Feature","geometry":{"type":"Point","coordinates":[17.02504,48.15262]},"properties":{"cat":"zastavka"}},{"type":"Feature","geometry":{"type":"Point","coordinates":[17.05163,48.1584]},"properties":{"cat":"zastavka"}},{"type":"Feature","geometry":{"type":"Point","coordinates":[17.05173,48.15895]},"properties":{"cat":"zastavka"}},{"type":"Feature","geometry":{"type":"Point","coordinates":[17.05271,48.15682]},"properties":{"cat":"zastavka"}},{"type":"Feature","geometry":{"type":"Point","coordinates":[17.0532,48.15687]},"properties":{"cat":"zastavka"}},{"type":"Feature","geometry":{"type":"Point","coordinates":[17.05802,48.15376]},"properties":{"cat":"zastavka"}},{"type":"Feature","geometry":{"type":"Point","coordinates":[17.00831,48.13643]},"properties":{"cat":"zastavka"}},{"type":"Feature","geometry":{"type":"Point","coordinates":[17.04659,48.16498]},"properties":{"cat":"zastavka"}},{"type":"Feature","geometry":{"type":"Point","coordinates":[17.06291,48.1498]},"properties":{"cat":"zastavka"}},{"type":"Feature","geometry":{"type":"Point","coordinates":[17.05845,48.15354]},"properties":{"cat":"zastavka"}},{"type":"Feature","geometry":{"type":"Point","coordinates":[17.05331,48.15643]},"properties":{"cat":"zastavka"}},{"type":"Feature","geometry":{"type":"Point","coordinates":[17.05132,48.15921]},"properties":{"cat":"zastavka"}},{"type":"Feature","geometry":{"type":"Point","coordinates":[17.04828,48.16262]},"properties":{"cat":"zastavka"}},{"type":"Feature","geometry":{"type":"Point","coordinates":[17.04954,48.17095]},"properties":{"cat":"zastavka"}},{"type":"Feature","geometry":{"type":"Point","coordinates":[17.04624,48.15968]},"properties":{"cat":"zastavka"}},{"type":"Feature","geometry":{"type":"Point","coordinates":[17.06539,48.15345]},"properties":{"cat":"zastavka"}},{"type":"Feature","geometry":{"type":"Point","coordinates":[17.06545,48.15377]},"properties":{"cat":"zastavka"}},{"type":"Feature","geometry":{"type":"Point","coordinates":[17.06459,48.15043]},"properties":{"cat":"zastavka"}},{"type":"Feature","geometry":{"type":"Point","coordinates":[17.06193,48.15289]},"properties":{"cat":"zastavka"}},{"type":"Feature","geometry":{"type":"Point","coordinates":[17.06102,48.16125]},"properties":{"cat":"zastavka"}},{"type":"Feature","geometry":{"type":"Point","coordinates":[17.06111,48.16126]},"properties":{"cat":"zastavka"}},{"type":"Feature","geometry":{"type":"Point","coordinates":[17.0638,48.15746]},"properties":{"cat":"zastavka"}},{"type":"Feature","geometry":{"type":"Point","coordinates":[17.06391,48.15755]},"properties":{"cat":"zastavka"}},{"type":"Feature","geometry":{"type":"Point","coordinates":[17.0622,48.15953]},"properties":{"cat":"zastavka"}},{"type":"Feature","geometry":{"type":"Point","coordinates":[17.0622,48.15963]},"properties":{"cat":"zastavka"}},{"type":"Feature","geometry":{"type":"Point","coordinates":[17.06631,48.15078]},"properties":{"cat":"zastavka"}},{"type":"Feature","geometry":{"type":"Point","coordinates":[17.06634,48.15108]},"properties":{"cat":"zastavka"}},{"type":"Feature","geometry":{"type":"Point","coordinates":[17.06238,48.16237]},"properties":{"cat":"zastavka"}},{"type":"Feature","geometry":{"type":"Point","coordinates":[17.06235,48.16246]},"properties":{"cat":"zastavka"}},{"type":"Feature","geometry":{"type":"Point","coordinates":[17.04933,48.16996]},"properties":{"cat":"zastavka"}},{"type":"Feature","geometry":{"type":"Point","coordinates":[17.06036,48.15194]},"properties":{"cat":"lekaren"}},{"type":"Feature","geometry":{"type":"Point","coordinates":[17.04554,48.1611]},"properties":{"cat":"zastavka"}},{"type":"Feature","geometry":{"type":"Point","coordinates":[17.04561,48.16117]},"properties":{"cat":"zastavka"}},{"type":"Feature","geometry":{"type":"Point","coordinates":[17.04619,48.15973]},"properties":{"cat":"zastavka"}},{"type":"Feature","geometry":{"type":"Point","coordinates":[17.04335,48.16269]},"properties":{"cat":"zastavka"}},{"type":"Feature","geometry":{"type":"Point","coordinates":[17.04656,48.15533]},"properties":{"cat":"skola"}},{"type":"Feature","geometry":{"type":"Point","coordinates":[17.0445,48.15755]},"properties":{"cat":"lekaren"}},{"type":"Feature","geometry":{"type":"Point","coordinates":[17.04996,48.15206]},"properties":{"cat":"lekaren"}},{"type":"Feature","geometry":{"type":"Point","coordinates":[17.06137,48.1537]},"properties":{"cat":"lekaren"}},{"type":"Feature","geometry":{"type":"Point","coordinates":[17.00624,48.13553]},"properties":{"cat":"zastavka"}},{"type":"Feature","geometry":{"type":"Point","coordinates":[17.06151,48.15349]},"properties":{"cat":"lekar"}},{"type":"Feature","geometry":{"type":"Point","coordinates":[17.06393,48.14968]},"properties":{"cat":"lekaren"}},{"type":"Feature","geometry":{"type":"Point","coordinates":[17.01708,48.13255]},"properties":{"cat":"zastavka"}},{"type":"Feature","geometry":{"type":"Point","coordinates":[17.01621,48.13322]},"properties":{"cat":"zastavka"}},{"type":"Feature","geometry":{"type":"Point","coordinates":[17.0406,48.15503]},"properties":{"cat":"park"}},{"type":"Feature","geometry":{"type":"Point","coordinates":[17.04979,48.17076]},"properties":{"cat":"zastavka"}},{"type":"Feature","geometry":{"type":"Point","coordinates":[17.04339,48.16792]},"properties":{"cat":"lekar"}},{"type":"Feature","geometry":{"type":"Point","coordinates":[17.04863,48.16244]},"properties":{"cat":"zastavka"}},{"type":"Feature","geometry":{"type":"Point","coordinates":[17.04608,48.16675]},"properties":{"cat":"zastavka"}},{"type":"Feature","geometry":{"type":"Point","coordinates":[17.04603,48.16677]},"properties":{"cat":"zastavka"}},{"type":"Feature","geometry":{"type":"Point","coordinates":[17.04256,48.15582]},"properties":{"cat":"skola"}},{"type":"Feature","geometry":{"type":"Point","coordinates":[17.06299,48.14988]},"properties":{"cat":"zastavka"}},{"type":"Feature","geometry":{"type":"Point","coordinates":[17.06292,48.1495]},"properties":{"cat":"zastavka"}},{"type":"Feature","geometry":{"type":"Point","coordinates":[17.04539,48.16457]},"properties":{"cat":"zastavka"}},{"type":"Feature","geometry":{"type":"Point","coordinates":[17.05113,48.16078]},"properties":{"cat":"park"}},{"type":"Feature","geometry":{"type":"Point","coordinates":[17.0481,48.16316]},"properties":{"cat":"zastavka"}},{"type":"Feature","geometry":{"type":"Point","coordinates":[17.05293,48.15034]},"properties":{"cat":"park"}},{"type":"Feature","geometry":{"type":"Point","coordinates":[17.0556,48.14959]},"properties":{"cat":"park"}},{"type":"Feature","geometry":{"type":"Point","coordinates":[17.04731,48.16455]},"properties":{"cat":"zastavka"}},{"type":"Feature","geometry":{"type":"Point","coordinates":[17.05269,48.15984]},"properties":{"cat":"lekaren"}},{"type":"Feature","geometry":{"type":"Point","coordinates":[17.04873,48.15348]},"properties":{"cat":"obchod"}},{"type":"Feature","geometry":{"type":"Point","coordinates":[17.00656,48.13559]},"properties":{"cat":"zastavka"}},{"type":"Feature","geometry":{"type":"Point","coordinates":[17.05043,48.1646]},"properties":{"cat":"park"}},{"type":"Feature","geometry":{"type":"Point","coordinates":[17.05229,48.1689]},"properties":{"cat":"skola"}},{"type":"Feature","geometry":{"type":"Point","coordinates":[17.05265,48.15885]},"properties":{"cat":"obchod"}},{"type":"Feature","geometry":{"type":"Point","coordinates":[17.05294,48.15228]},"properties":{"cat":"park"}},{"type":"Feature","geometry":{"type":"Point","coordinates":[17.0501,48.15298]},"properties":{"cat":"obchod"}},{"type":"Feature","geometry":{"type":"Point","coordinates":[17.06124,48.15392]},"properties":{"cat":"lekar"}},{"type":"Feature","geometry":{"type":"Point","coordinates":[17.04585,48.15501]},"properties":{"cat":"lekaren"}},{"type":"Feature","geometry":{"type":"Point","coordinates":[17.05681,48.15487]},"properties":{"cat":"skola"}},{"type":"Feature","geometry":{"type":"Point","coordinates":[17.05175,48.16057]},"properties":{"cat":"skola"}},{"type":"Feature","geometry":{"type":"Point","coordinates":[17.05096,48.16142]},"properties":{"cat":"skolka"}},{"type":"Feature","geometry":{"type":"Point","coordinates":[17.05157,48.15368]},"properties":{"cat":"skolka"}},{"type":"Feature","geometry":{"type":"Point","coordinates":[17.05472,48.15642]},"properties":{"cat":"park"}},{"type":"Feature","geometry":{"type":"Point","coordinates":[17.05245,48.15644]},"properties":{"cat":"park"}},{"type":"Feature","geometry":{"type":"Point","coordinates":[17.04794,48.15495]},"properties":{"cat":"park"}},{"type":"Feature","geometry":{"type":"Point","coordinates":[17.05069,48.15897]},"properties":{"cat":"obchod"}},{"type":"Feature","geometry":{"type":"Point","coordinates":[17.06311,48.15048]},"properties":{"cat":"obchod"}},{"type":"Feature","geometry":{"type":"Point","coordinates":[17.05646,48.15204]},"properties":{"cat":"skolka"}},{"type":"Feature","geometry":{"type":"Point","coordinates":[17.05135,48.1566]},"properties":{"cat":"skolka"}},{"type":"Feature","geometry":{"type":"Point","coordinates":[17.06409,48.14978]},"properties":{"cat":"obchod"}},{"type":"Feature","geometry":{"type":"Point","coordinates":[17.06589,48.14785]},"properties":{"cat":"obchod"}},{"type":"Feature","geometry":{"type":"Point","coordinates":[17.05995,48.15425]},"properties":{"cat":"obchod"}},{"type":"Feature","geometry":{"type":"Point","coordinates":[17.05892,48.15179]},"properties":{"cat":"obchod"}},{"type":"Feature","geometry":{"type":"Point","coordinates":[17.05244,48.15955]},"properties":{"cat":"park"}},{"type":"Feature","geometry":{"type":"Point","coordinates":[17.05035,48.16307]},"properties":{"cat":"park"}},{"type":"Feature","geometry":{"type":"Point","coordinates":[17.04711,48.16293]},"properties":{"cat":"park"}},{"type":"Feature","geometry":{"type":"Point","coordinates":[17.05822,48.1558]},"properties":{"cat":"park"}},{"type":"Feature","geometry":{"type":"Point","coordinates":[17.05919,48.15521]},"properties":{"cat":"park"}},{"type":"Feature","geometry":{"type":"Point","coordinates":[17.04991,48.15087]},"properties":{"cat":"obchod"}},{"type":"Feature","geometry":{"type":"Point","coordinates":[17.05134,48.15261]},"properties":{"cat":"park"}},{"type":"Feature","geometry":{"type":"Point","coordinates":[17.06296,48.14957]},"properties":{"cat":"zastavka"}},{"type":"Feature","geometry":{"type":"Point","coordinates":[17.05005,48.1522]},"properties":{"cat":"obchod"}},{"type":"Feature","geometry":{"type":"Point","coordinates":[17.05337,48.1562]},"properties":{"cat":"zastavka"}},{"type":"Feature","geometry":{"type":"Point","coordinates":[17.05349,48.15623]},"properties":{"cat":"zastavka"}},{"type":"Feature","geometry":{"type":"Point","coordinates":[17.04894,48.16374]},"properties":{"cat":"park"}},{"type":"Feature","geometry":{"type":"Point","coordinates":[17.00652,48.13598]},"properties":{"cat":"skola"}},{"type":"Feature","geometry":{"type":"Point","coordinates":[17.00662,48.13615]},"properties":{"cat":"park"}},{"type":"Feature","geometry":{"type":"Point","coordinates":[17.04761,48.15803]},"properties":{"cat":"park"}},{"type":"Feature","geometry":{"type":"Point","coordinates":[17.04392,48.15529]},"properties":{"cat":"park"}},{"type":"Feature","geometry":{"type":"Point","coordinates":[17.04425,48.15392]},"properties":{"cat":"park"}},{"type":"Feature","geometry":{"type":"Point","coordinates":[17.04228,48.15654]},"properties":{"cat":"park"}},{"type":"Feature","geometry":{"type":"Point","coordinates":[17.04979,48.15255]},"properties":{"cat":"park"}},{"type":"Feature","geometry":{"type":"Point","coordinates":[17.04955,48.15284]},"properties":{"cat":"park"}},{"type":"Feature","geometry":{"type":"Point","coordinates":[17.04875,48.16453]},"properties":{"cat":"park"}},{"type":"Feature","geometry":{"type":"Point","coordinates":[17.04732,48.15965]},"properties":{"cat":"park"}},{"type":"Feature","geometry":{"type":"Point","coordinates":[17.04691,48.16033]},"properties":{"cat":"park"}},{"type":"Feature","geometry":{"type":"Point","coordinates":[17.04741,48.16001]},"properties":{"cat":"park"}},{"type":"Feature","geometry":{"type":"Point","coordinates":[17.04908,48.1605]},"properties":{"cat":"park"}},{"type":"Feature","geometry":{"type":"Point","coordinates":[17.0454,48.1617]},"properties":{"cat":"park"}},{"type":"Feature","geometry":{"type":"Point","coordinates":[17.04572,48.16111]},"properties":{"cat":"park"}},{"type":"Feature","geometry":{"type":"Point","coordinates":[17.0462,48.16115]},"properties":{"cat":"park"}},{"type":"Feature","geometry":{"type":"Point","coordinates":[17.04562,48.16195]},"properties":{"cat":"park"}},{"type":"Feature","geometry":{"type":"Point","coordinates":[17.0454,48.16229]},"properties":{"cat":"park"}},{"type":"Feature","geometry":{"type":"Point","coordinates":[17.04588,48.16221]},"properties":{"cat":"park"}},{"type":"Feature","geometry":{"type":"Point","coordinates":[17.04944,48.15951]},"properties":{"cat":"skolka"}},{"type":"Feature","geometry":{"type":"Point","coordinates":[17.04937,48.16105]},"properties":{"cat":"park"}},{"type":"Feature","geometry":{"type":"Point","coordinates":[17.04835,48.16118]},"properties":{"cat":"park"}},{"type":"Feature","geometry":{"type":"Point","coordinates":[17.04847,48.16243]},"properties":{"cat":"zastavka"}},{"type":"Feature","geometry":{"type":"Point","coordinates":[17.05323,48.16365]},"properties":{"cat":"park"}},{"type":"Feature","geometry":{"type":"Point","coordinates":[17.05152,48.15901]},"properties":{"cat":"zastavka"}},{"type":"Feature","geometry":{"type":"Point","coordinates":[17.0496,48.17069]},"properties":{"cat":"zastavka"}},{"type":"Feature","geometry":{"type":"Point","coordinates":[17.04835,48.16239]},"properties":{"cat":"zastavka"}},{"type":"Feature","geometry":{"type":"Point","coordinates":[17.05139,48.15897]},"properties":{"cat":"zastavka"}},{"type":"Feature","geometry":{"type":"Point","coordinates":[17.04664,48.16478]},"properties":{"cat":"zastavka"}},{"type":"Feature","geometry":{"type":"Point","coordinates":[17.04678,48.16478]},"properties":{"cat":"zastavka"}},{"type":"Feature","geometry":{"type":"Point","coordinates":[17.04947,48.17069]},"properties":{"cat":"zastavka"}},{"type":"Feature","geometry":{"type":"Point","coordinates":[17.06308,48.1496]},"properties":{"cat":"zastavka"}},{"type":"Feature","geometry":{"type":"Point","coordinates":[17.04719,48.15673]},"properties":{"cat":"park"}},{"type":"Feature","geometry":{"type":"Point","coordinates":[17.05428,48.15562]},"properties":{"cat":"park"}},{"type":"Feature","geometry":{"type":"Point","coordinates":[17.05534,48.15465]},"properties":{"cat":"park"}},{"type":"Feature","geometry":{"type":"Point","coordinates":[17.00646,48.13552]},"properties":{"cat":"zastavka"}},{"type":"Feature","geometry":{"type":"Point","coordinates":[17.06092,48.14683]},"properties":{"cat":"park"}},{"type":"Feature","geometry":{"type":"Point","coordinates":[17.06052,48.14684]},"properties":{"cat":"park"}},{"type":"Feature","geometry":{"type":"Point","coordinates":[17.05091,48.15921]},"properties":{"cat":"obchod"}},{"type":"Feature","geometry":{"type":"Point","coordinates":[17.00642,48.13547]},"properties":{"cat":"zastavka"}},{"type":"Feature","geometry":{"type":"Point","coordinates":[17.0064,48.13543]},"properties":{"cat":"zastavka"}},{"type":"Feature","geometry":{"type":"Point","coordinates":[17.00608,48.13617]},"properties":{"cat":"skolka"}},{"type":"Feature","geometry":{"type":"Point","coordinates":[17.06132,48.15353]},"properties":{"cat":"lekar"}},{"type":"Feature","geometry":{"type":"Point","coordinates":[17.06011,48.1503]},"properties":{"cat":"skola"}},{"type":"Feature","geometry":{"type":"Point","coordinates":[17.0574,48.15196]},"properties":{"cat":"park"}},{"type":"Feature","geometry":{"type":"Point","coordinates":[17.05782,48.15334]},"properties":{"cat":"park"}},{"type":"Feature","geometry":{"type":"Point","coordinates":[17.06991,48.14567]},"properties":{"cat":"park"}},{"type":"Feature","geometry":{"type":"Point","coordinates":[17.05347,48.15818]},"properties":{"cat":"park"}},{"type":"Feature","geometry":{"type":"Point","coordinates":[17.05926,48.15459]},"properties":{"cat":"park"}},{"type":"Feature","geometry":{"type":"Point","coordinates":[17.06045,48.15492]},"properties":{"cat":"park"}},{"type":"Feature","geometry":{"type":"Point","coordinates":[17.05901,48.15237]},"properties":{"cat":"park"}},{"type":"Feature","geometry":{"type":"Point","coordinates":[17.04783,48.16375]},"properties":{"cat":"park"}},{"type":"Feature","geometry":{"type":"Point","coordinates":[17.05504,48.15551]},"properties":{"cat":"park"}},{"type":"Feature","geometry":{"type":"Point","coordinates":[17.04642,48.16216]},"properties":{"cat":"park"}},{"type":"Feature","geometry":{"type":"Point","coordinates":[17.00642,48.13556]},"properties":{"cat":"zastavka"}},{"type":"Feature","geometry":{"type":"Point","coordinates":[17.06467,48.15964]},"properties":{"cat":"park"}},{"type":"Feature","geometry":{"type":"Point","coordinates":[17.05297,48.15034]},"properties":{"cat":"park"}},{"type":"Feature","geometry":{"type":"Point","coordinates":[17.05126,48.14985]},"properties":{"cat":"park"}},{"type":"Feature","geometry":{"type":"Point","coordinates":[17.04807,48.15505]},"properties":{"cat":"park"}},{"type":"Feature","geometry":{"type":"Point","coordinates":[17.04717,48.15603]},"properties":{"cat":"park"}},{"type":"Feature","geometry":{"type":"Point","coordinates":[17.05506,48.15594]},"properties":{"cat":"park"}},{"type":"Feature","geometry":{"type":"Point","coordinates":[17.04806,48.1614]},"properties":{"cat":"park"}},{"type":"Feature","geometry":{"type":"Point","coordinates":[17.06101,48.14704]},"properties":{"cat":"park"}},{"type":"Feature","geometry":{"type":"Point","coordinates":[17.04664,48.15121]},"properties":{"cat":"park"}},{"type":"Feature","geometry":{"type":"Point","coordinates":[17.04672,48.15145]},"properties":{"cat":"skolka"}},{"type":"Feature","geometry":{"type":"Point","coordinates":[17.05654,48.15192]},"properties":{"cat":"skolka"}},{"type":"Feature","geometry":{"type":"Point","coordinates":[17.05513,48.15078]},"properties":{"cat":"park"}},{"type":"Feature","geometry":{"type":"Point","coordinates":[17.00662,48.13628]},"properties":{"cat":"park"}},{"type":"Feature","geometry":{"type":"Point","coordinates":[17.00352,48.13793]},"properties":{"cat":"park"}},{"type":"Feature","geometry":{"type":"Point","coordinates":[17.01543,48.1323]},"properties":{"cat":"park"}},{"type":"Feature","geometry":{"type":"Point","coordinates":[17.06389,48.14717]},"properties":{"cat":"park"}},{"type":"Feature","geometry":{"type":"Point","coordinates":[17.05989,48.15098]},"properties":{"cat":"skolka"}},{"type":"Feature","geometry":{"type":"Point","coordinates":[17.06092,48.1508]},"properties":{"cat":"park"}},{"type":"Feature","geometry":{"type":"Point","coordinates":[17.0613,48.15026]},"properties":{"cat":"park"}},{"type":"Feature","geometry":{"type":"Point","coordinates":[17.0618,48.15079]},"properties":{"cat":"park"}},{"type":"Feature","geometry":{"type":"Point","coordinates":[17.06218,48.15025]},"properties":{"cat":"park"}},{"type":"Feature","geometry":{"type":"Point","coordinates":[17.04604,48.16659]},"properties":{"cat":"zastavka"}},{"type":"Feature","geometry":{"type":"Point","coordinates":[17.05875,48.1534]},"properties":{"cat":"zastavka"}},{"type":"Feature","geometry":{"type":"Point","coordinates":[17.05879,48.15348]},"properties":{"cat":"zastavka"}},{"type":"Feature","geometry":{"type":"Point","coordinates":[17.05595,48.15216]},"properties":{"cat":"park"}},{"type":"Feature","geometry":{"type":"Point","coordinates":[17.05596,48.15269]},"properties":{"cat":"park"}},{"type":"Feature","geometry":{"type":"Point","coordinates":[17.05497,48.15314]},"properties":{"cat":"park"}},{"type":"Feature","geometry":{"type":"Point","coordinates":[17.05743,48.15277]},"properties":{"cat":"park"}},{"type":"Feature","geometry":{"type":"Point","coordinates":[17.06011,48.1526]},"properties":{"cat":"park"}},{"type":"Feature","geometry":{"type":"Point","coordinates":[17.05752,48.15388]},"properties":{"cat":"park"}},{"type":"Feature","geometry":{"type":"Point","coordinates":[17.05652,48.15417]},"properties":{"cat":"park"}},{"type":"Feature","geometry":{"type":"Point","coordinates":[17.05619,48.15418]},"properties":{"cat":"park"}},{"type":"Feature","geometry":{"type":"Point","coordinates":[17.05867,48.15364]},"properties":{"cat":"park"}},{"type":"Feature","geometry":{"type":"Point","coordinates":[17.058,48.15428]},"properties":{"cat":"park"}},{"type":"Feature","geometry":{"type":"Point","coordinates":[17.05964,48.15349]},"properties":{"cat":"park"}},{"type":"Feature","geometry":{"type":"Point","coordinates":[17.05919,48.15348]},"properties":{"cat":"park"}},{"type":"Feature","geometry":{"type":"Point","coordinates":[17.05886,48.15166]},"properties":{"cat":"park"}},{"type":"Feature","geometry":{"type":"Point","coordinates":[17.05913,48.15188]},"properties":{"cat":"park"}},{"type":"Feature","geometry":{"type":"Point","coordinates":[17.06009,48.152]},"properties":{"cat":"park"}},{"type":"Feature","geometry":{"type":"Point","coordinates":[17.06007,48.15179]},"properties":{"cat":"park"}},{"type":"Feature","geometry":{"type":"Point","coordinates":[17.05985,48.15198]},"properties":{"cat":"park"}},{"type":"Feature","geometry":{"type":"Point","coordinates":[17.05964,48.15188]},"properties":{"cat":"park"}},{"type":"Feature","geometry":{"type":"Point","coordinates":[17.05943,48.15182]},"properties":{"cat":"park"}},{"type":"Feature","geometry":{"type":"Point","coordinates":[17.05879,48.15194]},"properties":{"cat":"park"}},{"type":"Feature","geometry":{"type":"Point","coordinates":[17.05872,48.15205]},"properties":{"cat":"park"}},{"type":"Feature","geometry":{"type":"Point","coordinates":[17.05861,48.1522]},"properties":{"cat":"park"}},{"type":"Feature","geometry":{"type":"Point","coordinates":[17.05768,48.15306]},"properties":{"cat":"park"}},{"type":"Feature","geometry":{"type":"Point","coordinates":[17.05747,48.15311]},"properties":{"cat":"park"}},{"type":"Feature","geometry":{"type":"Point","coordinates":[17.05726,48.15316]},"properties":{"cat":"park"}},{"type":"Feature","geometry":{"type":"Point","coordinates":[17.05704,48.15321]},"properties":{"cat":"park"}},{"type":"Feature","geometry":{"type":"Point","coordinates":[17.05685,48.15327]},"properties":{"cat":"park"}},{"type":"Feature","geometry":{"type":"Point","coordinates":[17.05661,48.15352]},"properties":{"cat":"park"}},{"type":"Feature","geometry":{"type":"Point","coordinates":[17.05676,48.1534]},"properties":{"cat":"park"}},{"type":"Feature","geometry":{"type":"Point","coordinates":[17.0579,48.15301]},"properties":{"cat":"park"}},{"type":"Feature","geometry":{"type":"Point","coordinates":[17.05839,48.15264]},"properties":{"cat":"park"}},{"type":"Feature","geometry":{"type":"Point","coordinates":[17.05831,48.15275]},"properties":{"cat":"park"}},{"type":"Feature","geometry":{"type":"Point","coordinates":[17.05814,48.15293]},"properties":{"cat":"park"}},{"type":"Feature","geometry":{"type":"Point","coordinates":[17.05839,48.15283]},"properties":{"cat":"park"}},{"type":"Feature","geometry":{"type":"Point","coordinates":[17.0567,48.15317]},"properties":{"cat":"park"}},{"type":"Feature","geometry":{"type":"Point","coordinates":[17.05654,48.15332]},"properties":{"cat":"park"}},{"type":"Feature","geometry":{"type":"Point","coordinates":[17.05646,48.15344]},"properties":{"cat":"park"}},{"type":"Feature","geometry":{"type":"Point","coordinates":[17.05696,48.15307]},"properties":{"cat":"park"}},{"type":"Feature","geometry":{"type":"Point","coordinates":[17.05717,48.15302]},"properties":{"cat":"park"}},{"type":"Feature","geometry":{"type":"Point","coordinates":[17.05739,48.15297]},"properties":{"cat":"park"}},{"type":"Feature","geometry":{"type":"Point","coordinates":[17.0576,48.15292]},"properties":{"cat":"park"}},{"type":"Feature","geometry":{"type":"Point","coordinates":[17.05809,48.15268]},"properties":{"cat":"park"}},{"type":"Feature","geometry":{"type":"Point","coordinates":[17.05801,48.1528]},"properties":{"cat":"park"}},{"type":"Feature","geometry":{"type":"Point","coordinates":[17.05782,48.15286]},"properties":{"cat":"park"}},{"type":"Feature","geometry":{"type":"Point","coordinates":[17.05689,48.15295]},"properties":{"cat":"park"}},{"type":"Feature","geometry":{"type":"Point","coordinates":[17.06283,48.14963]},"properties":{"cat":"zastavka"}},{"type":"Feature","geometry":{"type":"Point","coordinates":[17.06224,48.14948]},"properties":{"cat":"skola"}},{"type":"Feature","geometry":{"type":"Point","coordinates":[17.06308,48.14976]},"properties":{"cat":"zastavka"}},{"type":"Feature","geometry":{"type":"Point","coordinates":[17.04676,48.15065]},"properties":{"cat":"park"}},{"type":"Feature","geometry":{"type":"Point","coordinates":[17.04613,48.1663]},"properties":{"cat":"zastavka"}},{"type":"Feature","geometry":{"type":"Point","coordinates":[17.05004,48.15094]},"properties":{"cat":"park"}},{"type":"Feature","geometry":{"type":"Point","coordinates":[17.04753,48.16224]},"properties":{"cat":"park"}},{"type":"Feature","geometry":{"type":"Point","coordinates":[17.05051,48.16378]},"properties":{"cat":"park"}},{"type":"Feature","geometry":{"type":"Point","coordinates":[17.05818,48.15372]},"properties":{"cat":"zastavka"}},{"type":"Feature","geometry":{"type":"Point","coordinates":[17.04678,48.16345]},"properties":{"cat":"skola"}},{"type":"Feature","geometry":{"type":"Point","coordinates":[17.04719,48.16206]},"properties":{"cat":"skola"}},{"type":"Feature","geometry":{"type":"Point","coordinates":[17.05429,48.14862]},"properties":{"cat":"park"}},{"type":"Feature","geometry":{"type":"Point","coordinates":[17.04733,48.1526]},"properties":{"cat":"park"}},{"type":"Feature","geometry":{"type":"Point","coordinates":[17.04744,48.15365]},"properties":{"cat":"park"}},{"type":"Feature","geometry":{"type":"Point","coordinates":[17.04751,48.15424]},"properties":{"cat":"park"}},{"type":"Feature","geometry":{"type":"Point","coordinates":[17.04819,48.15379]},"properties":{"cat":"park"}},{"type":"Feature","geometry":{"type":"Point","coordinates":[17.04676,48.15401]},"properties":{"cat":"park"}},{"type":"Feature","geometry":{"type":"Point","coordinates":[17.04794,48.15125]},"properties":{"cat":"park"}},{"type":"Feature","geometry":{"type":"Point","coordinates":[17.06272,48.15119]},"properties":{"cat":"park"}},{"type":"Feature","geometry":{"type":"Point","coordinates":[17.05322,48.15386]},"properties":{"cat":"park"}},{"type":"Feature","geometry":{"type":"Point","coordinates":[17.05263,48.15236]},"properties":{"cat":"park"}},{"type":"Feature","geometry":{"type":"Point","coordinates":[17.06664,48.14732]},"properties":{"cat":"park"}},{"type":"Feature","geometry":{"type":"Point","coordinates":[17.06207,48.15632]},"properties":{"cat":"park"}},{"type":"Feature","geometry":{"type":"Point","coordinates":[17.04991,48.15358]},"properties":{"cat":"park"}},{"type":"Feature","geometry":{"type":"Point","coordinates":[17.04965,48.15358]},"properties":{"cat":"park"}},{"type":"Feature","geometry":{"type":"Point","coordinates":[17.04808,48.1549]},"properties":{"cat":"park"}},{"type":"Feature","geometry":{"type":"Point","coordinates":[17.04806,48.15481]},"properties":{"cat":"park"}},{"type":"Feature","geometry":{"type":"Point","coordinates":[17.04986,48.15553]},"properties":{"cat":"park"}},{"type":"Feature","geometry":{"type":"Point","coordinates":[17.0508,48.15539]},"properties":{"cat":"park"}},{"type":"Feature","geometry":{"type":"Point","coordinates":[17.05145,48.15454]},"properties":{"cat":"park"}},{"type":"Feature","geometry":{"type":"Point","coordinates":[17.05374,48.15714]},"properties":{"cat":"park"}},{"type":"Feature","geometry":{"type":"Point","coordinates":[17.04995,48.15844]},"properties":{"cat":"park"}},{"type":"Feature","geometry":{"type":"Point","coordinates":[17.04779,48.15041]},"properties":{"cat":"park"}},{"type":"Feature","geometry":{"type":"Point","coordinates":[17.04768,48.15041]},"properties":{"cat":"park"}},{"type":"Feature","geometry":{"type":"Point","coordinates":[17.06624,48.15058]},"properties":{"cat":"park"}},{"type":"Feature","geometry":{"type":"Point","coordinates":[17.04259,48.15561]},"properties":{"cat":"skola"}},{"type":"Feature","geometry":{"type":"Point","coordinates":[17.04657,48.15503]},"properties":{"cat":"skola"}},{"type":"Feature","geometry":{"type":"Point","coordinates":[17.04783,48.15567]},"properties":{"cat":"skola"}},{"type":"Feature","geometry":{"type":"Point","coordinates":[17.05509,48.15081]},"properties":{"cat":"skolka"}},{"type":"Feature","geometry":{"type":"Point","coordinates":[17.05276,48.15645]},"properties":{"cat":"park"}},{"type":"Feature","geometry":{"type":"Point","coordinates":[17.06222,48.15163]},"properties":{"cat":"park"}},{"type":"Feature","geometry":{"type":"Point","coordinates":[17.0572,48.15226]},"properties":{"cat":"park"}},{"type":"Feature","geometry":{"type":"Point","coordinates":[17.05751,48.15616]},"properties":{"cat":"park"}},{"type":"Feature","geometry":{"type":"Point","coordinates":[17.05674,48.15575]},"properties":{"cat":"park"}},{"type":"Feature","geometry":{"type":"Point","coordinates":[17.05702,48.15558]},"properties":{"cat":"park"}},{"type":"Feature","geometry":{"type":"Point","coordinates":[17.05613,48.1556]},"properties":{"cat":"park"}},{"type":"Feature","geometry":{"type":"Point","coordinates":[17.05551,48.15519]},"properties":{"cat":"park"}},{"type":"Feature","geometry":{"type":"Point","coordinates":[17.05244,48.15886]},"properties":{"cat":"park"}},{"type":"Feature","geometry":{"type":"Point","coordinates":[17.05185,48.15888]},"properties":{"cat":"park"}},{"type":"Feature","geometry":{"type":"Point","coordinates":[17.04686,48.16275]},"properties":{"cat":"park"}},{"type":"Feature","geometry":{"type":"Point","coordinates":[17.05486,48.15754]},"properties":{"cat":"skola"}},{"type":"Feature","geometry":{"type":"Point","coordinates":[17.05257,48.158]},"properties":{"cat":"park"}},{"type":"Feature","geometry":{"type":"Point","coordinates":[17.05515,48.15708]},"properties":{"cat":"park"}},{"type":"Feature","geometry":{"type":"Point","coordinates":[17.0613,48.15043]},"properties":{"cat":"park"}},{"type":"Feature","geometry":{"type":"Point","coordinates":[17.04989,48.16369]},"properties":{"cat":"park"}},{"type":"Feature","geometry":{"type":"Point","coordinates":[17.05017,48.1635]},"properties":{"cat":"park"}},{"type":"Feature","geometry":{"type":"Point","coordinates":[17.05049,48.16443]},"properties":{"cat":"park"}},{"type":"Feature","geometry":{"type":"Point","coordinates":[17.05065,48.16404]},"properties":{"cat":"park"}},{"type":"Feature","geometry":{"type":"Point","coordinates":[17.04948,48.16523]},"properties":{"cat":"park"}},{"type":"Feature","geometry":{"type":"Point","coordinates":[17.04944,48.16516]},"properties":{"cat":"park"}},{"type":"Feature","geometry":{"type":"Point","coordinates":[17.04898,48.16518]},"properties":{"cat":"park"}},{"type":"Feature","geometry":{"type":"Point","coordinates":[17.04834,48.16505]},"properties":{"cat":"park"}},{"type":"Feature","geometry":{"type":"Point","coordinates":[17.04768,48.16488]},"properties":{"cat":"park"}},{"type":"Feature","geometry":{"type":"Point","coordinates":[17.04892,48.1643]},"properties":{"cat":"park"}},{"type":"Feature","geometry":{"type":"Point","coordinates":[17.04933,48.16466]},"properties":{"cat":"park"}},{"type":"Feature","geometry":{"type":"Point","coordinates":[17.04896,48.16468]},"properties":{"cat":"park"}},{"type":"Feature","geometry":{"type":"Point","coordinates":[17.04862,48.16488]},"properties":{"cat":"park"}},{"type":"Feature","geometry":{"type":"Point","coordinates":[17.04819,48.16406]},"properties":{"cat":"park"}},{"type":"Feature","geometry":{"type":"Point","coordinates":[17.04833,48.16446]},"properties":{"cat":"park"}},{"type":"Feature","geometry":{"type":"Point","coordinates":[17.05423,48.15405]},"properties":{"cat":"park"}},{"type":"Feature","geometry":{"type":"Point","coordinates":[17.05266,48.15674]},"properties":{"cat":"park"}},{"type":"Feature","geometry":{"type":"Point","coordinates":[17.05259,48.15629]},"properties":{"cat":"park"}},{"type":"Feature","geometry":{"type":"Point","coordinates":[17.04684,48.1634]},"properties":{"cat":"park"}},{"type":"Feature","geometry":{"type":"Point","coordinates":[17.04862,48.1646]},"properties":{"cat":"park"}},{"type":"Feature","geometry":{"type":"Point","coordinates":[17.05237,48.15941]},"properties":{"cat":"park"}},{"type":"Feature","geometry":{"type":"Point","coordinates":[17.05345,48.15881]},"properties":{"cat":"park"}},{"type":"Feature","geometry":{"type":"Point","coordinates":[17.05355,48.15661]},"properties":{"cat":"park"}},{"type":"Feature","geometry":{"type":"Point","coordinates":[17.05321,48.15702]},"properties":{"cat":"park"}},{"type":"Feature","geometry":{"type":"Point","coordinates":[17.04668,48.16183]},"properties":{"cat":"park"}},{"type":"Feature","geometry":{"type":"Point","coordinates":[17.051,48.15905]},"properties":{"cat":"park"}},{"type":"Feature","geometry":{"type":"Point","coordinates":[17.04614,48.16249]},"properties":{"cat":"park"}},{"type":"Feature","geometry":{"type":"Point","coordinates":[17.04583,48.16304]},"properties":{"cat":"park"}},{"type":"Feature","geometry":{"type":"Point","coordinates":[17.04727,48.1613]},"properties":{"cat":"park"}},{"type":"Feature","geometry":{"type":"Point","coordinates":[17.05454,48.15829]},"properties":{"cat":"park"}},{"type":"Feature","geometry":{"type":"Point","coordinates":[17.05427,48.15866]},"properties":{"cat":"park"}},{"type":"Feature","geometry":{"type":"Point","coordinates":[17.05472,48.15803]},"properties":{"cat":"park"}},{"type":"Feature","geometry":{"type":"Point","coordinates":[17.04816,48.16042]},"properties":{"cat":"park"}},{"type":"Feature","geometry":{"type":"Point","coordinates":[17.04862,48.1608]},"properties":{"cat":"park"}},{"type":"Feature","geometry":{"type":"Point","coordinates":[17.05273,48.15812]},"properties":{"cat":"park"}},{"type":"Feature","geometry":{"type":"Point","coordinates":[17.0538,48.15771]},"properties":{"cat":"park"}},{"type":"Feature","geometry":{"type":"Point","coordinates":[17.05401,48.15777]},"properties":{"cat":"park"}},{"type":"Feature","geometry":{"type":"Point","coordinates":[17.05433,48.15803]},"properties":{"cat":"park"}},{"type":"Feature","geometry":{"type":"Point","coordinates":[17.05345,48.15775]},"properties":{"cat":"park"}},{"type":"Feature","geometry":{"type":"Point","coordinates":[17.05527,48.15551]},"properties":{"cat":"park"}},{"type":"Feature","geometry":{"type":"Point","coordinates":[17.0592,48.15126]},"properties":{"cat":"park"}},{"type":"Feature","geometry":{"type":"Point","coordinates":[17.05753,48.15192]},"properties":{"cat":"park"}},{"type":"Feature","geometry":{"type":"Point","coordinates":[17.05512,48.15601]},"properties":{"cat":"park"}},{"type":"Feature","geometry":{"type":"Point","coordinates":[17.05531,48.15812]},"properties":{"cat":"park"}},{"type":"Feature","geometry":{"type":"Point","coordinates":[17.04851,48.15993]},"properties":{"cat":"park"}},{"type":"Feature","geometry":{"type":"Point","coordinates":[17.04985,48.1604]},"properties":{"cat":"park"}},{"type":"Feature","geometry":{"type":"Point","coordinates":[17.04796,48.16248]},"properties":{"cat":"park"}},{"type":"Feature","geometry":{"type":"Point","coordinates":[17.0496,48.16328]},"properties":{"cat":"park"}},{"type":"Feature","geometry":{"type":"Point","coordinates":[17.04859,48.16371]},"properties":{"cat":"park"}},{"type":"Feature","geometry":{"type":"Point","coordinates":[17.04896,48.16387]},"properties":{"cat":"park"}},{"type":"Feature","geometry":{"type":"Point","coordinates":[17.04902,48.1635]},"properties":{"cat":"park"}},{"type":"Feature","geometry":{"type":"Point","coordinates":[17.05033,48.16318]},"properties":{"cat":"park"}},{"type":"Feature","geometry":{"type":"Point","coordinates":[17.04997,48.16302]},"properties":{"cat":"park"}},{"type":"Feature","geometry":{"type":"Point","coordinates":[17.05017,48.16274]},"properties":{"cat":"park"}},{"type":"Feature","geometry":{"type":"Point","coordinates":[17.0506,48.16285]},"properties":{"cat":"park"}},{"type":"Feature","geometry":{"type":"Point","coordinates":[17.05077,48.16337]},"properties":{"cat":"park"}},{"type":"Feature","geometry":{"type":"Point","coordinates":[17.04983,48.1598]},"properties":{"cat":"park"}},{"type":"Feature","geometry":{"type":"Point","coordinates":[17.0504,48.15966]},"properties":{"cat":"park"}},{"type":"Feature","geometry":{"type":"Point","coordinates":[17.04752,48.16092]},"properties":{"cat":"park"}},{"type":"Feature","geometry":{"type":"Point","coordinates":[17.05056,48.16502]},"properties":{"cat":"park"}},{"type":"Feature","geometry":{"type":"Point","coordinates":[17.04596,48.16204]},"properties":{"cat":"park"}},{"type":"Feature","geometry":{"type":"Point","coordinates":[17.04615,48.162]},"properties":{"cat":"park"}},{"type":"Feature","geometry":{"type":"Point","coordinates":[17.04876,48.15944]},"properties":{"cat":"park"}},{"type":"Feature","geometry":{"type":"Point","coordinates":[17.05063,48.15937]},"properties":{"cat":"park"}},{"type":"Feature","geometry":{"type":"Point","coordinates":[17.05461,48.15582]},"properties":{"cat":"park"}},{"type":"Feature","geometry":{"type":"Point","coordinates":[17.05713,48.157]},"properties":{"cat":"park"}},{"type":"Feature","geometry":{"type":"Point","coordinates":[17.05863,48.15659]},"properties":{"cat":"park"}},{"type":"Feature","geometry":{"type":"Point","coordinates":[17.05869,48.15612]},"properties":{"cat":"park"}},{"type":"Feature","geometry":{"type":"Point","coordinates":[17.05879,48.15625]},"properties":{"cat":"park"}},{"type":"Feature","geometry":{"type":"Point","coordinates":[17.05606,48.1512]},"properties":{"cat":"park"}},{"type":"Feature","geometry":{"type":"Point","coordinates":[17.05857,48.15126]},"properties":{"cat":"park"}},{"type":"Feature","geometry":{"type":"Point","coordinates":[17.05918,48.15408]},"properties":{"cat":"park"}},{"type":"Feature","geometry":{"type":"Point","coordinates":[17.05591,48.15667]},"properties":{"cat":"park"}},{"type":"Feature","geometry":{"type":"Point","coordinates":[17.05575,48.15689]},"properties":{"cat":"park"}},{"type":"Feature","geometry":{"type":"Point","coordinates":[17.05558,48.15712]},"properties":{"cat":"park"}},{"type":"Feature","geometry":{"type":"Point","coordinates":[17.049,48.16119]},"properties":{"cat":"park"}},{"type":"Feature","geometry":{"type":"Point","coordinates":[17.05754,48.15037]},"properties":{"cat":"park"}},{"type":"Feature","geometry":{"type":"Point","coordinates":[17.04949,48.15243]},"properties":{"cat":"park"}},{"type":"Feature","geometry":{"type":"Point","coordinates":[17.05673,48.15177]},"properties":{"cat":"park"}},{"type":"Feature","geometry":{"type":"Point","coordinates":[17.04957,48.15001]},"properties":{"cat":"park"}},{"type":"Feature","geometry":{"type":"Point","coordinates":[17.05001,48.15081]},"properties":{"cat":"park"}},{"type":"Feature","geometry":{"type":"Point","coordinates":[17.04931,48.15146]},"properties":{"cat":"park"}},{"type":"Feature","geometry":{"type":"Point","coordinates":[17.04991,48.15143]},"properties":{"cat":"park"}},{"type":"Feature","geometry":{"type":"Point","coordinates":[17.05173,48.15334]},"properties":{"cat":"park"}},{"type":"Feature","geometry":{"type":"Point","coordinates":[17.05289,48.15452]},"properties":{"cat":"park"}},{"type":"Feature","geometry":{"type":"Point","coordinates":[17.05528,48.14891]},"properties":{"cat":"park"}},{"type":"Feature","geometry":{"type":"Point","coordinates":[17.05791,48.14962]},"properties":{"cat":"park"}},{"type":"Feature","geometry":{"type":"Point","coordinates":[17.05829,48.14976]},"properties":{"cat":"park"}},{"type":"Feature","geometry":{"type":"Point","coordinates":[17.04797,48.15139]},"properties":{"cat":"park"}},{"type":"Feature","geometry":{"type":"Point","coordinates":[17.04948,48.16537]},"properties":{"cat":"park"}},{"type":"Feature","geometry":{"type":"Point","coordinates":[17.05463,48.15593]},"properties":{"cat":"park"}},{"type":"Feature","geometry":{"type":"Point","coordinates":[17.04567,48.1627]},"properties":{"cat":"park"}},{"type":"Feature","geometry":{"type":"Point","coordinates":[17.0586,48.15554]},"properties":{"cat":"skolka"}},{"type":"Feature","geometry":{"type":"Point","coordinates":[17.05855,48.15537]},"properties":{"cat":"park"}},{"type":"Feature","geometry":{"type":"Point","coordinates":[17.05871,48.1547]},"properties":{"cat":"park"}},{"type":"Feature","geometry":{"type":"Point","coordinates":[17.05926,48.15498]},"properties":{"cat":"park"}},{"type":"Feature","geometry":{"type":"Point","coordinates":[17.05479,48.15228]},"properties":{"cat":"park"}},{"type":"Feature","geometry":{"type":"Point","coordinates":[17.05495,48.1517]},"properties":{"cat":"park"}},{"type":"Feature","geometry":{"type":"Point","coordinates":[17.05547,48.15352]},"properties":{"cat":"park"}},{"type":"Feature","geometry":{"type":"Point","coordinates":[17.05559,48.15245]},"properties":{"cat":"park"}},{"type":"Feature","geometry":{"type":"Point","coordinates":[17.05535,48.15239]},"properties":{"cat":"park"}},{"type":"Feature","geometry":{"type":"Point","coordinates":[17.05633,48.1537]},"properties":{"cat":"park"}},{"type":"Feature","geometry":{"type":"Point","coordinates":[17.05679,48.15363]},"properties":{"cat":"park"}},{"type":"Feature","geometry":{"type":"Point","coordinates":[17.05481,48.15385]},"properties":{"cat":"park"}},{"type":"Feature","geometry":{"type":"Point","coordinates":[17.04808,48.16152]},"properties":{"cat":"park"}},{"type":"Feature","geometry":{"type":"Point","coordinates":[17.04771,48.16135]},"properties":{"cat":"park"}},{"type":"Feature","geometry":{"type":"Point","coordinates":[17.04795,48.16107]},"properties":{"cat":"park"}},{"type":"Feature","geometry":{"type":"Point","coordinates":[17.0477,48.16115]},"properties":{"cat":"park"}},{"type":"Feature","geometry":{"type":"Point","coordinates":[17.04779,48.16103]},"properties":{"cat":"park"}},{"type":"Feature","geometry":{"type":"Point","coordinates":[17.04789,48.16089]},"properties":{"cat":"park"}},{"type":"Feature","geometry":{"type":"Point","coordinates":[17.04898,48.16019]},"properties":{"cat":"park"}},{"type":"Feature","geometry":{"type":"Point","coordinates":[17.04915,48.16063]},"properties":{"cat":"park"}},{"type":"Feature","geometry":{"type":"Point","coordinates":[17.04877,48.16048]},"properties":{"cat":"park"}},{"type":"Feature","geometry":{"type":"Point","coordinates":[17.04986,48.15739]},"properties":{"cat":"park"}},{"type":"Feature","geometry":{"type":"Point","coordinates":[17.04976,48.15758]},"properties":{"cat":"park"}},{"type":"Feature","geometry":{"type":"Point","coordinates":[17.04966,48.15772]},"properties":{"cat":"park"}},{"type":"Feature","geometry":{"type":"Point","coordinates":[17.04954,48.15783]},"properties":{"cat":"park"}},{"type":"Feature","geometry":{"type":"Point","coordinates":[17.04938,48.15793]},"properties":{"cat":"park"}},{"type":"Feature","geometry":{"type":"Point","coordinates":[17.0492,48.15801]},"properties":{"cat":"park"}},{"type":"Feature","geometry":{"type":"Point","coordinates":[17.04904,48.15808]},"properties":{"cat":"park"}},{"type":"Feature","geometry":{"type":"Point","coordinates":[17.04888,48.15815]},"properties":{"cat":"park"}},{"type":"Feature","geometry":{"type":"Point","coordinates":[17.0487,48.15823]},"properties":{"cat":"park"}},{"type":"Feature","geometry":{"type":"Point","coordinates":[17.04968,48.15885]},"properties":{"cat":"park"}},{"type":"Feature","geometry":{"type":"Point","coordinates":[17.04663,48.15504]},"properties":{"cat":"skola"}},{"type":"Feature","geometry":{"type":"Point","coordinates":[17.06122,48.1472]},"properties":{"cat":"park"}},{"type":"Feature","geometry":{"type":"Point","coordinates":[17.05093,48.14989]},"properties":{"cat":"park"}},{"type":"Feature","geometry":{"type":"Point","coordinates":[17.05007,48.16138]},"properties":{"cat":"park"}},{"type":"Feature","geometry":{"type":"Point","coordinates":[17.05644,48.15631]},"properties":{"cat":"park"}},{"type":"Feature","geometry":{"type":"Point","coordinates":[17.04936,48.16031]},"properties":{"cat":"park"}},{"type":"Feature","geometry":{"type":"Point","coordinates":[17.05609,48.15723]},"properties":{"cat":"park"}},{"type":"Feature","geometry":{"type":"Point","coordinates":[17.11576,48.15232]},"properties":{"cat":"zastavka"}},{"type":"Feature","geometry":{"type":"Point","coordinates":[17.11989,48.15442]},"properties":{"cat":"zastavka"}},{"type":"Feature","geometry":{"type":"Point","coordinates":[17.11356,48.14554]},"properties":{"cat":"zastavka"}},{"type":"Feature","geometry":{"type":"Point","coordinates":[17.1275,48.15783]},"properties":{"cat":"zastavka"}},{"type":"Feature","geometry":{"type":"Point","coordinates":[17.1123,48.14846]},"properties":{"cat":"zastavka"}},{"type":"Feature","geometry":{"type":"Point","coordinates":[17.11795,48.15111]},"properties":{"cat":"zastavka"}},{"type":"Feature","geometry":{"type":"Point","coordinates":[17.10497,48.14494]},"properties":{"cat":"zastavka"}},{"type":"Feature","geometry":{"type":"Point","coordinates":[17.10945,48.14881]},"properties":{"cat":"obchod"}},{"type":"Feature","geometry":{"type":"Point","coordinates":[17.12049,48.15863]},"properties":{"cat":"lekaren"}},{"type":"Feature","geometry":{"type":"Point","coordinates":[17.11258,48.14424]},"properties":{"cat":"lekaren"}},{"type":"Feature","geometry":{"type":"Point","coordinates":[17.10666,48.14377]},"properties":{"cat":"lekaren"}},{"type":"Feature","geometry":{"type":"Point","coordinates":[17.10869,48.14656]},"properties":{"cat":"lekaren"}},{"type":"Feature","geometry":{"type":"Point","coordinates":[17.12107,48.15296]},"properties":{"cat":"lekaren"}},{"type":"Feature","geometry":{"type":"Point","coordinates":[17.10172,48.14721]},"properties":{"cat":"lekaren"}},{"type":"Feature","geometry":{"type":"Point","coordinates":[17.12886,48.15863]},"properties":{"cat":"lekaren"}},{"type":"Feature","geometry":{"type":"Point","coordinates":[17.09883,48.12965]},"properties":{"cat":"lekaren"}},{"type":"Feature","geometry":{"type":"Point","coordinates":[17.09985,48.12941]},"properties":{"cat":"obchod"}},{"type":"Feature","geometry":{"type":"Point","coordinates":[17.09992,48.13044]},"properties":{"cat":"obchod"}},{"type":"Feature","geometry":{"type":"Point","coordinates":[17.11311,48.14537]},"properties":{"cat":"lekaren"}},{"type":"Feature","geometry":{"type":"Point","coordinates":[17.11612,48.15026]},"properties":{"cat":"lekaren"}},{"type":"Feature","geometry":{"type":"Point","coordinates":[17.11841,48.15206]},"properties":{"cat":"lekaren"}},{"type":"Feature","geometry":{"type":"Point","coordinates":[17.1268,48.1541]},"properties":{"cat":"lekaren"}},{"type":"Feature","geometry":{"type":"Point","coordinates":[17.13015,48.15381]},"properties":{"cat":"lekaren"}},{"type":"Feature","geometry":{"type":"Point","coordinates":[17.11641,48.1551]},"properties":{"cat":"lekaren"}},{"type":"Feature","geometry":{"type":"Point","coordinates":[17.10518,48.12849]},"properties":{"cat":"zastavka"}},{"type":"Feature","geometry":{"type":"Point","coordinates":[17.0858,48.16777]},"properties":{"cat":"lekaren"}},{"type":"Feature","geometry":{"type":"Point","coordinates":[17.09057,48.16713]},"properties":{"cat":"lekaren"}},{"type":"Feature","geometry":{"type":"Point","coordinates":[17.09315,48.167]},"properties":{"cat":"lekaren"}},{"type":"Feature","geometry":{"type":"Point","coordinates":[17.12253,48.14658]},"properties":{"cat":"zastavka"}},{"type":"Feature","geometry":{"type":"Point","coordinates":[17.11632,48.1455]},"properties":{"cat":"lekaren"}},{"type":"Feature","geometry":{"type":"Point","coordinates":[17.1212,48.1569]},"properties":{"cat":"zastavka"}},{"type":"Feature","geometry":{"type":"Point","coordinates":[17.10408,48.1454]},"properties":{"cat":"zastavka"}},{"type":"Feature","geometry":{"type":"Point","coordinates":[17.07512,48.15412]},"properties":{"cat":"zastavka"}},{"type":"Feature","geometry":{"type":"Point","coordinates":[17.07524,48.15425]},"properties":{"cat":"zastavka"}},{"type":"Feature","geometry":{"type":"Point","coordinates":[17.07576,48.15465]},"properties":{"cat":"zastavka"}},{"type":"Feature","geometry":{"type":"Point","coordinates":[17.12828,48.13912]},"properties":{"cat":"zastavka"}},{"type":"Feature","geometry":{"type":"Point","coordinates":[17.12474,48.14806]},"properties":{"cat":"zastavka"}},{"type":"Feature","geometry":{"type":"Point","coordinates":[17.12875,48.13946]},"properties":{"cat":"zastavka"}},{"type":"Feature","geometry":{"type":"Point","coordinates":[17.13059,48.14812]},"properties":{"cat":"zastavka"}},{"type":"Feature","geometry":{"type":"Point","coordinates":[17.13137,48.14479]},"properties":{"cat":"zastavka"}},{"type":"Feature","geometry":{"type":"Point","coordinates":[17.0723,48.14794]},"properties":{"cat":"zastavka"}},{"type":"Feature","geometry":{"type":"Point","coordinates":[17.0856,48.1426]},"properties":{"cat":"zastavka"}},{"type":"Feature","geometry":{"type":"Point","coordinates":[17.12677,48.1485]},"properties":{"cat":"lekaren"}},{"type":"Feature","geometry":{"type":"Point","coordinates":[17.11037,48.15454]},"properties":{"cat":"zastavka"}},{"type":"Feature","geometry":{"type":"Point","coordinates":[17.1057,48.13977]},"properties":{"cat":"zastavka"}},{"type":"Feature","geometry":{"type":"Point","coordinates":[17.11128,48.15457]},"properties":{"cat":"lekaren"}},{"type":"Feature","geometry":{"type":"Point","coordinates":[17.11819,48.15084]},"properties":{"cat":"zastavka"}},{"type":"Feature","geometry":{"type":"Point","coordinates":[17.11387,48.14429]},"properties":{"cat":"obchod"}},{"type":"Feature","geometry":{"type":"Point","coordinates":[17.11608,48.15123]},"properties":{"cat":"zastavka"}},{"type":"Feature","geometry":{"type":"Point","coordinates":[17.11009,48.14019]},"properties":{"cat":"zastavka"}},{"type":"Feature","geometry":{"type":"Point","coordinates":[17.12382,48.16197]},"properties":{"cat":"zastavka"}},{"type":"Feature","geometry":{"type":"Point","coordinates":[17.12746,48.16792]},"properties":{"cat":"zastavka"}},{"type":"Feature","geometry":{"type":"Point","coordinates":[17.11731,48.14229]},"properties":{"cat":"lekaren"}},{"type":"Feature","geometry":{"type":"Point","coordinates":[17.12058,48.14338]},"properties":{"cat":"obchod"}},{"type":"Feature","geometry":{"type":"Point","coordinates":[17.11891,48.1468]},"properties":{"cat":"lekaren"}},{"type":"Feature","geometry":{"type":"Point","coordinates":[17.11127,48.15502]},"properties":{"cat":"obchod"}},{"type":"Feature","geometry":{"type":"Point","coordinates":[17.125,48.15462]},"properties":{"cat":"skolka"}},{"type":"Feature","geometry":{"type":"Point","coordinates":[17.12209,48.15773]},"properties":{"cat":"obchod"}},{"type":"Feature","geometry":{"type":"Point","coordinates":[17.12056,48.14671]},"properties":{"cat":"skolka"}},{"type":"Feature","geometry":{"type":"Point","coordinates":[17.13011,48.1606]},"properties":{"cat":"obchod"}},{"type":"Feature","geometry":{"type":"Point","coordinates":[17.12376,48.15454]},"properties":{"cat":"obchod"}},{"type":"Feature","geometry":{"type":"Point","coordinates":[17.12411,48.15482]},"properties":{"cat":"obchod"}},{"type":"Feature","geometry":{"type":"Point","coordinates":[17.12353,48.15438]},"properties":{"cat":"lekaren"}},{"type":"Feature","geometry":{"type":"Point","coordinates":[17.1172,48.14421]},"properties":{"cat":"obchod"}},{"type":"Feature","geometry":{"type":"Point","coordinates":[17.1213,48.1452]},"properties":{"cat":"skola"}},{"type":"Feature","geometry":{"type":"Point","coordinates":[17.11141,48.14082]},"properties":{"cat":"obchod"}},{"type":"Feature","geometry":{"type":"Point","coordinates":[17.09612,48.16511]},"properties":{"cat":"obchod"}},{"type":"Feature","geometry":{"type":"Point","coordinates":[17.12113,48.15358]},"properties":{"cat":"skolka"}},{"type":"Feature","geometry":{"type":"Point","coordinates":[17.12866,48.15427]},"properties":{"cat":"obchod"}},{"type":"Feature","geometry":{"type":"Point","coordinates":[17.13216,48.15019]},"properties":{"cat":"skolka"}},{"type":"Feature","geometry":{"type":"Point","coordinates":[17.10665,48.1578]},"properties":{"cat":"zastavka"}},{"type":"Feature","geometry":{"type":"Point","coordinates":[17.11088,48.15019]},"properties":{"cat":"obchod"}},{"type":"Feature","geometry":{"type":"Point","coordinates":[17.1012,48.14628]},"properties":{"cat":"obchod"}},{"type":"Feature","geometry":{"type":"Point","coordinates":[17.12249,48.15924]},"properties":{"cat":"park"}},{"type":"Feature","geometry":{"type":"Point","coordinates":[17.10821,48.14806]},"properties":{"cat":"zastavka"}},{"type":"Feature","geometry":{"type":"Point","coordinates":[17.10863,48.14664]},"properties":{"cat":"zastavka"}},{"type":"Feature","geometry":{"type":"Point","coordinates":[17.12373,48.14275]},"properties":{"cat":"zastavka"}},{"type":"Feature","geometry":{"type":"Point","coordinates":[17.12346,48.14462]},"properties":{"cat":"zastavka"}},{"type":"Feature","geometry":{"type":"Point","coordinates":[17.12266,48.14399]},"properties":{"cat":"zastavka"}},{"type":"Feature","geometry":{"type":"Point","coordinates":[17.09234,48.16769]},"properties":{"cat":"obchod"}},{"type":"Feature","geometry":{"type":"Point","coordinates":[17.07146,48.1565]},"properties":{"cat":"zastavka"}},{"type":"Feature","geometry":{"type":"Point","coordinates":[17.12989,48.16197]},"properties":{"cat":"obchod"}},{"type":"Feature","geometry":{"type":"Point","coordinates":[17.12875,48.17006]},"properties":{"cat":"zastavka"}},{"type":"Feature","geometry":{"type":"Point","coordinates":[17.12116,48.14076]},"properties":{"cat":"zastavka"}},{"type":"Feature","geometry":{"type":"Point","coordinates":[17.12896,48.17013]},"properties":{"cat":"obchod"}},{"type":"Feature","geometry":{"type":"Point","coordinates":[17.08565,48.15127]},"properties":{"cat":"obchod"}},{"type":"Feature","geometry":{"type":"Point","coordinates":[17.07709,48.16758]},"properties":{"cat":"skola"}},{"type":"Feature","geometry":{"type":"Point","coordinates":[17.12669,48.15828]},"properties":{"cat":"zastavka"}},{"type":"Feature","geometry":{"type":"Point","coordinates":[17.11957,48.15783]},"properties":{"cat":"zastavka"}},{"type":"Feature","geometry":{"type":"Point","coordinates":[17.11064,48.15359]},"properties":{"cat":"zastavka"}},{"type":"Feature","geometry":{"type":"Point","coordinates":[17.07773,48.14557]},"properties":{"cat":"zastavka"}},{"type":"Feature","geometry":{"type":"Point","coordinates":[17.11063,48.15]},"properties":{"cat":"zastavka"}},{"type":"Feature","geometry":{"type":"Point","coordinates":[17.11332,48.15249]},"properties":{"cat":"zastavka"}},{"type":"Feature","geometry":{"type":"Point","coordinates":[17.11914,48.15719]},"properties":{"cat":"zastavka"}},{"type":"Feature","geometry":{"type":"Point","coordinates":[17.1295,48.17018]},"properties":{"cat":"lekaren"}},{"type":"Feature","geometry":{"type":"Point","coordinates":[17.06879,48.15788]},"properties":{"cat":"zastavka"}},{"type":"Feature","geometry":{"type":"Point","coordinates":[17.06783,48.15838]},"properties":{"cat":"zastavka"}},{"type":"Feature","geometry":{"type":"Point","coordinates":[17.07203,48.14833]},"properties":{"cat":"zastavka"}},{"type":"Feature","geometry":{"type":"Point","coordinates":[17.11255,48.15652]},"properties":{"cat":"zastavka"}},{"type":"Feature","geometry":{"type":"Point","coordinates":[17.12175,48.15775]},"properties":{"cat":"zastavka"}},{"type":"Feature","geometry":{"type":"Point","coordinates":[17.13285,48.14645]},"properties":{"cat":"zastavka"}},{"type":"Feature","geometry":{"type":"Point","coordinates":[17.0903,48.14945]},"properties":{"cat":"zastavka"}},{"type":"Feature","geometry":{"type":"Point","coordinates":[17.10899,48.14788]},"properties":{"cat":"obchod"}},{"type":"Feature","geometry":{"type":"Point","coordinates":[17.10393,48.14605]},"properties":{"cat":"zastavka"}},{"type":"Feature","geometry":{"type":"Point","coordinates":[17.1256,48.1546]},"properties":{"cat":"zastavka"}},{"type":"Feature","geometry":{"type":"Point","coordinates":[17.07847,48.14484]},"properties":{"cat":"zastavka"}},{"type":"Feature","geometry":{"type":"Point","coordinates":[17.12942,48.15413]},"properties":{"cat":"zastavka"}},{"type":"Feature","geometry":{"type":"Point","coordinates":[17.12445,48.15332]},"properties":{"cat":"zastavka"}},{"type":"Feature","geometry":{"type":"Point","coordinates":[17.11816,48.15099]},"properties":{"cat":"zastavka"}},{"type":"Feature","geometry":{"type":"Point","coordinates":[17.08938,48.14739]},"properties":{"cat":"zastavka"}},{"type":"Feature","geometry":{"type":"Point","coordinates":[17.09215,48.14595]},"properties":{"cat":"zastavka"}},{"type":"Feature","geometry":{"type":"Point","coordinates":[17.07825,48.16585]},"properties":{"cat":"zastavka"}},{"type":"Feature","geometry":{"type":"Point","coordinates":[17.0816,48.16323]},"properties":{"cat":"zastavka"}},{"type":"Feature","geometry":{"type":"Point","coordinates":[17.116,48.15005]},"properties":{"cat":"zastavka"}},{"type":"Feature","geometry":{"type":"Point","coordinates":[17.12892,48.1424]},"properties":{"cat":"zastavka"}},{"type":"Feature","geometry":{"type":"Point","coordinates":[17.08284,48.16101]},"properties":{"cat":"zastavka"}},{"type":"Feature","geometry":{"type":"Point","coordinates":[17.13059,48.14595]},"properties":{"cat":"zastavka"}},{"type":"Feature","geometry":{"type":"Point","coordinates":[17.08139,48.15722]},"properties":{"cat":"zastavka"}},{"type":"Feature","geometry":{"type":"Point","coordinates":[17.12513,48.15014]},"properties":{"cat":"zastavka"}},{"type":"Feature","geometry":{"type":"Point","coordinates":[17.09811,48.16719]},"properties":{"cat":"zastavka"}},{"type":"Feature","geometry":{"type":"Point","coordinates":[17.12959,48.15434]},"properties":{"cat":"zastavka"}},{"type":"Feature","geometry":{"type":"Point","coordinates":[17.12416,48.15338]},"properties":{"cat":"zastavka"}},{"type":"Feature","geometry":{"type":"Point","coordinates":[17.13293,48.14537]},"properties":{"cat":"zastavka"}},{"type":"Feature","geometry":{"type":"Point","coordinates":[17.13119,48.17118]},"properties":{"cat":"skolka"}},{"type":"Feature","geometry":{"type":"Point","coordinates":[17.09815,48.16376]},"properties":{"cat":"zastavka"}},{"type":"Feature","geometry":{"type":"Point","coordinates":[17.09921,48.1627]},"properties":{"cat":"zastavka"}},{"type":"Feature","geometry":{"type":"Point","coordinates":[17.09299,48.16693]},"properties":{"cat":"zastavka"}},{"type":"Feature","geometry":{"type":"Point","coordinates":[17.09432,48.16593]},"properties":{"cat":"zastavka"}},{"type":"Feature","geometry":{"type":"Point","coordinates":[17.08284,48.16552]},"properties":{"cat":"zastavka"}},{"type":"Feature","geometry":{"type":"Point","coordinates":[17.07982,48.16612]},"properties":{"cat":"zastavka"}},{"type":"Feature","geometry":{"type":"Point","coordinates":[17.07878,48.16614]},"properties":{"cat":"zastavka"}},{"type":"Feature","geometry":{"type":"Point","coordinates":[17.0915,48.15277]},"properties":{"cat":"zastavka"}},{"type":"Feature","geometry":{"type":"Point","coordinates":[17.09174,48.153]},"properties":{"cat":"zastavka"}},{"type":"Feature","geometry":{"type":"Point","coordinates":[17.08909,48.14789]},"properties":{"cat":"zastavka"}},{"type":"Feature","geometry":{"type":"Point","coordinates":[17.09036,48.14998]},"properties":{"cat":"zastavka"}},{"type":"Feature","geometry":{"type":"Point","coordinates":[17.09711,48.14245]},"properties":{"cat":"zastavka"}},{"type":"Feature","geometry":{"type":"Point","coordinates":[17.09629,48.14301]},"properties":{"cat":"zastavka"}},{"type":"Feature","geometry":{"type":"Point","coordinates":[17.09499,48.14378]},"properties":{"cat":"zastavka"}},{"type":"Feature","geometry":{"type":"Point","coordinates":[17.09497,48.14412]},"properties":{"cat":"zastavka"}},{"type":"Feature","geometry":{"type":"Point","coordinates":[17.09912,48.1456]},"properties":{"cat":"zastavka"}},{"type":"Feature","geometry":{"type":"Point","coordinates":[17.09922,48.14615]},"properties":{"cat":"zastavka"}},{"type":"Feature","geometry":{"type":"Point","coordinates":[17.09136,48.14613]},"properties":{"cat":"zastavka"}},{"type":"Feature","geometry":{"type":"Point","coordinates":[17.09862,48.14332]},"properties":{"cat":"zastavka"}},{"type":"Feature","geometry":{"type":"Point","coordinates":[17.09878,48.14366]},"properties":{"cat":"zastavka"}},{"type":"Feature","geometry":{"type":"Point","coordinates":[17.10115,48.14818]},"properties":{"cat":"zastavka"}},{"type":"Feature","geometry":{"type":"Point","coordinates":[17.10124,48.14841]},"properties":{"cat":"zastavka"}},{"type":"Feature","geometry":{"type":"Point","coordinates":[17.10683,48.1481]},"properties":{"cat":"zastavka"}},{"type":"Feature","geometry":{"type":"Point","coordinates":[17.10719,48.14897]},"properties":{"cat":"zastavka"}},{"type":"Feature","geometry":{"type":"Point","coordinates":[17.1061,48.15402]},"properties":{"cat":"zastavka"}},{"type":"Feature","geometry":{"type":"Point","coordinates":[17.10625,48.15476]},"properties":{"cat":"zastavka"}},{"type":"Feature","geometry":{"type":"Point","coordinates":[17.10447,48.15913]},"properties":{"cat":"zastavka"}},{"type":"Feature","geometry":{"type":"Point","coordinates":[17.09336,48.16652]},"properties":{"cat":"zastavka"}},{"type":"Feature","geometry":{"type":"Point","coordinates":[17.08927,48.16759]},"properties":{"cat":"zastavka"}},{"type":"Feature","geometry":{"type":"Point","coordinates":[17.08856,48.16781]},"properties":{"cat":"zastavka"}},{"type":"Feature","geometry":{"type":"Point","coordinates":[17.09568,48.16507]},"properties":{"cat":"zastavka"}},{"type":"Feature","geometry":{"type":"Point","coordinates":[17.09596,48.16507]},"properties":{"cat":"zastavka"}},{"type":"Feature","geometry":{"type":"Point","coordinates":[17.07665,48.16844]},"properties":{"cat":"zastavka"}},{"type":"Feature","geometry":{"type":"Point","coordinates":[17.07616,48.16916]},"properties":{"cat":"zastavka"}},{"type":"Feature","geometry":{"type":"Point","coordinates":[17.08063,48.16753]},"properties":{"cat":"zastavka"}},{"type":"Feature","geometry":{"type":"Point","coordinates":[17.07998,48.16777]},"properties":{"cat":"zastavka"}},{"type":"Feature","geometry":{"type":"Point","coordinates":[17.07365,48.1716]},"properties":{"cat":"zastavka"}},{"type":"Feature","geometry":{"type":"Point","coordinates":[17.11259,48.14929]},"properties":{"cat":"zastavka"}},{"type":"Feature","geometry":{"type":"Point","coordinates":[17.11299,48.14997]},"properties":{"cat":"zastavka"}},{"type":"Feature","geometry":{"type":"Point","coordinates":[17.11048,48.15122]},"properties":{"cat":"zastavka"}},{"type":"Feature","geometry":{"type":"Point","coordinates":[17.11062,48.15383]},"properties":{"cat":"zastavka"}},{"type":"Feature","geometry":{"type":"Point","coordinates":[17.11325,48.15689]},"properties":{"cat":"zastavka"}},{"type":"Feature","geometry":{"type":"Point","coordinates":[17.11348,48.15714]},"properties":{"cat":"zastavka"}},{"type":"Feature","geometry":{"type":"Point","coordinates":[17.12952,48.1514]},"properties":{"cat":"zastavka"}},{"type":"Feature","geometry":{"type":"Point","coordinates":[17.12943,48.15198]},"properties":{"cat":"zastavka"}},{"type":"Feature","geometry":{"type":"Point","coordinates":[17.13085,48.14815]},"properties":{"cat":"zastavka"}},{"type":"Feature","geometry":{"type":"Point","coordinates":[17.13153,48.14636]},"properties":{"cat":"zastavka"}},{"type":"Feature","geometry":{"type":"Point","coordinates":[17.0917,48.16298]},"properties":{"cat":"zastavka"}},{"type":"Feature","geometry":{"type":"Point","coordinates":[17.09232,48.1633]},"properties":{"cat":"zastavka"}},{"type":"Feature","geometry":{"type":"Point","coordinates":[17.10651,48.15545]},"properties":{"cat":"zastavka"}},{"type":"Feature","geometry":{"type":"Point","coordinates":[17.10611,48.15729]},"properties":{"cat":"zastavka"}},{"type":"Feature","geometry":{"type":"Point","coordinates":[17.10624,48.15731]},"properties":{"cat":"zastavka"}},{"type":"Feature","geometry":{"type":"Point","coordinates":[17.12692,48.15769]},"properties":{"cat":"zastavka"}},{"type":"Feature","geometry":{"type":"Point","coordinates":[17.12674,48.15803]},"properties":{"cat":"zastavka"}},{"type":"Feature","geometry":{"type":"Point","coordinates":[17.12088,48.15718]},"properties":{"cat":"zastavka"}},{"type":"Feature","geometry":{"type":"Point","coordinates":[17.10379,48.14563]},"properties":{"cat":"zastavka"}},{"type":"Feature","geometry":{"type":"Point","coordinates":[17.10454,48.13325]},"properties":{"cat":"zastavka"}},{"type":"Feature","geometry":{"type":"Point","coordinates":[17.105,48.13327]},"properties":{"cat":"zastavka"}},{"type":"Feature","geometry":{"type":"Point","coordinates":[17.07611,48.16321]},"properties":{"cat":"zastavka"}},{"type":"Feature","geometry":{"type":"Point","coordinates":[17.07646,48.16385]},"properties":{"cat":"zastavka"}},{"type":"Feature","geometry":{"type":"Point","coordinates":[17.09871,48.13223]},"properties":{"cat":"zastavka"}},{"type":"Feature","geometry":{"type":"Point","coordinates":[17.10415,48.14029]},"properties":{"cat":"zastavka"}},{"type":"Feature","geometry":{"type":"Point","coordinates":[17.1043,48.14025]},"properties":{"cat":"zastavka"}},{"type":"Feature","geometry":{"type":"Point","coordinates":[17.07692,48.15406]},"properties":{"cat":"zastavka"}},{"type":"Feature","geometry":{"type":"Point","coordinates":[17.10878,48.15556]},"properties":{"cat":"zastavka"}},{"type":"Feature","geometry":{"type":"Point","coordinates":[17.10836,48.14864]},"properties":{"cat":"zastavka"}},{"type":"Feature","geometry":{"type":"Point","coordinates":[17.10549,48.13963]},"properties":{"cat":"zastavka"}},{"type":"Feature","geometry":{"type":"Point","coordinates":[17.10447,48.14053]},"properties":{"cat":"zastavka"}},{"type":"Feature","geometry":{"type":"Point","coordinates":[17.08452,48.14313]},"properties":{"cat":"zastavka"}},{"type":"Feature","geometry":{"type":"Point","coordinates":[17.10454,48.15825]},"properties":{"cat":"zastavka"}},{"type":"Feature","geometry":{"type":"Point","coordinates":[17.0907,48.14195]},"properties":{"cat":"zastavka"}},{"type":"Feature","geometry":{"type":"Point","coordinates":[17.12643,48.14607]},"properties":{"cat":"zastavka"}},{"type":"Feature","geometry":{"type":"Point","coordinates":[17.12654,48.14639]},"properties":{"cat":"zastavka"}},{"type":"Feature","geometry":{"type":"Point","coordinates":[17.12624,48.14681]},"properties":{"cat":"zastavka"}},{"type":"Feature","geometry":{"type":"Point","coordinates":[17.12629,48.14703]},"properties":{"cat":"zastavka"}},{"type":"Feature","geometry":{"type":"Point","coordinates":[17.12579,48.14733]},"properties":{"cat":"zastavka"}},{"type":"Feature","geometry":{"type":"Point","coordinates":[17.11391,48.15655]},"properties":{"cat":"zastavka"}},{"type":"Feature","geometry":{"type":"Point","coordinates":[17.12507,48.15495]},"properties":{"cat":"zastavka"}},{"type":"Feature","geometry":{"type":"Point","coordinates":[17.12408,48.14732]},"properties":{"cat":"zastavka"}},{"type":"Feature","geometry":{"type":"Point","coordinates":[17.12575,48.15093]},"properties":{"cat":"zastavka"}},{"type":"Feature","geometry":{"type":"Point","coordinates":[17.12085,48.14824]},"properties":{"cat":"zastavka"}},{"type":"Feature","geometry":{"type":"Point","coordinates":[17.11869,48.14927]},"properties":{"cat":"zastavka"}},{"type":"Feature","geometry":{"type":"Point","coordinates":[17.11821,48.14929]},"properties":{"cat":"zastavka"}},{"type":"Feature","geometry":{"type":"Point","coordinates":[17.09377,48.12876]},"properties":{"cat":"zastavka"}},{"type":"Feature","geometry":{"type":"Point","coordinates":[17.13065,48.14266]},"properties":{"cat":"zastavka"}},{"type":"Feature","geometry":{"type":"Point","coordinates":[17.10037,48.13161]},"properties":{"cat":"zastavka"}},{"type":"Feature","geometry":{"type":"Point","coordinates":[17.10408,48.14075]},"properties":{"cat":"zastavka"}},{"type":"Feature","geometry":{"type":"Point","coordinates":[17.11675,48.12856]},"properties":{"cat":"zastavka"}},{"type":"Feature","geometry":{"type":"Point","coordinates":[17.11898,48.14173]},"properties":{"cat":"zastavka"}},{"type":"Feature","geometry":{"type":"Point","coordinates":[17.11213,48.15093]},"properties":{"cat":"zastavka"}},{"type":"Feature","geometry":{"type":"Point","coordinates":[17.07242,48.15565]},"properties":{"cat":"zastavka"}},{"type":"Feature","geometry":{"type":"Point","coordinates":[17.06824,48.15828]},"properties":{"cat":"zastavka"}},{"type":"Feature","geometry":{"type":"Point","coordinates":[17.11691,48.15542]},"properties":{"cat":"zastavka"}},{"type":"Feature","geometry":{"type":"Point","coordinates":[17.08214,48.16544]},"properties":{"cat":"zastavka"}},{"type":"Feature","geometry":{"type":"Point","coordinates":[17.1048,48.12839]},"properties":{"cat":"zastavka"}},{"type":"Feature","geometry":{"type":"Point","coordinates":[17.07954,48.16526]},"properties":{"cat":"zastavka"}},{"type":"Feature","geometry":{"type":"Point","coordinates":[17.13325,48.15463]},"properties":{"cat":"zastavka"}},{"type":"Feature","geometry":{"type":"Point","coordinates":[17.13312,48.15478]},"properties":{"cat":"zastavka"}},{"type":"Feature","geometry":{"type":"Point","coordinates":[17.09294,48.17061]},"properties":{"cat":"zastavka"}},{"type":"Feature","geometry":{"type":"Point","coordinates":[17.09303,48.17062]},"properties":{"cat":"zastavka"}},{"type":"Feature","geometry":{"type":"Point","coordinates":[17.09265,48.17071]},"properties":{"cat":"zastavka"}},{"type":"Feature","geometry":{"type":"Point","coordinates":[17.09323,48.17094]},"properties":{"cat":"zastavka"}},{"type":"Feature","geometry":{"type":"Point","coordinates":[17.08741,48.17008]},"properties":{"cat":"zastavka"}},{"type":"Feature","geometry":{"type":"Point","coordinates":[17.09051,48.16936]},"properties":{"cat":"zastavka"}},{"type":"Feature","geometry":{"type":"Point","coordinates":[17.09049,48.16944]},"properties":{"cat":"zastavka"}},{"type":"Feature","geometry":{"type":"Point","coordinates":[17.09119,48.1696]},"properties":{"cat":"zastavka"}},{"type":"Feature","geometry":{"type":"Point","coordinates":[17.09104,48.16977]},"properties":{"cat":"zastavka"}},{"type":"Feature","geometry":{"type":"Point","coordinates":[17.10608,48.1576]},"properties":{"cat":"zastavka"}},{"type":"Feature","geometry":{"type":"Point","coordinates":[17.08855,48.16312]},"properties":{"cat":"zastavka"}},{"type":"Feature","geometry":{"type":"Point","coordinates":[17.08841,48.1536]},"properties":{"cat":"zastavka"}},{"type":"Feature","geometry":{"type":"Point","coordinates":[17.10663,48.15061]},"properties":{"cat":"obchod"}},{"type":"Feature","geometry":{"type":"Point","coordinates":[17.11313,48.14262]},"properties":{"cat":"skolka"}},{"type":"Feature","geometry":{"type":"Point","coordinates":[17.11896,48.14867]},"properties":{"cat":"lekaren"}},{"type":"Feature","geometry":{"type":"Point","coordinates":[17.10679,48.14542]},"properties":{"cat":"lekaren"}},{"type":"Feature","geometry":{"type":"Point","coordinates":[17.10836,48.14659]},"properties":{"cat":"obchod"}},{"type":"Feature","geometry":{"type":"Point","coordinates":[17.07806,48.14521]},"properties":{"cat":"zastavka"}},{"type":"Feature","geometry":{"type":"Point","coordinates":[17.11553,48.1474]},"properties":{"cat":"zastavka"}},{"type":"Feature","geometry":{"type":"Point","coordinates":[17.08483,48.14289]},"properties":{"cat":"zastavka"}},{"type":"Feature","geometry":{"type":"Point","coordinates":[17.07182,48.14813]},"properties":{"cat":"zastavka"}},{"type":"Feature","geometry":{"type":"Point","coordinates":[17.10492,48.14497]},"properties":{"cat":"zastavka"}},{"type":"Feature","geometry":{"type":"Point","coordinates":[17.12372,48.15474]},"properties":{"cat":"zastavka"}},{"type":"Feature","geometry":{"type":"Point","coordinates":[17.13176,48.16198]},"properties":{"cat":"zastavka"}},{"type":"Feature","geometry":{"type":"Point","coordinates":[17.09299,48.14089]},"properties":{"cat":"zastavka"}},{"type":"Feature","geometry":{"type":"Point","coordinates":[17.11574,48.1417]},"properties":{"cat":"zastavka"}},{"type":"Feature","geometry":{"type":"Point","coordinates":[17.09344,48.16825]},"properties":{"cat":"zastavka"}},{"type":"Feature","geometry":{"type":"Point","coordinates":[17.10051,48.12913]},"properties":{"cat":"skolka"}},{"type":"Feature","geometry":{"type":"Point","coordinates":[17.12689,48.17043]},"properties":{"cat":"zastavka"}},{"type":"Feature","geometry":{"type":"Point","coordinates":[17.10981,48.14717]},"properties":{"cat":"zastavka"}},{"type":"Feature","geometry":{"type":"Point","coordinates":[17.12051,48.15412]},"properties":{"cat":"zastavka"}},{"type":"Feature","geometry":{"type":"Point","coordinates":[17.11881,48.15359]},"properties":{"cat":"zastavka"}},{"type":"Feature","geometry":{"type":"Point","coordinates":[17.10861,48.14666]},"properties":{"cat":"zastavka"}},{"type":"Feature","geometry":{"type":"Point","coordinates":[17.12053,48.15795]},"properties":{"cat":"zastavka"}},{"type":"Feature","geometry":{"type":"Point","coordinates":[17.11227,48.14849]},"properties":{"cat":"zastavka"}},{"type":"Feature","geometry":{"type":"Point","coordinates":[17.11297,48.14872]},"properties":{"cat":"zastavka"}},{"type":"Feature","geometry":{"type":"Point","coordinates":[17.10264,48.12896]},"properties":{"cat":"park"}},{"type":"Feature","geometry":{"type":"Point","coordinates":[17.12698,48.15704]},"properties":{"cat":"zastavka"}},{"type":"Feature","geometry":{"type":"Point","coordinates":[17.12839,48.15979]},"properties":{"cat":"obchod"}},{"type":"Feature","geometry":{"type":"Point","coordinates":[17.09505,48.12853]},"properties":{"cat":"obchod"}},{"type":"Feature","geometry":{"type":"Point","coordinates":[17.10844,48.13189]},"properties":{"cat":"zastavka"}},{"type":"Feature","geometry":{"type":"Point","coordinates":[17.12014,48.15416]},"properties":{"cat":"skola"}},{"type":"Feature","geometry":{"type":"Point","coordinates":[17.1162,48.14619]},"properties":{"cat":"zastavka"}},{"type":"Feature","geometry":{"type":"Point","coordinates":[17.10103,48.12836]},"properties":{"cat":"park"}},{"type":"Feature","geometry":{"type":"Point","coordinates":[17.10139,48.12914]},"properties":{"cat":"park"}},{"type":"Feature","geometry":{"type":"Point","coordinates":[17.11992,48.15445]},"properties":{"cat":"zastavka"}},{"type":"Feature","geometry":{"type":"Point","coordinates":[17.11646,48.14876]},"properties":{"cat":"lekar"}},{"type":"Feature","geometry":{"type":"Point","coordinates":[17.11652,48.14885]},"properties":{"cat":"skolka"}},{"type":"Feature","geometry":{"type":"Point","coordinates":[17.11126,48.14551]},"properties":{"cat":"lekaren"}},{"type":"Feature","geometry":{"type":"Point","coordinates":[17.10766,48.13212]},"properties":{"cat":"zastavka"}},{"type":"Feature","geometry":{"type":"Point","coordinates":[17.10791,48.1697]},"properties":{"cat":"zastavka"}},{"type":"Feature","geometry":{"type":"Point","coordinates":[17.11422,48.16534]},"properties":{"cat":"zastavka"}},{"type":"Feature","geometry":{"type":"Point","coordinates":[17.11357,48.1657]},"properties":{"cat":"zastavka"}},{"type":"Feature","geometry":{"type":"Point","coordinates":[17.10258,48.17123]},"properties":{"cat":"zastavka"}},{"type":"Feature","geometry":{"type":"Point","coordinates":[17.1148,48.16089]},"properties":{"cat":"zastavka"}},{"type":"Feature","geometry":{"type":"Point","coordinates":[17.11494,48.16222]},"properties":{"cat":"zastavka"}},{"type":"Feature","geometry":{"type":"Point","coordinates":[17.10275,48.17137]},"properties":{"cat":"skolka"}},{"type":"Feature","geometry":{"type":"Point","coordinates":[17.11093,48.16859]},"properties":{"cat":"zastavka"}},{"type":"Feature","geometry":{"type":"Point","coordinates":[17.11053,48.169]},"properties":{"cat":"zastavka"}},{"type":"Feature","geometry":{"type":"Point","coordinates":[17.13277,48.16269]},"properties":{"cat":"lekaren"}},{"type":"Feature","geometry":{"type":"Point","coordinates":[17.13144,48.1421]},"properties":{"cat":"zastavka"}},{"type":"Feature","geometry":{"type":"Point","coordinates":[17.09926,48.14563]},"properties":{"cat":"obchod"}},{"type":"Feature","geometry":{"type":"Point","coordinates":[17.07402,48.16163]},"properties":{"cat":"park"}},{"type":"Feature","geometry":{"type":"Point","coordinates":[17.11908,48.15485]},"properties":{"cat":"obchod"}},{"type":"Feature","geometry":{"type":"Point","coordinates":[17.09455,48.16592]},"properties":{"cat":"zastavka"}},{"type":"Feature","geometry":{"type":"Point","coordinates":[17.12204,48.14139]},"properties":{"cat":"zastavka"}},{"type":"Feature","geometry":{"type":"Point","coordinates":[17.10504,48.1445]},"properties":{"cat":"obchod"}},{"type":"Feature","geometry":{"type":"Point","coordinates":[17.12739,48.16973]},"properties":{"cat":"zastavka"}},{"type":"Feature","geometry":{"type":"Point","coordinates":[17.1216,48.15896]},"properties":{"cat":"zastavka"}},{"type":"Feature","geometry":{"type":"Point","coordinates":[17.1247,48.16284]},"properties":{"cat":"zastavka"}},{"type":"Feature","geometry":{"type":"Point","coordinates":[17.12941,48.16334]},"properties":{"cat":"obchod"}},{"type":"Feature","geometry":{"type":"Point","coordinates":[17.12009,48.13256]},"properties":{"cat":"park"}},{"type":"Feature","geometry":{"type":"Point","coordinates":[17.11452,48.14554]},"properties":{"cat":"lekaren"}},{"type":"Feature","geometry":{"type":"Point","coordinates":[17.11427,48.14718]},"properties":{"cat":"skolka"}},{"type":"Feature","geometry":{"type":"Point","coordinates":[17.11401,48.14704]},"properties":{"cat":"lekaren"}},{"type":"Feature","geometry":{"type":"Point","coordinates":[17.11228,48.14833]},"properties":{"cat":"obchod"}},{"type":"Feature","geometry":{"type":"Point","coordinates":[17.11344,48.14889]},"properties":{"cat":"lekaren"}},{"type":"Feature","geometry":{"type":"Point","coordinates":[17.1105,48.14479]},"properties":{"cat":"skola"}},{"type":"Feature","geometry":{"type":"Point","coordinates":[17.10986,48.14498]},"properties":{"cat":"skolka"}},{"type":"Feature","geometry":{"type":"Point","coordinates":[17.11033,48.14486]},"properties":{"cat":"skola"}},{"type":"Feature","geometry":{"type":"Point","coordinates":[17.10746,48.14232]},"properties":{"cat":"skola"}},{"type":"Feature","geometry":{"type":"Point","coordinates":[17.10976,48.14279]},"properties":{"cat":"lekaren"}},{"type":"Feature","geometry":{"type":"Point","coordinates":[17.11645,48.14802]},"properties":{"cat":"obchod"}},{"type":"Feature","geometry":{"type":"Point","coordinates":[17.13177,48.16178]},"properties":{"cat":"zastavka"}},{"type":"Feature","geometry":{"type":"Point","coordinates":[17.12059,48.14769]},"properties":{"cat":"zastavka"}},{"type":"Feature","geometry":{"type":"Point","coordinates":[17.12577,48.14984]},"properties":{"cat":"obchod"}},{"type":"Feature","geometry":{"type":"Point","coordinates":[17.11701,48.14647]},"properties":{"cat":"zastavka"}},{"type":"Feature","geometry":{"type":"Point","coordinates":[17.12521,48.14824]},"properties":{"cat":"lekaren"}},{"type":"Feature","geometry":{"type":"Point","coordinates":[17.11063,48.15104]},"properties":{"cat":"zastavka"}},{"type":"Feature","geometry":{"type":"Point","coordinates":[17.09183,48.1459]},"properties":{"cat":"park"}},{"type":"Feature","geometry":{"type":"Point","coordinates":[17.1007,48.15237]},"properties":{"cat":"zastavka"}},{"type":"Feature","geometry":{"type":"Point","coordinates":[17.10036,48.15401]},"properties":{"cat":"zastavka"}},{"type":"Feature","geometry":{"type":"Point","coordinates":[17.0865,48.15979]},"properties":{"cat":"zastavka"}},{"type":"Feature","geometry":{"type":"Point","coordinates":[17.08646,48.16049]},"properties":{"cat":"zastavka"}},{"type":"Feature","geometry":{"type":"Point","coordinates":[17.08529,48.16048]},"properties":{"cat":"zastavka"}},{"type":"Feature","geometry":{"type":"Point","coordinates":[17.10191,48.15187]},"properties":{"cat":"zastavka"}},{"type":"Feature","geometry":{"type":"Point","coordinates":[17.10208,48.15196]},"properties":{"cat":"zastavka"}},{"type":"Feature","geometry":{"type":"Point","coordinates":[17.10006,48.15098]},"properties":{"cat":"zastavka"}},{"type":"Feature","geometry":{"type":"Point","coordinates":[17.09833,48.14866]},"properties":{"cat":"zastavka"}},{"type":"Feature","geometry":{"type":"Point","coordinates":[17.09838,48.14896]},"properties":{"cat":"zastavka"}},{"type":"Feature","geometry":{"type":"Point","coordinates":[17.08846,48.15597]},"properties":{"cat":"zastavka"}},{"type":"Feature","geometry":{"type":"Point","coordinates":[17.08844,48.15624]},"properties":{"cat":"zastavka"}},{"type":"Feature","geometry":{"type":"Point","coordinates":[17.08188,48.16264]},"properties":{"cat":"zastavka"}},{"type":"Feature","geometry":{"type":"Point","coordinates":[17.10884,48.14663]},"properties":{"cat":"lekaren"}},{"type":"Feature","geometry":{"type":"Point","coordinates":[17.10443,48.13997]},"properties":{"cat":"zastavka"}},{"type":"Feature","geometry":{"type":"Point","coordinates":[17.10603,48.15805]},"properties":{"cat":"zastavka"}},{"type":"Feature","geometry":{"type":"Point","coordinates":[17.1086,48.15573]},"properties":{"cat":"zastavka"}},{"type":"Feature","geometry":{"type":"Point","coordinates":[17.11075,48.13996]},"properties":{"cat":"zastavka"}},{"type":"Feature","geometry":{"type":"Point","coordinates":[17.10851,48.13997]},"properties":{"cat":"zastavka"}},{"type":"Feature","geometry":{"type":"Point","coordinates":[17.11985,48.15197]},"properties":{"cat":"obchod"}},{"type":"Feature","geometry":{"type":"Point","coordinates":[17.08676,48.16998]},"properties":{"cat":"lekaren"}},{"type":"Feature","geometry":{"type":"Point","coordinates":[17.11253,48.14927]},"properties":{"cat":"obchod"}},{"type":"Feature","geometry":{"type":"Point","coordinates":[17.10938,48.14136]},"properties":{"cat":"obchod"}},{"type":"Feature","geometry":{"type":"Point","coordinates":[17.09073,48.15366]},"properties":{"cat":"zastavka"}},{"type":"Feature","geometry":{"type":"Point","coordinates":[17.12676,48.14847]},"properties":{"cat":"lekar"}},{"type":"Feature","geometry":{"type":"Point","coordinates":[17.12694,48.14896]},"properties":{"cat":"skolka"}},{"type":"Feature","geometry":{"type":"Point","coordinates":[17.08017,48.16614]},"properties":{"cat":"park"}},{"type":"Feature","geometry":{"type":"Point","coordinates":[17.1001,48.15225]},"properties":{"cat":"zastavka"}},{"type":"Feature","geometry":{"type":"Point","coordinates":[17.10444,48.14909]},"properties":{"cat":"park"}},{"type":"Feature","geometry":{"type":"Point","coordinates":[17.10342,48.14985]},"properties":{"cat":"park"}},{"type":"Feature","geometry":{"type":"Point","coordinates":[17.0987,48.15129]},"properties":{"cat":"zastavka"}},{"type":"Feature","geometry":{"type":"Point","coordinates":[17.10602,48.14888]},"properties":{"cat":"skola"}},{"type":"Feature","geometry":{"type":"Point","coordinates":[17.11559,48.15628]},"properties":{"cat":"park"}},{"type":"Feature","geometry":{"type":"Point","coordinates":[17.10752,48.14853]},"properties":{"cat":"obchod"}},{"type":"Feature","geometry":{"type":"Point","coordinates":[17.10714,48.14854]},"properties":{"cat":"lekaren"}},{"type":"Feature","geometry":{"type":"Point","coordinates":[17.13001,48.15644]},"properties":{"cat":"zastavka"}},{"type":"Feature","geometry":{"type":"Point","coordinates":[17.13025,48.15661]},"properties":{"cat":"zastavka"}},{"type":"Feature","geometry":{"type":"Point","coordinates":[17.10748,48.15578]},"properties":{"cat":"zastavka"}},{"type":"Feature","geometry":{"type":"Point","coordinates":[17.09755,48.1578]},"properties":{"cat":"zastavka"}},{"type":"Feature","geometry":{"type":"Point","coordinates":[17.09486,48.15706]},"properties":{"cat":"park"}},{"type":"Feature","geometry":{"type":"Point","coordinates":[17.1291,48.15505]},"properties":{"cat":"lekaren"}},{"type":"Feature","geometry":{"type":"Point","coordinates":[17.09784,48.1495]},"properties":{"cat":"lekar"}},{"type":"Feature","geometry":{"type":"Point","coordinates":[17.13237,48.16041]},"properties":{"cat":"park"}},{"type":"Feature","geometry":{"type":"Point","coordinates":[17.13179,48.16139]},"properties":{"cat":"park"}},{"type":"Feature","geometry":{"type":"Point","coordinates":[17.08675,48.16079]},"properties":{"cat":"zastavka"}},{"type":"Feature","geometry":{"type":"Point","coordinates":[17.11561,48.15921]},"properties":{"cat":"skolka"}},{"type":"Feature","geometry":{"type":"Point","coordinates":[17.10821,48.15898]},"properties":{"cat":"zastavka"}},{"type":"Feature","geometry":{"type":"Point","coordinates":[17.10286,48.1616]},"properties":{"cat":"zastavka"}},{"type":"Feature","geometry":{"type":"Point","coordinates":[17.10248,48.16187]},"properties":{"cat":"zastavka"}},{"type":"Feature","geometry":{"type":"Point","coordinates":[17.09023,48.16718]},"properties":{"cat":"lekar"}},{"type":"Feature","geometry":{"type":"Point","coordinates":[17.1283,48.14936]},"properties":{"cat":"obchod"}},{"type":"Feature","geometry":{"type":"Point","coordinates":[17.12729,48.1694]},"properties":{"cat":"zastavka"}},{"type":"Feature","geometry":{"type":"Point","coordinates":[17.121,48.15847]},"properties":{"cat":"zastavka"}},{"type":"Feature","geometry":{"type":"Point","coordinates":[17.11895,48.15388]},"properties":{"cat":"zastavka"}},{"type":"Feature","geometry":{"type":"Point","coordinates":[17.12717,48.15762]},"properties":{"cat":"zastavka"}},{"type":"Feature","geometry":{"type":"Point","coordinates":[17.11295,48.14876]},"properties":{"cat":"zastavka"}},{"type":"Feature","geometry":{"type":"Point","coordinates":[17.11372,48.14581]},"properties":{"cat":"zastavka"}},{"type":"Feature","geometry":{"type":"Point","coordinates":[17.11654,48.14844]},"properties":{"cat":"zastavka"}},{"type":"Feature","geometry":{"type":"Point","coordinates":[17.10556,48.14516]},"properties":{"cat":"zastavka"}},{"type":"Feature","geometry":{"type":"Point","coordinates":[17.10559,48.14513]},"properties":{"cat":"zastavka"}},{"type":"Feature","geometry":{"type":"Point","coordinates":[17.10961,48.14021]},"properties":{"cat":"zastavka"}},{"type":"Feature","geometry":{"type":"Point","coordinates":[17.08815,48.14159]},"properties":{"cat":"obchod"}},{"type":"Feature","geometry":{"type":"Point","coordinates":[17.08893,48.16742]},"properties":{"cat":"lekaren"}},{"type":"Feature","geometry":{"type":"Point","coordinates":[17.12424,48.16247]},"properties":{"cat":"zastavka"}},{"type":"Feature","geometry":{"type":"Point","coordinates":[17.10708,48.15809]},"properties":{"cat":"zastavka"}},{"type":"Feature","geometry":{"type":"Point","coordinates":[17.10677,48.15771]},"properties":{"cat":"zastavka"}},{"type":"Feature","geometry":{"type":"Point","coordinates":[17.10749,48.15582]},"properties":{"cat":"zastavka"}},{"type":"Feature","geometry":{"type":"Point","coordinates":[17.10714,48.15805]},"properties":{"cat":"zastavka"}},{"type":"Feature","geometry":{"type":"Point","coordinates":[17.10978,48.14718]},"properties":{"cat":"zastavka"}},{"type":"Feature","geometry":{"type":"Point","coordinates":[17.11164,48.1452]},"properties":{"cat":"zastavka"}},{"type":"Feature","geometry":{"type":"Point","coordinates":[17.11208,48.14497]},"properties":{"cat":"zastavka"}},{"type":"Feature","geometry":{"type":"Point","coordinates":[17.11196,48.14292]},"properties":{"cat":"zastavka"}},{"type":"Feature","geometry":{"type":"Point","coordinates":[17.1052,48.13979]},"properties":{"cat":"zastavka"}},{"type":"Feature","geometry":{"type":"Point","coordinates":[17.09246,48.1412]},"properties":{"cat":"zastavka"}},{"type":"Feature","geometry":{"type":"Point","coordinates":[17.08499,48.14289]},"properties":{"cat":"zastavka"}},{"type":"Feature","geometry":{"type":"Point","coordinates":[17.0782,48.14518]},"properties":{"cat":"zastavka"}},{"type":"Feature","geometry":{"type":"Point","coordinates":[17.07248,48.14813]},"properties":{"cat":"zastavka"}},{"type":"Feature","geometry":{"type":"Point","coordinates":[17.1181,48.15158]},"properties":{"cat":"zastavka"}},{"type":"Feature","geometry":{"type":"Point","coordinates":[17.12043,48.15221]},"properties":{"cat":"zastavka"}},{"type":"Feature","geometry":{"type":"Point","coordinates":[17.12051,48.15416]},"properties":{"cat":"zastavka"}},{"type":"Feature","geometry":{"type":"Point","coordinates":[17.124,48.15493]},"properties":{"cat":"zastavka"}},{"type":"Feature","geometry":{"type":"Point","coordinates":[17.12757,48.15779]},"properties":{"cat":"zastavka"}},{"type":"Feature","geometry":{"type":"Point","coordinates":[17.1314,48.16164]},"properties":{"cat":"zastavka"}},{"type":"Feature","geometry":{"type":"Point","coordinates":[17.10719,48.1582]},"properties":{"cat":"lekaren"}},{"type":"Feature","geometry":{"type":"Point","coordinates":[17.11972,48.14609]},"properties":{"cat":"obchod"}},{"type":"Feature","geometry":{"type":"Point","coordinates":[17.1234,48.16165]},"properties":{"cat":"zastavka"}},{"type":"Feature","geometry":{"type":"Point","coordinates":[17.06936,48.15813]},"properties":{"cat":"obchod"}},{"type":"Feature","geometry":{"type":"Point","coordinates":[17.06972,48.15792]},"properties":{"cat":"park"}},{"type":"Feature","geometry":{"type":"Point","coordinates":[17.06944,48.15846]},"properties":{"cat":"lekaren"}},{"type":"Feature","geometry":{"type":"Point","coordinates":[17.10346,48.17087]},"properties":{"cat":"skolka"}},{"type":"Feature","geometry":{"type":"Point","coordinates":[17.11139,48.15549]},"properties":{"cat":"obchod"}},{"type":"Feature","geometry":{"type":"Point","coordinates":[17.0734,48.1716]},"properties":{"cat":"zastavka"}},{"type":"Feature","geometry":{"type":"Point","coordinates":[17.12859,48.17028]},"properties":{"cat":"zastavka"}},{"type":"Feature","geometry":{"type":"Point","coordinates":[17.10714,48.14682]},"properties":{"cat":"zastavka"}},{"type":"Feature","geometry":{"type":"Point","coordinates":[17.11872,48.15361]},"properties":{"cat":"zastavka"}},{"type":"Feature","geometry":{"type":"Point","coordinates":[17.10414,48.14048]},"properties":{"cat":"zastavka"}},{"type":"Feature","geometry":{"type":"Point","coordinates":[17.12794,48.16431]},"properties":{"cat":"zastavka"}},{"type":"Feature","geometry":{"type":"Point","coordinates":[17.11295,48.13658]},"properties":{"cat":"park"}},{"type":"Feature","geometry":{"type":"Point","coordinates":[17.12994,48.15844]},"properties":{"cat":"zastavka"}},{"type":"Feature","geometry":{"type":"Point","coordinates":[17.12068,48.1641]},"properties":{"cat":"park"}},{"type":"Feature","geometry":{"type":"Point","coordinates":[17.11081,48.1543]},"properties":{"cat":"zastavka"}},{"type":"Feature","geometry":{"type":"Point","coordinates":[17.1094,48.15564]},"properties":{"cat":"obchod"}},{"type":"Feature","geometry":{"type":"Point","coordinates":[17.10687,48.14708]},"properties":{"cat":"zastavka"}},{"type":"Feature","geometry":{"type":"Point","coordinates":[17.12248,48.15668]},"properties":{"cat":"zastavka"}},{"type":"Feature","geometry":{"type":"Point","coordinates":[17.12317,48.1532]},"properties":{"cat":"lekar"}},{"type":"Feature","geometry":{"type":"Point","coordinates":[17.09981,48.13057]},"properties":{"cat":"lekaren"}},{"type":"Feature","geometry":{"type":"Point","coordinates":[17.07966,48.16108]},"properties":{"cat":"zastavka"}},{"type":"Feature","geometry":{"type":"Point","coordinates":[17.07955,48.16121]},"properties":{"cat":"zastavka"}},{"type":"Feature","geometry":{"type":"Point","coordinates":[17.08731,48.15386]},"properties":{"cat":"zastavka"}},{"type":"Feature","geometry":{"type":"Point","coordinates":[17.08478,48.15492]},"properties":{"cat":"zastavka"}},{"type":"Feature","geometry":{"type":"Point","coordinates":[17.08412,48.15536]},"properties":{"cat":"zastavka"}},{"type":"Feature","geometry":{"type":"Point","coordinates":[17.07966,48.15987]},"properties":{"cat":"zastavka"}},{"type":"Feature","geometry":{"type":"Point","coordinates":[17.07952,48.15988]},"properties":{"cat":"zastavka"}},{"type":"Feature","geometry":{"type":"Point","coordinates":[17.08342,48.16075]},"properties":{"cat":"zastavka"}},{"type":"Feature","geometry":{"type":"Point","coordinates":[17.08097,48.15738]},"properties":{"cat":"zastavka"}},{"type":"Feature","geometry":{"type":"Point","coordinates":[17.0985,48.15844]},"properties":{"cat":"park"}},{"type":"Feature","geometry":{"type":"Point","coordinates":[17.09854,48.1656]},"properties":{"cat":"zastavka"}},{"type":"Feature","geometry":{"type":"Point","coordinates":[17.1079,48.15954]},"properties":{"cat":"zastavka"}},{"type":"Feature","geometry":{"type":"Point","coordinates":[17.09806,48.16832]},"properties":{"cat":"zastavka"}},{"type":"Feature","geometry":{"type":"Point","coordinates":[17.09773,48.16851]},"properties":{"cat":"zastavka"}},{"type":"Feature","geometry":{"type":"Point","coordinates":[17.09815,48.16696]},"properties":{"cat":"zastavka"}},{"type":"Feature","geometry":{"type":"Point","coordinates":[17.11179,48.15997]},"properties":{"cat":"zastavka"}},{"type":"Feature","geometry":{"type":"Point","coordinates":[17.09581,48.16848]},"properties":{"cat":"zastavka"}},{"type":"Feature","geometry":{"type":"Point","coordinates":[17.09635,48.16879]},"properties":{"cat":"zastavka"}},{"type":"Feature","geometry":{"type":"Point","coordinates":[17.09328,48.16838]},"properties":{"cat":"zastavka"}},{"type":"Feature","geometry":{"type":"Point","coordinates":[17.08605,48.15432]},"properties":{"cat":"lekar"}},{"type":"Feature","geometry":{"type":"Point","coordinates":[17.13134,48.16177]},"properties":{"cat":"zastavka"}},{"type":"Feature","geometry":{"type":"Point","coordinates":[17.1151,48.12889]},"properties":{"cat":"lekaren"}},{"type":"Feature","geometry":{"type":"Point","coordinates":[17.11993,48.14139]},"properties":{"cat":"zastavka"}},{"type":"Feature","geometry":{"type":"Point","coordinates":[17.11602,48.15573]},"properties":{"cat":"lekar"}},{"type":"Feature","geometry":{"type":"Point","coordinates":[17.12195,48.14121]},"properties":{"cat":"zastavka"}},{"type":"Feature","geometry":{"type":"Point","coordinates":[17.11437,48.15659]},"properties":{"cat":"lekaren"}},{"type":"Feature","geometry":{"type":"Point","coordinates":[17.11665,48.15637]},"properties":{"cat":"skolka"}},{"type":"Feature","geometry":{"type":"Point","coordinates":[17.12161,48.16]},"properties":{"cat":"obchod"}},{"type":"Feature","geometry":{"type":"Point","coordinates":[17.09868,48.14443]},"properties":{"cat":"obchod"}},{"type":"Feature","geometry":{"type":"Point","coordinates":[17.12781,48.16005]},"properties":{"cat":"obchod"}},{"type":"Feature","geometry":{"type":"Point","coordinates":[17.10075,48.14481]},"properties":{"cat":"obchod"}},{"type":"Feature","geometry":{"type":"Point","coordinates":[17.07458,48.16927]},"properties":{"cat":"obchod"}},{"type":"Feature","geometry":{"type":"Point","coordinates":[17.11202,48.15721]},"properties":{"cat":"lekar"}},{"type":"Feature","geometry":{"type":"Point","coordinates":[17.11767,48.15255]},"properties":{"cat":"lekar"}},{"type":"Feature","geometry":{"type":"Point","coordinates":[17.11744,48.14185]},"properties":{"cat":"lekar"}},{"type":"Feature","geometry":{"type":"Point","coordinates":[17.1099,48.1509]},"properties":{"cat":"skolka"}},{"type":"Feature","geometry":{"type":"Point","coordinates":[17.12062,48.15317]},"properties":{"cat":"skolka"}},{"type":"Feature","geometry":{"type":"Point","coordinates":[17.12013,48.14044]},"properties":{"cat":"obchod"}},{"type":"Feature","geometry":{"type":"Point","coordinates":[17.13033,48.15557]},"properties":{"cat":"park"}},{"type":"Feature","geometry":{"type":"Point","coordinates":[17.11657,48.14637]},"properties":{"cat":"lekaren"}},{"type":"Feature","geometry":{"type":"Point","coordinates":[17.09398,48.16165]},"properties":{"cat":"park"}},{"type":"Feature","geometry":{"type":"Point","coordinates":[17.11906,48.1539]},"properties":{"cat":"zastavka"}},{"type":"Feature","geometry":{"type":"Point","coordinates":[17.09852,48.14615]},"properties":{"cat":"lekar"}},{"type":"Feature","geometry":{"type":"Point","coordinates":[17.09327,48.16586]},"properties":{"cat":"park"}},{"type":"Feature","geometry":{"type":"Point","coordinates":[17.10127,48.14768]},"properties":{"cat":"obchod"}},{"type":"Feature","geometry":{"type":"Point","coordinates":[17.09675,48.14695]},"properties":{"cat":"skolka"}},{"type":"Feature","geometry":{"type":"Point","coordinates":[17.07703,48.16867]},"properties":{"cat":"zastavka"}},{"type":"Feature","geometry":{"type":"Point","coordinates":[17.10431,48.16977]},"properties":{"cat":"obchod"}},{"type":"Feature","geometry":{"type":"Point","coordinates":[17.11721,48.14226]},"properties":{"cat":"lekar"}},{"type":"Feature","geometry":{"type":"Point","coordinates":[17.10576,48.14961]},"properties":{"cat":"skolka"}},{"type":"Feature","geometry":{"type":"Point","coordinates":[17.10897,48.14831]},"properties":{"cat":"lekaren"}},{"type":"Feature","geometry":{"type":"Point","coordinates":[17.10673,48.15769]},"properties":{"cat":"zastavka"}},{"type":"Feature","geometry":{"type":"Point","coordinates":[17.10742,48.15602]},"properties":{"cat":"zastavka"}},{"type":"Feature","geometry":{"type":"Point","coordinates":[17.10742,48.15607]},"properties":{"cat":"zastavka"}},{"type":"Feature","geometry":{"type":"Point","coordinates":[17.10711,48.15813]},"properties":{"cat":"zastavka"}},{"type":"Feature","geometry":{"type":"Point","coordinates":[17.12301,48.14222]},"properties":{"cat":"zastavka"}},{"type":"Feature","geometry":{"type":"Point","coordinates":[17.09442,48.1639]},"properties":{"cat":"skolka"}},{"type":"Feature","geometry":{"type":"Point","coordinates":[17.12239,48.1295]},"properties":{"cat":"obchod"}},{"type":"Feature","geometry":{"type":"Point","coordinates":[17.08848,48.16481]},"properties":{"cat":"park"}},{"type":"Feature","geometry":{"type":"Point","coordinates":[17.09234,48.16773]},"properties":{"cat":"park"}},{"type":"Feature","geometry":{"type":"Point","coordinates":[17.09781,48.16583]},"properties":{"cat":"park"}},{"type":"Feature","geometry":{"type":"Point","coordinates":[17.10591,48.14161]},"properties":{"cat":"lekaren"}},{"type":"Feature","geometry":{"type":"Point","coordinates":[17.1072,48.14835]},"properties":{"cat":"obchod"}},{"type":"Feature","geometry":{"type":"Point","coordinates":[17.09654,48.16903]},"properties":{"cat":"park"}},{"type":"Feature","geometry":{"type":"Point","coordinates":[17.10026,48.16954]},"properties":{"cat":"skolka"}},{"type":"Feature","geometry":{"type":"Point","coordinates":[17.09783,48.16779]},"properties":{"cat":"skola"}},{"type":"Feature","geometry":{"type":"Point","coordinates":[17.08732,48.16825]},"properties":{"cat":"lekar"}},{"type":"Feature","geometry":{"type":"Point","coordinates":[17.08781,48.16717]},"properties":{"cat":"obchod"}},{"type":"Feature","geometry":{"type":"Point","coordinates":[17.10203,48.17127]},"properties":{"cat":"zastavka"}},{"type":"Feature","geometry":{"type":"Point","coordinates":[17.11595,48.14464]},"properties":{"cat":"lekaren"}},{"type":"Feature","geometry":{"type":"Point","coordinates":[17.10647,48.15903]},"properties":{"cat":"zastavka"}},{"type":"Feature","geometry":{"type":"Point","coordinates":[17.1016,48.14752]},"properties":{"cat":"obchod"}},{"type":"Feature","geometry":{"type":"Point","coordinates":[17.1197,48.1466]},"properties":{"cat":"skolka"}},{"type":"Feature","geometry":{"type":"Point","coordinates":[17.11989,48.14666]},"properties":{"cat":"skolka"}},{"type":"Feature","geometry":{"type":"Point","coordinates":[17.11956,48.14893]},"properties":{"cat":"lekar"}},{"type":"Feature","geometry":{"type":"Point","coordinates":[17.10429,48.14045]},"properties":{"cat":"zastavka"}},{"type":"Feature","geometry":{"type":"Point","coordinates":[17.06729,48.15836]},"properties":{"cat":"obchod"}},{"type":"Feature","geometry":{"type":"Point","coordinates":[17.11003,48.14744]},"properties":{"cat":"obchod"}},{"type":"Feature","geometry":{"type":"Point","coordinates":[17.118,48.14483]},"properties":{"cat":"obchod"}},{"type":"Feature","geometry":{"type":"Point","coordinates":[17.1251,48.14794]},"properties":{"cat":"obchod"}},{"type":"Feature","geometry":{"type":"Point","coordinates":[17.11259,48.14433]},"properties":{"cat":"obchod"}},{"type":"Feature","geometry":{"type":"Point","coordinates":[17.12845,48.16482]},"properties":{"cat":"lekaren"}},{"type":"Feature","geometry":{"type":"Point","coordinates":[17.12872,48.16481]},"properties":{"cat":"lekaren"}},{"type":"Feature","geometry":{"type":"Point","coordinates":[17.12101,48.15292]},"properties":{"cat":"lekar"}},{"type":"Feature","geometry":{"type":"Point","coordinates":[17.11573,48.15456]},"properties":{"cat":"lekaren"}},{"type":"Feature","geometry":{"type":"Point","coordinates":[17.1134,48.14777]},"properties":{"cat":"skolka"}},{"type":"Feature","geometry":{"type":"Point","coordinates":[17.11097,48.15083]},"properties":{"cat":"lekar"}},{"type":"Feature","geometry":{"type":"Point","coordinates":[17.10663,48.14497]},"properties":{"cat":"obchod"}},{"type":"Feature","geometry":{"type":"Point","coordinates":[17.10953,48.13226]},"properties":{"cat":"lekaren"}},{"type":"Feature","geometry":{"type":"Point","coordinates":[17.12955,48.15642]},"properties":{"cat":"park"}},{"type":"Feature","geometry":{"type":"Point","coordinates":[17.13017,48.15727]},"properties":{"cat":"park"}},{"type":"Feature","geometry":{"type":"Point","coordinates":[17.10911,48.13243]},"properties":{"cat":"obchod"}},{"type":"Feature","geometry":{"type":"Point","coordinates":[17.12894,48.15376]},"properties":{"cat":"lekar"}},{"type":"Feature","geometry":{"type":"Point","coordinates":[17.08741,48.15772]},"properties":{"cat":"obchod"}},{"type":"Feature","geometry":{"type":"Point","coordinates":[17.11203,48.12841]},"properties":{"cat":"obchod"}},{"type":"Feature","geometry":{"type":"Point","coordinates":[17.11425,48.14436]},"properties":{"cat":"lekaren"}},{"type":"Feature","geometry":{"type":"Point","coordinates":[17.11709,48.14626]},"properties":{"cat":"lekaren"}},{"type":"Feature","geometry":{"type":"Point","coordinates":[17.12787,48.15793]},"properties":{"cat":"lekaren"}},{"type":"Feature","geometry":{"type":"Point","coordinates":[17.11697,48.13535]},"properties":{"cat":"zastavka"}},{"type":"Feature","geometry":{"type":"Point","coordinates":[17.1162,48.14136]},"properties":{"cat":"zastavka"}},{"type":"Feature","geometry":{"type":"Point","coordinates":[17.08443,48.15128]},"properties":{"cat":"park"}},{"type":"Feature","geometry":{"type":"Point","coordinates":[17.08514,48.15261]},"properties":{"cat":"park"}},{"type":"Feature","geometry":{"type":"Point","coordinates":[17.07816,48.15929]},"properties":{"cat":"park"}},{"type":"Feature","geometry":{"type":"Point","coordinates":[17.12941,48.15726]},"properties":{"cat":"obchod"}},{"type":"Feature","geometry":{"type":"Point","coordinates":[17.12156,48.12873]},"properties":{"cat":"obchod"}},{"type":"Feature","geometry":{"type":"Point","coordinates":[17.12457,48.12987]},"properties":{"cat":"obchod"}},{"type":"Feature","geometry":{"type":"Point","coordinates":[17.11526,48.15677]},"properties":{"cat":"obchod"}},{"type":"Feature","geometry":{"type":"Point","coordinates":[17.09617,48.16655]},"properties":{"cat":"obchod"}},{"type":"Feature","geometry":{"type":"Point","coordinates":[17.11554,48.1308]},"properties":{"cat":"lekar"}},{"type":"Feature","geometry":{"type":"Point","coordinates":[17.10755,48.14835]},"properties":{"cat":"obchod"}},{"type":"Feature","geometry":{"type":"Point","coordinates":[17.106,48.15383]},"properties":{"cat":"obchod"}},{"type":"Feature","geometry":{"type":"Point","coordinates":[17.13284,48.16272]},"properties":{"cat":"lekar"}},{"type":"Feature","geometry":{"type":"Point","coordinates":[17.13318,48.15071]},"properties":{"cat":"obchod"}},{"type":"Feature","geometry":{"type":"Point","coordinates":[17.12755,48.171]},"properties":{"cat":"lekaren"}},{"type":"Feature","geometry":{"type":"Point","coordinates":[17.10075,48.14602]},"properties":{"cat":"skolka"}},{"type":"Feature","geometry":{"type":"Point","coordinates":[17.12544,48.14233]},"properties":{"cat":"zastavka"}},{"type":"Feature","geometry":{"type":"Point","coordinates":[17.11676,48.14672]},"properties":{"cat":"lekar"}},{"type":"Feature","geometry":{"type":"Point","coordinates":[17.11692,48.14686]},"properties":{"cat":"lekar"}},{"type":"Feature","geometry":{"type":"Point","coordinates":[17.11664,48.1466]},"properties":{"cat":"lekaren"}},{"type":"Feature","geometry":{"type":"Point","coordinates":[17.12419,48.16279]},"properties":{"cat":"obchod"}},{"type":"Feature","geometry":{"type":"Point","coordinates":[17.11189,48.14292]},"properties":{"cat":"zastavka"}},{"type":"Feature","geometry":{"type":"Point","coordinates":[17.06802,48.15836]},"properties":{"cat":"lekaren"}},{"type":"Feature","geometry":{"type":"Point","coordinates":[17.11362,48.14582]},"properties":{"cat":"zastavka"}},{"type":"Feature","geometry":{"type":"Point","coordinates":[17.11585,48.15468]},"properties":{"cat":"lekar"}},{"type":"Feature","geometry":{"type":"Point","coordinates":[17.088,48.16131]},"properties":{"cat":"skolka"}},{"type":"Feature","geometry":{"type":"Point","coordinates":[17.08718,48.16174]},"properties":{"cat":"skolka"}},{"type":"Feature","geometry":{"type":"Point","coordinates":[17.08926,48.16245]},"properties":{"cat":"obchod"}},{"type":"Feature","geometry":{"type":"Point","coordinates":[17.12404,48.14518]},"properties":{"cat":"lekaren"}},{"type":"Feature","geometry":{"type":"Point","coordinates":[17.12331,48.14356]},"properties":{"cat":"lekar"}},{"type":"Feature","geometry":{"type":"Point","coordinates":[17.09911,48.14397]},"properties":{"cat":"lekaren"}},{"type":"Feature","geometry":{"type":"Point","coordinates":[17.10434,48.15676]},"properties":{"cat":"park"}},{"type":"Feature","geometry":{"type":"Point","coordinates":[17.1064,48.15407]},"properties":{"cat":"obchod"}},{"type":"Feature","geometry":{"type":"Point","coordinates":[17.11393,48.12894]},"properties":{"cat":"zastavka"}},{"type":"Feature","geometry":{"type":"Point","coordinates":[17.12457,48.15975]},"properties":{"cat":"lekar"}},{"type":"Feature","geometry":{"type":"Point","coordinates":[17.12166,48.16148]},"properties":{"cat":"obchod"}},{"type":"Feature","geometry":{"type":"Point","coordinates":[17.12905,48.17013]},"properties":{"cat":"obchod"}},{"type":"Feature","geometry":{"type":"Point","coordinates":[17.11189,48.14812]},"properties":{"cat":"obchod"}},{"type":"Feature","geometry":{"type":"Point","coordinates":[17.11849,48.15626]},"properties":{"cat":"obchod"}},{"type":"Feature","geometry":{"type":"Point","coordinates":[17.11262,48.14874]},"properties":{"cat":"obchod"}},{"type":"Feature","geometry":{"type":"Point","coordinates":[17.10709,48.1301]},"properties":{"cat":"obchod"}},{"type":"Feature","geometry":{"type":"Point","coordinates":[17.12564,48.15864]},"properties":{"cat":"zastavka"}},{"type":"Feature","geometry":{"type":"Point","coordinates":[17.13014,48.15756]},"properties":{"cat":"obchod"}},{"type":"Feature","geometry":{"type":"Point","coordinates":[17.13055,48.1572]},"properties":{"cat":"lekaren"}},{"type":"Feature","geometry":{"type":"Point","coordinates":[17.09253,48.14096]},"properties":{"cat":"zastavka"}},{"type":"Feature","geometry":{"type":"Point","coordinates":[17.12498,48.15744]},"properties":{"cat":"lekar"}},{"type":"Feature","geometry":{"type":"Point","coordinates":[17.09664,48.14049]},"properties":{"cat":"obchod"}},{"type":"Feature","geometry":{"type":"Point","coordinates":[17.07756,48.14638]},"properties":{"cat":"lekar"}},{"type":"Feature","geometry":{"type":"Point","coordinates":[17.0779,48.14614]},"properties":{"cat":"skolka"}},{"type":"Feature","geometry":{"type":"Point","coordinates":[17.11979,48.15196]},"properties":{"cat":"lekaren"}},{"type":"Feature","geometry":{"type":"Point","coordinates":[17.11196,48.15554]},"properties":{"cat":"obchod"}},{"type":"Feature","geometry":{"type":"Point","coordinates":[17.13286,48.16281]},"properties":{"cat":"lekar"}},{"type":"Feature","geometry":{"type":"Point","coordinates":[17.13281,48.16278]},"properties":{"cat":"lekar"}},{"type":"Feature","geometry":{"type":"Point","coordinates":[17.12533,48.14205]},"properties":{"cat":"lekar"}},{"type":"Feature","geometry":{"type":"Point","coordinates":[17.12614,48.14204]},"properties":{"cat":"obchod"}},{"type":"Feature","geometry":{"type":"Point","coordinates":[17.13051,48.15236]},"properties":{"cat":"obchod"}},{"type":"Feature","geometry":{"type":"Point","coordinates":[17.12528,48.14581]},"properties":{"cat":"obchod"}},{"type":"Feature","geometry":{"type":"Point","coordinates":[17.12155,48.16725]},"properties":{"cat":"park"}},{"type":"Feature","geometry":{"type":"Point","coordinates":[17.12714,48.12868]},"properties":{"cat":"park"}},{"type":"Feature","geometry":{"type":"Point","coordinates":[17.10441,48.16894]},"properties":{"cat":"park"}},{"type":"Feature","geometry":{"type":"Point","coordinates":[17.119,48.15096]},"properties":{"cat":"lekar"}},{"type":"Feature","geometry":{"type":"Point","coordinates":[17.10445,48.15706]},"properties":{"cat":"park"}},{"type":"Feature","geometry":{"type":"Point","coordinates":[17.10238,48.15997]},"properties":{"cat":"park"}},{"type":"Feature","geometry":{"type":"Point","coordinates":[17.12443,48.16231]},"properties":{"cat":"obchod"}},{"type":"Feature","geometry":{"type":"Point","coordinates":[17.12436,48.16222]},"properties":{"cat":"lekaren"}},{"type":"Feature","geometry":{"type":"Point","coordinates":[17.11128,48.15422]},"properties":{"cat":"obchod"}},{"type":"Feature","geometry":{"type":"Point","coordinates":[17.12798,48.15821]},"properties":{"cat":"obchod"}},{"type":"Feature","geometry":{"type":"Point","coordinates":[17.10167,48.14467]},"properties":{"cat":"lekar"}},{"type":"Feature","geometry":{"type":"Point","coordinates":[17.12147,48.14518]},"properties":{"cat":"skolka"}},{"type":"Feature","geometry":{"type":"Point","coordinates":[17.12059,48.15874]},"properties":{"cat":"lekar"}},{"type":"Feature","geometry":{"type":"Point","coordinates":[17.10556,48.13388]},"properties":{"cat":"lekar"}},{"type":"Feature","geometry":{"type":"Point","coordinates":[17.11261,48.14886]},"properties":{"cat":"obchod"}},{"type":"Feature","geometry":{"type":"Point","coordinates":[17.11704,48.13578]},"properties":{"cat":"zastavka"}},{"type":"Feature","geometry":{"type":"Point","coordinates":[17.1192,48.14676]},"properties":{"cat":"skolka"}},{"type":"Feature","geometry":{"type":"Point","coordinates":[17.11338,48.14413]},"properties":{"cat":"obchod"}},{"type":"Feature","geometry":{"type":"Point","coordinates":[17.1296,48.14429]},"properties":{"cat":"obchod"}},{"type":"Feature","geometry":{"type":"Point","coordinates":[17.12371,48.15552]},"properties":{"cat":"obchod"}},{"type":"Feature","geometry":{"type":"Point","coordinates":[17.11351,48.15638]},"properties":{"cat":"lekar"}},{"type":"Feature","geometry":{"type":"Point","coordinates":[17.08437,48.1671]},"properties":{"cat":"lekar"}},{"type":"Feature","geometry":{"type":"Point","coordinates":[17.12839,48.15396]},"properties":{"cat":"lekar"}},{"type":"Feature","geometry":{"type":"Point","coordinates":[17.10782,48.13037]},"properties":{"cat":"skolka"}},{"type":"Feature","geometry":{"type":"Point","coordinates":[17.11708,48.13986]},"properties":{"cat":"park"}},{"type":"Feature","geometry":{"type":"Point","coordinates":[17.11415,48.14527]},"properties":{"cat":"obchod"}},{"type":"Feature","geometry":{"type":"Point","coordinates":[17.12484,48.1629]},"properties":{"cat":"obchod"}},{"type":"Feature","geometry":{"type":"Point","coordinates":[17.12892,48.16183]},"properties":{"cat":"lekar"}},{"type":"Feature","geometry":{"type":"Point","coordinates":[17.12578,48.16291]},"properties":{"cat":"lekar"}},{"type":"Feature","geometry":{"type":"Point","coordinates":[17.11768,48.14089]},"properties":{"cat":"park"}},{"type":"Feature","geometry":{"type":"Point","coordinates":[17.12029,48.14038]},"properties":{"cat":"lekaren"}},{"type":"Feature","geometry":{"type":"Point","coordinates":[17.12315,48.14002]},"properties":{"cat":"lekaren"}},{"type":"Feature","geometry":{"type":"Point","coordinates":[17.08236,48.17122]},"properties":{"cat":"park"}},{"type":"Feature","geometry":{"type":"Point","coordinates":[17.11258,48.13029]},"properties":{"cat":"lekar"}},{"type":"Feature","geometry":{"type":"Point","coordinates":[17.11743,48.14145]},"properties":{"cat":"zastavka"}},{"type":"Feature","geometry":{"type":"Point","coordinates":[17.11619,48.14085]},"properties":{"cat":"zastavka"}},{"type":"Feature","geometry":{"type":"Point","coordinates":[17.12995,48.15751]},"properties":{"cat":"lekaren"}},{"type":"Feature","geometry":{"type":"Point","coordinates":[17.13331,48.15029]},"properties":{"cat":"obchod"}},{"type":"Feature","geometry":{"type":"Point","coordinates":[17.13021,48.15753]},"properties":{"cat":"obchod"}},{"type":"Feature","geometry":{"type":"Point","coordinates":[17.13062,48.15593]},"properties":{"cat":"obchod"}},{"type":"Feature","geometry":{"type":"Point","coordinates":[17.12258,48.15315]},"properties":{"cat":"park"}},{"type":"Feature","geometry":{"type":"Point","coordinates":[17.1071,48.15807]},"properties":{"cat":"zastavka"}},{"type":"Feature","geometry":{"type":"Point","coordinates":[17.10684,48.15771]},"properties":{"cat":"zastavka"}},{"type":"Feature","geometry":{"type":"Point","coordinates":[17.1068,48.15768]},"properties":{"cat":"zastavka"}},{"type":"Feature","geometry":{"type":"Point","coordinates":[17.11677,48.14601]},"properties":{"cat":"skolka"}},{"type":"Feature","geometry":{"type":"Point","coordinates":[17.13001,48.15401]},"properties":{"cat":"lekar"}},{"type":"Feature","geometry":{"type":"Point","coordinates":[17.13005,48.15403]},"properties":{"cat":"lekar"}},{"type":"Feature","geometry":{"type":"Point","coordinates":[17.1273,48.15387]},"properties":{"cat":"lekar"}},{"type":"Feature","geometry":{"type":"Point","coordinates":[17.11652,48.15019]},"properties":{"cat":"lekar"}},{"type":"Feature","geometry":{"type":"Point","coordinates":[17.06707,48.16166]},"properties":{"cat":"zastavka"}},{"type":"Feature","geometry":{"type":"Point","coordinates":[17.06731,48.16149]},"properties":{"cat":"zastavka"}},{"type":"Feature","geometry":{"type":"Point","coordinates":[17.08067,48.16892]},"properties":{"cat":"skolka"}},{"type":"Feature","geometry":{"type":"Point","coordinates":[17.11415,48.14516]},"properties":{"cat":"obchod"}},{"type":"Feature","geometry":{"type":"Point","coordinates":[17.11413,48.14539]},"properties":{"cat":"obchod"}},{"type":"Feature","geometry":{"type":"Point","coordinates":[17.11391,48.1452]},"properties":{"cat":"obchod"}},{"type":"Feature","geometry":{"type":"Point","coordinates":[17.07027,48.14642]},"properties":{"cat":"lekar"}},{"type":"Feature","geometry":{"type":"Point","coordinates":[17.11931,48.14115]},"properties":{"cat":"zastavka"}},{"type":"Feature","geometry":{"type":"Point","coordinates":[17.10686,48.15768]},"properties":{"cat":"zastavka"}},{"type":"Feature","geometry":{"type":"Point","coordinates":[17.11463,48.15591]},"properties":{"cat":"lekar"}},{"type":"Feature","geometry":{"type":"Point","coordinates":[17.11644,48.15445]},"properties":{"cat":"lekar"}},{"type":"Feature","geometry":{"type":"Point","coordinates":[17.09724,48.1618]},"properties":{"cat":"park"}},{"type":"Feature","geometry":{"type":"Point","coordinates":[17.12628,48.14507]},"properties":{"cat":"lekaren"}},{"type":"Feature","geometry":{"type":"Point","coordinates":[17.0923,48.16703]},"properties":{"cat":"lekar"}},{"type":"Feature","geometry":{"type":"Point","coordinates":[17.10924,48.14269]},"properties":{"cat":"obchod"}},{"type":"Feature","geometry":{"type":"Point","coordinates":[17.12977,48.16421]},"properties":{"cat":"park"}},{"type":"Feature","geometry":{"type":"Point","coordinates":[17.09843,48.16566]},"properties":{"cat":"zastavka"}},{"type":"Feature","geometry":{"type":"Point","coordinates":[17.12653,48.14504]},"properties":{"cat":"skolka"}},{"type":"Feature","geometry":{"type":"Point","coordinates":[17.11721,48.14142]},"properties":{"cat":"skolka"}},{"type":"Feature","geometry":{"type":"Point","coordinates":[17.13078,48.16139]},"properties":{"cat":"obchod"}},{"type":"Feature","geometry":{"type":"Point","coordinates":[17.12329,48.1422]},"properties":{"cat":"zastavka"}},{"type":"Feature","geometry":{"type":"Point","coordinates":[17.12086,48.14078]},"properties":{"cat":"zastavka"}},{"type":"Feature","geometry":{"type":"Point","coordinates":[17.098,48.15764]},"properties":{"cat":"zastavka"}},{"type":"Feature","geometry":{"type":"Point","coordinates":[17.09705,48.15713]},"properties":{"cat":"park"}},{"type":"Feature","geometry":{"type":"Point","coordinates":[17.1222,48.14658]},"properties":{"cat":"obchod"}},{"type":"Feature","geometry":{"type":"Point","coordinates":[17.10076,48.15925]},"properties":{"cat":"skolka"}},{"type":"Feature","geometry":{"type":"Point","coordinates":[17.1081,48.13258]},"properties":{"cat":"lekaren"}},{"type":"Feature","geometry":{"type":"Point","coordinates":[17.10756,48.13313]},"properties":{"cat":"park"}},{"type":"Feature","geometry":{"type":"Point","coordinates":[17.1083,48.13292]},"properties":{"cat":"lekaren"}},{"type":"Feature","geometry":{"type":"Point","coordinates":[17.12978,48.14687]},"properties":{"cat":"obchod"}},{"type":"Feature","geometry":{"type":"Point","coordinates":[17.12965,48.14631]},"properties":{"cat":"lekaren"}},{"type":"Feature","geometry":{"type":"Point","coordinates":[17.12805,48.14744]},"properties":{"cat":"obchod"}},{"type":"Feature","geometry":{"type":"Point","coordinates":[17.12852,48.14689]},"properties":{"cat":"zastavka"}},{"type":"Feature","geometry":{"type":"Point","coordinates":[17.12951,48.14653]},"properties":{"cat":"obchod"}},{"type":"Feature","geometry":{"type":"Point","coordinates":[17.07006,48.15787]},"properties":{"cat":"obchod"}},{"type":"Feature","geometry":{"type":"Point","coordinates":[17.07568,48.16552]},"properties":{"cat":"lekaren"}},{"type":"Feature","geometry":{"type":"Point","coordinates":[17.12887,48.14691]},"properties":{"cat":"zastavka"}},{"type":"Feature","geometry":{"type":"Point","coordinates":[17.1281,48.14697]},"properties":{"cat":"zastavka"}},{"type":"Feature","geometry":{"type":"Point","coordinates":[17.12727,48.14704]},"properties":{"cat":"zastavka"}},{"type":"Feature","geometry":{"type":"Point","coordinates":[17.12807,48.14682]},"properties":{"cat":"zastavka"}},{"type":"Feature","geometry":{"type":"Point","coordinates":[17.12733,48.14106]},"properties":{"cat":"obchod"}},{"type":"Feature","geometry":{"type":"Point","coordinates":[17.08252,48.16501]},"properties":{"cat":"skolka"}},{"type":"Feature","geometry":{"type":"Point","coordinates":[17.10803,48.13036]},"properties":{"cat":"park"}},{"type":"Feature","geometry":{"type":"Point","coordinates":[17.12918,48.14699]},"properties":{"cat":"lekaren"}},{"type":"Feature","geometry":{"type":"Point","coordinates":[17.12527,48.15099]},"properties":{"cat":"lekar"}},{"type":"Feature","geometry":{"type":"Point","coordinates":[17.11638,48.14505]},"properties":{"cat":"zastavka"}},{"type":"Feature","geometry":{"type":"Point","coordinates":[17.08708,48.16967]},"properties":{"cat":"lekar"}},{"type":"Feature","geometry":{"type":"Point","coordinates":[17.11829,48.16799]},"properties":{"cat":"obchod"}},{"type":"Feature","geometry":{"type":"Point","coordinates":[17.08682,48.16189]},"properties":{"cat":"skola"}},{"type":"Feature","geometry":{"type":"Point","coordinates":[17.13283,48.14901]},"properties":{"cat":"lekaren"}},{"type":"Feature","geometry":{"type":"Point","coordinates":[17.09635,48.1591]},"properties":{"cat":"skolka"}},{"type":"Feature","geometry":{"type":"Point","coordinates":[17.10468,48.15041]},"properties":{"cat":"obchod"}},{"type":"Feature","geometry":{"type":"Point","coordinates":[17.11863,48.12954]},"properties":{"cat":"park"}},{"type":"Feature","geometry":{"type":"Point","coordinates":[17.0941,48.16154]},"properties":{"cat":"zastavka"}},{"type":"Feature","geometry":{"type":"Point","coordinates":[17.12605,48.15074]},"properties":{"cat":"lekar"}},{"type":"Feature","geometry":{"type":"Point","coordinates":[17.1333,48.15541]},"properties":{"cat":"lekar"}},{"type":"Feature","geometry":{"type":"Point","coordinates":[17.11765,48.14287]},"properties":{"cat":"lekar"}},{"type":"Feature","geometry":{"type":"Point","coordinates":[17.1267,48.14601]},"properties":{"cat":"lekaren"}},{"type":"Feature","geometry":{"type":"Point","coordinates":[17.12164,48.12944]},"properties":{"cat":"obchod"}},{"type":"Feature","geometry":{"type":"Point","coordinates":[17.12307,48.15515]},"properties":{"cat":"obchod"}},{"type":"Feature","geometry":{"type":"Point","coordinates":[17.12279,48.15499]},"properties":{"cat":"lekar"}},{"type":"Feature","geometry":{"type":"Point","coordinates":[17.12196,48.15531]},"properties":{"cat":"obchod"}},{"type":"Feature","geometry":{"type":"Point","coordinates":[17.12952,48.15663]},"properties":{"cat":"park"}},{"type":"Feature","geometry":{"type":"Point","coordinates":[17.11626,48.15648]},"properties":{"cat":"park"}},{"type":"Feature","geometry":{"type":"Point","coordinates":[17.09365,48.17061]},"properties":{"cat":"obchod"}},{"type":"Feature","geometry":{"type":"Point","coordinates":[17.11836,48.16046]},"properties":{"cat":"park"}},{"type":"Feature","geometry":{"type":"Point","coordinates":[17.11736,48.15829]},"properties":{"cat":"park"}},{"type":"Feature","geometry":{"type":"Point","coordinates":[17.11983,48.15727]},"properties":{"cat":"skolka"}},{"type":"Feature","geometry":{"type":"Point","coordinates":[17.12669,48.13972]},"properties":{"cat":"obchod"}},{"type":"Feature","geometry":{"type":"Point","coordinates":[17.09194,48.14696]},"properties":{"cat":"skola"}},{"type":"Feature","geometry":{"type":"Point","coordinates":[17.12167,48.15543]},"properties":{"cat":"lekar"}},{"type":"Feature","geometry":{"type":"Point","coordinates":[17.12218,48.15522]},"properties":{"cat":"lekar"}},{"type":"Feature","geometry":{"type":"Point","coordinates":[17.12247,48.15511]},"properties":{"cat":"lekaren"}},{"type":"Feature","geometry":{"type":"Point","coordinates":[17.13011,48.15845]},"properties":{"cat":"zastavka"}},{"type":"Feature","geometry":{"type":"Point","coordinates":[17.10711,48.14569]},"properties":{"cat":"obchod"}},{"type":"Feature","geometry":{"type":"Point","coordinates":[17.12584,48.14614]},"properties":{"cat":"zastavka"}},{"type":"Feature","geometry":{"type":"Point","coordinates":[17.10643,48.15684]},"properties":{"cat":"zastavka"}},{"type":"Feature","geometry":{"type":"Point","coordinates":[17.12233,48.14961]},"properties":{"cat":"lekar"}},{"type":"Feature","geometry":{"type":"Point","coordinates":[17.12134,48.15199]},"properties":{"cat":"lekar"}},{"type":"Feature","geometry":{"type":"Point","coordinates":[17.10537,48.15185]},"properties":{"cat":"skola"}},{"type":"Feature","geometry":{"type":"Point","coordinates":[17.12511,48.15435]},"properties":{"cat":"skolka"}},{"type":"Feature","geometry":{"type":"Point","coordinates":[17.09637,48.1495]},"properties":{"cat":"obchod"}},{"type":"Feature","geometry":{"type":"Point","coordinates":[17.12675,48.14844]},"properties":{"cat":"lekar"}},{"type":"Feature","geometry":{"type":"Point","coordinates":[17.11566,48.15459]},"properties":{"cat":"lekar"}},{"type":"Feature","geometry":{"type":"Point","coordinates":[17.1231,48.15333]},"properties":{"cat":"lekar"}},{"type":"Feature","geometry":{"type":"Point","coordinates":[17.12305,48.15337]},"properties":{"cat":"lekar"}},{"type":"Feature","geometry":{"type":"Point","coordinates":[17.10645,48.15787]},"properties":{"cat":"zastavka"}},{"type":"Feature","geometry":{"type":"Point","coordinates":[17.10013,48.13993]},"properties":{"cat":"zastavka"}},{"type":"Feature","geometry":{"type":"Point","coordinates":[17.09965,48.13997]},"properties":{"cat":"zastavka"}},{"type":"Feature","geometry":{"type":"Point","coordinates":[17.11623,48.15516]},"properties":{"cat":"lekar"}},{"type":"Feature","geometry":{"type":"Point","coordinates":[17.11627,48.15514]},"properties":{"cat":"lekar"}},{"type":"Feature","geometry":{"type":"Point","coordinates":[17.11555,48.15482]},"properties":{"cat":"lekar"}},{"type":"Feature","geometry":{"type":"Point","coordinates":[17.10588,48.13344]},"properties":{"cat":"lekar"}},{"type":"Feature","geometry":{"type":"Point","coordinates":[17.11962,48.12919]},"properties":{"cat":"lekar"}},{"type":"Feature","geometry":{"type":"Point","coordinates":[17.07726,48.16766]},"properties":{"cat":"skola"}},{"type":"Feature","geometry":{"type":"Point","coordinates":[17.0893,48.16225]},"properties":{"cat":"zastavka"}},{"type":"Feature","geometry":{"type":"Point","coordinates":[17.09446,48.15976]},"properties":{"cat":"zastavka"}},{"type":"Feature","geometry":{"type":"Point","coordinates":[17.10048,48.15404]},"properties":{"cat":"zastavka"}},{"type":"Feature","geometry":{"type":"Point","coordinates":[17.08902,48.1622]},"properties":{"cat":"zastavka"}},{"type":"Feature","geometry":{"type":"Point","coordinates":[17.08699,48.16095]},"properties":{"cat":"zastavka"}},{"type":"Feature","geometry":{"type":"Point","coordinates":[17.09443,48.15989]},"properties":{"cat":"zastavka"}},{"type":"Feature","geometry":{"type":"Point","coordinates":[17.10555,48.14143]},"properties":{"cat":"lekaren"}},{"type":"Feature","geometry":{"type":"Point","coordinates":[17.12129,48.15649]},"properties":{"cat":"skolka"}},{"type":"Feature","geometry":{"type":"Point","coordinates":[17.09951,48.14517]},"properties":{"cat":"lekar"}},{"type":"Feature","geometry":{"type":"Point","coordinates":[17.12697,48.14178]},"properties":{"cat":"lekaren"}},{"type":"Feature","geometry":{"type":"Point","coordinates":[17.1276,48.13997]},"properties":{"cat":"lekaren"}},{"type":"Feature","geometry":{"type":"Point","coordinates":[17.12759,48.1399]},"properties":{"cat":"lekar"}},{"type":"Feature","geometry":{"type":"Point","coordinates":[17.11171,48.14806]},"properties":{"cat":"obchod"}},{"type":"Feature","geometry":{"type":"Point","coordinates":[17.11638,48.15765]},"properties":{"cat":"lekar"}},{"type":"Feature","geometry":{"type":"Point","coordinates":[17.11433,48.15701]},"properties":{"cat":"skolka"}},{"type":"Feature","geometry":{"type":"Point","coordinates":[17.10899,48.13233]},"properties":{"cat":"obchod"}},{"type":"Feature","geometry":{"type":"Point","coordinates":[17.12492,48.15745]},"properties":{"cat":"lekar"}},{"type":"Feature","geometry":{"type":"Point","coordinates":[17.11009,48.14619]},"properties":{"cat":"obchod"}},{"type":"Feature","geometry":{"type":"Point","coordinates":[17.12244,48.13519]},"properties":{"cat":"park"}},{"type":"Feature","geometry":{"type":"Point","coordinates":[17.09607,48.16753]},"properties":{"cat":"park"}},{"type":"Feature","geometry":{"type":"Point","coordinates":[17.09751,48.16793]},"properties":{"cat":"skola"}},{"type":"Feature","geometry":{"type":"Point","coordinates":[17.09755,48.16816]},"properties":{"cat":"skolka"}},{"type":"Feature","geometry":{"type":"Point","coordinates":[17.13045,48.15489]},"properties":{"cat":"lekaren"}},{"type":"Feature","geometry":{"type":"Point","coordinates":[17.12584,48.14344]},"properties":{"cat":"obchod"}},{"type":"Feature","geometry":{"type":"Point","coordinates":[17.09955,48.14034]},"properties":{"cat":"obchod"}},{"type":"Feature","geometry":{"type":"Point","coordinates":[17.1289,48.16467]},"properties":{"cat":"lekar"}},{"type":"Feature","geometry":{"type":"Point","coordinates":[17.07017,48.14645]},"properties":{"cat":"lekar"}},{"type":"Feature","geometry":{"type":"Point","coordinates":[17.07948,48.16805]},"properties":{"cat":"skolka"}},{"type":"Feature","geometry":{"type":"Point","coordinates":[17.11758,48.14294]},"properties":{"cat":"lekar"}},{"type":"Feature","geometry":{"type":"Point","coordinates":[17.11751,48.14293]},"properties":{"cat":"lekar"}},{"type":"Feature","geometry":{"type":"Point","coordinates":[17.11746,48.14292]},"properties":{"cat":"lekar"}},{"type":"Feature","geometry":{"type":"Point","coordinates":[17.1179,48.14274]},"properties":{"cat":"lekaren"}},{"type":"Feature","geometry":{"type":"Point","coordinates":[17.13255,48.15656]},"properties":{"cat":"lekar"}},{"type":"Feature","geometry":{"type":"Point","coordinates":[17.12499,48.1462]},"properties":{"cat":"lekar"}},{"type":"Feature","geometry":{"type":"Point","coordinates":[17.11501,48.14471]},"properties":{"cat":"lekar"}},{"type":"Feature","geometry":{"type":"Point","coordinates":[17.11497,48.14471]},"properties":{"cat":"lekar"}},{"type":"Feature","geometry":{"type":"Point","coordinates":[17.10115,48.1475]},"properties":{"cat":"skolka"}},{"type":"Feature","geometry":{"type":"Point","coordinates":[17.12162,48.15067]},"properties":{"cat":"skola"}},{"type":"Feature","geometry":{"type":"Point","coordinates":[17.11566,48.15475]},"properties":{"cat":"lekar"}},{"type":"Feature","geometry":{"type":"Point","coordinates":[17.11913,48.15595]},"properties":{"cat":"park"}},{"type":"Feature","geometry":{"type":"Point","coordinates":[17.09918,48.14038]},"properties":{"cat":"lekaren"}},{"type":"Feature","geometry":{"type":"Point","coordinates":[17.09309,48.14139]},"properties":{"cat":"park"}},{"type":"Feature","geometry":{"type":"Point","coordinates":[17.107,48.15755]},"properties":{"cat":"zastavka"}},{"type":"Feature","geometry":{"type":"Point","coordinates":[17.10694,48.15779]},"properties":{"cat":"zastavka"}},{"type":"Feature","geometry":{"type":"Point","coordinates":[17.11436,48.14826]},"properties":{"cat":"lekaren"}},{"type":"Feature","geometry":{"type":"Point","coordinates":[17.09522,48.16525]},"properties":{"cat":"lekaren"}},{"type":"Feature","geometry":{"type":"Point","coordinates":[17.07355,48.14555]},"properties":{"cat":"park"}},{"type":"Feature","geometry":{"type":"Point","coordinates":[17.07337,48.14573]},"properties":{"cat":"park"}},{"type":"Feature","geometry":{"type":"Point","coordinates":[17.07377,48.14575]},"properties":{"cat":"park"}},{"type":"Feature","geometry":{"type":"Point","coordinates":[17.07391,48.1459]},"properties":{"cat":"park"}},{"type":"Feature","geometry":{"type":"Point","coordinates":[17.07361,48.14566]},"properties":{"cat":"park"}},{"type":"Feature","geometry":{"type":"Point","coordinates":[17.0731,48.14577]},"properties":{"cat":"park"}},{"type":"Feature","geometry":{"type":"Point","coordinates":[17.07327,48.14563]},"properties":{"cat":"park"}},{"type":"Feature","geometry":{"type":"Point","coordinates":[17.07299,48.1457]},"properties":{"cat":"park"}},{"type":"Feature","geometry":{"type":"Point","coordinates":[17.07347,48.14583]},"properties":{"cat":"park"}},{"type":"Feature","geometry":{"type":"Point","coordinates":[17.07321,48.1461]},"properties":{"cat":"park"}},{"type":"Feature","geometry":{"type":"Point","coordinates":[17.12985,48.16425]},"properties":{"cat":"park"}},{"type":"Feature","geometry":{"type":"Point","coordinates":[17.13329,48.15262]},"properties":{"cat":"lekar"}},{"type":"Feature","geometry":{"type":"Point","coordinates":[17.13322,48.15261]},"properties":{"cat":"lekar"}},{"type":"Feature","geometry":{"type":"Point","coordinates":[17.10549,48.1474]},"properties":{"cat":"park"}},{"type":"Feature","geometry":{"type":"Point","coordinates":[17.13227,48.14987]},"properties":{"cat":"park"}},{"type":"Feature","geometry":{"type":"Point","coordinates":[17.10318,48.14646]},"properties":{"cat":"zastavka"}},{"type":"Feature","geometry":{"type":"Point","coordinates":[17.13159,48.14897]},"properties":{"cat":"lekar"}},{"type":"Feature","geometry":{"type":"Point","coordinates":[17.09393,48.12878]},"properties":{"cat":"obchod"}},{"type":"Feature","geometry":{"type":"Point","coordinates":[17.12562,48.14851]},"properties":{"cat":"skolka"}},{"type":"Feature","geometry":{"type":"Point","coordinates":[17.08561,48.153]},"properties":{"cat":"lekar"}},{"type":"Feature","geometry":{"type":"Point","coordinates":[17.11563,48.14257]},"properties":{"cat":"park"}},{"type":"Feature","geometry":{"type":"Point","coordinates":[17.10962,48.1459]},"properties":{"cat":"park"}},{"type":"Feature","geometry":{"type":"Point","coordinates":[17.10821,48.15047]},"properties":{"cat":"park"}},{"type":"Feature","geometry":{"type":"Point","coordinates":[17.11954,48.14985]},"properties":{"cat":"park"}},{"type":"Feature","geometry":{"type":"Point","coordinates":[17.11673,48.15114]},"properties":{"cat":"lekar"}},{"type":"Feature","geometry":{"type":"Point","coordinates":[17.11875,48.15879]},"properties":{"cat":"park"}},{"type":"Feature","geometry":{"type":"Point","coordinates":[17.10992,48.13448]},"properties":{"cat":"park"}},{"type":"Feature","geometry":{"type":"Point","coordinates":[17.11156,48.15229]},"properties":{"cat":"park"}},{"type":"Feature","geometry":{"type":"Point","coordinates":[17.11036,48.15389]},"properties":{"cat":"park"}},{"type":"Feature","geometry":{"type":"Point","coordinates":[17.08948,48.17182]},"properties":{"cat":"lekar"}},{"type":"Feature","geometry":{"type":"Point","coordinates":[17.07927,48.15944]},"properties":{"cat":"obchod"}},{"type":"Feature","geometry":{"type":"Point","coordinates":[17.11612,48.14166]},"properties":{"cat":"park"}},{"type":"Feature","geometry":{"type":"Point","coordinates":[17.10805,48.13358]},"properties":{"cat":"park"}},{"type":"Feature","geometry":{"type":"Point","coordinates":[17.11267,48.14965]},"properties":{"cat":"park"}},{"type":"Feature","geometry":{"type":"Point","coordinates":[17.11482,48.12931]},"properties":{"cat":"park"}},{"type":"Feature","geometry":{"type":"Point","coordinates":[17.12964,48.15282]},"properties":{"cat":"park"}},{"type":"Feature","geometry":{"type":"Point","coordinates":[17.12107,48.15512]},"properties":{"cat":"park"}},{"type":"Feature","geometry":{"type":"Point","coordinates":[17.11417,48.1666]},"properties":{"cat":"park"}},{"type":"Feature","geometry":{"type":"Point","coordinates":[17.12746,48.16152]},"properties":{"cat":"park"}},{"type":"Feature","geometry":{"type":"Point","coordinates":[17.13072,48.16405]},"properties":{"cat":"park"}},{"type":"Feature","geometry":{"type":"Point","coordinates":[17.12975,48.16439]},"properties":{"cat":"skolka"}},{"type":"Feature","geometry":{"type":"Point","coordinates":[17.12087,48.14373]},"properties":{"cat":"park"}},{"type":"Feature","geometry":{"type":"Point","coordinates":[17.11987,48.14341]},"properties":{"cat":"park"}},{"type":"Feature","geometry":{"type":"Point","coordinates":[17.09072,48.15077]},"properties":{"cat":"skola"}},{"type":"Feature","geometry":{"type":"Point","coordinates":[17.08254,48.15732]},"properties":{"cat":"skola"}},{"type":"Feature","geometry":{"type":"Point","coordinates":[17.08186,48.16439]},"properties":{"cat":"skola"}},{"type":"Feature","geometry":{"type":"Point","coordinates":[17.09142,48.15024]},"properties":{"cat":"skolka"}},{"type":"Feature","geometry":{"type":"Point","coordinates":[17.10459,48.14537]},"properties":{"cat":"park"}},{"type":"Feature","geometry":{"type":"Point","coordinates":[17.10927,48.13108]},"properties":{"cat":"obchod"}},{"type":"Feature","geometry":{"type":"Point","coordinates":[17.10233,48.14675]},"properties":{"cat":"lekar"}},{"type":"Feature","geometry":{"type":"Point","coordinates":[17.08369,48.16532]},"properties":{"cat":"obchod"}},{"type":"Feature","geometry":{"type":"Point","coordinates":[17.10356,48.14971]},"properties":{"cat":"skolka"}},{"type":"Feature","geometry":{"type":"Point","coordinates":[17.10014,48.15122]},"properties":{"cat":"skolka"}},{"type":"Feature","geometry":{"type":"Point","coordinates":[17.09487,48.1465]},"properties":{"cat":"lekar"}},{"type":"Feature","geometry":{"type":"Point","coordinates":[17.10045,48.16499]},"properties":{"cat":"park"}},{"type":"Feature","geometry":{"type":"Point","coordinates":[17.1243,48.15951]},"properties":{"cat":"lekar"}},{"type":"Feature","geometry":{"type":"Point","coordinates":[17.1249,48.16515]},"properties":{"cat":"obchod"}},{"type":"Feature","geometry":{"type":"Point","coordinates":[17.12769,48.17079]},"properties":{"cat":"obchod"}},{"type":"Feature","geometry":{"type":"Point","coordinates":[17.11549,48.12875]},"properties":{"cat":"obchod"}},{"type":"Feature","geometry":{"type":"Point","coordinates":[17.06803,48.15845]},"properties":{"cat":"lekar"}},{"type":"Feature","geometry":{"type":"Point","coordinates":[17.07161,48.14778]},"properties":{"cat":"obchod"}},{"type":"Feature","geometry":{"type":"Point","coordinates":[17.11897,48.14666]},"properties":{"cat":"lekar"}},{"type":"Feature","geometry":{"type":"Point","coordinates":[17.11874,48.14854]},"properties":{"cat":"lekar"}},{"type":"Feature","geometry":{"type":"Point","coordinates":[17.11074,48.14592]},"properties":{"cat":"park"}},{"type":"Feature","geometry":{"type":"Point","coordinates":[17.11882,48.15143]},"properties":{"cat":"obchod"}},{"type":"Feature","geometry":{"type":"Point","coordinates":[17.11726,48.15788]},"properties":{"cat":"skolka"}},{"type":"Feature","geometry":{"type":"Point","coordinates":[17.10865,48.15537]},"properties":{"cat":"park"}},{"type":"Feature","geometry":{"type":"Point","coordinates":[17.11584,48.15474]},"properties":{"cat":"lekar"}},{"type":"Feature","geometry":{"type":"Point","coordinates":[17.11842,48.15137]},"properties":{"cat":"park"}},{"type":"Feature","geometry":{"type":"Point","coordinates":[17.0945,48.1463]},"properties":{"cat":"park"}},{"type":"Feature","geometry":{"type":"Point","coordinates":[17.12559,48.14693]},"properties":{"cat":"park"}},{"type":"Feature","geometry":{"type":"Point","coordinates":[17.1207,48.1494]},"properties":{"cat":"park"}},{"type":"Feature","geometry":{"type":"Point","coordinates":[17.09978,48.15342]},"properties":{"cat":"park"}},{"type":"Feature","geometry":{"type":"Point","coordinates":[17.10064,48.14593]},"properties":{"cat":"skola"}},{"type":"Feature","geometry":{"type":"Point","coordinates":[17.10066,48.14724]},"properties":{"cat":"park"}},{"type":"Feature","geometry":{"type":"Point","coordinates":[17.12097,48.15675]},"properties":{"cat":"park"}},{"type":"Feature","geometry":{"type":"Point","coordinates":[17.1074,48.14621]},"properties":{"cat":"park"}},{"type":"Feature","geometry":{"type":"Point","coordinates":[17.10668,48.13934]},"properties":{"cat":"zastavka"}},{"type":"Feature","geometry":{"type":"Point","coordinates":[17.13333,48.14607]},"properties":{"cat":"skola"}},{"type":"Feature","geometry":{"type":"Point","coordinates":[17.10892,48.14491]},"properties":{"cat":"park"}},{"type":"Feature","geometry":{"type":"Point","coordinates":[17.1243,48.15451]},"properties":{"cat":"park"}},{"type":"Feature","geometry":{"type":"Point","coordinates":[17.12475,48.15437]},"properties":{"cat":"park"}},{"type":"Feature","geometry":{"type":"Point","coordinates":[17.10871,48.15133]},"properties":{"cat":"park"}},{"type":"Feature","geometry":{"type":"Point","coordinates":[17.1089,48.15079]},"properties":{"cat":"park"}},{"type":"Feature","geometry":{"type":"Point","coordinates":[17.10185,48.14196]},"properties":{"cat":"park"}},{"type":"Feature","geometry":{"type":"Point","coordinates":[17.13317,48.17117]},"properties":{"cat":"park"}},{"type":"Feature","geometry":{"type":"Point","coordinates":[17.09125,48.15076]},"properties":{"cat":"park"}},{"type":"Feature","geometry":{"type":"Point","coordinates":[17.12249,48.13066]},"properties":{"cat":"obchod"}},{"type":"Feature","geometry":{"type":"Point","coordinates":[17.12062,48.13165]},"properties":{"cat":"obchod"}},{"type":"Feature","geometry":{"type":"Point","coordinates":[17.07084,48.15277]},"properties":{"cat":"park"}},{"type":"Feature","geometry":{"type":"Point","coordinates":[17.06737,48.14732]},"properties":{"cat":"park"}},{"type":"Feature","geometry":{"type":"Point","coordinates":[17.07396,48.1449]},"properties":{"cat":"park"}},{"type":"Feature","geometry":{"type":"Point","coordinates":[17.10663,48.15934]},"properties":{"cat":"zastavka"}},{"type":"Feature","geometry":{"type":"Point","coordinates":[17.10667,48.15902]},"properties":{"cat":"zastavka"}},{"type":"Feature","geometry":{"type":"Point","coordinates":[17.10655,48.15941]},"properties":{"cat":"zastavka"}},{"type":"Feature","geometry":{"type":"Point","coordinates":[17.12748,48.15766]},"properties":{"cat":"zastavka"}},{"type":"Feature","geometry":{"type":"Point","coordinates":[17.1274,48.15771]},"properties":{"cat":"zastavka"}},{"type":"Feature","geometry":{"type":"Point","coordinates":[17.1273,48.15777]},"properties":{"cat":"zastavka"}},{"type":"Feature","geometry":{"type":"Point","coordinates":[17.12081,48.1582]},"properties":{"cat":"zastavka"}},{"type":"Feature","geometry":{"type":"Point","coordinates":[17.12073,48.15824]},"properties":{"cat":"zastavka"}},{"type":"Feature","geometry":{"type":"Point","coordinates":[17.12407,48.1622]},"properties":{"cat":"zastavka"}},{"type":"Feature","geometry":{"type":"Point","coordinates":[17.12398,48.16223]},"properties":{"cat":"zastavka"}},{"type":"Feature","geometry":{"type":"Point","coordinates":[17.10547,48.13982]},"properties":{"cat":"zastavka"}},{"type":"Feature","geometry":{"type":"Point","coordinates":[17.10547,48.13974]},"properties":{"cat":"zastavka"}},{"type":"Feature","geometry":{"type":"Point","coordinates":[17.10994,48.1403]},"properties":{"cat":"zastavka"}},{"type":"Feature","geometry":{"type":"Point","coordinates":[17.1096,48.14032]},"properties":{"cat":"zastavka"}},{"type":"Feature","geometry":{"type":"Point","coordinates":[17.11846,48.15098]},"properties":{"cat":"zastavka"}},{"type":"Feature","geometry":{"type":"Point","coordinates":[17.11067,48.15442]},"properties":{"cat":"zastavka"}},{"type":"Feature","geometry":{"type":"Point","coordinates":[17.11061,48.15436]},"properties":{"cat":"zastavka"}},{"type":"Feature","geometry":{"type":"Point","coordinates":[17.07285,48.14814]},"properties":{"cat":"zastavka"}},{"type":"Feature","geometry":{"type":"Point","coordinates":[17.07145,48.14812]},"properties":{"cat":"zastavka"}},{"type":"Feature","geometry":{"type":"Point","coordinates":[17.07646,48.16379]},"properties":{"cat":"zastavka"}},{"type":"Feature","geometry":{"type":"Point","coordinates":[17.10415,48.14034]},"properties":{"cat":"zastavka"}},{"type":"Feature","geometry":{"type":"Point","coordinates":[17.12022,48.15201]},"properties":{"cat":"zastavka"}},{"type":"Feature","geometry":{"type":"Point","coordinates":[17.09877,48.12975]},"properties":{"cat":"obchod"}},{"type":"Feature","geometry":{"type":"Point","coordinates":[17.10077,48.13024]},"properties":{"cat":"park"}},{"type":"Feature","geometry":{"type":"Point","coordinates":[17.11334,48.14522]},"properties":{"cat":"zastavka"}},{"type":"Feature","geometry":{"type":"Point","coordinates":[17.09785,48.14259]},"properties":{"cat":"park"}},{"type":"Feature","geometry":{"type":"Point","coordinates":[17.12442,48.16455]},"properties":{"cat":"park"}},{"type":"Feature","geometry":{"type":"Point","coordinates":[17.12215,48.16575]},"properties":{"cat":"park"}},{"type":"Feature","geometry":{"type":"Point","coordinates":[17.11342,48.15473]},"properties":{"cat":"park"}},{"type":"Feature","geometry":{"type":"Point","coordinates":[17.10574,48.14342]},"properties":{"cat":"park"}},{"type":"Feature","geometry":{"type":"Point","coordinates":[17.12807,48.14844]},"properties":{"cat":"park"}},{"type":"Feature","geometry":{"type":"Point","coordinates":[17.13308,48.15302]},"properties":{"cat":"park"}},{"type":"Feature","geometry":{"type":"Point","coordinates":[17.11134,48.13994]},"properties":{"cat":"park"}},{"type":"Feature","geometry":{"type":"Point","coordinates":[17.12623,48.14947]},"properties":{"cat":"park"}},{"type":"Feature","geometry":{"type":"Point","coordinates":[17.06951,48.14928]},"properties":{"cat":"park"}},{"type":"Feature","geometry":{"type":"Point","coordinates":[17.07208,48.14929]},"properties":{"cat":"park"}},{"type":"Feature","geometry":{"type":"Point","coordinates":[17.07079,48.14927]},"properties":{"cat":"park"}},{"type":"Feature","geometry":{"type":"Point","coordinates":[17.11267,48.15738]},"properties":{"cat":"park"}},{"type":"Feature","geometry":{"type":"Point","coordinates":[17.11224,48.14123]},"properties":{"cat":"park"}},{"type":"Feature","geometry":{"type":"Point","coordinates":[17.11308,48.14617]},"properties":{"cat":"lekar"}},{"type":"Feature","geometry":{"type":"Point","coordinates":[17.1274,48.16821]},"properties":{"cat":"zastavka"}},{"type":"Feature","geometry":{"type":"Point","coordinates":[17.10873,48.15249]},"properties":{"cat":"park"}},{"type":"Feature","geometry":{"type":"Point","coordinates":[17.10758,48.16938]},"properties":{"cat":"park"}},{"type":"Feature","geometry":{"type":"Point","coordinates":[17.10084,48.16421]},"properties":{"cat":"skola"}},{"type":"Feature","geometry":{"type":"Point","coordinates":[17.10025,48.1642]},"properties":{"cat":"skola"}},{"type":"Feature","geometry":{"type":"Point","coordinates":[17.1002,48.16455]},"properties":{"cat":"skolka"}},{"type":"Feature","geometry":{"type":"Point","coordinates":[17.12648,48.15486]},"properties":{"cat":"park"}},{"type":"Feature","geometry":{"type":"Point","coordinates":[17.13078,48.16591]},"properties":{"cat":"park"}},{"type":"Feature","geometry":{"type":"Point","coordinates":[17.10685,48.15932]},"properties":{"cat":"zastavka"}},{"type":"Feature","geometry":{"type":"Point","coordinates":[17.11097,48.1427]},"properties":{"cat":"park"}},{"type":"Feature","geometry":{"type":"Point","coordinates":[17.10642,48.15886]},"properties":{"cat":"zastavka"}},{"type":"Feature","geometry":{"type":"Point","coordinates":[17.10935,48.15843]},"properties":{"cat":"zastavka"}},{"type":"Feature","geometry":{"type":"Point","coordinates":[17.12498,48.15226]},"properties":{"cat":"park"}},{"type":"Feature","geometry":{"type":"Point","coordinates":[17.13224,48.15804]},"properties":{"cat":"park"}},{"type":"Feature","geometry":{"type":"Point","coordinates":[17.1161,48.15127]},"properties":{"cat":"zastavka"}},{"type":"Feature","geometry":{"type":"Point","coordinates":[17.11794,48.15123]},"properties":{"cat":"zastavka"}},{"type":"Feature","geometry":{"type":"Point","coordinates":[17.1059,48.14559]},"properties":{"cat":"park"}},{"type":"Feature","geometry":{"type":"Point","coordinates":[17.10561,48.14549]},"properties":{"cat":"park"}},{"type":"Feature","geometry":{"type":"Point","coordinates":[17.10576,48.14544]},"properties":{"cat":"park"}},{"type":"Feature","geometry":{"type":"Point","coordinates":[17.12447,48.1514]},"properties":{"cat":"park"}},{"type":"Feature","geometry":{"type":"Point","coordinates":[17.1237,48.15106]},"properties":{"cat":"park"}},{"type":"Feature","geometry":{"type":"Point","coordinates":[17.12735,48.16916]},"properties":{"cat":"zastavka"}},{"type":"Feature","geometry":{"type":"Point","coordinates":[17.12446,48.15291]},"properties":{"cat":"park"}},{"type":"Feature","geometry":{"type":"Point","coordinates":[17.12496,48.15309]},"properties":{"cat":"park"}},{"type":"Feature","geometry":{"type":"Point","coordinates":[17.1109,48.13637]},"properties":{"cat":"park"}},{"type":"Feature","geometry":{"type":"Point","coordinates":[17.11353,48.15335]},"properties":{"cat":"park"}},{"type":"Feature","geometry":{"type":"Point","coordinates":[17.1145,48.14169]},"properties":{"cat":"park"}},{"type":"Feature","geometry":{"type":"Point","coordinates":[17.11385,48.14145]},"properties":{"cat":"park"}},{"type":"Feature","geometry":{"type":"Point","coordinates":[17.12152,48.16457]},"properties":{"cat":"skola"}},{"type":"Feature","geometry":{"type":"Point","coordinates":[17.11964,48.16274]},"properties":{"cat":"skolka"}},{"type":"Feature","geometry":{"type":"Point","coordinates":[17.12054,48.16389]},"properties":{"cat":"skolka"}},{"type":"Feature","geometry":{"type":"Point","coordinates":[17.12203,48.16566]},"properties":{"cat":"skolka"}},{"type":"Feature","geometry":{"type":"Point","coordinates":[17.12393,48.15484]},"properties":{"cat":"zastavka"}},{"type":"Feature","geometry":{"type":"Point","coordinates":[17.12385,48.15488]},"properties":{"cat":"zastavka"}},{"type":"Feature","geometry":{"type":"Point","coordinates":[17.07854,48.14503]},"properties":{"cat":"zastavka"}},{"type":"Feature","geometry":{"type":"Point","coordinates":[17.07773,48.14535]},"properties":{"cat":"zastavka"}},{"type":"Feature","geometry":{"type":"Point","coordinates":[17.1099,48.15502]},"properties":{"cat":"park"}},{"type":"Feature","geometry":{"type":"Point","coordinates":[17.09269,48.14101]},"properties":{"cat":"zastavka"}},{"type":"Feature","geometry":{"type":"Point","coordinates":[17.09277,48.14107]},"properties":{"cat":"zastavka"}},{"type":"Feature","geometry":{"type":"Point","coordinates":[17.11463,48.14037]},"properties":{"cat":"skola"}},{"type":"Feature","geometry":{"type":"Point","coordinates":[17.12419,48.15399]},"properties":{"cat":"park"}},{"type":"Feature","geometry":{"type":"Point","coordinates":[17.09828,48.14176]},"properties":{"cat":"park"}},{"type":"Feature","geometry":{"type":"Point","coordinates":[17.11159,48.13206]},"properties":{"cat":"obchod"}},{"type":"Feature","geometry":{"type":"Point","coordinates":[17.10662,48.14742]},"properties":{"cat":"park"}},{"type":"Feature","geometry":{"type":"Point","coordinates":[17.12012,48.13981]},"properties":{"cat":"park"}},{"type":"Feature","geometry":{"type":"Point","coordinates":[17.13156,48.16186]},"properties":{"cat":"zastavka"}},{"type":"Feature","geometry":{"type":"Point","coordinates":[17.13164,48.16182]},"properties":{"cat":"zastavka"}},{"type":"Feature","geometry":{"type":"Point","coordinates":[17.10112,48.14292]},"properties":{"cat":"park"}},{"type":"Feature","geometry":{"type":"Point","coordinates":[17.09561,48.13129]},"properties":{"cat":"obchod"}},{"type":"Feature","geometry":{"type":"Point","coordinates":[17.11623,48.1438]},"properties":{"cat":"skola"}},{"type":"Feature","geometry":{"type":"Point","coordinates":[17.10734,48.14541]},"properties":{"cat":"park"}},{"type":"Feature","geometry":{"type":"Point","coordinates":[17.092,48.14099]},"properties":{"cat":"park"}},{"type":"Feature","geometry":{"type":"Point","coordinates":[17.11091,48.15447]},"properties":{"cat":"park"}},{"type":"Feature","geometry":{"type":"Point","coordinates":[17.12026,48.15299]},"properties":{"cat":"park"}},{"type":"Feature","geometry":{"type":"Point","coordinates":[17.12045,48.15199]},"properties":{"cat":"park"}},{"type":"Feature","geometry":{"type":"Point","coordinates":[17.10412,48.14931]},"properties":{"cat":"skola"}},{"type":"Feature","geometry":{"type":"Point","coordinates":[17.11813,48.14636]},"properties":{"cat":"lekar"}},{"type":"Feature","geometry":{"type":"Point","coordinates":[17.11223,48.15752]},"properties":{"cat":"skola"}},{"type":"Feature","geometry":{"type":"Point","coordinates":[17.11308,48.15733]},"properties":{"cat":"skola"}},{"type":"Feature","geometry":{"type":"Point","coordinates":[17.06928,48.15112]},"properties":{"cat":"park"}},{"type":"Feature","geometry":{"type":"Point","coordinates":[17.11682,48.1454]},"properties":{"cat":"skola"}},{"type":"Feature","geometry":{"type":"Point","coordinates":[17.11836,48.14598]},"properties":{"cat":"park"}},{"type":"Feature","geometry":{"type":"Point","coordinates":[17.12878,48.16465]},"properties":{"cat":"lekar"}},{"type":"Feature","geometry":{"type":"Point","coordinates":[17.1084,48.15348]},"properties":{"cat":"skolka"}},{"type":"Feature","geometry":{"type":"Point","coordinates":[17.118,48.15393]},"properties":{"cat":"skola"}},{"type":"Feature","geometry":{"type":"Point","coordinates":[17.11675,48.15381]},"properties":{"cat":"skola"}},{"type":"Feature","geometry":{"type":"Point","coordinates":[17.07362,48.14401]},"properties":{"cat":"park"}},{"type":"Feature","geometry":{"type":"Point","coordinates":[17.0969,48.13018]},"properties":{"cat":"skolka"}},{"type":"Feature","geometry":{"type":"Point","coordinates":[17.10354,48.12998]},"properties":{"cat":"skola"}},{"type":"Feature","geometry":{"type":"Point","coordinates":[17.11305,48.12932]},"properties":{"cat":"park"}},{"type":"Feature","geometry":{"type":"Point","coordinates":[17.11106,48.12953]},"properties":{"cat":"park"}},{"type":"Feature","geometry":{"type":"Point","coordinates":[17.11113,48.12937]},"properties":{"cat":"park"}},{"type":"Feature","geometry":{"type":"Point","coordinates":[17.10874,48.12941]},"properties":{"cat":"skola"}},{"type":"Feature","geometry":{"type":"Point","coordinates":[17.12919,48.1626]},"properties":{"cat":"skola"}},{"type":"Feature","geometry":{"type":"Point","coordinates":[17.12799,48.16306]},"properties":{"cat":"skola"}},{"type":"Feature","geometry":{"type":"Point","coordinates":[17.13003,48.16231]},"properties":{"cat":"skolka"}},{"type":"Feature","geometry":{"type":"Point","coordinates":[17.07584,48.165]},"properties":{"cat":"obchod"}},{"type":"Feature","geometry":{"type":"Point","coordinates":[17.11808,48.15127]},"properties":{"cat":"zastavka"}},{"type":"Feature","geometry":{"type":"Point","coordinates":[17.08616,48.16611]},"properties":{"cat":"lekar"}},{"type":"Feature","geometry":{"type":"Point","coordinates":[17.11484,48.12933]},"properties":{"cat":"park"}},{"type":"Feature","geometry":{"type":"Point","coordinates":[17.11108,48.14597]},"properties":{"cat":"lekar"}},{"type":"Feature","geometry":{"type":"Point","coordinates":[17.12688,48.1495]},"properties":{"cat":"park"}},{"type":"Feature","geometry":{"type":"Point","coordinates":[17.10273,48.14798]},"properties":{"cat":"skola"}},{"type":"Feature","geometry":{"type":"Point","coordinates":[17.11792,48.14624]},"properties":{"cat":"park"}},{"type":"Feature","geometry":{"type":"Point","coordinates":[17.11136,48.14183]},"properties":{"cat":"park"}},{"type":"Feature","geometry":{"type":"Point","coordinates":[17.11061,48.14167]},"properties":{"cat":"park"}},{"type":"Feature","geometry":{"type":"Point","coordinates":[17.12113,48.1534]},"properties":{"cat":"park"}},{"type":"Feature","geometry":{"type":"Point","coordinates":[17.13249,48.16343]},"properties":{"cat":"park"}},{"type":"Feature","geometry":{"type":"Point","coordinates":[17.11535,48.14722]},"properties":{"cat":"zastavka"}},{"type":"Feature","geometry":{"type":"Point","coordinates":[17.11192,48.1451]},"properties":{"cat":"zastavka"}},{"type":"Feature","geometry":{"type":"Point","coordinates":[17.10429,48.14035]},"properties":{"cat":"zastavka"}},{"type":"Feature","geometry":{"type":"Point","coordinates":[17.11099,48.14202]},"properties":{"cat":"skola"}},{"type":"Feature","geometry":{"type":"Point","coordinates":[17.11426,48.14104]},"properties":{"cat":"park"}},{"type":"Feature","geometry":{"type":"Point","coordinates":[17.12771,48.15447]},"properties":{"cat":"park"}},{"type":"Feature","geometry":{"type":"Point","coordinates":[17.07347,48.14617]},"properties":{"cat":"park"}},{"type":"Feature","geometry":{"type":"Point","coordinates":[17.13062,48.15726]},"properties":{"cat":"lekar"}},{"type":"Feature","geometry":{"type":"Point","coordinates":[17.10067,48.14316]},"properties":{"cat":"park"}},{"type":"Feature","geometry":{"type":"Point","coordinates":[17.07355,48.15177]},"properties":{"cat":"park"}},{"type":"Feature","geometry":{"type":"Point","coordinates":[17.11918,48.15378]},"properties":{"cat":"park"}},{"type":"Feature","geometry":{"type":"Point","coordinates":[17.1204,48.15305]},"properties":{"cat":"park"}},{"type":"Feature","geometry":{"type":"Point","coordinates":[17.13101,48.16398]},"properties":{"cat":"park"}},{"type":"Feature","geometry":{"type":"Point","coordinates":[17.06797,48.14963]},"properties":{"cat":"skola"}},{"type":"Feature","geometry":{"type":"Point","coordinates":[17.11309,48.14665]},"properties":{"cat":"lekar"}},{"type":"Feature","geometry":{"type":"Point","coordinates":[17.11694,48.13555]},"properties":{"cat":"zastavka"}},{"type":"Feature","geometry":{"type":"Point","coordinates":[17.11707,48.13555]},"properties":{"cat":"zastavka"}},{"type":"Feature","geometry":{"type":"Point","coordinates":[17.11593,48.14151]},"properties":{"cat":"zastavka"}},{"type":"Feature","geometry":{"type":"Point","coordinates":[17.09498,48.16946]},"properties":{"cat":"park"}},{"type":"Feature","geometry":{"type":"Point","coordinates":[17.12893,48.15782]},"properties":{"cat":"park"}},{"type":"Feature","geometry":{"type":"Point","coordinates":[17.11834,48.15569]},"properties":{"cat":"park"}},{"type":"Feature","geometry":{"type":"Point","coordinates":[17.09003,48.16742]},"properties":{"cat":"park"}},{"type":"Feature","geometry":{"type":"Point","coordinates":[17.11879,48.14005]},"properties":{"cat":"park"}},{"type":"Feature","geometry":{"type":"Point","coordinates":[17.12766,48.16893]},"properties":{"cat":"obchod"}},{"type":"Feature","geometry":{"type":"Point","coordinates":[17.09984,48.1461]},"properties":{"cat":"skola"}},{"type":"Feature","geometry":{"type":"Point","coordinates":[17.0994,48.14483]},"properties":{"cat":"skola"}},{"type":"Feature","geometry":{"type":"Point","coordinates":[17.09986,48.16514]},"properties":{"cat":"park"}},{"type":"Feature","geometry":{"type":"Point","coordinates":[17.09931,48.16533]},"properties":{"cat":"park"}},{"type":"Feature","geometry":{"type":"Point","coordinates":[17.09962,48.16494]},"properties":{"cat":"park"}},{"type":"Feature","geometry":{"type":"Point","coordinates":[17.10026,48.16533]},"properties":{"cat":"park"}},{"type":"Feature","geometry":{"type":"Point","coordinates":[17.10023,48.16521]},"properties":{"cat":"park"}},{"type":"Feature","geometry":{"type":"Point","coordinates":[17.0999,48.1654]},"properties":{"cat":"park"}},{"type":"Feature","geometry":{"type":"Point","coordinates":[17.09939,48.16561]},"properties":{"cat":"park"}},{"type":"Feature","geometry":{"type":"Point","coordinates":[17.10098,48.16561]},"properties":{"cat":"park"}},{"type":"Feature","geometry":{"type":"Point","coordinates":[17.10839,48.14465]},"properties":{"cat":"park"}},{"type":"Feature","geometry":{"type":"Point","coordinates":[17.10512,48.14692]},"properties":{"cat":"park"}},{"type":"Feature","geometry":{"type":"Point","coordinates":[17.1038,48.14661]},"properties":{"cat":"park"}},{"type":"Feature","geometry":{"type":"Point","coordinates":[17.10432,48.14681]},"properties":{"cat":"park"}},{"type":"Feature","geometry":{"type":"Point","coordinates":[17.1029,48.14675]},"properties":{"cat":"park"}},{"type":"Feature","geometry":{"type":"Point","coordinates":[17.10542,48.14783]},"properties":{"cat":"park"}},{"type":"Feature","geometry":{"type":"Point","coordinates":[17.10518,48.14755]},"properties":{"cat":"park"}},{"type":"Feature","geometry":{"type":"Point","coordinates":[17.10448,48.14696]},"properties":{"cat":"park"}},{"type":"Feature","geometry":{"type":"Point","coordinates":[17.09974,48.14517]},"properties":{"cat":"park"}},{"type":"Feature","geometry":{"type":"Point","coordinates":[17.10132,48.14548]},"properties":{"cat":"park"}},{"type":"Feature","geometry":{"type":"Point","coordinates":[17.10979,48.13544]},"properties":{"cat":"park"}},{"type":"Feature","geometry":{"type":"Point","coordinates":[17.10958,48.13509]},"properties":{"cat":"park"}},{"type":"Feature","geometry":{"type":"Point","coordinates":[17.10932,48.13537]},"properties":{"cat":"park"}},{"type":"Feature","geometry":{"type":"Point","coordinates":[17.11,48.13538]},"properties":{"cat":"park"}},{"type":"Feature","geometry":{"type":"Point","coordinates":[17.10906,48.13398]},"properties":{"cat":"park"}},{"type":"Feature","geometry":{"type":"Point","coordinates":[17.10645,48.13593]},"properties":{"cat":"park"}},{"type":"Feature","geometry":{"type":"Point","coordinates":[17.10754,48.13603]},"properties":{"cat":"park"}},{"type":"Feature","geometry":{"type":"Point","coordinates":[17.10953,48.13522]},"properties":{"cat":"park"}},{"type":"Feature","geometry":{"type":"Point","coordinates":[17.10979,48.13505]},"properties":{"cat":"park"}},{"type":"Feature","geometry":{"type":"Point","coordinates":[17.10963,48.13539]},"properties":{"cat":"park"}},{"type":"Feature","geometry":{"type":"Point","coordinates":[17.11931,48.14263]},"properties":{"cat":"park"}},{"type":"Feature","geometry":{"type":"Point","coordinates":[17.11908,48.1428]},"properties":{"cat":"park"}},{"type":"Feature","geometry":{"type":"Point","coordinates":[17.1185,48.14225]},"properties":{"cat":"park"}},{"type":"Feature","geometry":{"type":"Point","coordinates":[17.11874,48.14241]},"properties":{"cat":"park"}},{"type":"Feature","geometry":{"type":"Point","coordinates":[17.11787,48.14356]},"properties":{"cat":"park"}},{"type":"Feature","geometry":{"type":"Point","coordinates":[17.11835,48.14306]},"properties":{"cat":"park"}},{"type":"Feature","geometry":{"type":"Point","coordinates":[17.11833,48.14374]},"properties":{"cat":"park"}},{"type":"Feature","geometry":{"type":"Point","coordinates":[17.11887,48.14322]},"properties":{"cat":"park"}},{"type":"Feature","geometry":{"type":"Point","coordinates":[17.11719,48.14396]},"properties":{"cat":"park"}},{"type":"Feature","geometry":{"type":"Point","coordinates":[17.11743,48.14219]},"properties":{"cat":"park"}},{"type":"Feature","geometry":{"type":"Point","coordinates":[17.11819,48.14416]},"properties":{"cat":"park"}},{"type":"Feature","geometry":{"type":"Point","coordinates":[17.11808,48.14439]},"properties":{"cat":"park"}},{"type":"Feature","geometry":{"type":"Point","coordinates":[17.11724,48.14272]},"properties":{"cat":"park"}},{"type":"Feature","geometry":{"type":"Point","coordinates":[17.1173,48.14253]},"properties":{"cat":"park"}},{"type":"Feature","geometry":{"type":"Point","coordinates":[17.1165,48.14274]},"properties":{"cat":"park"}},{"type":"Feature","geometry":{"type":"Point","coordinates":[17.11621,48.14258]},"properties":{"cat":"park"}},{"type":"Feature","geometry":{"type":"Point","coordinates":[17.11704,48.14291]},"properties":{"cat":"park"}},{"type":"Feature","geometry":{"type":"Point","coordinates":[17.11649,48.14233]},"properties":{"cat":"park"}},{"type":"Feature","geometry":{"type":"Point","coordinates":[17.11663,48.14279]},"properties":{"cat":"park"}},{"type":"Feature","geometry":{"type":"Point","coordinates":[17.11681,48.14284]},"properties":{"cat":"park"}},{"type":"Feature","geometry":{"type":"Point","coordinates":[17.11776,48.14222]},"properties":{"cat":"park"}},{"type":"Feature","geometry":{"type":"Point","coordinates":[17.10933,48.15506]},"properties":{"cat":"park"}},{"type":"Feature","geometry":{"type":"Point","coordinates":[17.1245,48.14555]},"properties":{"cat":"park"}},{"type":"Feature","geometry":{"type":"Point","coordinates":[17.12461,48.14539]},"properties":{"cat":"park"}},{"type":"Feature","geometry":{"type":"Point","coordinates":[17.12478,48.14514]},"properties":{"cat":"park"}},{"type":"Feature","geometry":{"type":"Point","coordinates":[17.08786,48.16339]},"properties":{"cat":"park"}},{"type":"Feature","geometry":{"type":"Point","coordinates":[17.09597,48.14225]},"properties":{"cat":"park"}},{"type":"Feature","geometry":{"type":"Point","coordinates":[17.11196,48.145]},"properties":{"cat":"zastavka"}},{"type":"Feature","geometry":{"type":"Point","coordinates":[17.13171,48.17175]},"properties":{"cat":"skola"}},{"type":"Feature","geometry":{"type":"Point","coordinates":[17.1113,48.14186]},"properties":{"cat":"skola"}},{"type":"Feature","geometry":{"type":"Point","coordinates":[17.11847,48.15913]},"properties":{"cat":"park"}},{"type":"Feature","geometry":{"type":"Point","coordinates":[17.12055,48.14366]},"properties":{"cat":"park"}},{"type":"Feature","geometry":{"type":"Point","coordinates":[17.10422,48.16851]},"properties":{"cat":"park"}},{"type":"Feature","geometry":{"type":"Point","coordinates":[17.09213,48.14087]},"properties":{"cat":"park"}},{"type":"Feature","geometry":{"type":"Point","coordinates":[17.11104,48.14851]},"properties":{"cat":"park"}},{"type":"Feature","geometry":{"type":"Point","coordinates":[17.12429,48.14498]},"properties":{"cat":"park"}},{"type":"Feature","geometry":{"type":"Point","coordinates":[17.12529,48.14551]},"properties":{"cat":"park"}},{"type":"Feature","geometry":{"type":"Point","coordinates":[17.1054,48.14243]},"properties":{"cat":"park"}},{"type":"Feature","geometry":{"type":"Point","coordinates":[17.12842,48.16047]},"properties":{"cat":"park"}},{"type":"Feature","geometry":{"type":"Point","coordinates":[17.12724,48.16091]},"properties":{"cat":"park"}},{"type":"Feature","geometry":{"type":"Point","coordinates":[17.12721,48.16109]},"properties":{"cat":"park"}},{"type":"Feature","geometry":{"type":"Point","coordinates":[17.12611,48.14167]},"properties":{"cat":"park"}},{"type":"Feature","geometry":{"type":"Point","coordinates":[17.12641,48.14164]},"properties":{"cat":"park"}},{"type":"Feature","geometry":{"type":"Point","coordinates":[17.12689,48.14155]},"properties":{"cat":"park"}},{"type":"Feature","geometry":{"type":"Point","coordinates":[17.11222,48.14016]},"properties":{"cat":"park"}},{"type":"Feature","geometry":{"type":"Point","coordinates":[17.11271,48.14025]},"properties":{"cat":"park"}},{"type":"Feature","geometry":{"type":"Point","coordinates":[17.11272,48.14014]},"properties":{"cat":"park"}},{"type":"Feature","geometry":{"type":"Point","coordinates":[17.12136,48.14949]},"properties":{"cat":"park"}},{"type":"Feature","geometry":{"type":"Point","coordinates":[17.10046,48.14302]},"properties":{"cat":"park"}},{"type":"Feature","geometry":{"type":"Point","coordinates":[17.10079,48.143]},"properties":{"cat":"park"}},{"type":"Feature","geometry":{"type":"Point","coordinates":[17.12245,48.15305]},"properties":{"cat":"park"}},{"type":"Feature","geometry":{"type":"Point","coordinates":[17.12535,48.15333]},"properties":{"cat":"park"}},{"type":"Feature","geometry":{"type":"Point","coordinates":[17.10544,48.14166]},"properties":{"cat":"park"}},{"type":"Feature","geometry":{"type":"Point","coordinates":[17.1259,48.1456]},"properties":{"cat":"park"}},{"type":"Feature","geometry":{"type":"Point","coordinates":[17.10574,48.14205]},"properties":{"cat":"park"}},{"type":"Feature","geometry":{"type":"Point","coordinates":[17.08542,48.14284]},"properties":{"cat":"zastavka"}},{"type":"Feature","geometry":{"type":"Point","coordinates":[17.08442,48.14294]},"properties":{"cat":"zastavka"}},{"type":"Feature","geometry":{"type":"Point","coordinates":[17.118,48.12854]},"properties":{"cat":"park"}},{"type":"Feature","geometry":{"type":"Point","coordinates":[17.12285,48.12885]},"properties":{"cat":"park"}},{"type":"Feature","geometry":{"type":"Point","coordinates":[17.11518,48.12934]},"properties":{"cat":"park"}},{"type":"Feature","geometry":{"type":"Point","coordinates":[17.11221,48.12953]},"properties":{"cat":"park"}},{"type":"Feature","geometry":{"type":"Point","coordinates":[17.10147,48.14139]},"properties":{"cat":"park"}},{"type":"Feature","geometry":{"type":"Point","coordinates":[17.10197,48.14243]},"properties":{"cat":"park"}},{"type":"Feature","geometry":{"type":"Point","coordinates":[17.11101,48.14673]},"properties":{"cat":"park"}},{"type":"Feature","geometry":{"type":"Point","coordinates":[17.12916,48.15498]},"properties":{"cat":"lekar"}},{"type":"Feature","geometry":{"type":"Point","coordinates":[17.11658,48.14853]},"properties":{"cat":"zastavka"}},{"type":"Feature","geometry":{"type":"Point","coordinates":[17.13318,48.14643]},"properties":{"cat":"park"}},{"type":"Feature","geometry":{"type":"Point","coordinates":[17.10031,48.16438]},"properties":{"cat":"skola"}},{"type":"Feature","geometry":{"type":"Point","coordinates":[17.12031,48.14451]},"properties":{"cat":"skolka"}},{"type":"Feature","geometry":{"type":"Point","coordinates":[17.12002,48.14073]},"properties":{"cat":"park"}},{"type":"Feature","geometry":{"type":"Point","coordinates":[17.11993,48.14081]},"properties":{"cat":"park"}},{"type":"Feature","geometry":{"type":"Point","coordinates":[17.11976,48.14067]},"properties":{"cat":"park"}},{"type":"Feature","geometry":{"type":"Point","coordinates":[17.11986,48.14062]},"properties":{"cat":"park"}},{"type":"Feature","geometry":{"type":"Point","coordinates":[17.10811,48.14964]},"properties":{"cat":"park"}},{"type":"Feature","geometry":{"type":"Point","coordinates":[17.1075,48.14967]},"properties":{"cat":"park"}},{"type":"Feature","geometry":{"type":"Point","coordinates":[17.09845,48.15832]},"properties":{"cat":"skolka"}},{"type":"Feature","geometry":{"type":"Point","coordinates":[17.11593,48.14162]},"properties":{"cat":"zastavka"}},{"type":"Feature","geometry":{"type":"Point","coordinates":[17.11685,48.14125]},"properties":{"cat":"park"}},{"type":"Feature","geometry":{"type":"Point","coordinates":[17.09635,48.13015]},"properties":{"cat":"park"}},{"type":"Feature","geometry":{"type":"Point","coordinates":[17.12504,48.16253]},"properties":{"cat":"park"}},{"type":"Feature","geometry":{"type":"Point","coordinates":[17.09076,48.16668]},"properties":{"cat":"lekar"}},{"type":"Feature","geometry":{"type":"Point","coordinates":[17.11551,48.14299]},"properties":{"cat":"park"}},{"type":"Feature","geometry":{"type":"Point","coordinates":[17.11555,48.14389]},"properties":{"cat":"park"}},{"type":"Feature","geometry":{"type":"Point","coordinates":[17.11809,48.12938]},"properties":{"cat":"park"}},{"type":"Feature","geometry":{"type":"Point","coordinates":[17.1185,48.12928]},"properties":{"cat":"park"}},{"type":"Feature","geometry":{"type":"Point","coordinates":[17.12142,48.15359]},"properties":{"cat":"park"}},{"type":"Feature","geometry":{"type":"Point","coordinates":[17.11625,48.15648]},"properties":{"cat":"park"}},{"type":"Feature","geometry":{"type":"Point","coordinates":[17.13102,48.15089]},"properties":{"cat":"skola"}},{"type":"Feature","geometry":{"type":"Point","coordinates":[17.13191,48.15086]},"properties":{"cat":"skola"}},{"type":"Feature","geometry":{"type":"Point","coordinates":[17.12818,48.15586]},"properties":{"cat":"skola"}},{"type":"Feature","geometry":{"type":"Point","coordinates":[17.0984,48.14165]},"properties":{"cat":"park"}},{"type":"Feature","geometry":{"type":"Point","coordinates":[17.09843,48.14173]},"properties":{"cat":"park"}},{"type":"Feature","geometry":{"type":"Point","coordinates":[17.07347,48.14761]},"properties":{"cat":"park"}},{"type":"Feature","geometry":{"type":"Point","coordinates":[17.07335,48.14723]},"properties":{"cat":"park"}},{"type":"Feature","geometry":{"type":"Point","coordinates":[17.07437,48.14679]},"properties":{"cat":"park"}},{"type":"Feature","geometry":{"type":"Point","coordinates":[17.07382,48.14673]},"properties":{"cat":"park"}},{"type":"Feature","geometry":{"type":"Point","coordinates":[17.07228,48.14634]},"properties":{"cat":"park"}},{"type":"Feature","geometry":{"type":"Point","coordinates":[17.07193,48.14645]},"properties":{"cat":"park"}},{"type":"Feature","geometry":{"type":"Point","coordinates":[17.07346,48.1459]},"properties":{"cat":"park"}},{"type":"Feature","geometry":{"type":"Point","coordinates":[17.07451,48.14568]},"properties":{"cat":"park"}},{"type":"Feature","geometry":{"type":"Point","coordinates":[17.12061,48.12871]},"properties":{"cat":"park"}},{"type":"Feature","geometry":{"type":"Point","coordinates":[17.12149,48.12872]},"properties":{"cat":"park"}},{"type":"Feature","geometry":{"type":"Point","coordinates":[17.12124,48.12873]},"properties":{"cat":"park"}},{"type":"Feature","geometry":{"type":"Point","coordinates":[17.12242,48.14035]},"properties":{"cat":"park"}},{"type":"Feature","geometry":{"type":"Point","coordinates":[17.12219,48.14004]},"properties":{"cat":"park"}},{"type":"Feature","geometry":{"type":"Point","coordinates":[17.12107,48.14018]},"properties":{"cat":"park"}},{"type":"Feature","geometry":{"type":"Point","coordinates":[17.12224,48.16196]},"properties":{"cat":"park"}},{"type":"Feature","geometry":{"type":"Point","coordinates":[17.10316,48.1559]},"properties":{"cat":"skola"}},{"type":"Feature","geometry":{"type":"Point","coordinates":[17.10521,48.14416]},"properties":{"cat":"park"}},{"type":"Feature","geometry":{"type":"Point","coordinates":[17.12998,48.15378]},"properties":{"cat":"lekar"}},{"type":"Feature","geometry":{"type":"Point","coordinates":[17.11486,48.15731]},"properties":{"cat":"skolka"}},{"type":"Feature","geometry":{"type":"Point","coordinates":[17.13079,48.15399]},"properties":{"cat":"skola"}},{"type":"Feature","geometry":{"type":"Point","coordinates":[17.13216,48.1534]},"properties":{"cat":"skola"}},{"type":"Feature","geometry":{"type":"Point","coordinates":[17.13126,48.15502]},"properties":{"cat":"park"}},{"type":"Feature","geometry":{"type":"Point","coordinates":[17.09272,48.15191]},"properties":{"cat":"skolka"}},{"type":"Feature","geometry":{"type":"Point","coordinates":[17.10503,48.14516]},"properties":{"cat":"park"}},{"type":"Feature","geometry":{"type":"Point","coordinates":[17.12273,48.15586]},"properties":{"cat":"park"}},{"type":"Feature","geometry":{"type":"Point","coordinates":[17.12988,48.15889]},"properties":{"cat":"park"}},{"type":"Feature","geometry":{"type":"Point","coordinates":[17.12657,48.14132]},"properties":{"cat":"park"}},{"type":"Feature","geometry":{"type":"Point","coordinates":[17.12657,48.14101]},"properties":{"cat":"park"}},{"type":"Feature","geometry":{"type":"Point","coordinates":[17.10326,48.14446]},"properties":{"cat":"park"}},{"type":"Feature","geometry":{"type":"Point","coordinates":[17.08442,48.16937]},"properties":{"cat":"skola"}},{"type":"Feature","geometry":{"type":"Point","coordinates":[17.0836,48.16982]},"properties":{"cat":"skola"}},{"type":"Feature","geometry":{"type":"Point","coordinates":[17.08045,48.16904]},"properties":{"cat":"park"}},{"type":"Feature","geometry":{"type":"Point","coordinates":[17.10892,48.14114]},"properties":{"cat":"park"}},{"type":"Feature","geometry":{"type":"Point","coordinates":[17.13116,48.14638]},"properties":{"cat":"park"}},{"type":"Feature","geometry":{"type":"Point","coordinates":[17.12433,48.1612]},"properties":{"cat":"park"}},{"type":"Feature","geometry":{"type":"Point","coordinates":[17.12227,48.13961]},"properties":{"cat":"park"}},{"type":"Feature","geometry":{"type":"Point","coordinates":[17.10276,48.17162]},"properties":{"cat":"skola"}},{"type":"Feature","geometry":{"type":"Point","coordinates":[17.12477,48.14418]},"properties":{"cat":"park"}},{"type":"Feature","geometry":{"type":"Point","coordinates":[17.12545,48.16195]},"properties":{"cat":"park"}},{"type":"Feature","geometry":{"type":"Point","coordinates":[17.1245,48.1439]},"properties":{"cat":"park"}},{"type":"Feature","geometry":{"type":"Point","coordinates":[17.12521,48.14425]},"properties":{"cat":"park"}},{"type":"Feature","geometry":{"type":"Point","coordinates":[17.10414,48.1405]},"properties":{"cat":"zastavka"}},{"type":"Feature","geometry":{"type":"Point","coordinates":[17.12432,48.14365]},"properties":{"cat":"park"}},{"type":"Feature","geometry":{"type":"Point","coordinates":[17.12525,48.14591]},"properties":{"cat":"park"}},{"type":"Feature","geometry":{"type":"Point","coordinates":[17.12432,48.14563]},"properties":{"cat":"park"}},{"type":"Feature","geometry":{"type":"Point","coordinates":[17.12431,48.1444]},"properties":{"cat":"park"}},{"type":"Feature","geometry":{"type":"Point","coordinates":[17.12362,48.14426]},"properties":{"cat":"park"}},{"type":"Feature","geometry":{"type":"Point","coordinates":[17.09349,48.16768]},"properties":{"cat":"park"}},{"type":"Feature","geometry":{"type":"Point","coordinates":[17.13164,48.1526]},"properties":{"cat":"park"}},{"type":"Feature","geometry":{"type":"Point","coordinates":[17.07674,48.16131]},"properties":{"cat":"obchod"}},{"type":"Feature","geometry":{"type":"Point","coordinates":[17.13108,48.1707]},"properties":{"cat":"park"}},{"type":"Feature","geometry":{"type":"Point","coordinates":[17.12675,48.14495]},"properties":{"cat":"park"}},{"type":"Feature","geometry":{"type":"Point","coordinates":[17.08155,48.15877]},"properties":{"cat":"park"}},{"type":"Feature","geometry":{"type":"Point","coordinates":[17.11842,48.14892]},"properties":{"cat":"park"}},{"type":"Feature","geometry":{"type":"Point","coordinates":[17.12442,48.14423]},"properties":{"cat":"park"}},{"type":"Feature","geometry":{"type":"Point","coordinates":[17.12648,48.15031]},"properties":{"cat":"park"}},{"type":"Feature","geometry":{"type":"Point","coordinates":[17.12022,48.1686]},"properties":{"cat":"park"}},{"type":"Feature","geometry":{"type":"Point","coordinates":[17.12482,48.1552]},"properties":{"cat":"park"}},{"type":"Feature","geometry":{"type":"Point","coordinates":[17.11298,48.13636]},"properties":{"cat":"park"}},{"type":"Feature","geometry":{"type":"Point","coordinates":[17.06737,48.14711]},"properties":{"cat":"park"}},{"type":"Feature","geometry":{"type":"Point","coordinates":[17.12238,48.15566]},"properties":{"cat":"park"}},{"type":"Feature","geometry":{"type":"Point","coordinates":[17.12169,48.15594]},"properties":{"cat":"park"}},{"type":"Feature","geometry":{"type":"Point","coordinates":[17.12505,48.16208]},"properties":{"cat":"park"}},{"type":"Feature","geometry":{"type":"Point","coordinates":[17.12557,48.16622]},"properties":{"cat":"park"}},{"type":"Feature","geometry":{"type":"Point","coordinates":[17.12379,48.15887]},"properties":{"cat":"park"}},{"type":"Feature","geometry":{"type":"Point","coordinates":[17.12291,48.15889]},"properties":{"cat":"skolka"}},{"type":"Feature","geometry":{"type":"Point","coordinates":[17.06936,48.15862]},"properties":{"cat":"park"}},{"type":"Feature","geometry":{"type":"Point","coordinates":[17.07826,48.15933]},"properties":{"cat":"park"}},{"type":"Feature","geometry":{"type":"Point","coordinates":[17.13019,48.15886]},"properties":{"cat":"park"}},{"type":"Feature","geometry":{"type":"Point","coordinates":[17.1245,48.16561]},"properties":{"cat":"park"}},{"type":"Feature","geometry":{"type":"Point","coordinates":[17.1261,48.16695]},"properties":{"cat":"park"}},{"type":"Feature","geometry":{"type":"Point","coordinates":[17.12384,48.16055]},"properties":{"cat":"park"}},{"type":"Feature","geometry":{"type":"Point","coordinates":[17.09676,48.15705]},"properties":{"cat":"park"}},{"type":"Feature","geometry":{"type":"Point","coordinates":[17.09449,48.1702]},"properties":{"cat":"park"}},{"type":"Feature","geometry":{"type":"Point","coordinates":[17.11684,48.14317]},"properties":{"cat":"park"}},{"type":"Feature","geometry":{"type":"Point","coordinates":[17.13165,48.14765]},"properties":{"cat":"park"}},{"type":"Feature","geometry":{"type":"Point","coordinates":[17.13168,48.14793]},"properties":{"cat":"park"}},{"type":"Feature","geometry":{"type":"Point","coordinates":[17.11042,48.14167]},"properties":{"cat":"park"}},{"type":"Feature","geometry":{"type":"Point","coordinates":[17.12818,48.14679]},"properties":{"cat":"park"}},{"type":"Feature","geometry":{"type":"Point","coordinates":[17.13344,48.14354]},"properties":{"cat":"park"}},{"type":"Feature","geometry":{"type":"Point","coordinates":[17.12769,48.1619]},"properties":{"cat":"skolka"}},{"type":"Feature","geometry":{"type":"Point","coordinates":[17.13275,48.14993]},"properties":{"cat":"park"}},{"type":"Feature","geometry":{"type":"Point","coordinates":[17.11847,48.15577]},"properties":{"cat":"park"}},{"type":"Feature","geometry":{"type":"Point","coordinates":[17.10016,48.14344]},"properties":{"cat":"park"}},{"type":"Feature","geometry":{"type":"Point","coordinates":[17.10634,48.14097]},"properties":{"cat":"park"}},{"type":"Feature","geometry":{"type":"Point","coordinates":[17.11765,48.16001]},"properties":{"cat":"skola"}},{"type":"Feature","geometry":{"type":"Point","coordinates":[17.11834,48.16054]},"properties":{"cat":"skolka"}},{"type":"Feature","geometry":{"type":"Point","coordinates":[17.12091,48.14243]},"properties":{"cat":"park"}},{"type":"Feature","geometry":{"type":"Point","coordinates":[17.12173,48.14238]},"properties":{"cat":"park"}},{"type":"Feature","geometry":{"type":"Point","coordinates":[17.08157,48.15809]},"properties":{"cat":"park"}},{"type":"Feature","geometry":{"type":"Point","coordinates":[17.1251,48.15232]},"properties":{"cat":"park"}},{"type":"Feature","geometry":{"type":"Point","coordinates":[17.12511,48.15238]},"properties":{"cat":"park"}},{"type":"Feature","geometry":{"type":"Point","coordinates":[17.11939,48.14251]},"properties":{"cat":"park"}},{"type":"Feature","geometry":{"type":"Point","coordinates":[17.11938,48.14217]},"properties":{"cat":"park"}},{"type":"Feature","geometry":{"type":"Point","coordinates":[17.12727,48.13931]},"properties":{"cat":"park"}},{"type":"Feature","geometry":{"type":"Point","coordinates":[17.13005,48.17095]},"properties":{"cat":"park"}},{"type":"Feature","geometry":{"type":"Point","coordinates":[17.10341,48.15567]},"properties":{"cat":"park"}},{"type":"Feature","geometry":{"type":"Point","coordinates":[17.09178,48.14867]},"properties":{"cat":"skolka"}},{"type":"Feature","geometry":{"type":"Point","coordinates":[17.12665,48.15156]},"properties":{"cat":"park"}},{"type":"Feature","geometry":{"type":"Point","coordinates":[17.12623,48.15449]},"properties":{"cat":"park"}},{"type":"Feature","geometry":{"type":"Point","coordinates":[17.12242,48.15546]},"properties":{"cat":"park"}},{"type":"Feature","geometry":{"type":"Point","coordinates":[17.12588,48.14845]},"properties":{"cat":"park"}},{"type":"Feature","geometry":{"type":"Point","coordinates":[17.12647,48.1478]},"properties":{"cat":"park"}},{"type":"Feature","geometry":{"type":"Point","coordinates":[17.12857,48.15284]},"properties":{"cat":"park"}},{"type":"Feature","geometry":{"type":"Point","coordinates":[17.12403,48.13989]},"properties":{"cat":"park"}},{"type":"Feature","geometry":{"type":"Point","coordinates":[17.11751,48.15418]},"properties":{"cat":"park"}},{"type":"Feature","geometry":{"type":"Point","coordinates":[17.1163,48.15444]},"properties":{"cat":"park"}},{"type":"Feature","geometry":{"type":"Point","coordinates":[17.09958,48.1574]},"properties":{"cat":"park"}},{"type":"Feature","geometry":{"type":"Point","coordinates":[17.12946,48.15518]},"properties":{"cat":"park"}},{"type":"Feature","geometry":{"type":"Point","coordinates":[17.10608,48.14512]},"properties":{"cat":"park"}},{"type":"Feature","geometry":{"type":"Point","coordinates":[17.12143,48.12946]},"properties":{"cat":"park"}},{"type":"Feature","geometry":{"type":"Point","coordinates":[17.12153,48.12917]},"properties":{"cat":"park"}},{"type":"Feature","geometry":{"type":"Point","coordinates":[17.12128,48.12921]},"properties":{"cat":"park"}},{"type":"Feature","geometry":{"type":"Point","coordinates":[17.12162,48.13002]},"properties":{"cat":"park"}},{"type":"Feature","geometry":{"type":"Point","coordinates":[17.12163,48.13013]},"properties":{"cat":"park"}},{"type":"Feature","geometry":{"type":"Point","coordinates":[17.12289,48.12991]},"properties":{"cat":"park"}},{"type":"Feature","geometry":{"type":"Point","coordinates":[17.1331,48.14869]},"properties":{"cat":"park"}},{"type":"Feature","geometry":{"type":"Point","coordinates":[17.10837,48.15571]},"properties":{"cat":"park"}},{"type":"Feature","geometry":{"type":"Point","coordinates":[17.12093,48.15676]},"properties":{"cat":"park"}},{"type":"Feature","geometry":{"type":"Point","coordinates":[17.12692,48.15622]},"properties":{"cat":"park"}},{"type":"Feature","geometry":{"type":"Point","coordinates":[17.09998,48.13991]},"properties":{"cat":"zastavka"}},{"type":"Feature","geometry":{"type":"Point","coordinates":[17.09999,48.13999]},"properties":{"cat":"zastavka"}},{"type":"Feature","geometry":{"type":"Point","coordinates":[17.12035,48.16993]},"properties":{"cat":"park"}},{"type":"Feature","geometry":{"type":"Point","coordinates":[17.11898,48.17156]},"properties":{"cat":"park"}},{"type":"Feature","geometry":{"type":"Point","coordinates":[17.10959,48.16427]},"properties":{"cat":"park"}},{"type":"Feature","geometry":{"type":"Point","coordinates":[17.10762,48.15602]},"properties":{"cat":"park"}},{"type":"Feature","geometry":{"type":"Point","coordinates":[17.11901,48.15549]},"properties":{"cat":"park"}},{"type":"Feature","geometry":{"type":"Point","coordinates":[17.12387,48.16712]},"properties":{"cat":"park"}},{"type":"Feature","geometry":{"type":"Point","coordinates":[17.12347,48.16723]},"properties":{"cat":"park"}},{"type":"Feature","geometry":{"type":"Point","coordinates":[17.12379,48.1673]},"properties":{"cat":"park"}},{"type":"Feature","geometry":{"type":"Point","coordinates":[17.12418,48.16725]},"properties":{"cat":"park"}},{"type":"Feature","geometry":{"type":"Point","coordinates":[17.12423,48.16754]},"properties":{"cat":"park"}},{"type":"Feature","geometry":{"type":"Point","coordinates":[17.12382,48.16765]},"properties":{"cat":"park"}},{"type":"Feature","geometry":{"type":"Point","coordinates":[17.12316,48.15886]},"properties":{"cat":"park"}},{"type":"Feature","geometry":{"type":"Point","coordinates":[17.12371,48.15656]},"properties":{"cat":"park"}},{"type":"Feature","geometry":{"type":"Point","coordinates":[17.11196,48.12918]},"properties":{"cat":"skolka"}},{"type":"Feature","geometry":{"type":"Point","coordinates":[17.09742,48.12997]},"properties":{"cat":"park"}},{"type":"Feature","geometry":{"type":"Point","coordinates":[17.09703,48.16854]},"properties":{"cat":"park"}},{"type":"Feature","geometry":{"type":"Point","coordinates":[17.1316,48.15496]},"properties":{"cat":"park"}},{"type":"Feature","geometry":{"type":"Point","coordinates":[17.12018,48.14405]},"properties":{"cat":"park"}},{"type":"Feature","geometry":{"type":"Point","coordinates":[17.08066,48.16976]},"properties":{"cat":"lekar"}},{"type":"Feature","geometry":{"type":"Point","coordinates":[17.11651,48.14573]},"properties":{"cat":"park"}},{"type":"Feature","geometry":{"type":"Point","coordinates":[17.11659,48.14576]},"properties":{"cat":"park"}},{"type":"Feature","geometry":{"type":"Point","coordinates":[17.11387,48.1466]},"properties":{"cat":"park"}},{"type":"Feature","geometry":{"type":"Point","coordinates":[17.12451,48.1609]},"properties":{"cat":"park"}},{"type":"Feature","geometry":{"type":"Point","coordinates":[17.12811,48.16064]},"properties":{"cat":"park"}},{"type":"Feature","geometry":{"type":"Point","coordinates":[17.12788,48.1608]},"properties":{"cat":"park"}},{"type":"Feature","geometry":{"type":"Point","coordinates":[17.11835,48.14612]},"properties":{"cat":"park"}},{"type":"Feature","geometry":{"type":"Point","coordinates":[17.12636,48.1499]},"properties":{"cat":"park"}},{"type":"Feature","geometry":{"type":"Point","coordinates":[17.12846,48.1438]},"properties":{"cat":"park"}},{"type":"Feature","geometry":{"type":"Point","coordinates":[17.07576,48.17153]},"properties":{"cat":"park"}},{"type":"Feature","geometry":{"type":"Point","coordinates":[17.07058,48.17164]},"properties":{"cat":"park"}},{"type":"Feature","geometry":{"type":"Point","coordinates":[17.13196,48.14664]},"properties":{"cat":"park"}},{"type":"Feature","geometry":{"type":"Point","coordinates":[17.13202,48.1467]},"properties":{"cat":"park"}},{"type":"Feature","geometry":{"type":"Point","coordinates":[17.11587,48.1523]},"properties":{"cat":"zastavka"}},{"type":"Feature","geometry":{"type":"Point","coordinates":[17.11891,48.15371]},"properties":{"cat":"zastavka"}},{"type":"Feature","geometry":{"type":"Point","coordinates":[17.11882,48.15372]},"properties":{"cat":"zastavka"}},{"type":"Feature","geometry":{"type":"Point","coordinates":[17.1169,48.15393]},"properties":{"cat":"park"}},{"type":"Feature","geometry":{"type":"Point","coordinates":[17.11085,48.15285]},"properties":{"cat":"park"}},{"type":"Feature","geometry":{"type":"Point","coordinates":[17.10735,48.14623]},"properties":{"cat":"park"}},{"type":"Feature","geometry":{"type":"Point","coordinates":[17.12477,48.165]},"properties":{"cat":"park"}},{"type":"Feature","geometry":{"type":"Point","coordinates":[17.12374,48.15471]},"properties":{"cat":"zastavka"}},{"type":"Feature","geometry":{"type":"Point","coordinates":[17.12367,48.15475]},"properties":{"cat":"zastavka"}},{"type":"Feature","geometry":{"type":"Point","coordinates":[17.1022,48.15607]},"properties":{"cat":"park"}},{"type":"Feature","geometry":{"type":"Point","coordinates":[17.12828,48.14368]},"properties":{"cat":"park"}},{"type":"Feature","geometry":{"type":"Point","coordinates":[17.11642,48.13582]},"properties":{"cat":"park"}},{"type":"Feature","geometry":{"type":"Point","coordinates":[17.11588,48.13578]},"properties":{"cat":"park"}},{"type":"Feature","geometry":{"type":"Point","coordinates":[17.1161,48.13578]},"properties":{"cat":"park"}},{"type":"Feature","geometry":{"type":"Point","coordinates":[17.12093,48.15525]},"properties":{"cat":"park"}},{"type":"Feature","geometry":{"type":"Point","coordinates":[17.12574,48.1485]},"properties":{"cat":"park"}},{"type":"Feature","geometry":{"type":"Point","coordinates":[17.13035,48.15217]},"properties":{"cat":"park"}},{"type":"Feature","geometry":{"type":"Point","coordinates":[17.11889,48.1581]},"properties":{"cat":"park"}},{"type":"Feature","geometry":{"type":"Point","coordinates":[17.1188,48.15796]},"properties":{"cat":"park"}},{"type":"Feature","geometry":{"type":"Point","coordinates":[17.12666,48.14424]},"properties":{"cat":"park"}},{"type":"Feature","geometry":{"type":"Point","coordinates":[17.11348,48.1547]},"properties":{"cat":"park"}},{"type":"Feature","geometry":{"type":"Point","coordinates":[17.12385,48.14995]},"properties":{"cat":"park"}},{"type":"Feature","geometry":{"type":"Point","coordinates":[17.07474,48.15858]},"properties":{"cat":"park"}},{"type":"Feature","geometry":{"type":"Point","coordinates":[17.07466,48.1586]},"properties":{"cat":"park"}},{"type":"Feature","geometry":{"type":"Point","coordinates":[17.07511,48.15815]},"properties":{"cat":"park"}},{"type":"Feature","geometry":{"type":"Point","coordinates":[17.06787,48.16233]},"properties":{"cat":"park"}},{"type":"Feature","geometry":{"type":"Point","coordinates":[17.07434,48.16179]},"properties":{"cat":"park"}},{"type":"Feature","geometry":{"type":"Point","coordinates":[17.09813,48.13126]},"properties":{"cat":"skola"}},{"type":"Feature","geometry":{"type":"Point","coordinates":[17.08616,48.17012]},"properties":{"cat":"lekar"}},{"type":"Feature","geometry":{"type":"Point","coordinates":[17.13358,48.15033]},"properties":{"cat":"lekar"}},{"type":"Feature","geometry":{"type":"Point","coordinates":[17.10829,48.13097]},"properties":{"cat":"park"}},{"type":"Feature","geometry":{"type":"Point","coordinates":[17.10672,48.14126]},"properties":{"cat":"park"}},{"type":"Feature","geometry":{"type":"Point","coordinates":[17.07119,48.15149]},"properties":{"cat":"park"}},{"type":"Feature","geometry":{"type":"Point","coordinates":[17.14233,48.15592]},"properties":{"cat":"zastavka"}},{"type":"Feature","geometry":{"type":"Point","coordinates":[17.13397,48.15514]},"properties":{"cat":"zastavka"}},{"type":"Feature","geometry":{"type":"Point","coordinates":[17.14547,48.17154]},"properties":{"cat":"zastavka"}},{"type":"Feature","geometry":{"type":"Point","coordinates":[17.16417,48.16121]},"properties":{"cat":"lekar"}},{"type":"Feature","geometry":{"type":"Point","coordinates":[17.1655,48.16441]},"properties":{"cat":"obchod"}},{"type":"Feature","geometry":{"type":"Point","coordinates":[17.15268,48.14972]},"properties":{"cat":"obchod"}},{"type":"Feature","geometry":{"type":"Point","coordinates":[17.173,48.15268]},"properties":{"cat":"skolka"}},{"type":"Feature","geometry":{"type":"Point","coordinates":[17.16069,48.16491]},"properties":{"cat":"zastavka"}},{"type":"Feature","geometry":{"type":"Point","coordinates":[17.17101,48.16434]},"properties":{"cat":"zastavka"}},{"type":"Feature","geometry":{"type":"Point","coordinates":[17.162,48.16022]},"properties":{"cat":"zastavka"}},{"type":"Feature","geometry":{"type":"Point","coordinates":[17.16091,48.15855]},"properties":{"cat":"obchod"}},{"type":"Feature","geometry":{"type":"Point","coordinates":[17.13459,48.14949]},"properties":{"cat":"zastavka"}},{"type":"Feature","geometry":{"type":"Point","coordinates":[17.13421,48.14947]},"properties":{"cat":"zastavka"}},{"type":"Feature","geometry":{"type":"Point","coordinates":[17.14025,48.15623]},"properties":{"cat":"obchod"}},{"type":"Feature","geometry":{"type":"Point","coordinates":[17.13789,48.15954]},"properties":{"cat":"lekaren"}},{"type":"Feature","geometry":{"type":"Point","coordinates":[17.13806,48.15978]},"properties":{"cat":"lekar"}},{"type":"Feature","geometry":{"type":"Point","coordinates":[17.17719,48.15857]},"properties":{"cat":"zastavka"}},{"type":"Feature","geometry":{"type":"Point","coordinates":[17.14272,48.14734]},"properties":{"cat":"lekaren"}},{"type":"Feature","geometry":{"type":"Point","coordinates":[17.16291,48.15613]},"properties":{"cat":"lekaren"}},{"type":"Feature","geometry":{"type":"Point","coordinates":[17.15357,48.15015]},"properties":{"cat":"lekar"}},{"type":"Feature","geometry":{"type":"Point","coordinates":[17.16089,48.14876]},"properties":{"cat":"obchod"}},{"type":"Feature","geometry":{"type":"Point","coordinates":[17.14283,48.15286]},"properties":{"cat":"lekaren"}},{"type":"Feature","geometry":{"type":"Point","coordinates":[17.1349,48.15948]},"properties":{"cat":"lekaren"}},{"type":"Feature","geometry":{"type":"Point","coordinates":[17.15636,48.15702]},"properties":{"cat":"zastavka"}},{"type":"Feature","geometry":{"type":"Point","coordinates":[17.14415,48.15]},"properties":{"cat":"skola"}},{"type":"Feature","geometry":{"type":"Point","coordinates":[17.15632,48.15355]},"properties":{"cat":"lekaren"}},{"type":"Feature","geometry":{"type":"Point","coordinates":[17.16226,48.15235]},"properties":{"cat":"skolka"}},{"type":"Feature","geometry":{"type":"Point","coordinates":[17.17096,48.15354]},"properties":{"cat":"obchod"}},{"type":"Feature","geometry":{"type":"Point","coordinates":[17.16511,48.16102]},"properties":{"cat":"lekaren"}},{"type":"Feature","geometry":{"type":"Point","coordinates":[17.13862,48.16979]},"properties":{"cat":"zastavka"}},{"type":"Feature","geometry":{"type":"Point","coordinates":[17.13659,48.16541]},"properties":{"cat":"zastavka"}},{"type":"Feature","geometry":{"type":"Point","coordinates":[17.13994,48.16193]},"properties":{"cat":"zastavka"}},{"type":"Feature","geometry":{"type":"Point","coordinates":[17.14048,48.16203]},"properties":{"cat":"zastavka"}},{"type":"Feature","geometry":{"type":"Point","coordinates":[17.14091,48.16088]},"properties":{"cat":"zastavka"}},{"type":"Feature","geometry":{"type":"Point","coordinates":[17.14169,48.16158]},"properties":{"cat":"zastavka"}},{"type":"Feature","geometry":{"type":"Point","coordinates":[17.13654,48.15947]},"properties":{"cat":"zastavka"}},{"type":"Feature","geometry":{"type":"Point","coordinates":[17.15562,48.15525]},"properties":{"cat":"lekaren"}},{"type":"Feature","geometry":{"type":"Point","coordinates":[17.14499,48.14854]},"properties":{"cat":"obchod"}},{"type":"Feature","geometry":{"type":"Point","coordinates":[17.14939,48.16509]},"properties":{"cat":"zastavka"}},{"type":"Feature","geometry":{"type":"Point","coordinates":[17.1512,48.16442]},"properties":{"cat":"zastavka"}},{"type":"Feature","geometry":{"type":"Point","coordinates":[17.15146,48.14511]},"properties":{"cat":"zastavka"}},{"type":"Feature","geometry":{"type":"Point","coordinates":[17.14198,48.14175]},"properties":{"cat":"zastavka"}},{"type":"Feature","geometry":{"type":"Point","coordinates":[17.14408,48.14152]},"properties":{"cat":"zastavka"}},{"type":"Feature","geometry":{"type":"Point","coordinates":[17.17442,48.14976]},"properties":{"cat":"skola"}},{"type":"Feature","geometry":{"type":"Point","coordinates":[17.14365,48.14956]},"properties":{"cat":"skola"}},{"type":"Feature","geometry":{"type":"Point","coordinates":[17.13582,48.15632]},"properties":{"cat":"obchod"}},{"type":"Feature","geometry":{"type":"Point","coordinates":[17.14156,48.14779]},"properties":{"cat":"obchod"}},{"type":"Feature","geometry":{"type":"Point","coordinates":[17.13508,48.16442]},"properties":{"cat":"park"}},{"type":"Feature","geometry":{"type":"Point","coordinates":[17.1394,48.16347]},"properties":{"cat":"lekaren"}},{"type":"Feature","geometry":{"type":"Point","coordinates":[17.13989,48.1629]},"properties":{"cat":"obchod"}},{"type":"Feature","geometry":{"type":"Point","coordinates":[17.1692,48.17106]},"properties":{"cat":"skola"}},{"type":"Feature","geometry":{"type":"Point","coordinates":[17.1653,48.16921]},"properties":{"cat":"obchod"}},{"type":"Feature","geometry":{"type":"Point","coordinates":[17.17481,48.15084]},"properties":{"cat":"zastavka"}},{"type":"Feature","geometry":{"type":"Point","coordinates":[17.15393,48.16058]},"properties":{"cat":"zastavka"}},{"type":"Feature","geometry":{"type":"Point","coordinates":[17.15504,48.16083]},"properties":{"cat":"zastavka"}},{"type":"Feature","geometry":{"type":"Point","coordinates":[17.16601,48.14927]},"properties":{"cat":"zastavka"}},{"type":"Feature","geometry":{"type":"Point","coordinates":[17.16888,48.15781]},"properties":{"cat":"zastavka"}},{"type":"Feature","geometry":{"type":"Point","coordinates":[17.16795,48.15806]},"properties":{"cat":"zastavka"}},{"type":"Feature","geometry":{"type":"Point","coordinates":[17.13626,48.16513]},"properties":{"cat":"zastavka"}},{"type":"Feature","geometry":{"type":"Point","coordinates":[17.14663,48.15429]},"properties":{"cat":"zastavka"}},{"type":"Feature","geometry":{"type":"Point","coordinates":[17.18191,48.16954]},"properties":{"cat":"zastavka"}},{"type":"Feature","geometry":{"type":"Point","coordinates":[17.17663,48.16862]},"properties":{"cat":"zastavka"}},{"type":"Feature","geometry":{"type":"Point","coordinates":[17.17494,48.17026]},"properties":{"cat":"zastavka"}},{"type":"Feature","geometry":{"type":"Point","coordinates":[17.17463,48.17116]},"properties":{"cat":"zastavka"}},{"type":"Feature","geometry":{"type":"Point","coordinates":[17.17888,48.16643]},"properties":{"cat":"zastavka"}},{"type":"Feature","geometry":{"type":"Point","coordinates":[17.17815,48.16768]},"properties":{"cat":"zastavka"}},{"type":"Feature","geometry":{"type":"Point","coordinates":[17.16571,48.17041]},"properties":{"cat":"zastavka"}},{"type":"Feature","geometry":{"type":"Point","coordinates":[17.16533,48.17012]},"properties":{"cat":"zastavka"}},{"type":"Feature","geometry":{"type":"Point","coordinates":[17.16159,48.16863]},"properties":{"cat":"zastavka"}},{"type":"Feature","geometry":{"type":"Point","coordinates":[17.15782,48.16951]},"properties":{"cat":"zastavka"}},{"type":"Feature","geometry":{"type":"Point","coordinates":[17.14504,48.16328]},"properties":{"cat":"zastavka"}},{"type":"Feature","geometry":{"type":"Point","coordinates":[17.16409,48.15233]},"properties":{"cat":"zastavka"}},{"type":"Feature","geometry":{"type":"Point","coordinates":[17.16526,48.15026]},"properties":{"cat":"zastavka"}},{"type":"Feature","geometry":{"type":"Point","coordinates":[17.15537,48.15713]},"properties":{"cat":"zastavka"}},{"type":"Feature","geometry":{"type":"Point","coordinates":[17.14091,48.15591]},"properties":{"cat":"zastavka"}},{"type":"Feature","geometry":{"type":"Point","coordinates":[17.17725,48.15917]},"properties":{"cat":"zastavka"}},{"type":"Feature","geometry":{"type":"Point","coordinates":[17.17164,48.15062]},"properties":{"cat":"zastavka"}},{"type":"Feature","geometry":{"type":"Point","coordinates":[17.16337,48.14928]},"properties":{"cat":"zastavka"}},{"type":"Feature","geometry":{"type":"Point","coordinates":[17.16488,48.1648]},"properties":{"cat":"zastavka"}},{"type":"Feature","geometry":{"type":"Point","coordinates":[17.17006,48.16527]},"properties":{"cat":"zastavka"}},{"type":"Feature","geometry":{"type":"Point","coordinates":[17.16818,48.17162]},"properties":{"cat":"zastavka"}},{"type":"Feature","geometry":{"type":"Point","coordinates":[17.15894,48.17004]},"properties":{"cat":"zastavka"}},{"type":"Feature","geometry":{"type":"Point","coordinates":[17.19926,48.17008]},"properties":{"cat":"zastavka"}},{"type":"Feature","geometry":{"type":"Point","coordinates":[17.18089,48.14305]},"properties":{"cat":"zastavka"}},{"type":"Feature","geometry":{"type":"Point","coordinates":[17.17243,48.14219]},"properties":{"cat":"zastavka"}},{"type":"Feature","geometry":{"type":"Point","coordinates":[17.17113,48.13305]},"properties":{"cat":"zastavka"}},{"type":"Feature","geometry":{"type":"Point","coordinates":[17.16645,48.12885]},"properties":{"cat":"zastavka"}},{"type":"Feature","geometry":{"type":"Point","coordinates":[17.15891,48.12859]},"properties":{"cat":"zastavka"}},{"type":"Feature","geometry":{"type":"Point","coordinates":[17.15325,48.14951]},"properties":{"cat":"zastavka"}},{"type":"Feature","geometry":{"type":"Point","coordinates":[17.19687,48.13689]},"properties":{"cat":"zastavka"}},{"type":"Feature","geometry":{"type":"Point","coordinates":[17.17713,48.14858]},"properties":{"cat":"zastavka"}},{"type":"Feature","geometry":{"type":"Point","coordinates":[17.13918,48.15097]},"properties":{"cat":"zastavka"}},{"type":"Feature","geometry":{"type":"Point","coordinates":[17.13739,48.14611]},"properties":{"cat":"zastavka"}},{"type":"Feature","geometry":{"type":"Point","coordinates":[17.13727,48.14632]},"properties":{"cat":"zastavka"}},{"type":"Feature","geometry":{"type":"Point","coordinates":[17.18569,48.14623]},"properties":{"cat":"zastavka"}},{"type":"Feature","geometry":{"type":"Point","coordinates":[17.15769,48.15143]},"properties":{"cat":"obchod"}},{"type":"Feature","geometry":{"type":"Point","coordinates":[17.19063,48.14302]},"properties":{"cat":"zastavka"}},{"type":"Feature","geometry":{"type":"Point","coordinates":[17.19558,48.13711]},"properties":{"cat":"zastavka"}},{"type":"Feature","geometry":{"type":"Point","coordinates":[17.19066,48.14245]},"properties":{"cat":"zastavka"}},{"type":"Feature","geometry":{"type":"Point","coordinates":[17.16436,48.14907]},"properties":{"cat":"zastavka"}},{"type":"Feature","geometry":{"type":"Point","coordinates":[17.15752,48.15206]},"properties":{"cat":"lekaren"}},{"type":"Feature","geometry":{"type":"Point","coordinates":[17.16471,48.16096]},"properties":{"cat":"obchod"}},{"type":"Feature","geometry":{"type":"Point","coordinates":[17.15019,48.16639]},"properties":{"cat":"zastavka"}},{"type":"Feature","geometry":{"type":"Point","coordinates":[17.13604,48.15349]},"properties":{"cat":"zastavka"}},{"type":"Feature","geometry":{"type":"Point","coordinates":[17.15837,48.14906]},"properties":{"cat":"zastavka"}},{"type":"Feature","geometry":{"type":"Point","coordinates":[17.14745,48.14868]},"properties":{"cat":"zastavka"}},{"type":"Feature","geometry":{"type":"Point","coordinates":[17.15083,48.14888]},"properties":{"cat":"zastavka"}},{"type":"Feature","geometry":{"type":"Point","coordinates":[17.1726,48.14975]},"properties":{"cat":"zastavka"}},{"type":"Feature","geometry":{"type":"Point","coordinates":[17.13379,48.15502]},"properties":{"cat":"zastavka"}},{"type":"Feature","geometry":{"type":"Point","coordinates":[17.13367,48.15533]},"properties":{"cat":"zastavka"}},{"type":"Feature","geometry":{"type":"Point","coordinates":[17.13541,48.15859]},"properties":{"cat":"zastavka"}},{"type":"Feature","geometry":{"type":"Point","coordinates":[17.1358,48.15879]},"properties":{"cat":"zastavka"}},{"type":"Feature","geometry":{"type":"Point","coordinates":[17.13445,48.15899]},"properties":{"cat":"zastavka"}},{"type":"Feature","geometry":{"type":"Point","coordinates":[17.14,48.15182]},"properties":{"cat":"zastavka"}},{"type":"Feature","geometry":{"type":"Point","coordinates":[17.13918,48.15166]},"properties":{"cat":"zastavka"}},{"type":"Feature","geometry":{"type":"Point","coordinates":[17.13722,48.15225]},"properties":{"cat":"zastavka"}},{"type":"Feature","geometry":{"type":"Point","coordinates":[17.13606,48.15267]},"properties":{"cat":"zastavka"}},{"type":"Feature","geometry":{"type":"Point","coordinates":[17.15607,48.15684]},"properties":{"cat":"zastavka"}},{"type":"Feature","geometry":{"type":"Point","coordinates":[17.1556,48.16303]},"properties":{"cat":"zastavka"}},{"type":"Feature","geometry":{"type":"Point","coordinates":[17.16234,48.15928]},"properties":{"cat":"zastavka"}},{"type":"Feature","geometry":{"type":"Point","coordinates":[17.15937,48.14973]},"properties":{"cat":"zastavka"}},{"type":"Feature","geometry":{"type":"Point","coordinates":[17.13471,48.16501]},"properties":{"cat":"zastavka"}},{"type":"Feature","geometry":{"type":"Point","coordinates":[17.13806,48.16851]},"properties":{"cat":"zastavka"}},{"type":"Feature","geometry":{"type":"Point","coordinates":[17.1455,48.17152]},"properties":{"cat":"zastavka"}},{"type":"Feature","geometry":{"type":"Point","coordinates":[17.15601,48.15828]},"properties":{"cat":"lekaren"}},{"type":"Feature","geometry":{"type":"Point","coordinates":[17.15209,48.1567]},"properties":{"cat":"zastavka"}},{"type":"Feature","geometry":{"type":"Point","coordinates":[17.1336,48.15555]},"properties":{"cat":"zastavka"}},{"type":"Feature","geometry":{"type":"Point","coordinates":[17.15438,48.15812]},"properties":{"cat":"lekaren"}},{"type":"Feature","geometry":{"type":"Point","coordinates":[17.15192,48.15654]},"properties":{"cat":"zastavka"}},{"type":"Feature","geometry":{"type":"Point","coordinates":[17.1424,48.15582]},"properties":{"cat":"zastavka"}},{"type":"Feature","geometry":{"type":"Point","coordinates":[17.16146,48.15233]},"properties":{"cat":"lekaren"}},{"type":"Feature","geometry":{"type":"Point","coordinates":[17.15556,48.15889]},"properties":{"cat":"obchod"}},{"type":"Feature","geometry":{"type":"Point","coordinates":[17.15597,48.15864]},"properties":{"cat":"obchod"}},{"type":"Feature","geometry":{"type":"Point","coordinates":[17.16015,48.14525]},"properties":{"cat":"obchod"}},{"type":"Feature","geometry":{"type":"Point","coordinates":[17.15867,48.15538]},"properties":{"cat":"park"}},{"type":"Feature","geometry":{"type":"Point","coordinates":[17.15329,48.15861]},"properties":{"cat":"park"}},{"type":"Feature","geometry":{"type":"Point","coordinates":[17.13387,48.15263]},"properties":{"cat":"lekaren"}},{"type":"Feature","geometry":{"type":"Point","coordinates":[17.14135,48.1479]},"properties":{"cat":"zastavka"}},{"type":"Feature","geometry":{"type":"Point","coordinates":[17.14212,48.1557]},"properties":{"cat":"obchod"}},{"type":"Feature","geometry":{"type":"Point","coordinates":[17.15777,48.15546]},"properties":{"cat":"park"}},{"type":"Feature","geometry":{"type":"Point","coordinates":[17.15966,48.153]},"properties":{"cat":"park"}},{"type":"Feature","geometry":{"type":"Point","coordinates":[17.16126,48.15722]},"properties":{"cat":"zastavka"}},{"type":"Feature","geometry":{"type":"Point","coordinates":[17.16184,48.15743]},"properties":{"cat":"zastavka"}},{"type":"Feature","geometry":{"type":"Point","coordinates":[17.16057,48.15751]},"properties":{"cat":"zastavka"}},{"type":"Feature","geometry":{"type":"Point","coordinates":[17.16229,48.15305]},"properties":{"cat":"zastavka"}},{"type":"Feature","geometry":{"type":"Point","coordinates":[17.16781,48.14941]},"properties":{"cat":"zastavka"}},{"type":"Feature","geometry":{"type":"Point","coordinates":[17.16693,48.14878]},"properties":{"cat":"zastavka"}},{"type":"Feature","geometry":{"type":"Point","coordinates":[17.16731,48.14912]},"properties":{"cat":"lekaren"}},{"type":"Feature","geometry":{"type":"Point","coordinates":[17.17102,48.15003]},"properties":{"cat":"obchod"}},{"type":"Feature","geometry":{"type":"Point","coordinates":[17.17053,48.14992]},"properties":{"cat":"zastavka"}},{"type":"Feature","geometry":{"type":"Point","coordinates":[17.16673,48.14958]},"properties":{"cat":"obchod"}},{"type":"Feature","geometry":{"type":"Point","coordinates":[17.16201,48.14775]},"properties":{"cat":"lekaren"}},{"type":"Feature","geometry":{"type":"Point","coordinates":[17.16341,48.14769]},"properties":{"cat":"park"}},{"type":"Feature","geometry":{"type":"Point","coordinates":[17.15886,48.14773]},"properties":{"cat":"park"}},{"type":"Feature","geometry":{"type":"Point","coordinates":[17.16659,48.14965]},"properties":{"cat":"zastavka"}},{"type":"Feature","geometry":{"type":"Point","coordinates":[17.13535,48.15189]},"properties":{"cat":"obchod"}},{"type":"Feature","geometry":{"type":"Point","coordinates":[17.14228,48.14726]},"properties":{"cat":"zastavka"}},{"type":"Feature","geometry":{"type":"Point","coordinates":[17.17286,48.15051]},"properties":{"cat":"zastavka"}},{"type":"Feature","geometry":{"type":"Point","coordinates":[17.16781,48.15017]},"properties":{"cat":"zastavka"}},{"type":"Feature","geometry":{"type":"Point","coordinates":[17.17613,48.15069]},"properties":{"cat":"zastavka"}},{"type":"Feature","geometry":{"type":"Point","coordinates":[17.17564,48.12838]},"properties":{"cat":"obchod"}},{"type":"Feature","geometry":{"type":"Point","coordinates":[17.19583,48.13099]},"properties":{"cat":"zastavka"}},{"type":"Feature","geometry":{"type":"Point","coordinates":[17.16098,48.13544]},"properties":{"cat":"zastavka"}},{"type":"Feature","geometry":{"type":"Point","coordinates":[17.17918,48.12947]},"properties":{"cat":"zastavka"}},{"type":"Feature","geometry":{"type":"Point","coordinates":[17.17509,48.12854]},"properties":{"cat":"zastavka"}},{"type":"Feature","geometry":{"type":"Point","coordinates":[17.18729,48.13033]},"properties":{"cat":"zastavka"}},{"type":"Feature","geometry":{"type":"Point","coordinates":[17.1813,48.16905]},"properties":{"cat":"zastavka"}},{"type":"Feature","geometry":{"type":"Point","coordinates":[17.16453,48.16495]},"properties":{"cat":"zastavka"}},{"type":"Feature","geometry":{"type":"Point","coordinates":[17.14539,48.16306]},"properties":{"cat":"zastavka"}},{"type":"Feature","geometry":{"type":"Point","coordinates":[17.17089,48.16539]},"properties":{"cat":"zastavka"}},{"type":"Feature","geometry":{"type":"Point","coordinates":[17.14899,48.16452]},"properties":{"cat":"zastavka"}},{"type":"Feature","geometry":{"type":"Point","coordinates":[17.15589,48.16504]},"properties":{"cat":"zastavka"}},{"type":"Feature","geometry":{"type":"Point","coordinates":[17.15981,48.1558]},"properties":{"cat":"obchod"}},{"type":"Feature","geometry":{"type":"Point","coordinates":[17.14671,48.15324]},"properties":{"cat":"zastavka"}},{"type":"Feature","geometry":{"type":"Point","coordinates":[17.14509,48.15358]},"properties":{"cat":"zastavka"}},{"type":"Feature","geometry":{"type":"Point","coordinates":[17.144,48.15354]},"properties":{"cat":"zastavka"}},{"type":"Feature","geometry":{"type":"Point","coordinates":[17.19716,48.13082]},"properties":{"cat":"zastavka"}},{"type":"Feature","geometry":{"type":"Point","coordinates":[17.16225,48.13491]},"properties":{"cat":"zastavka"}},{"type":"Feature","geometry":{"type":"Point","coordinates":[17.14377,48.1508]},"properties":{"cat":"skola"}},{"type":"Feature","geometry":{"type":"Point","coordinates":[17.18628,48.12989]},"properties":{"cat":"zastavka"}},{"type":"Feature","geometry":{"type":"Point","coordinates":[17.13954,48.16939]},"properties":{"cat":"lekaren"}},{"type":"Feature","geometry":{"type":"Point","coordinates":[17.15083,48.15681]},"properties":{"cat":"zastavka"}},{"type":"Feature","geometry":{"type":"Point","coordinates":[17.19703,48.13688]},"properties":{"cat":"zastavka"}},{"type":"Feature","geometry":{"type":"Point","coordinates":[17.14458,48.14864]},"properties":{"cat":"obchod"}},{"type":"Feature","geometry":{"type":"Point","coordinates":[17.15848,48.15323]},"properties":{"cat":"park"}},{"type":"Feature","geometry":{"type":"Point","coordinates":[17.1395,48.14634]},"properties":{"cat":"lekaren"}},{"type":"Feature","geometry":{"type":"Point","coordinates":[17.15129,48.16223]},"properties":{"cat":"skolka"}},{"type":"Feature","geometry":{"type":"Point","coordinates":[17.14955,48.14964]},"properties":{"cat":"zastavka"}},{"type":"Feature","geometry":{"type":"Point","coordinates":[17.16134,48.16904]},"properties":{"cat":"zastavka"}},{"type":"Feature","geometry":{"type":"Point","coordinates":[17.15414,48.15527]},"properties":{"cat":"lekaren"}},{"type":"Feature","geometry":{"type":"Point","coordinates":[17.15204,48.15529]},"properties":{"cat":"lekaren"}},{"type":"Feature","geometry":{"type":"Point","coordinates":[17.153,48.15571]},"properties":{"cat":"lekaren"}},{"type":"Feature","geometry":{"type":"Point","coordinates":[17.13598,48.13006]},"properties":{"cat":"park"}},{"type":"Feature","geometry":{"type":"Point","coordinates":[17.16789,48.15086]},"properties":{"cat":"skolka"}},{"type":"Feature","geometry":{"type":"Point","coordinates":[17.16447,48.15222]},"properties":{"cat":"zastavka"}},{"type":"Feature","geometry":{"type":"Point","coordinates":[17.17964,48.12926]},"properties":{"cat":"zastavka"}},{"type":"Feature","geometry":{"type":"Point","coordinates":[17.18991,48.13043]},"properties":{"cat":"zastavka"}},{"type":"Feature","geometry":{"type":"Point","coordinates":[17.17592,48.16705]},"properties":{"cat":"zastavka"}},{"type":"Feature","geometry":{"type":"Point","coordinates":[17.14763,48.16762]},"properties":{"cat":"park"}},{"type":"Feature","geometry":{"type":"Point","coordinates":[17.16836,48.14563]},"properties":{"cat":"zastavka"}},{"type":"Feature","geometry":{"type":"Point","coordinates":[17.16837,48.1462]},"properties":{"cat":"park"}},{"type":"Feature","geometry":{"type":"Point","coordinates":[17.16871,48.14574]},"properties":{"cat":"zastavka"}},{"type":"Feature","geometry":{"type":"Point","coordinates":[17.16525,48.15439]},"properties":{"cat":"lekaren"}},{"type":"Feature","geometry":{"type":"Point","coordinates":[17.16562,48.15202]},"properties":{"cat":"park"}},{"type":"Feature","geometry":{"type":"Point","coordinates":[17.16464,48.15422]},"properties":{"cat":"park"}},{"type":"Feature","geometry":{"type":"Point","coordinates":[17.14639,48.17104]},"properties":{"cat":"zastavka"}},{"type":"Feature","geometry":{"type":"Point","coordinates":[17.14666,48.17115]},"properties":{"cat":"zastavka"}},{"type":"Feature","geometry":{"type":"Point","coordinates":[17.15297,48.15991]},"properties":{"cat":"park"}},{"type":"Feature","geometry":{"type":"Point","coordinates":[17.13418,48.14286]},"properties":{"cat":"park"}},{"type":"Feature","geometry":{"type":"Point","coordinates":[17.15022,48.16041]},"properties":{"cat":"zastavka"}},{"type":"Feature","geometry":{"type":"Point","coordinates":[17.14949,48.16281]},"properties":{"cat":"park"}},{"type":"Feature","geometry":{"type":"Point","coordinates":[17.16863,48.14274]},"properties":{"cat":"zastavka"}},{"type":"Feature","geometry":{"type":"Point","coordinates":[17.16896,48.14284]},"properties":{"cat":"zastavka"}},{"type":"Feature","geometry":{"type":"Point","coordinates":[17.1337,48.15036]},"properties":{"cat":"lekaren"}},{"type":"Feature","geometry":{"type":"Point","coordinates":[17.15588,48.15738]},"properties":{"cat":"lekaren"}},{"type":"Feature","geometry":{"type":"Point","coordinates":[17.16138,48.15236]},"properties":{"cat":"skola"}},{"type":"Feature","geometry":{"type":"Point","coordinates":[17.18983,48.17139]},"properties":{"cat":"zastavka"}},{"type":"Feature","geometry":{"type":"Point","coordinates":[17.16653,48.15907]},"properties":{"cat":"park"}},{"type":"Feature","geometry":{"type":"Point","coordinates":[17.17779,48.16289]},"properties":{"cat":"lekaren"}},{"type":"Feature","geometry":{"type":"Point","coordinates":[17.17361,48.12896]},"properties":{"cat":"obchod"}},{"type":"Feature","geometry":{"type":"Point","coordinates":[17.17341,48.12881]},"properties":{"cat":"obchod"}},{"type":"Feature","geometry":{"type":"Point","coordinates":[17.14932,48.1683]},"properties":{"cat":"obchod"}},{"type":"Feature","geometry":{"type":"Point","coordinates":[17.13801,48.16508]},"properties":{"cat":"obchod"}},{"type":"Feature","geometry":{"type":"Point","coordinates":[17.13452,48.17125]},"properties":{"cat":"lekaren"}},{"type":"Feature","geometry":{"type":"Point","coordinates":[17.13607,48.15418]},"properties":{"cat":"obchod"}},{"type":"Feature","geometry":{"type":"Point","coordinates":[17.1751,48.15842]},"properties":{"cat":"zastavka"}},{"type":"Feature","geometry":{"type":"Point","coordinates":[17.16919,48.15797]},"properties":{"cat":"zastavka"}},{"type":"Feature","geometry":{"type":"Point","coordinates":[17.14072,48.14716]},"properties":{"cat":"zastavka"}},{"type":"Feature","geometry":{"type":"Point","coordinates":[17.13967,48.16108]},"properties":{"cat":"zastavka"}},{"type":"Feature","geometry":{"type":"Point","coordinates":[17.19042,48.14346]},"properties":{"cat":"zastavka"}},{"type":"Feature","geometry":{"type":"Point","coordinates":[17.19072,48.14372]},"properties":{"cat":"zastavka"}},{"type":"Feature","geometry":{"type":"Point","coordinates":[17.18607,48.14559]},"properties":{"cat":"zastavka"}},{"type":"Feature","geometry":{"type":"Point","coordinates":[17.18503,48.14589]},"properties":{"cat":"zastavka"}},{"type":"Feature","geometry":{"type":"Point","coordinates":[17.17758,48.14853]},"properties":{"cat":"zastavka"}},{"type":"Feature","geometry":{"type":"Point","coordinates":[17.17911,48.16742]},"properties":{"cat":"zastavka"}},{"type":"Feature","geometry":{"type":"Point","coordinates":[17.16554,48.14771]},"properties":{"cat":"park"}},{"type":"Feature","geometry":{"type":"Point","coordinates":[17.13668,48.16758]},"properties":{"cat":"skolka"}},{"type":"Feature","geometry":{"type":"Point","coordinates":[17.17587,48.12856]},"properties":{"cat":"zastavka"}},{"type":"Feature","geometry":{"type":"Point","coordinates":[17.16579,48.12882]},"properties":{"cat":"zastavka"}},{"type":"Feature","geometry":{"type":"Point","coordinates":[17.14503,48.17128]},"properties":{"cat":"zastavka"}},{"type":"Feature","geometry":{"type":"Point","coordinates":[17.17525,48.12864]},"properties":{"cat":"zastavka"}},{"type":"Feature","geometry":{"type":"Point","coordinates":[17.15324,48.14924]},"properties":{"cat":"zastavka"}},{"type":"Feature","geometry":{"type":"Point","coordinates":[17.14349,48.15871]},"properties":{"cat":"zastavka"}},{"type":"Feature","geometry":{"type":"Point","coordinates":[17.17068,48.13315]},"properties":{"cat":"zastavka"}},{"type":"Feature","geometry":{"type":"Point","coordinates":[17.13501,48.1496]},"properties":{"cat":"obchod"}},{"type":"Feature","geometry":{"type":"Point","coordinates":[17.18011,48.13075]},"properties":{"cat":"obchod"}},{"type":"Feature","geometry":{"type":"Point","coordinates":[17.17408,48.15773]},"properties":{"cat":"obchod"}},{"type":"Feature","geometry":{"type":"Point","coordinates":[17.15116,48.14454]},"properties":{"cat":"zastavka"}},{"type":"Feature","geometry":{"type":"Point","coordinates":[17.16324,48.15658]},"properties":{"cat":"zastavka"}},{"type":"Feature","geometry":{"type":"Point","coordinates":[17.15749,48.15146]},"properties":{"cat":"obchod"}},{"type":"Feature","geometry":{"type":"Point","coordinates":[17.19732,48.1416]},"properties":{"cat":"zastavka"}},{"type":"Feature","geometry":{"type":"Point","coordinates":[17.19787,48.14185]},"properties":{"cat":"zastavka"}},{"type":"Feature","geometry":{"type":"Point","coordinates":[17.17358,48.15349]},"properties":{"cat":"skola"}},{"type":"Feature","geometry":{"type":"Point","coordinates":[17.17586,48.1566]},"properties":{"cat":"park"}},{"type":"Feature","geometry":{"type":"Point","coordinates":[17.17433,48.14574]},"properties":{"cat":"park"}},{"type":"Feature","geometry":{"type":"Point","coordinates":[17.15421,48.16361]},"properties":{"cat":"zastavka"}},{"type":"Feature","geometry":{"type":"Point","coordinates":[17.14493,48.16207]},"properties":{"cat":"lekar"}},{"type":"Feature","geometry":{"type":"Point","coordinates":[17.1742,48.14604]},"properties":{"cat":"skolka"}},{"type":"Feature","geometry":{"type":"Point","coordinates":[17.17685,48.15873]},"properties":{"cat":"zastavka"}},{"type":"Feature","geometry":{"type":"Point","coordinates":[17.17583,48.16172]},"properties":{"cat":"zastavka"}},{"type":"Feature","geometry":{"type":"Point","coordinates":[17.17711,48.16108]},"properties":{"cat":"zastavka"}},{"type":"Feature","geometry":{"type":"Point","coordinates":[17.16319,48.15528]},"properties":{"cat":"zastavka"}},{"type":"Feature","geometry":{"type":"Point","coordinates":[17.14359,48.15794]},"properties":{"cat":"zastavka"}},{"type":"Feature","geometry":{"type":"Point","coordinates":[17.16366,48.16212]},"properties":{"cat":"park"}},{"type":"Feature","geometry":{"type":"Point","coordinates":[17.17197,48.1638]},"properties":{"cat":"zastavka"}},{"type":"Feature","geometry":{"type":"Point","coordinates":[17.17681,48.1612]},"properties":{"cat":"zastavka"}},{"type":"Feature","geometry":{"type":"Point","coordinates":[17.14044,48.14211]},"properties":{"cat":"zastavka"}},{"type":"Feature","geometry":{"type":"Point","coordinates":[17.14439,48.15773]},"properties":{"cat":"zastavka"}},{"type":"Feature","geometry":{"type":"Point","coordinates":[17.16428,48.16283]},"properties":{"cat":"skolka"}},{"type":"Feature","geometry":{"type":"Point","coordinates":[17.15542,48.16515]},"properties":{"cat":"zastavka"}},{"type":"Feature","geometry":{"type":"Point","coordinates":[17.19048,48.17048]},"properties":{"cat":"skolka"}},{"type":"Feature","geometry":{"type":"Point","coordinates":[17.13945,48.16316]},"properties":{"cat":"zastavka"}},{"type":"Feature","geometry":{"type":"Point","coordinates":[17.14663,48.1644]},"properties":{"cat":"lekaren"}},{"type":"Feature","geometry":{"type":"Point","coordinates":[17.15949,48.16506]},"properties":{"cat":"zastavka"}},{"type":"Feature","geometry":{"type":"Point","coordinates":[17.15473,48.16192]},"properties":{"cat":"obchod"}},{"type":"Feature","geometry":{"type":"Point","coordinates":[17.14549,48.14075]},"properties":{"cat":"zastavka"}},{"type":"Feature","geometry":{"type":"Point","coordinates":[17.13404,48.14688]},"properties":{"cat":"skolka"}},{"type":"Feature","geometry":{"type":"Point","coordinates":[17.13852,48.16903]},"properties":{"cat":"zastavka"}},{"type":"Feature","geometry":{"type":"Point","coordinates":[17.14825,48.16007]},"properties":{"cat":"zastavka"}},{"type":"Feature","geometry":{"type":"Point","coordinates":[17.1413,48.14401]},"properties":{"cat":"obchod"}},{"type":"Feature","geometry":{"type":"Point","coordinates":[17.13353,48.15554]},"properties":{"cat":"zastavka"}},{"type":"Feature","geometry":{"type":"Point","coordinates":[17.14071,48.15574]},"properties":{"cat":"zastavka"}},{"type":"Feature","geometry":{"type":"Point","coordinates":[17.13429,48.16464]},"properties":{"cat":"zastavka"}},{"type":"Feature","geometry":{"type":"Point","coordinates":[17.14084,48.17145]},"properties":{"cat":"zastavka"}},{"type":"Feature","geometry":{"type":"Point","coordinates":[17.17635,48.15854]},"properties":{"cat":"zastavka"}},{"type":"Feature","geometry":{"type":"Point","coordinates":[17.17337,48.15832]},"properties":{"cat":"zastavka"}},{"type":"Feature","geometry":{"type":"Point","coordinates":[17.16761,48.15789]},"properties":{"cat":"zastavka"}},{"type":"Feature","geometry":{"type":"Point","coordinates":[17.16008,48.15733]},"properties":{"cat":"zastavka"}},{"type":"Feature","geometry":{"type":"Point","coordinates":[17.15492,48.15694]},"properties":{"cat":"zastavka"}},{"type":"Feature","geometry":{"type":"Point","coordinates":[17.14071,48.1707]},"properties":{"cat":"park"}},{"type":"Feature","geometry":{"type":"Point","coordinates":[17.15886,48.14987]},"properties":{"cat":"zastavka"}},{"type":"Feature","geometry":{"type":"Point","coordinates":[17.13835,48.16975]},"properties":{"cat":"zastavka"}},{"type":"Feature","geometry":{"type":"Point","coordinates":[17.15824,48.16241]},"properties":{"cat":"zastavka"}},{"type":"Feature","geometry":{"type":"Point","coordinates":[17.1514,48.15668]},"properties":{"cat":"zastavka"}},{"type":"Feature","geometry":{"type":"Point","coordinates":[17.13482,48.15944]},"properties":{"cat":"lekar"}},{"type":"Feature","geometry":{"type":"Point","coordinates":[17.14134,48.16181]},"properties":{"cat":"zastavka"}},{"type":"Feature","geometry":{"type":"Point","coordinates":[17.14965,48.14816]},"properties":{"cat":"zastavka"}},{"type":"Feature","geometry":{"type":"Point","coordinates":[17.17818,48.15847]},"properties":{"cat":"zastavka"}},{"type":"Feature","geometry":{"type":"Point","coordinates":[17.1922,48.13077]},"properties":{"cat":"zastavka"}},{"type":"Feature","geometry":{"type":"Point","coordinates":[17.17593,48.12866]},"properties":{"cat":"zastavka"}},{"type":"Feature","geometry":{"type":"Point","coordinates":[17.19662,48.1535]},"properties":{"cat":"zastavka"}},{"type":"Feature","geometry":{"type":"Point","coordinates":[17.19447,48.15478]},"properties":{"cat":"zastavka"}},{"type":"Feature","geometry":{"type":"Point","coordinates":[17.18985,48.15752]},"properties":{"cat":"zastavka"}},{"type":"Feature","geometry":{"type":"Point","coordinates":[17.18902,48.15823]},"properties":{"cat":"zastavka"}},{"type":"Feature","geometry":{"type":"Point","coordinates":[17.17443,48.15799]},"properties":{"cat":"lekaren"}},{"type":"Feature","geometry":{"type":"Point","coordinates":[17.15879,48.12837]},"properties":{"cat":"zastavka"}},{"type":"Feature","geometry":{"type":"Point","coordinates":[17.17328,48.16976]},"properties":{"cat":"lekaren"}},{"type":"Feature","geometry":{"type":"Point","coordinates":[17.18057,48.14302]},"properties":{"cat":"zastavka"}},{"type":"Feature","geometry":{"type":"Point","coordinates":[17.17285,48.14197]},"properties":{"cat":"zastavka"}},{"type":"Feature","geometry":{"type":"Point","coordinates":[17.13978,48.1628]},"properties":{"cat":"zastavka"}},{"type":"Feature","geometry":{"type":"Point","coordinates":[17.13962,48.16298]},"properties":{"cat":"zastavka"}},{"type":"Feature","geometry":{"type":"Point","coordinates":[17.13922,48.16341]},"properties":{"cat":"zastavka"}},{"type":"Feature","geometry":{"type":"Point","coordinates":[17.13905,48.16359]},"properties":{"cat":"zastavka"}},{"type":"Feature","geometry":{"type":"Point","coordinates":[17.13889,48.16377]},"properties":{"cat":"zastavka"}},{"type":"Feature","geometry":{"type":"Point","coordinates":[17.13873,48.16395]},"properties":{"cat":"zastavka"}},{"type":"Feature","geometry":{"type":"Point","coordinates":[17.16683,48.1538]},"properties":{"cat":"obchod"}},{"type":"Feature","geometry":{"type":"Point","coordinates":[17.13471,48.16484]},"properties":{"cat":"zastavka"}},{"type":"Feature","geometry":{"type":"Point","coordinates":[17.13443,48.165]},"properties":{"cat":"zastavka"}},{"type":"Feature","geometry":{"type":"Point","coordinates":[17.13814,48.16836]},"properties":{"cat":"zastavka"}},{"type":"Feature","geometry":{"type":"Point","coordinates":[17.13799,48.16868]},"properties":{"cat":"zastavka"}},{"type":"Feature","geometry":{"type":"Point","coordinates":[17.18214,48.14315]},"properties":{"cat":"park"}},{"type":"Feature","geometry":{"type":"Point","coordinates":[17.1806,48.14734]},"properties":{"cat":"zastavka"}},{"type":"Feature","geometry":{"type":"Point","coordinates":[17.17457,48.16937]},"properties":{"cat":"skola"}},{"type":"Feature","geometry":{"type":"Point","coordinates":[17.171,48.16607]},"properties":{"cat":"skolka"}},{"type":"Feature","geometry":{"type":"Point","coordinates":[17.16837,48.16631]},"properties":{"cat":"skolka"}},{"type":"Feature","geometry":{"type":"Point","coordinates":[17.13427,48.16023]},"properties":{"cat":"lekar"}},{"type":"Feature","geometry":{"type":"Point","coordinates":[17.1599,48.16697]},"properties":{"cat":"skolka"}},{"type":"Feature","geometry":{"type":"Point","coordinates":[17.16691,48.16815]},"properties":{"cat":"lekaren"}},{"type":"Feature","geometry":{"type":"Point","coordinates":[17.14658,48.15083]},"properties":{"cat":"skola"}},{"type":"Feature","geometry":{"type":"Point","coordinates":[17.17668,48.14894]},"properties":{"cat":"skolka"}},{"type":"Feature","geometry":{"type":"Point","coordinates":[17.17664,48.14846]},"properties":{"cat":"obchod"}},{"type":"Feature","geometry":{"type":"Point","coordinates":[17.13565,48.15691]},"properties":{"cat":"obchod"}},{"type":"Feature","geometry":{"type":"Point","coordinates":[17.19496,48.13947]},"properties":{"cat":"park"}},{"type":"Feature","geometry":{"type":"Point","coordinates":[17.15811,48.15163]},"properties":{"cat":"obchod"}},{"type":"Feature","geometry":{"type":"Point","coordinates":[17.13626,48.15208]},"properties":{"cat":"lekaren"}},{"type":"Feature","geometry":{"type":"Point","coordinates":[17.14636,48.17147]},"properties":{"cat":"obchod"}},{"type":"Feature","geometry":{"type":"Point","coordinates":[17.1463,48.1715]},"properties":{"cat":"obchod"}},{"type":"Feature","geometry":{"type":"Point","coordinates":[17.1663,48.15637]},"properties":{"cat":"lekar"}},{"type":"Feature","geometry":{"type":"Point","coordinates":[17.16693,48.1592]},"properties":{"cat":"skolka"}},{"type":"Feature","geometry":{"type":"Point","coordinates":[17.16316,48.15439]},"properties":{"cat":"lekar"}},{"type":"Feature","geometry":{"type":"Point","coordinates":[17.16301,48.1556]},"properties":{"cat":"lekar"}},{"type":"Feature","geometry":{"type":"Point","coordinates":[17.16224,48.15618]},"properties":{"cat":"lekar"}},{"type":"Feature","geometry":{"type":"Point","coordinates":[17.16225,48.15615]},"properties":{"cat":"lekar"}},{"type":"Feature","geometry":{"type":"Point","coordinates":[17.1699,48.15954]},"properties":{"cat":"park"}},{"type":"Feature","geometry":{"type":"Point","coordinates":[17.13643,48.15133]},"properties":{"cat":"lekar"}},{"type":"Feature","geometry":{"type":"Point","coordinates":[17.13928,48.15379]},"properties":{"cat":"lekaren"}},{"type":"Feature","geometry":{"type":"Point","coordinates":[17.16284,48.15622]},"properties":{"cat":"lekar"}},{"type":"Feature","geometry":{"type":"Point","coordinates":[17.16291,48.15621]},"properties":{"cat":"lekar"}},{"type":"Feature","geometry":{"type":"Point","coordinates":[17.18873,48.16244]},"properties":{"cat":"zastavka"}},{"type":"Feature","geometry":{"type":"Point","coordinates":[17.14328,48.15792]},"properties":{"cat":"lekaren"}},{"type":"Feature","geometry":{"type":"Point","coordinates":[17.14487,48.16204]},"properties":{"cat":"lekaren"}},{"type":"Feature","geometry":{"type":"Point","coordinates":[17.16415,48.16238]},"properties":{"cat":"park"}},{"type":"Feature","geometry":{"type":"Point","coordinates":[17.14983,48.1505]},"properties":{"cat":"skolka"}},{"type":"Feature","geometry":{"type":"Point","coordinates":[17.18503,48.1473]},"properties":{"cat":"zastavka"}},{"type":"Feature","geometry":{"type":"Point","coordinates":[17.15215,48.15063]},"properties":{"cat":"obchod"}},{"type":"Feature","geometry":{"type":"Point","coordinates":[17.16497,48.15239]},"properties":{"cat":"skolka"}},{"type":"Feature","geometry":{"type":"Point","coordinates":[17.19247,48.17145]},"properties":{"cat":"zastavka"}},{"type":"Feature","geometry":{"type":"Point","coordinates":[17.14612,48.16305]},"properties":{"cat":"obchod"}},{"type":"Feature","geometry":{"type":"Point","coordinates":[17.17841,48.15249]},"properties":{"cat":"skolka"}},{"type":"Feature","geometry":{"type":"Point","coordinates":[17.1768,48.16421]},"properties":{"cat":"obchod"}},{"type":"Feature","geometry":{"type":"Point","coordinates":[17.17308,48.16951]},"properties":{"cat":"park"}},{"type":"Feature","geometry":{"type":"Point","coordinates":[17.15335,48.1673]},"properties":{"cat":"obchod"}},{"type":"Feature","geometry":{"type":"Point","coordinates":[17.15352,48.16754]},"properties":{"cat":"obchod"}},{"type":"Feature","geometry":{"type":"Point","coordinates":[17.17573,48.16821]},"properties":{"cat":"lekar"}},{"type":"Feature","geometry":{"type":"Point","coordinates":[17.17,48.16969]},"properties":{"cat":"skolka"}},{"type":"Feature","geometry":{"type":"Point","coordinates":[17.1507,48.16015]},"properties":{"cat":"park"}},{"type":"Feature","geometry":{"type":"Point","coordinates":[17.1931,48.13766]},"properties":{"cat":"skolka"}},{"type":"Feature","geometry":{"type":"Point","coordinates":[17.18143,48.16718]},"properties":{"cat":"park"}},{"type":"Feature","geometry":{"type":"Point","coordinates":[17.17265,48.16574]},"properties":{"cat":"lekaren"}},{"type":"Feature","geometry":{"type":"Point","coordinates":[17.1647,48.16747]},"properties":{"cat":"skolka"}},{"type":"Feature","geometry":{"type":"Point","coordinates":[17.13516,48.16509]},"properties":{"cat":"obchod"}},{"type":"Feature","geometry":{"type":"Point","coordinates":[17.18,48.16729]},"properties":{"cat":"park"}},{"type":"Feature","geometry":{"type":"Point","coordinates":[17.17281,48.15813]},"properties":{"cat":"zastavka"}},{"type":"Feature","geometry":{"type":"Point","coordinates":[17.1622,48.14884]},"properties":{"cat":"lekaren"}},{"type":"Feature","geometry":{"type":"Point","coordinates":[17.16209,48.15514]},"properties":{"cat":"lekar"}},{"type":"Feature","geometry":{"type":"Point","coordinates":[17.16619,48.16573]},"properties":{"cat":"skolka"}},{"type":"Feature","geometry":{"type":"Point","coordinates":[17.16376,48.16544]},"properties":{"cat":"skolka"}},{"type":"Feature","geometry":{"type":"Point","coordinates":[17.18119,48.16471]},"properties":{"cat":"obchod"}},{"type":"Feature","geometry":{"type":"Point","coordinates":[17.17262,48.16645]},"properties":{"cat":"obchod"}},{"type":"Feature","geometry":{"type":"Point","coordinates":[17.16404,48.1612]},"properties":{"cat":"lekar"}},{"type":"Feature","geometry":{"type":"Point","coordinates":[17.1641,48.1612]},"properties":{"cat":"lekar"}},{"type":"Feature","geometry":{"type":"Point","coordinates":[17.14028,48.14891]},"properties":{"cat":"lekar"}},{"type":"Feature","geometry":{"type":"Point","coordinates":[17.15566,48.15528]},"properties":{"cat":"lekar"}},{"type":"Feature","geometry":{"type":"Point","coordinates":[17.17378,48.15798]},"properties":{"cat":"lekar"}},{"type":"Feature","geometry":{"type":"Point","coordinates":[17.15427,48.15519]},"properties":{"cat":"lekar"}},{"type":"Feature","geometry":{"type":"Point","coordinates":[17.19627,48.14056]},"properties":{"cat":"obchod"}},{"type":"Feature","geometry":{"type":"Point","coordinates":[17.14997,48.15432]},"properties":{"cat":"lekar"}},{"type":"Feature","geometry":{"type":"Point","coordinates":[17.14995,48.15439]},"properties":{"cat":"lekar"}},{"type":"Feature","geometry":{"type":"Point","coordinates":[17.14993,48.15447]},"properties":{"cat":"lekar"}},{"type":"Feature","geometry":{"type":"Point","coordinates":[17.14991,48.15455]},"properties":{"cat":"lekar"}},{"type":"Feature","geometry":{"type":"Point","coordinates":[17.14988,48.1547]},"properties":{"cat":"lekar"}},{"type":"Feature","geometry":{"type":"Point","coordinates":[17.1392,48.1522]},"properties":{"cat":"obchod"}},{"type":"Feature","geometry":{"type":"Point","coordinates":[17.14401,48.1526]},"properties":{"cat":"obchod"}},{"type":"Feature","geometry":{"type":"Point","coordinates":[17.1735,48.16987]},"properties":{"cat":"lekar"}},{"type":"Feature","geometry":{"type":"Point","coordinates":[17.14024,48.16799]},"properties":{"cat":"obchod"}},{"type":"Feature","geometry":{"type":"Point","coordinates":[17.19995,48.16966]},"properties":{"cat":"lekaren"}},{"type":"Feature","geometry":{"type":"Point","coordinates":[17.15577,48.13859]},"properties":{"cat":"park"}},{"type":"Feature","geometry":{"type":"Point","coordinates":[17.13543,48.15759]},"properties":{"cat":"obchod"}},{"type":"Feature","geometry":{"type":"Point","coordinates":[17.1536,48.16769]},"properties":{"cat":"obchod"}},{"type":"Feature","geometry":{"type":"Point","coordinates":[17.15375,48.16771]},"properties":{"cat":"obchod"}},{"type":"Feature","geometry":{"type":"Point","coordinates":[17.15404,48.16759]},"properties":{"cat":"obchod"}},{"type":"Feature","geometry":{"type":"Point","coordinates":[17.15319,48.16743]},"properties":{"cat":"obchod"}},{"type":"Feature","geometry":{"type":"Point","coordinates":[17.15361,48.16762]},"properties":{"cat":"obchod"}},{"type":"Feature","geometry":{"type":"Point","coordinates":[17.15367,48.16767]},"properties":{"cat":"obchod"}},{"type":"Feature","geometry":{"type":"Point","coordinates":[17.1535,48.16739]},"properties":{"cat":"obchod"}},{"type":"Feature","geometry":{"type":"Point","coordinates":[17.1619,48.16879]},"properties":{"cat":"lekar"}},{"type":"Feature","geometry":{"type":"Point","coordinates":[17.14498,48.1621]},"properties":{"cat":"lekar"}},{"type":"Feature","geometry":{"type":"Point","coordinates":[17.16628,48.16565]},"properties":{"cat":"lekaren"}},{"type":"Feature","geometry":{"type":"Point","coordinates":[17.16627,48.16568]},"properties":{"cat":"lekar"}},{"type":"Feature","geometry":{"type":"Point","coordinates":[17.16983,48.1604]},"properties":{"cat":"skola"}},{"type":"Feature","geometry":{"type":"Point","coordinates":[17.15743,48.14918]},"properties":{"cat":"zastavka"}},{"type":"Feature","geometry":{"type":"Point","coordinates":[17.16157,48.1521]},"properties":{"cat":"obchod"}},{"type":"Feature","geometry":{"type":"Point","coordinates":[17.16596,48.14622]},"properties":{"cat":"skolka"}},{"type":"Feature","geometry":{"type":"Point","coordinates":[17.19737,48.13139]},"properties":{"cat":"park"}},{"type":"Feature","geometry":{"type":"Point","coordinates":[17.19707,48.13121]},"properties":{"cat":"lekar"}},{"type":"Feature","geometry":{"type":"Point","coordinates":[17.19236,48.13137]},"properties":{"cat":"lekaren"}},{"type":"Feature","geometry":{"type":"Point","coordinates":[17.17381,48.17073]},"properties":{"cat":"park"}},{"type":"Feature","geometry":{"type":"Point","coordinates":[17.18298,48.15643]},"properties":{"cat":"park"}},{"type":"Feature","geometry":{"type":"Point","coordinates":[17.15676,48.14943]},"properties":{"cat":"obchod"}},{"type":"Feature","geometry":{"type":"Point","coordinates":[17.18024,48.14758]},"properties":{"cat":"zastavka"}},{"type":"Feature","geometry":{"type":"Point","coordinates":[17.1396,48.16892]},"properties":{"cat":"lekaren"}},{"type":"Feature","geometry":{"type":"Point","coordinates":[17.13354,48.15049]},"properties":{"cat":"lekar"}},{"type":"Feature","geometry":{"type":"Point","coordinates":[17.13357,48.15047]},"properties":{"cat":"lekar"}},{"type":"Feature","geometry":{"type":"Point","coordinates":[17.13361,48.15044]},"properties":{"cat":"lekar"}},{"type":"Feature","geometry":{"type":"Point","coordinates":[17.1338,48.15029]},"properties":{"cat":"lekar"}},{"type":"Feature","geometry":{"type":"Point","coordinates":[17.13337,48.15024]},"properties":{"cat":"lekar"}},{"type":"Feature","geometry":{"type":"Point","coordinates":[17.1334,48.15022]},"properties":{"cat":"lekar"}},{"type":"Feature","geometry":{"type":"Point","coordinates":[17.13343,48.1502]},"properties":{"cat":"lekar"}},{"type":"Feature","geometry":{"type":"Point","coordinates":[17.14266,48.14653]},"properties":{"cat":"obchod"}},{"type":"Feature","geometry":{"type":"Point","coordinates":[17.14242,48.14564]},"properties":{"cat":"obchod"}},{"type":"Feature","geometry":{"type":"Point","coordinates":[17.14381,48.14896]},"properties":{"cat":"park"}},{"type":"Feature","geometry":{"type":"Point","coordinates":[17.14124,48.14693]},"properties":{"cat":"lekar"}},{"type":"Feature","geometry":{"type":"Point","coordinates":[17.14319,48.15689]},"properties":{"cat":"skola"}},{"type":"Feature","geometry":{"type":"Point","coordinates":[17.14239,48.15322]},"properties":{"cat":"lekar"}},{"type":"Feature","geometry":{"type":"Point","coordinates":[17.15281,48.16469]},"properties":{"cat":"park"}},{"type":"Feature","geometry":{"type":"Point","coordinates":[17.18106,48.16512]},"properties":{"cat":"lekaren"}},{"type":"Feature","geometry":{"type":"Point","coordinates":[17.1675,48.14971]},"properties":{"cat":"lekar"}},{"type":"Feature","geometry":{"type":"Point","coordinates":[17.16759,48.14957]},"properties":{"cat":"lekaren"}},{"type":"Feature","geometry":{"type":"Point","coordinates":[17.16668,48.14964]},"properties":{"cat":"lekar"}},{"type":"Feature","geometry":{"type":"Point","coordinates":[17.1669,48.16984]},"properties":{"cat":"park"}},{"type":"Feature","geometry":{"type":"Point","coordinates":[17.15371,48.16093]},"properties":{"cat":"park"}},{"type":"Feature","geometry":{"type":"Point","coordinates":[17.14143,48.15248]},"properties":{"cat":"obchod"}},{"type":"Feature","geometry":{"type":"Point","coordinates":[17.13338,48.14915]},"properties":{"cat":"obchod"}},{"type":"Feature","geometry":{"type":"Point","coordinates":[17.17592,48.16797]},"properties":{"cat":"skola"}},{"type":"Feature","geometry":{"type":"Point","coordinates":[17.14388,48.14995]},"properties":{"cat":"skola"}},{"type":"Feature","geometry":{"type":"Point","coordinates":[17.17697,48.16393]},"properties":{"cat":"zastavka"}},{"type":"Feature","geometry":{"type":"Point","coordinates":[17.17885,48.16243]},"properties":{"cat":"zastavka"}},{"type":"Feature","geometry":{"type":"Point","coordinates":[17.1899,48.16891]},"properties":{"cat":"zastavka"}},{"type":"Feature","geometry":{"type":"Point","coordinates":[17.18837,48.16488]},"properties":{"cat":"zastavka"}},{"type":"Feature","geometry":{"type":"Point","coordinates":[17.1739,48.16703]},"properties":{"cat":"park"}},{"type":"Feature","geometry":{"type":"Point","coordinates":[17.1413,48.1503]},"properties":{"cat":"park"}},{"type":"Feature","geometry":{"type":"Point","coordinates":[17.14109,48.15065]},"properties":{"cat":"park"}},{"type":"Feature","geometry":{"type":"Point","coordinates":[17.13725,48.15322]},"properties":{"cat":"obchod"}},{"type":"Feature","geometry":{"type":"Point","coordinates":[17.14924,48.16844]},"properties":{"cat":"park"}},{"type":"Feature","geometry":{"type":"Point","coordinates":[17.16925,48.15269]},"properties":{"cat":"lekaren"}},{"type":"Feature","geometry":{"type":"Point","coordinates":[17.16145,48.15231]},"properties":{"cat":"lekaren"}},{"type":"Feature","geometry":{"type":"Point","coordinates":[17.15365,48.16227]},"properties":{"cat":"park"}},{"type":"Feature","geometry":{"type":"Point","coordinates":[17.15269,48.16216]},"properties":{"cat":"park"}},{"type":"Feature","geometry":{"type":"Point","coordinates":[17.14733,48.1616]},"properties":{"cat":"obchod"}},{"type":"Feature","geometry":{"type":"Point","coordinates":[17.15548,48.13879]},"properties":{"cat":"park"}},{"type":"Feature","geometry":{"type":"Point","coordinates":[17.16872,48.16157]},"properties":{"cat":"park"}},{"type":"Feature","geometry":{"type":"Point","coordinates":[17.14608,48.17121]},"properties":{"cat":"zastavka"}},{"type":"Feature","geometry":{"type":"Point","coordinates":[17.13387,48.15518]},"properties":{"cat":"zastavka"}},{"type":"Feature","geometry":{"type":"Point","coordinates":[17.14561,48.17069]},"properties":{"cat":"zastavka"}},{"type":"Feature","geometry":{"type":"Point","coordinates":[17.14573,48.17035]},"properties":{"cat":"zastavka"}},{"type":"Feature","geometry":{"type":"Point","coordinates":[17.17593,48.12872]},"properties":{"cat":"zastavka"}},{"type":"Feature","geometry":{"type":"Point","coordinates":[17.19578,48.14834]},"properties":{"cat":"skolka"}},{"type":"Feature","geometry":{"type":"Point","coordinates":[17.15816,48.14796]},"properties":{"cat":"zastavka"}},{"type":"Feature","geometry":{"type":"Point","coordinates":[17.15976,48.14602]},"properties":{"cat":"zastavka"}},{"type":"Feature","geometry":{"type":"Point","coordinates":[17.16001,48.14563]},"properties":{"cat":"zastavka"}},{"type":"Feature","geometry":{"type":"Point","coordinates":[17.15836,48.14476]},"properties":{"cat":"zastavka"}},{"type":"Feature","geometry":{"type":"Point","coordinates":[17.15886,48.14469]},"properties":{"cat":"zastavka"}},{"type":"Feature","geometry":{"type":"Point","coordinates":[17.14344,48.15948]},"properties":{"cat":"lekaren"}},{"type":"Feature","geometry":{"type":"Point","coordinates":[17.13379,48.14498]},"properties":{"cat":"skolka"}},{"type":"Feature","geometry":{"type":"Point","coordinates":[17.14428,48.15816]},"properties":{"cat":"park"}},{"type":"Feature","geometry":{"type":"Point","coordinates":[17.14218,48.15825]},"properties":{"cat":"lekar"}},{"type":"Feature","geometry":{"type":"Point","coordinates":[17.14921,48.16921]},"properties":{"cat":"lekaren"}},{"type":"Feature","geometry":{"type":"Point","coordinates":[17.15629,48.136]},"properties":{"cat":"zastavka"}},{"type":"Feature","geometry":{"type":"Point","coordinates":[17.15202,48.13835]},"properties":{"cat":"zastavka"}},{"type":"Feature","geometry":{"type":"Point","coordinates":[17.15682,48.13586]},"properties":{"cat":"zastavka"}},{"type":"Feature","geometry":{"type":"Point","coordinates":[17.13893,48.1461]},"properties":{"cat":"lekar"}},{"type":"Feature","geometry":{"type":"Point","coordinates":[17.17066,48.16708]},"properties":{"cat":"obchod"}},{"type":"Feature","geometry":{"type":"Point","coordinates":[17.16717,48.15889]},"properties":{"cat":"park"}},{"type":"Feature","geometry":{"type":"Point","coordinates":[17.14942,48.16455]},"properties":{"cat":"obchod"}},{"type":"Feature","geometry":{"type":"Point","coordinates":[17.1363,48.15056]},"properties":{"cat":"skolka"}},{"type":"Feature","geometry":{"type":"Point","coordinates":[17.13723,48.16703]},"properties":{"cat":"skola"}},{"type":"Feature","geometry":{"type":"Point","coordinates":[17.13834,48.15879]},"properties":{"cat":"park"}},{"type":"Feature","geometry":{"type":"Point","coordinates":[17.16001,48.14357]},"properties":{"cat":"obchod"}},{"type":"Feature","geometry":{"type":"Point","coordinates":[17.16335,48.16365]},"properties":{"cat":"skola"}},{"type":"Feature","geometry":{"type":"Point","coordinates":[17.14454,48.16355]},"properties":{"cat":"skola"}},{"type":"Feature","geometry":{"type":"Point","coordinates":[17.15254,48.13713]},"properties":{"cat":"zastavka"}},{"type":"Feature","geometry":{"type":"Point","coordinates":[17.16196,48.16873]},"properties":{"cat":"lekar"}},{"type":"Feature","geometry":{"type":"Point","coordinates":[17.17356,48.16989]},"properties":{"cat":"lekar"}},{"type":"Feature","geometry":{"type":"Point","coordinates":[17.17077,48.1522]},"properties":{"cat":"park"}},{"type":"Feature","geometry":{"type":"Point","coordinates":[17.14985,48.16281]},"properties":{"cat":"park"}},{"type":"Feature","geometry":{"type":"Point","coordinates":[17.16733,48.15661]},"properties":{"cat":"skola"}},{"type":"Feature","geometry":{"type":"Point","coordinates":[17.1589,48.15455]},"properties":{"cat":"park"}},{"type":"Feature","geometry":{"type":"Point","coordinates":[17.14183,48.15189]},"properties":{"cat":"obchod"}},{"type":"Feature","geometry":{"type":"Point","coordinates":[17.15113,48.16406]},"properties":{"cat":"skolka"}},{"type":"Feature","geometry":{"type":"Point","coordinates":[17.17565,48.15771]},"properties":{"cat":"park"}},{"type":"Feature","geometry":{"type":"Point","coordinates":[17.19024,48.16189]},"properties":{"cat":"park"}},{"type":"Feature","geometry":{"type":"Point","coordinates":[17.16918,48.15284]},"properties":{"cat":"lekar"}},{"type":"Feature","geometry":{"type":"Point","coordinates":[17.15578,48.16826]},"properties":{"cat":"obchod"}},{"type":"Feature","geometry":{"type":"Point","coordinates":[17.14668,48.16974]},"properties":{"cat":"park"}},{"type":"Feature","geometry":{"type":"Point","coordinates":[17.17354,48.15797]},"properties":{"cat":"lekar"}},{"type":"Feature","geometry":{"type":"Point","coordinates":[17.13659,48.14393]},"properties":{"cat":"park"}},{"type":"Feature","geometry":{"type":"Point","coordinates":[17.13858,48.14618]},"properties":{"cat":"lekar"}},{"type":"Feature","geometry":{"type":"Point","coordinates":[17.13883,48.1553]},"properties":{"cat":"obchod"}},{"type":"Feature","geometry":{"type":"Point","coordinates":[17.16589,48.17024]},"properties":{"cat":"park"}},{"type":"Feature","geometry":{"type":"Point","coordinates":[17.14205,48.16169]},"properties":{"cat":"zastavka"}},{"type":"Feature","geometry":{"type":"Point","coordinates":[17.19965,48.17034]},"properties":{"cat":"zastavka"}},{"type":"Feature","geometry":{"type":"Point","coordinates":[17.14261,48.14625]},"properties":{"cat":"obchod"}},{"type":"Feature","geometry":{"type":"Point","coordinates":[17.14117,48.14691]},"properties":{"cat":"lekar"}},{"type":"Feature","geometry":{"type":"Point","coordinates":[17.14925,48.16918]},"properties":{"cat":"lekar"}},{"type":"Feature","geometry":{"type":"Point","coordinates":[17.15726,48.14902]},"properties":{"cat":"lekar"}},{"type":"Feature","geometry":{"type":"Point","coordinates":[17.13766,48.14577]},"properties":{"cat":"obchod"}},{"type":"Feature","geometry":{"type":"Point","coordinates":[17.169,48.1528]},"properties":{"cat":"lekar"}},{"type":"Feature","geometry":{"type":"Point","coordinates":[17.13663,48.16442]},"properties":{"cat":"obchod"}},{"type":"Feature","geometry":{"type":"Point","coordinates":[17.18114,48.16518]},"properties":{"cat":"obchod"}},{"type":"Feature","geometry":{"type":"Point","coordinates":[17.13887,48.14623]},"properties":{"cat":"lekar"}},{"type":"Feature","geometry":{"type":"Point","coordinates":[17.14004,48.14511]},"properties":{"cat":"obchod"}},{"type":"Feature","geometry":{"type":"Point","coordinates":[17.17941,48.16399]},"properties":{"cat":"lekar"}},{"type":"Feature","geometry":{"type":"Point","coordinates":[17.13697,48.16457]},"properties":{"cat":"lekaren"}},{"type":"Feature","geometry":{"type":"Point","coordinates":[17.14352,48.15059]},"properties":{"cat":"park"}},{"type":"Feature","geometry":{"type":"Point","coordinates":[17.17098,48.16075]},"properties":{"cat":"skola"}},{"type":"Feature","geometry":{"type":"Point","coordinates":[17.15499,48.16242]},"properties":{"cat":"park"}},{"type":"Feature","geometry":{"type":"Point","coordinates":[17.1563,48.16349]},"properties":{"cat":"lekaren"}},{"type":"Feature","geometry":{"type":"Point","coordinates":[17.15837,48.12946]},"properties":{"cat":"park"}},{"type":"Feature","geometry":{"type":"Point","coordinates":[17.19083,48.13709]},"properties":{"cat":"skolka"}},{"type":"Feature","geometry":{"type":"Point","coordinates":[17.13813,48.168]},"properties":{"cat":"park"}},{"type":"Feature","geometry":{"type":"Point","coordinates":[17.15546,48.13704]},"properties":{"cat":"zastavka"}},{"type":"Feature","geometry":{"type":"Point","coordinates":[17.13334,48.1488]},"properties":{"cat":"park"}},{"type":"Feature","geometry":{"type":"Point","coordinates":[17.13966,48.1588]},"properties":{"cat":"obchod"}},{"type":"Feature","geometry":{"type":"Point","coordinates":[17.13345,48.14837]},"properties":{"cat":"obchod"}},{"type":"Feature","geometry":{"type":"Point","coordinates":[17.13769,48.14593]},"properties":{"cat":"lekaren"}},{"type":"Feature","geometry":{"type":"Point","coordinates":[17.15581,48.13812]},"properties":{"cat":"obchod"}},{"type":"Feature","geometry":{"type":"Point","coordinates":[17.16284,48.1462]},"properties":{"cat":"lekar"}},{"type":"Feature","geometry":{"type":"Point","coordinates":[17.18064,48.16638]},"properties":{"cat":"lekaren"}},{"type":"Feature","geometry":{"type":"Point","coordinates":[17.13988,48.168]},"properties":{"cat":"lekaren"}},{"type":"Feature","geometry":{"type":"Point","coordinates":[17.16202,48.16876]},"properties":{"cat":"lekar"}},{"type":"Feature","geometry":{"type":"Point","coordinates":[17.16219,48.16874]},"properties":{"cat":"lekar"}},{"type":"Feature","geometry":{"type":"Point","coordinates":[17.16207,48.16866]},"properties":{"cat":"lekaren"}},{"type":"Feature","geometry":{"type":"Point","coordinates":[17.13977,48.16836]},"properties":{"cat":"lekaren"}},{"type":"Feature","geometry":{"type":"Point","coordinates":[17.15524,48.15517]},"properties":{"cat":"lekar"}},{"type":"Feature","geometry":{"type":"Point","coordinates":[17.1553,48.15517]},"properties":{"cat":"lekar"}},{"type":"Feature","geometry":{"type":"Point","coordinates":[17.1433,48.15787]},"properties":{"cat":"lekar"}},{"type":"Feature","geometry":{"type":"Point","coordinates":[17.1776,48.16448]},"properties":{"cat":"lekar"}},{"type":"Feature","geometry":{"type":"Point","coordinates":[17.14356,48.15742]},"properties":{"cat":"skola"}},{"type":"Feature","geometry":{"type":"Point","coordinates":[17.1739,48.1585]},"properties":{"cat":"zastavka"}},{"type":"Feature","geometry":{"type":"Point","coordinates":[17.17198,48.17161]},"properties":{"cat":"park"}},{"type":"Feature","geometry":{"type":"Point","coordinates":[17.16034,48.14379]},"properties":{"cat":"skolka"}},{"type":"Feature","geometry":{"type":"Point","coordinates":[17.16654,48.14881]},"properties":{"cat":"skolka"}},{"type":"Feature","geometry":{"type":"Point","coordinates":[17.17118,48.16587]},"properties":{"cat":"park"}},{"type":"Feature","geometry":{"type":"Point","coordinates":[17.17173,48.15467]},"properties":{"cat":"park"}},{"type":"Feature","geometry":{"type":"Point","coordinates":[17.14782,48.16156]},"properties":{"cat":"park"}},{"type":"Feature","geometry":{"type":"Point","coordinates":[17.14101,48.15526]},"properties":{"cat":"park"}},{"type":"Feature","geometry":{"type":"Point","coordinates":[17.16695,48.16299]},"properties":{"cat":"park"}},{"type":"Feature","geometry":{"type":"Point","coordinates":[17.16466,48.17012]},"properties":{"cat":"lekar"}},{"type":"Feature","geometry":{"type":"Point","coordinates":[17.16178,48.16805]},"properties":{"cat":"park"}},{"type":"Feature","geometry":{"type":"Point","coordinates":[17.15498,48.15506]},"properties":{"cat":"lekar"}},{"type":"Feature","geometry":{"type":"Point","coordinates":[17.14392,48.15947]},"properties":{"cat":"obchod"}},{"type":"Feature","geometry":{"type":"Point","coordinates":[17.16854,48.1616]},"properties":{"cat":"park"}},{"type":"Feature","geometry":{"type":"Point","coordinates":[17.16445,48.15869]},"properties":{"cat":"park"}},{"type":"Feature","geometry":{"type":"Point","coordinates":[17.16093,48.16153]},"properties":{"cat":"park"}},{"type":"Feature","geometry":{"type":"Point","coordinates":[17.13453,48.16967]},"properties":{"cat":"park"}},{"type":"Feature","geometry":{"type":"Point","coordinates":[17.15897,48.15678]},"properties":{"cat":"park"}},{"type":"Feature","geometry":{"type":"Point","coordinates":[17.20069,48.14275]},"properties":{"cat":"park"}},{"type":"Feature","geometry":{"type":"Point","coordinates":[17.19921,48.1403]},"properties":{"cat":"park"}},{"type":"Feature","geometry":{"type":"Point","coordinates":[17.15772,48.15331]},"properties":{"cat":"skola"}},{"type":"Feature","geometry":{"type":"Point","coordinates":[17.16874,48.17157]},"properties":{"cat":"park"}},{"type":"Feature","geometry":{"type":"Point","coordinates":[17.15175,48.15899]},"properties":{"cat":"skola"}},{"type":"Feature","geometry":{"type":"Point","coordinates":[17.15427,48.15803]},"properties":{"cat":"obchod"}},{"type":"Feature","geometry":{"type":"Point","coordinates":[17.17203,48.15085]},"properties":{"cat":"obchod"}},{"type":"Feature","geometry":{"type":"Point","coordinates":[17.14414,48.15419]},"properties":{"cat":"obchod"}},{"type":"Feature","geometry":{"type":"Point","coordinates":[17.13763,48.15612]},"properties":{"cat":"park"}},{"type":"Feature","geometry":{"type":"Point","coordinates":[17.13517,48.15462]},"properties":{"cat":"park"}},{"type":"Feature","geometry":{"type":"Point","coordinates":[17.19681,48.14753]},"properties":{"cat":"park"}},{"type":"Feature","geometry":{"type":"Point","coordinates":[17.13512,48.16442]},"properties":{"cat":"park"}},{"type":"Feature","geometry":{"type":"Point","coordinates":[17.13775,48.15488]},"properties":{"cat":"park"}},{"type":"Feature","geometry":{"type":"Point","coordinates":[17.16627,48.15121]},"properties":{"cat":"skola"}},{"type":"Feature","geometry":{"type":"Point","coordinates":[17.16806,48.15642]},"properties":{"cat":"skolka"}},{"type":"Feature","geometry":{"type":"Point","coordinates":[17.13781,48.16485]},"properties":{"cat":"obchod"}},{"type":"Feature","geometry":{"type":"Point","coordinates":[17.15963,48.16151]},"properties":{"cat":"obchod"}},{"type":"Feature","geometry":{"type":"Point","coordinates":[17.15231,48.16461]},"properties":{"cat":"obchod"}},{"type":"Feature","geometry":{"type":"Point","coordinates":[17.14499,48.1621]},"properties":{"cat":"lekar"}},{"type":"Feature","geometry":{"type":"Point","coordinates":[17.15468,48.15183]},"properties":{"cat":"skola"}},{"type":"Feature","geometry":{"type":"Point","coordinates":[17.17209,48.15538]},"properties":{"cat":"skola"}},{"type":"Feature","geometry":{"type":"Point","coordinates":[17.17156,48.14003]},"properties":{"cat":"skolka"}},{"type":"Feature","geometry":{"type":"Point","coordinates":[17.15012,48.16218]},"properties":{"cat":"skolka"}},{"type":"Feature","geometry":{"type":"Point","coordinates":[17.16857,48.1573]},"properties":{"cat":"obchod"}},{"type":"Feature","geometry":{"type":"Point","coordinates":[17.17934,48.15983]},"properties":{"cat":"obchod"}},{"type":"Feature","geometry":{"type":"Point","coordinates":[17.13517,48.1569]},"properties":{"cat":"park"}},{"type":"Feature","geometry":{"type":"Point","coordinates":[17.14651,48.1403]},"properties":{"cat":"obchod"}},{"type":"Feature","geometry":{"type":"Point","coordinates":[17.13953,48.14895]},"properties":{"cat":"lekar"}},{"type":"Feature","geometry":{"type":"Point","coordinates":[17.14323,48.15786]},"properties":{"cat":"lekar"}},{"type":"Feature","geometry":{"type":"Point","coordinates":[17.13557,48.14551]},"properties":{"cat":"obchod"}},{"type":"Feature","geometry":{"type":"Point","coordinates":[17.15594,48.13642]},"properties":{"cat":"obchod"}},{"type":"Feature","geometry":{"type":"Point","coordinates":[17.19509,48.12922]},"properties":{"cat":"obchod"}},{"type":"Feature","geometry":{"type":"Point","coordinates":[17.19436,48.12906]},"properties":{"cat":"obchod"}},{"type":"Feature","geometry":{"type":"Point","coordinates":[17.19414,48.13725]},"properties":{"cat":"obchod"}},{"type":"Feature","geometry":{"type":"Point","coordinates":[17.17517,48.16953]},"properties":{"cat":"obchod"}},{"type":"Feature","geometry":{"type":"Point","coordinates":[17.17008,48.16742]},"properties":{"cat":"skolka"}},{"type":"Feature","geometry":{"type":"Point","coordinates":[17.16462,48.15425]},"properties":{"cat":"park"}},{"type":"Feature","geometry":{"type":"Point","coordinates":[17.1687,48.15544]},"properties":{"cat":"park"}},{"type":"Feature","geometry":{"type":"Point","coordinates":[17.1675,48.15565]},"properties":{"cat":"park"}},{"type":"Feature","geometry":{"type":"Point","coordinates":[17.16958,48.15606]},"properties":{"cat":"park"}},{"type":"Feature","geometry":{"type":"Point","coordinates":[17.16821,48.15542]},"properties":{"cat":"park"}},{"type":"Feature","geometry":{"type":"Point","coordinates":[17.16954,48.1544]},"properties":{"cat":"park"}},{"type":"Feature","geometry":{"type":"Point","coordinates":[17.14257,48.14846]},"properties":{"cat":"park"}},{"type":"Feature","geometry":{"type":"Point","coordinates":[17.13423,48.15297]},"properties":{"cat":"park"}},{"type":"Feature","geometry":{"type":"Point","coordinates":[17.14733,48.15832]},"properties":{"cat":"park"}},{"type":"Feature","geometry":{"type":"Point","coordinates":[17.13435,48.14591]},"properties":{"cat":"skola"}},{"type":"Feature","geometry":{"type":"Point","coordinates":[17.14481,48.15278]},"properties":{"cat":"park"}},{"type":"Feature","geometry":{"type":"Point","coordinates":[17.15606,48.15124]},"properties":{"cat":"park"}},{"type":"Feature","geometry":{"type":"Point","coordinates":[17.14516,48.15764]},"properties":{"cat":"park"}},{"type":"Feature","geometry":{"type":"Point","coordinates":[17.1558,48.15448]},"properties":{"cat":"park"}},{"type":"Feature","geometry":{"type":"Point","coordinates":[17.16132,48.15126]},"properties":{"cat":"park"}},{"type":"Feature","geometry":{"type":"Point","coordinates":[17.1525,48.15727]},"properties":{"cat":"park"}},{"type":"Feature","geometry":{"type":"Point","coordinates":[17.15933,48.15458]},"properties":{"cat":"park"}},{"type":"Feature","geometry":{"type":"Point","coordinates":[17.16051,48.15738]},"properties":{"cat":"zastavka"}},{"type":"Feature","geometry":{"type":"Point","coordinates":[17.1614,48.15737]},"properties":{"cat":"zastavka"}},{"type":"Feature","geometry":{"type":"Point","coordinates":[17.1472,48.14939]},"properties":{"cat":"park"}},{"type":"Feature","geometry":{"type":"Point","coordinates":[17.15374,48.15874]},"properties":{"cat":"park"}},{"type":"Feature","geometry":{"type":"Point","coordinates":[17.15017,48.15008]},"properties":{"cat":"park"}},{"type":"Feature","geometry":{"type":"Point","coordinates":[17.14086,48.1511]},"properties":{"cat":"park"}},{"type":"Feature","geometry":{"type":"Point","coordinates":[17.13968,48.15373]},"properties":{"cat":"lekar"}},{"type":"Feature","geometry":{"type":"Point","coordinates":[17.19998,48.13602]},"properties":{"cat":"park"}},{"type":"Feature","geometry":{"type":"Point","coordinates":[17.14743,48.15384]},"properties":{"cat":"obchod"}},{"type":"Feature","geometry":{"type":"Point","coordinates":[17.13963,48.15654]},"properties":{"cat":"park"}},{"type":"Feature","geometry":{"type":"Point","coordinates":[17.16343,48.15157]},"properties":{"cat":"park"}},{"type":"Feature","geometry":{"type":"Point","coordinates":[17.14942,48.14697]},"properties":{"cat":"park"}},{"type":"Feature","geometry":{"type":"Point","coordinates":[17.15224,48.15799]},"properties":{"cat":"park"}},{"type":"Feature","geometry":{"type":"Point","coordinates":[17.17682,48.15852]},"properties":{"cat":"zastavka"}},{"type":"Feature","geometry":{"type":"Point","coordinates":[17.16793,48.15794]},"properties":{"cat":"zastavka"}},{"type":"Feature","geometry":{"type":"Point","coordinates":[17.1767,48.15859]},"properties":{"cat":"zastavka"}},{"type":"Feature","geometry":{"type":"Point","coordinates":[17.17374,48.15837]},"properties":{"cat":"zastavka"}},{"type":"Feature","geometry":{"type":"Point","coordinates":[17.16887,48.15793]},"properties":{"cat":"zastavka"}},{"type":"Feature","geometry":{"type":"Point","coordinates":[17.17469,48.15836]},"properties":{"cat":"zastavka"}},{"type":"Feature","geometry":{"type":"Point","coordinates":[17.15177,48.15673]},"properties":{"cat":"zastavka"}},{"type":"Feature","geometry":{"type":"Point","coordinates":[17.15178,48.15666]},"properties":{"cat":"zastavka"}},{"type":"Feature","geometry":{"type":"Point","coordinates":[17.15528,48.15699]},"properties":{"cat":"zastavka"}},{"type":"Feature","geometry":{"type":"Point","coordinates":[17.15606,48.15697]},"properties":{"cat":"zastavka"}},{"type":"Feature","geometry":{"type":"Point","coordinates":[17.17488,48.13055]},"properties":{"cat":"park"}},{"type":"Feature","geometry":{"type":"Point","coordinates":[17.17041,48.1578]},"properties":{"cat":"park"}},{"type":"Feature","geometry":{"type":"Point","coordinates":[17.17407,48.15799]},"properties":{"cat":"park"}},{"type":"Feature","geometry":{"type":"Point","coordinates":[17.17238,48.1552]},"properties":{"cat":"park"}},{"type":"Feature","geometry":{"type":"Point","coordinates":[17.17646,48.15962]},"properties":{"cat":"park"}},{"type":"Feature","geometry":{"type":"Point","coordinates":[17.17573,48.1616]},"properties":{"cat":"park"}},{"type":"Feature","geometry":{"type":"Point","coordinates":[17.17577,48.16142]},"properties":{"cat":"park"}},{"type":"Feature","geometry":{"type":"Point","coordinates":[17.13893,48.15734]},"properties":{"cat":"skolka"}},{"type":"Feature","geometry":{"type":"Point","coordinates":[17.16246,48.15528]},"properties":{"cat":"park"}},{"type":"Feature","geometry":{"type":"Point","coordinates":[17.16406,48.16115]},"properties":{"cat":"lekar"}},{"type":"Feature","geometry":{"type":"Point","coordinates":[17.14752,48.17148]},"properties":{"cat":"zastavka"}},{"type":"Feature","geometry":{"type":"Point","coordinates":[17.14682,48.172]},"properties":{"cat":"zastavka"}},{"type":"Feature","geometry":{"type":"Point","coordinates":[17.14654,48.17172]},"properties":{"cat":"zastavka"}},{"type":"Feature","geometry":{"type":"Point","coordinates":[17.1454,48.14075]},"properties":{"cat":"zastavka"}},{"type":"Feature","geometry":{"type":"Point","coordinates":[17.16904,48.12857]},"properties":{"cat":"park"}},{"type":"Feature","geometry":{"type":"Point","coordinates":[17.13865,48.16921]},"properties":{"cat":"zastavka"}},{"type":"Feature","geometry":{"type":"Point","coordinates":[17.15603,48.1514]},"properties":{"cat":"park"}},{"type":"Feature","geometry":{"type":"Point","coordinates":[17.16113,48.15159]},"properties":{"cat":"park"}},{"type":"Feature","geometry":{"type":"Point","coordinates":[17.16096,48.1509]},"properties":{"cat":"park"}},{"type":"Feature","geometry":{"type":"Point","coordinates":[17.16145,48.15062]},"properties":{"cat":"park"}},{"type":"Feature","geometry":{"type":"Point","coordinates":[17.16171,48.15117]},"properties":{"cat":"park"}},{"type":"Feature","geometry":{"type":"Point","coordinates":[17.15273,48.15561]},"properties":{"cat":"lekar"}},{"type":"Feature","geometry":{"type":"Point","coordinates":[17.16702,48.14978]},"properties":{"cat":"park"}},{"type":"Feature","geometry":{"type":"Point","coordinates":[17.13453,48.1648]},"properties":{"cat":"zastavka"}},{"type":"Feature","geometry":{"type":"Point","coordinates":[17.13444,48.16484]},"properties":{"cat":"zastavka"}},{"type":"Feature","geometry":{"type":"Point","coordinates":[17.13801,48.16843]},"properties":{"cat":"zastavka"}},{"type":"Feature","geometry":{"type":"Point","coordinates":[17.17509,48.16853]},"properties":{"cat":"park"}},{"type":"Feature","geometry":{"type":"Point","coordinates":[17.16937,48.16938]},"properties":{"cat":"park"}},{"type":"Feature","geometry":{"type":"Point","coordinates":[17.1688,48.16993]},"properties":{"cat":"park"}},{"type":"Feature","geometry":{"type":"Point","coordinates":[17.13803,48.15879]},"properties":{"cat":"park"}},{"type":"Feature","geometry":{"type":"Point","coordinates":[17.13849,48.15859]},"properties":{"cat":"park"}},{"type":"Feature","geometry":{"type":"Point","coordinates":[17.13467,48.15644]},"properties":{"cat":"park"}},{"type":"Feature","geometry":{"type":"Point","coordinates":[17.16236,48.16569]},"properties":{"cat":"park"}},{"type":"Feature","geometry":{"type":"Point","coordinates":[17.16161,48.16572]},"properties":{"cat":"park"}},{"type":"Feature","geometry":{"type":"Point","coordinates":[17.1463,48.15688]},"properties":{"cat":"park"}},{"type":"Feature","geometry":{"type":"Point","coordinates":[17.16258,48.168]},"properties":{"cat":"park"}},{"type":"Feature","geometry":{"type":"Point","coordinates":[17.14672,48.15155]},"properties":{"cat":"skola"}},{"type":"Feature","geometry":{"type":"Point","coordinates":[17.14583,48.15416]},"properties":{"cat":"obchod"}},{"type":"Feature","geometry":{"type":"Point","coordinates":[17.16024,48.15412]},"properties":{"cat":"park"}},{"type":"Feature","geometry":{"type":"Point","coordinates":[17.16194,48.16044]},"properties":{"cat":"park"}},{"type":"Feature","geometry":{"type":"Point","coordinates":[17.15968,48.15914]},"properties":{"cat":"park"}},{"type":"Feature","geometry":{"type":"Point","coordinates":[17.16524,48.16307]},"properties":{"cat":"park"}},{"type":"Feature","geometry":{"type":"Point","coordinates":[17.15845,48.15062]},"properties":{"cat":"park"}},{"type":"Feature","geometry":{"type":"Point","coordinates":[17.15755,48.15038]},"properties":{"cat":"park"}},{"type":"Feature","geometry":{"type":"Point","coordinates":[17.16528,48.15728]},"properties":{"cat":"park"}},{"type":"Feature","geometry":{"type":"Point","coordinates":[17.16743,48.1543]},"properties":{"cat":"park"}},{"type":"Feature","geometry":{"type":"Point","coordinates":[17.17154,48.15919]},"properties":{"cat":"park"}},{"type":"Feature","geometry":{"type":"Point","coordinates":[17.17185,48.15609]},"properties":{"cat":"park"}},{"type":"Feature","geometry":{"type":"Point","coordinates":[17.16103,48.15518]},"properties":{"cat":"park"}},{"type":"Feature","geometry":{"type":"Point","coordinates":[17.1686,48.15936]},"properties":{"cat":"park"}},{"type":"Feature","geometry":{"type":"Point","coordinates":[17.17476,48.15423]},"properties":{"cat":"park"}},{"type":"Feature","geometry":{"type":"Point","coordinates":[17.17395,48.15924]},"properties":{"cat":"obchod"}},{"type":"Feature","geometry":{"type":"Point","coordinates":[17.16882,48.15323]},"properties":{"cat":"park"}},{"type":"Feature","geometry":{"type":"Point","coordinates":[17.16419,48.15169]},"properties":{"cat":"park"}},{"type":"Feature","geometry":{"type":"Point","coordinates":[17.16235,48.15105]},"properties":{"cat":"park"}},{"type":"Feature","geometry":{"type":"Point","coordinates":[17.14601,48.14909]},"properties":{"cat":"park"}},{"type":"Feature","geometry":{"type":"Point","coordinates":[17.14733,48.14898]},"properties":{"cat":"park"}},{"type":"Feature","geometry":{"type":"Point","coordinates":[17.14487,48.14876]},"properties":{"cat":"park"}},{"type":"Feature","geometry":{"type":"Point","coordinates":[17.13421,48.15688]},"properties":{"cat":"park"}},{"type":"Feature","geometry":{"type":"Point","coordinates":[17.13839,48.16216]},"properties":{"cat":"skola"}},{"type":"Feature","geometry":{"type":"Point","coordinates":[17.16408,48.16659]},"properties":{"cat":"park"}},{"type":"Feature","geometry":{"type":"Point","coordinates":[17.15172,48.15482]},"properties":{"cat":"lekar"}},{"type":"Feature","geometry":{"type":"Point","coordinates":[17.15811,48.15599]},"properties":{"cat":"park"}},{"type":"Feature","geometry":{"type":"Point","coordinates":[17.15597,48.15046]},"properties":{"cat":"park"}},{"type":"Feature","geometry":{"type":"Point","coordinates":[17.152,48.15256]},"properties":{"cat":"skolka"}},{"type":"Feature","geometry":{"type":"Point","coordinates":[17.15295,48.1541]},"properties":{"cat":"park"}},{"type":"Feature","geometry":{"type":"Point","coordinates":[17.16822,48.16044]},"properties":{"cat":"park"}},{"type":"Feature","geometry":{"type":"Point","coordinates":[17.16821,48.15614]},"properties":{"cat":"skola"}},{"type":"Feature","geometry":{"type":"Point","coordinates":[17.17634,48.15904]},"properties":{"cat":"park"}},{"type":"Feature","geometry":{"type":"Point","coordinates":[17.13634,48.16198]},"properties":{"cat":"park"}},{"type":"Feature","geometry":{"type":"Point","coordinates":[17.13613,48.16216]},"properties":{"cat":"park"}},{"type":"Feature","geometry":{"type":"Point","coordinates":[17.15757,48.16212]},"properties":{"cat":"park"}},{"type":"Feature","geometry":{"type":"Point","coordinates":[17.15442,48.16121]},"properties":{"cat":"park"}},{"type":"Feature","geometry":{"type":"Point","coordinates":[17.15345,48.16317]},"properties":{"cat":"park"}},{"type":"Feature","geometry":{"type":"Point","coordinates":[17.15413,48.16217]},"properties":{"cat":"park"}},{"type":"Feature","geometry":{"type":"Point","coordinates":[17.14954,48.1619]},"properties":{"cat":"park"}},{"type":"Feature","geometry":{"type":"Point","coordinates":[17.13582,48.1504]},"properties":{"cat":"park"}},{"type":"Feature","geometry":{"type":"Point","coordinates":[17.14781,48.16404]},"properties":{"cat":"park"}},{"type":"Feature","geometry":{"type":"Point","coordinates":[17.17367,48.15503]},"properties":{"cat":"park"}},{"type":"Feature","geometry":{"type":"Point","coordinates":[17.17547,48.15817]},"properties":{"cat":"park"}},{"type":"Feature","geometry":{"type":"Point","coordinates":[17.17374,48.12945]},"properties":{"cat":"park"}},{"type":"Feature","geometry":{"type":"Point","coordinates":[17.15787,48.1686]},"properties":{"cat":"obchod"}},{"type":"Feature","geometry":{"type":"Point","coordinates":[17.15117,48.16679]},"properties":{"cat":"obchod"}},{"type":"Feature","geometry":{"type":"Point","coordinates":[17.13377,48.16997]},"properties":{"cat":"park"}},{"type":"Feature","geometry":{"type":"Point","coordinates":[17.17594,48.16725]},"properties":{"cat":"park"}},{"type":"Feature","geometry":{"type":"Point","coordinates":[17.14985,48.15006]},"properties":{"cat":"park"}},{"type":"Feature","geometry":{"type":"Point","coordinates":[17.14963,48.14982]},"properties":{"cat":"park"}},{"type":"Feature","geometry":{"type":"Point","coordinates":[17.15039,48.14965]},"properties":{"cat":"park"}},{"type":"Feature","geometry":{"type":"Point","coordinates":[17.15208,48.15072]},"properties":{"cat":"park"}},{"type":"Feature","geometry":{"type":"Point","coordinates":[17.15215,48.15027]},"properties":{"cat":"park"}},{"type":"Feature","geometry":{"type":"Point","coordinates":[17.15235,48.14947]},"properties":{"cat":"park"}},{"type":"Feature","geometry":{"type":"Point","coordinates":[17.15225,48.14983]},"properties":{"cat":"park"}},{"type":"Feature","geometry":{"type":"Point","coordinates":[17.15122,48.1511]},"properties":{"cat":"park"}},{"type":"Feature","geometry":{"type":"Point","coordinates":[17.15102,48.14953]},"properties":{"cat":"park"}},{"type":"Feature","geometry":{"type":"Point","coordinates":[17.15018,48.14939]},"properties":{"cat":"park"}},{"type":"Feature","geometry":{"type":"Point","coordinates":[17.15096,48.15077]},"properties":{"cat":"park"}},{"type":"Feature","geometry":{"type":"Point","coordinates":[17.15004,48.14967]},"properties":{"cat":"park"}},{"type":"Feature","geometry":{"type":"Point","coordinates":[17.15061,48.1501]},"properties":{"cat":"park"}},{"type":"Feature","geometry":{"type":"Point","coordinates":[17.15559,48.15833]},"properties":{"cat":"park"}},{"type":"Feature","geometry":{"type":"Point","coordinates":[17.15017,48.15976]},"properties":{"cat":"park"}},{"type":"Feature","geometry":{"type":"Point","coordinates":[17.15473,48.15925]},"properties":{"cat":"park"}},{"type":"Feature","geometry":{"type":"Point","coordinates":[17.1548,48.15816]},"properties":{"cat":"park"}},{"type":"Feature","geometry":{"type":"Point","coordinates":[17.17556,48.15499]},"properties":{"cat":"skola"}},{"type":"Feature","geometry":{"type":"Point","coordinates":[17.13586,48.15833]},"properties":{"cat":"park"}},{"type":"Feature","geometry":{"type":"Point","coordinates":[17.16933,48.16371]},"properties":{"cat":"park"}},{"type":"Feature","geometry":{"type":"Point","coordinates":[17.16822,48.16363]},"properties":{"cat":"park"}},{"type":"Feature","geometry":{"type":"Point","coordinates":[17.16884,48.16394]},"properties":{"cat":"park"}},{"type":"Feature","geometry":{"type":"Point","coordinates":[17.1634,48.16449]},"properties":{"cat":"park"}},{"type":"Feature","geometry":{"type":"Point","coordinates":[17.16342,48.16312]},"properties":{"cat":"park"}},{"type":"Feature","geometry":{"type":"Point","coordinates":[17.16339,48.16424]},"properties":{"cat":"park"}},{"type":"Feature","geometry":{"type":"Point","coordinates":[17.16307,48.16421]},"properties":{"cat":"park"}},{"type":"Feature","geometry":{"type":"Point","coordinates":[17.16466,48.14786]},"properties":{"cat":"park"}},{"type":"Feature","geometry":{"type":"Point","coordinates":[17.16455,48.14773]},"properties":{"cat":"park"}},{"type":"Feature","geometry":{"type":"Point","coordinates":[17.16359,48.14782]},"properties":{"cat":"park"}},{"type":"Feature","geometry":{"type":"Point","coordinates":[17.16552,48.14803]},"properties":{"cat":"park"}},{"type":"Feature","geometry":{"type":"Point","coordinates":[17.16452,48.14795]},"properties":{"cat":"park"}},{"type":"Feature","geometry":{"type":"Point","coordinates":[17.16564,48.14825]},"properties":{"cat":"park"}},{"type":"Feature","geometry":{"type":"Point","coordinates":[17.16532,48.14808]},"properties":{"cat":"park"}},{"type":"Feature","geometry":{"type":"Point","coordinates":[17.16578,48.14815]},"properties":{"cat":"park"}},{"type":"Feature","geometry":{"type":"Point","coordinates":[17.16436,48.14779]},"properties":{"cat":"park"}},{"type":"Feature","geometry":{"type":"Point","coordinates":[17.14305,48.15015]},"properties":{"cat":"park"}},{"type":"Feature","geometry":{"type":"Point","coordinates":[17.14409,48.14991]},"properties":{"cat":"park"}},{"type":"Feature","geometry":{"type":"Point","coordinates":[17.14327,48.15073]},"properties":{"cat":"park"}},{"type":"Feature","geometry":{"type":"Point","coordinates":[17.14774,48.15025]},"properties":{"cat":"park"}},{"type":"Feature","geometry":{"type":"Point","coordinates":[17.14636,48.14987]},"properties":{"cat":"park"}},{"type":"Feature","geometry":{"type":"Point","coordinates":[17.14709,48.15006]},"properties":{"cat":"park"}},{"type":"Feature","geometry":{"type":"Point","coordinates":[17.14543,48.14959]},"properties":{"cat":"park"}},{"type":"Feature","geometry":{"type":"Point","coordinates":[17.14345,48.15017]},"properties":{"cat":"park"}},{"type":"Feature","geometry":{"type":"Point","coordinates":[17.14357,48.14999]},"properties":{"cat":"park"}},{"type":"Feature","geometry":{"type":"Point","coordinates":[17.14324,48.15051]},"properties":{"cat":"park"}},{"type":"Feature","geometry":{"type":"Point","coordinates":[17.14334,48.15034]},"properties":{"cat":"park"}},{"type":"Feature","geometry":{"type":"Point","coordinates":[17.15684,48.15021]},"properties":{"cat":"park"}},{"type":"Feature","geometry":{"type":"Point","coordinates":[17.1554,48.15085]},"properties":{"cat":"park"}},{"type":"Feature","geometry":{"type":"Point","coordinates":[17.17556,48.15979]},"properties":{"cat":"park"}},{"type":"Feature","geometry":{"type":"Point","coordinates":[17.17515,48.16151]},"properties":{"cat":"park"}},{"type":"Feature","geometry":{"type":"Point","coordinates":[17.17637,48.15994]},"properties":{"cat":"park"}},{"type":"Feature","geometry":{"type":"Point","coordinates":[17.17598,48.16067]},"properties":{"cat":"park"}},{"type":"Feature","geometry":{"type":"Point","coordinates":[17.16979,48.15728]},"properties":{"cat":"park"}},{"type":"Feature","geometry":{"type":"Point","coordinates":[17.17118,48.15738]},"properties":{"cat":"park"}},{"type":"Feature","geometry":{"type":"Point","coordinates":[17.17602,48.16136]},"properties":{"cat":"park"}},{"type":"Feature","geometry":{"type":"Point","coordinates":[17.1744,48.16092]},"properties":{"cat":"park"}},{"type":"Feature","geometry":{"type":"Point","coordinates":[17.17519,48.16208]},"properties":{"cat":"park"}},{"type":"Feature","geometry":{"type":"Point","coordinates":[17.17464,48.16021]},"properties":{"cat":"park"}},{"type":"Feature","geometry":{"type":"Point","coordinates":[17.16957,48.15254]},"properties":{"cat":"park"}},{"type":"Feature","geometry":{"type":"Point","coordinates":[17.16912,48.15157]},"properties":{"cat":"park"}},{"type":"Feature","geometry":{"type":"Point","coordinates":[17.16856,48.15106]},"properties":{"cat":"park"}},{"type":"Feature","geometry":{"type":"Point","coordinates":[17.13891,48.1668]},"properties":{"cat":"park"}},{"type":"Feature","geometry":{"type":"Point","coordinates":[17.17311,48.15781]},"properties":{"cat":"park"}},{"type":"Feature","geometry":{"type":"Point","coordinates":[17.17037,48.16314]},"properties":{"cat":"park"}},{"type":"Feature","geometry":{"type":"Point","coordinates":[17.16233,48.16842]},"properties":{"cat":"park"}},{"type":"Feature","geometry":{"type":"Point","coordinates":[17.16252,48.16835]},"properties":{"cat":"park"}},{"type":"Feature","geometry":{"type":"Point","coordinates":[17.16239,48.16824]},"properties":{"cat":"park"}},{"type":"Feature","geometry":{"type":"Point","coordinates":[17.1499,48.16819]},"properties":{"cat":"park"}},{"type":"Feature","geometry":{"type":"Point","coordinates":[17.1497,48.16905]},"properties":{"cat":"park"}},{"type":"Feature","geometry":{"type":"Point","coordinates":[17.19167,48.13123]},"properties":{"cat":"obchod"}},{"type":"Feature","geometry":{"type":"Point","coordinates":[17.15039,48.15717]},"properties":{"cat":"park"}},{"type":"Feature","geometry":{"type":"Point","coordinates":[17.15067,48.15713]},"properties":{"cat":"park"}},{"type":"Feature","geometry":{"type":"Point","coordinates":[17.14164,48.15856]},"properties":{"cat":"park"}},{"type":"Feature","geometry":{"type":"Point","coordinates":[17.15754,48.15823]},"properties":{"cat":"park"}},{"type":"Feature","geometry":{"type":"Point","coordinates":[17.15713,48.15861]},"properties":{"cat":"park"}},{"type":"Feature","geometry":{"type":"Point","coordinates":[17.15706,48.15903]},"properties":{"cat":"park"}},{"type":"Feature","geometry":{"type":"Point","coordinates":[17.157,48.15945]},"properties":{"cat":"park"}},{"type":"Feature","geometry":{"type":"Point","coordinates":[17.16275,48.16103]},"properties":{"cat":"park"}},{"type":"Feature","geometry":{"type":"Point","coordinates":[17.15254,48.16174]},"properties":{"cat":"skola"}},{"type":"Feature","geometry":{"type":"Point","coordinates":[17.14208,48.15587]},"properties":{"cat":"zastavka"}},{"type":"Feature","geometry":{"type":"Point","coordinates":[17.14106,48.15581]},"properties":{"cat":"zastavka"}},{"type":"Feature","geometry":{"type":"Point","coordinates":[17.1343,48.15238]},"properties":{"cat":"park"}},{"type":"Feature","geometry":{"type":"Point","coordinates":[17.1728,48.16102]},"properties":{"cat":"park"}},{"type":"Feature","geometry":{"type":"Point","coordinates":[17.17228,48.16203]},"properties":{"cat":"park"}},{"type":"Feature","geometry":{"type":"Point","coordinates":[17.17146,48.16262]},"properties":{"cat":"park"}},{"type":"Feature","geometry":{"type":"Point","coordinates":[17.17194,48.16324]},"properties":{"cat":"park"}},{"type":"Feature","geometry":{"type":"Point","coordinates":[17.16721,48.14467]},"properties":{"cat":"park"}},{"type":"Feature","geometry":{"type":"Point","coordinates":[17.16841,48.14598]},"properties":{"cat":"park"}},{"type":"Feature","geometry":{"type":"Point","coordinates":[17.14026,48.14425]},"properties":{"cat":"park"}},{"type":"Feature","geometry":{"type":"Point","coordinates":[17.13473,48.16172]},"properties":{"cat":"park"}},{"type":"Feature","geometry":{"type":"Point","coordinates":[17.15014,48.15725]},"properties":{"cat":"park"}},{"type":"Feature","geometry":{"type":"Point","coordinates":[17.16854,48.16075]},"properties":{"cat":"park"}},{"type":"Feature","geometry":{"type":"Point","coordinates":[17.1689,48.16823]},"properties":{"cat":"park"}},{"type":"Feature","geometry":{"type":"Point","coordinates":[17.16635,48.16641]},"properties":{"cat":"park"}},{"type":"Feature","geometry":{"type":"Point","coordinates":[17.1533,48.15792]},"properties":{"cat":"park"}},{"type":"Feature","geometry":{"type":"Point","coordinates":[17.19987,48.133]},"properties":{"cat":"skolka"}},{"type":"Feature","geometry":{"type":"Point","coordinates":[17.18187,48.16562]},"properties":{"cat":"park"}},{"type":"Feature","geometry":{"type":"Point","coordinates":[17.17552,48.1614]},"properties":{"cat":"park"}},{"type":"Feature","geometry":{"type":"Point","coordinates":[17.15353,48.15875]},"properties":{"cat":"park"}},{"type":"Feature","geometry":{"type":"Point","coordinates":[17.15109,48.15775]},"properties":{"cat":"park"}},{"type":"Feature","geometry":{"type":"Point","coordinates":[17.15041,48.15856]},"properties":{"cat":"park"}},{"type":"Feature","geometry":{"type":"Point","coordinates":[17.19119,48.13297]},"properties":{"cat":"park"}},{"type":"Feature","geometry":{"type":"Point","coordinates":[17.16002,48.15921]},"properties":{"cat":"park"}},{"type":"Feature","geometry":{"type":"Point","coordinates":[17.1342,48.14244]},"properties":{"cat":"obchod"}},{"type":"Feature","geometry":{"type":"Point","coordinates":[17.14741,48.15128]},"properties":{"cat":"skola"}},{"type":"Feature","geometry":{"type":"Point","coordinates":[17.15723,48.15776]},"properties":{"cat":"park"}},{"type":"Feature","geometry":{"type":"Point","coordinates":[17.15968,48.1584]},"properties":{"cat":"park"}},{"type":"Feature","geometry":{"type":"Point","coordinates":[17.13428,48.14665]},"properties":{"cat":"park"}},{"type":"Feature","geometry":{"type":"Point","coordinates":[17.14299,48.14662]},"properties":{"cat":"park"}},{"type":"Feature","geometry":{"type":"Point","coordinates":[17.14349,48.14658]},"properties":{"cat":"park"}},{"type":"Feature","geometry":{"type":"Point","coordinates":[17.14014,48.14585]},"properties":{"cat":"park"}},{"type":"Feature","geometry":{"type":"Point","coordinates":[17.13864,48.14612]},"properties":{"cat":"park"}},{"type":"Feature","geometry":{"type":"Point","coordinates":[17.13919,48.14515]},"properties":{"cat":"park"}},{"type":"Feature","geometry":{"type":"Point","coordinates":[17.13816,48.14548]},"properties":{"cat":"park"}},{"type":"Feature","geometry":{"type":"Point","coordinates":[17.1717,48.15005]},"properties":{"cat":"park"}},{"type":"Feature","geometry":{"type":"Point","coordinates":[17.16778,48.14984]},"properties":{"cat":"park"}},{"type":"Feature","geometry":{"type":"Point","coordinates":[17.17017,48.14947]},"properties":{"cat":"park"}},{"type":"Feature","geometry":{"type":"Point","coordinates":[17.17195,48.14855]},"properties":{"cat":"skola"}},{"type":"Feature","geometry":{"type":"Point","coordinates":[17.17003,48.15453]},"properties":{"cat":"skola"}},{"type":"Feature","geometry":{"type":"Point","coordinates":[17.17486,48.1497]},"properties":{"cat":"park"}},{"type":"Feature","geometry":{"type":"Point","coordinates":[17.13682,48.14929]},"properties":{"cat":"park"}},{"type":"Feature","geometry":{"type":"Point","coordinates":[17.14183,48.17147]},"properties":{"cat":"park"}},{"type":"Feature","geometry":{"type":"Point","coordinates":[17.15022,48.16876]},"properties":{"cat":"park"}},{"type":"Feature","geometry":{"type":"Point","coordinates":[17.15982,48.15317]},"properties":{"cat":"skolka"}},{"type":"Feature","geometry":{"type":"Point","coordinates":[17.13997,48.15087]},"properties":{"cat":"park"}},{"type":"Feature","geometry":{"type":"Point","coordinates":[17.14109,48.17174]},"properties":{"cat":"zastavka"}},{"type":"Feature","geometry":{"type":"Point","coordinates":[17.14126,48.1718]},"properties":{"cat":"zastavka"}},{"type":"Feature","geometry":{"type":"Point","coordinates":[17.14125,48.15052]},"properties":{"cat":"skolka"}},{"type":"Feature","geometry":{"type":"Point","coordinates":[17.14308,48.14598]},"properties":{"cat":"park"}},{"type":"Feature","geometry":{"type":"Point","coordinates":[17.14305,48.14601]},"properties":{"cat":"park"}},{"type":"Feature","geometry":{"type":"Point","coordinates":[17.1431,48.14631]},"properties":{"cat":"park"}},{"type":"Feature","geometry":{"type":"Point","coordinates":[17.14394,48.14623]},"properties":{"cat":"park"}},{"type":"Feature","geometry":{"type":"Point","coordinates":[17.1531,48.16229]},"properties":{"cat":"skolka"}},{"type":"Feature","geometry":{"type":"Point","coordinates":[17.13553,48.16811]},"properties":{"cat":"skola"}},{"type":"Feature","geometry":{"type":"Point","coordinates":[17.16158,48.15072]},"properties":{"cat":"park"}},{"type":"Feature","geometry":{"type":"Point","coordinates":[17.16704,48.15219]},"properties":{"cat":"park"}},{"type":"Feature","geometry":{"type":"Point","coordinates":[17.16865,48.16159]},"properties":{"cat":"park"}},{"type":"Feature","geometry":{"type":"Point","coordinates":[17.16856,48.16151]},"properties":{"cat":"park"}},{"type":"Feature","geometry":{"type":"Point","coordinates":[17.16866,48.16152]},"properties":{"cat":"park"}},{"type":"Feature","geometry":{"type":"Point","coordinates":[17.16888,48.16152]},"properties":{"cat":"park"}},{"type":"Feature","geometry":{"type":"Point","coordinates":[17.15992,48.14384]},"properties":{"cat":"park"}},{"type":"Feature","geometry":{"type":"Point","coordinates":[17.15793,48.14393]},"properties":{"cat":"park"}},{"type":"Feature","geometry":{"type":"Point","coordinates":[17.15791,48.14377]},"properties":{"cat":"park"}},{"type":"Feature","geometry":{"type":"Point","coordinates":[17.17375,48.15657]},"properties":{"cat":"skola"}},{"type":"Feature","geometry":{"type":"Point","coordinates":[17.17195,48.15464]},"properties":{"cat":"skolka"}},{"type":"Feature","geometry":{"type":"Point","coordinates":[17.18176,48.16716]},"properties":{"cat":"park"}},{"type":"Feature","geometry":{"type":"Point","coordinates":[17.13447,48.14845]},"properties":{"cat":"park"}},{"type":"Feature","geometry":{"type":"Point","coordinates":[17.16643,48.16563]},"properties":{"cat":"park"}},{"type":"Feature","geometry":{"type":"Point","coordinates":[17.16897,48.16349]},"properties":{"cat":"park"}},{"type":"Feature","geometry":{"type":"Point","coordinates":[17.16894,48.16336]},"properties":{"cat":"park"}},{"type":"Feature","geometry":{"type":"Point","coordinates":[17.1689,48.16361]},"properties":{"cat":"park"}},{"type":"Feature","geometry":{"type":"Point","coordinates":[17.17058,48.16251]},"properties":{"cat":"park"}},{"type":"Feature","geometry":{"type":"Point","coordinates":[17.16691,48.16288]},"properties":{"cat":"park"}},{"type":"Feature","geometry":{"type":"Point","coordinates":[17.13853,48.14813]},"properties":{"cat":"park"}},{"type":"Feature","geometry":{"type":"Point","coordinates":[17.15048,48.16875]},"properties":{"cat":"park"}},{"type":"Feature","geometry":{"type":"Point","coordinates":[17.16068,48.16996]},"properties":{"cat":"park"}},{"type":"Feature","geometry":{"type":"Point","coordinates":[17.16611,48.15531]},"properties":{"cat":"park"}},{"type":"Feature","geometry":{"type":"Point","coordinates":[17.13999,48.15544]},"properties":{"cat":"park"}},{"type":"Feature","geometry":{"type":"Point","coordinates":[17.19938,48.14607]},"properties":{"cat":"park"}},{"type":"Feature","geometry":{"type":"Point","coordinates":[17.14552,48.14497]},"properties":{"cat":"park"}},{"type":"Feature","geometry":{"type":"Point","coordinates":[17.14565,48.14545]},"properties":{"cat":"park"}},{"type":"Feature","geometry":{"type":"Point","coordinates":[17.14558,48.14497]},"properties":{"cat":"park"}},{"type":"Feature","geometry":{"type":"Point","coordinates":[17.14572,48.14542]},"properties":{"cat":"park"}},{"type":"Feature","geometry":{"type":"Point","coordinates":[17.13359,48.14361]},"properties":{"cat":"park"}},{"type":"Feature","geometry":{"type":"Point","coordinates":[17.13358,48.14349]},"properties":{"cat":"park"}},{"type":"Feature","geometry":{"type":"Point","coordinates":[17.13584,48.15028]},"properties":{"cat":"park"}},{"type":"Feature","geometry":{"type":"Point","coordinates":[17.13387,48.14721]},"properties":{"cat":"park"}},{"type":"Feature","geometry":{"type":"Point","coordinates":[17.16958,48.15603]},"properties":{"cat":"park"}},{"type":"Feature","geometry":{"type":"Point","coordinates":[17.1586,48.15932]},"properties":{"cat":"park"}},{"type":"Feature","geometry":{"type":"Point","coordinates":[17.15838,48.15942]},"properties":{"cat":"skolka"}},{"type":"Feature","geometry":{"type":"Point","coordinates":[17.15752,48.16035]},"properties":{"cat":"skola"}},{"type":"Feature","geometry":{"type":"Point","coordinates":[17.1637,48.14842]},"properties":{"cat":"skola"}},{"type":"Feature","geometry":{"type":"Point","coordinates":[17.13397,48.14724]},"properties":{"cat":"park"}},{"type":"Feature","geometry":{"type":"Point","coordinates":[17.14908,48.16632]},"properties":{"cat":"park"}},{"type":"Feature","geometry":{"type":"Point","coordinates":[17.1361,48.14508]},"properties":{"cat":"park"}},{"type":"Feature","geometry":{"type":"Point","coordinates":[17.17301,48.14161]},"properties":{"cat":"zastavka"}},{"type":"Feature","geometry":{"type":"Point","coordinates":[17.17268,48.14175]},"properties":{"cat":"zastavka"}},{"type":"Feature","geometry":{"type":"Point","coordinates":[17.15647,48.16102]},"properties":{"cat":"park"}},{"type":"Feature","geometry":{"type":"Point","coordinates":[17.13817,48.15783]},"properties":{"cat":"skolka"}},{"type":"Feature","geometry":{"type":"Point","coordinates":[17.14025,48.14546]},"properties":{"cat":"park"}},{"type":"Feature","geometry":{"type":"Point","coordinates":[17.17685,48.1292]},"properties":{"cat":"park"}},{"type":"Feature","geometry":{"type":"Point","coordinates":[17.17706,48.129]},"properties":{"cat":"park"}},{"type":"Feature","geometry":{"type":"Point","coordinates":[17.17667,48.12899]},"properties":{"cat":"park"}},{"type":"Feature","geometry":{"type":"Point","coordinates":[17.17688,48.1288]},"properties":{"cat":"park"}},{"type":"Feature","geometry":{"type":"Point","coordinates":[17.17633,48.12868]},"properties":{"cat":"park"}},{"type":"Feature","geometry":{"type":"Point","coordinates":[17.17623,48.12908]},"properties":{"cat":"park"}},{"type":"Feature","geometry":{"type":"Point","coordinates":[17.17589,48.12896]},"properties":{"cat":"park"}},{"type":"Feature","geometry":{"type":"Point","coordinates":[17.17515,48.12915]},"properties":{"cat":"park"}},{"type":"Feature","geometry":{"type":"Point","coordinates":[17.17568,48.12919]},"properties":{"cat":"park"}},{"type":"Feature","geometry":{"type":"Point","coordinates":[17.17492,48.12895]},"properties":{"cat":"park"}},{"type":"Feature","geometry":{"type":"Point","coordinates":[17.17549,48.12897]},"properties":{"cat":"park"}},{"type":"Feature","geometry":{"type":"Point","coordinates":[17.17463,48.12858]},"properties":{"cat":"park"}},{"type":"Feature","geometry":{"type":"Point","coordinates":[17.1745,48.12933]},"properties":{"cat":"park"}},{"type":"Feature","geometry":{"type":"Point","coordinates":[17.1747,48.12966]},"properties":{"cat":"park"}},{"type":"Feature","geometry":{"type":"Point","coordinates":[17.19654,48.13862]},"properties":{"cat":"park"}},{"type":"Feature","geometry":{"type":"Point","coordinates":[17.19596,48.13958]},"properties":{"cat":"park"}},{"type":"Feature","geometry":{"type":"Point","coordinates":[17.16889,48.16247]},"properties":{"cat":"skola"}},{"type":"Feature","geometry":{"type":"Point","coordinates":[17.19931,48.14244]},"properties":{"cat":"skolka"}},{"type":"Feature","geometry":{"type":"Point","coordinates":[17.17913,48.13177]},"properties":{"cat":"skola"}},{"type":"Feature","geometry":{"type":"Point","coordinates":[17.15223,48.15975]},"properties":{"cat":"park"}},{"type":"Feature","geometry":{"type":"Point","coordinates":[17.15097,48.15977]},"properties":{"cat":"skola"}},{"type":"Feature","geometry":{"type":"Point","coordinates":[17.19894,48.14128]},"properties":{"cat":"park"}},{"type":"Feature","geometry":{"type":"Point","coordinates":[17.19777,48.14011]},"properties":{"cat":"park"}},{"type":"Feature","geometry":{"type":"Point","coordinates":[17.20038,48.14042]},"properties":{"cat":"park"}},{"type":"Feature","geometry":{"type":"Point","coordinates":[17.13818,48.15718]},"properties":{"cat":"park"}},{"type":"Feature","geometry":{"type":"Point","coordinates":[17.13645,48.15869]},"properties":{"cat":"park"}},{"type":"Feature","geometry":{"type":"Point","coordinates":[17.17329,48.17127]},"properties":{"cat":"park"}},{"type":"Feature","geometry":{"type":"Point","coordinates":[17.17338,48.17122]},"properties":{"cat":"park"}},{"type":"Feature","geometry":{"type":"Point","coordinates":[17.14508,48.1576]},"properties":{"cat":"park"}},{"type":"Feature","geometry":{"type":"Point","coordinates":[17.14532,48.1577]},"properties":{"cat":"park"}},{"type":"Feature","geometry":{"type":"Point","coordinates":[17.17846,48.16711]},"properties":{"cat":"park"}},{"type":"Feature","geometry":{"type":"Point","coordinates":[17.158,48.13964]},"properties":{"cat":"park"}},{"type":"Feature","geometry":{"type":"Point","coordinates":[17.15705,48.13944]},"properties":{"cat":"park"}},{"type":"Feature","geometry":{"type":"Point","coordinates":[17.15744,48.13955]},"properties":{"cat":"park"}},{"type":"Feature","geometry":{"type":"Point","coordinates":[17.14103,48.14294]},"properties":{"cat":"park"}},{"type":"Feature","geometry":{"type":"Point","coordinates":[17.14056,48.14254]},"properties":{"cat":"park"}},{"type":"Feature","geometry":{"type":"Point","coordinates":[17.17575,48.1517]},"properties":{"cat":"park"}},{"type":"Feature","geometry":{"type":"Point","coordinates":[17.15875,48.14445]},"properties":{"cat":"park"}},{"type":"Feature","geometry":{"type":"Point","coordinates":[17.15949,48.14453]},"properties":{"cat":"park"}},{"type":"Feature","geometry":{"type":"Point","coordinates":[17.15755,48.14393]},"properties":{"cat":"park"}},{"type":"Feature","geometry":{"type":"Point","coordinates":[17.15845,48.14541]},"properties":{"cat":"park"}},{"type":"Feature","geometry":{"type":"Point","coordinates":[17.15565,48.15031]},"properties":{"cat":"park"}},{"type":"Feature","geometry":{"type":"Point","coordinates":[17.15864,48.15551]},"properties":{"cat":"skolka"}},{"type":"Feature","geometry":{"type":"Point","coordinates":[17.14726,48.16472]},"properties":{"cat":"obchod"}},{"type":"Feature","geometry":{"type":"Point","coordinates":[17.14982,48.16629]},"properties":{"cat":"park"}},{"type":"Feature","geometry":{"type":"Point","coordinates":[17.14972,48.16649]},"properties":{"cat":"park"}},{"type":"Feature","geometry":{"type":"Point","coordinates":[17.14931,48.16412]},"properties":{"cat":"park"}},{"type":"Feature","geometry":{"type":"Point","coordinates":[17.13622,48.16782]},"properties":{"cat":"park"}},{"type":"Feature","geometry":{"type":"Point","coordinates":[17.16231,48.16799]},"properties":{"cat":"park"}},{"type":"Feature","geometry":{"type":"Point","coordinates":[17.16163,48.14417]},"properties":{"cat":"park"}},{"type":"Feature","geometry":{"type":"Point","coordinates":[17.16267,48.15244]},"properties":{"cat":"park"}},{"type":"Feature","geometry":{"type":"Point","coordinates":[17.17144,48.14908]},"properties":{"cat":"park"}},{"type":"Feature","geometry":{"type":"Point","coordinates":[17.13403,48.15735]},"properties":{"cat":"park"}},{"type":"Feature","geometry":{"type":"Point","coordinates":[17.1892,48.14183]},"properties":{"cat":"park"}},{"type":"Feature","geometry":{"type":"Point","coordinates":[17.16639,48.14403]},"properties":{"cat":"park"}},{"type":"Feature","geometry":{"type":"Point","coordinates":[17.13592,48.15901]},"properties":{"cat":"park"}},{"type":"Feature","geometry":{"type":"Point","coordinates":[17.13392,48.15116]},"properties":{"cat":"park"}},{"type":"Feature","geometry":{"type":"Point","coordinates":[17.1372,48.15692]},"properties":{"cat":"park"}},{"type":"Feature","geometry":{"type":"Point","coordinates":[17.16494,48.16081]},"properties":{"cat":"obchod"}},{"type":"Feature","geometry":{"type":"Point","coordinates":[17.13459,48.1463]},"properties":{"cat":"park"}},{"type":"Feature","geometry":{"type":"Point","coordinates":[17.15038,48.16656]},"properties":{"cat":"park"}},{"type":"Feature","geometry":{"type":"Point","coordinates":[17.06467,48.17758]},"properties":{"cat":"obchod"}},{"type":"Feature","geometry":{"type":"Point","coordinates":[17.03639,48.18794]},"properties":{"cat":"zastavka"}},{"type":"Feature","geometry":{"type":"Point","coordinates":[17.05197,48.1951]},"properties":{"cat":"lekaren"}},{"type":"Feature","geometry":{"type":"Point","coordinates":[17.05228,48.19438]},"properties":{"cat":"obchod"}},{"type":"Feature","geometry":{"type":"Point","coordinates":[17.05335,48.18591]},"properties":{"cat":"zastavka"}},{"type":"Feature","geometry":{"type":"Point","coordinates":[17.04984,48.1913]},"properties":{"cat":"skola"}},{"type":"Feature","geometry":{"type":"Point","coordinates":[17.05145,48.17794]},"properties":{"cat":"skola"}},{"type":"Feature","geometry":{"type":"Point","coordinates":[17.03666,48.18789]},"properties":{"cat":"zastavka"}},{"type":"Feature","geometry":{"type":"Point","coordinates":[17.04406,48.17971]},"properties":{"cat":"obchod"}},{"type":"Feature","geometry":{"type":"Point","coordinates":[17.05185,48.19449]},"properties":{"cat":"obchod"}},{"type":"Feature","geometry":{"type":"Point","coordinates":[17.03404,48.19246]},"properties":{"cat":"lekaren"}},{"type":"Feature","geometry":{"type":"Point","coordinates":[17.03556,48.19314]},"properties":{"cat":"lekaren"}},{"type":"Feature","geometry":{"type":"Point","coordinates":[17.03723,48.18792]},"properties":{"cat":"lekaren"}},{"type":"Feature","geometry":{"type":"Point","coordinates":[17.0565,48.1939]},"properties":{"cat":"zastavka"}},{"type":"Feature","geometry":{"type":"Point","coordinates":[17.05843,48.19267]},"properties":{"cat":"zastavka"}},{"type":"Feature","geometry":{"type":"Point","coordinates":[17.06502,48.17728]},"properties":{"cat":"lekaren"}},{"type":"Feature","geometry":{"type":"Point","coordinates":[17.0408,48.18165]},"properties":{"cat":"zastavka"}},{"type":"Feature","geometry":{"type":"Point","coordinates":[17.03799,48.18458]},"properties":{"cat":"zastavka"}},{"type":"Feature","geometry":{"type":"Point","coordinates":[17.04921,48.17364]},"properties":{"cat":"zastavka"}},{"type":"Feature","geometry":{"type":"Point","coordinates":[17.03386,48.19427]},"properties":{"cat":"zastavka"}},{"type":"Feature","geometry":{"type":"Point","coordinates":[17.03667,48.18859]},"properties":{"cat":"zastavka"}},{"type":"Feature","geometry":{"type":"Point","coordinates":[17.02894,48.19435]},"properties":{"cat":"zastavka"}},{"type":"Feature","geometry":{"type":"Point","coordinates":[17.03263,48.19518]},"properties":{"cat":"zastavka"}},{"type":"Feature","geometry":{"type":"Point","coordinates":[17.04238,48.18625]},"properties":{"cat":"zastavka"}},{"type":"Feature","geometry":{"type":"Point","coordinates":[17.02865,48.19156]},"properties":{"cat":"zastavka"}},{"type":"Feature","geometry":{"type":"Point","coordinates":[17.02863,48.1887]},"properties":{"cat":"zastavka"}},{"type":"Feature","geometry":{"type":"Point","coordinates":[17.0284,48.19141]},"properties":{"cat":"zastavka"}},{"type":"Feature","geometry":{"type":"Point","coordinates":[17.02893,48.19409]},"properties":{"cat":"zastavka"}},{"type":"Feature","geometry":{"type":"Point","coordinates":[17.02889,48.1889]},"properties":{"cat":"zastavka"}},{"type":"Feature","geometry":{"type":"Point","coordinates":[17.03268,48.1898]},"properties":{"cat":"zastavka"}},{"type":"Feature","geometry":{"type":"Point","coordinates":[17.03339,48.18983]},"properties":{"cat":"zastavka"}},{"type":"Feature","geometry":{"type":"Point","coordinates":[17.03774,48.18592]},"properties":{"cat":"zastavka"}},{"type":"Feature","geometry":{"type":"Point","coordinates":[17.04039,48.18171]},"properties":{"cat":"zastavka"}},{"type":"Feature","geometry":{"type":"Point","coordinates":[17.03762,48.18481]},"properties":{"cat":"zastavka"}},{"type":"Feature","geometry":{"type":"Point","coordinates":[17.04004,48.18253]},"properties":{"cat":"zastavka"}},{"type":"Feature","geometry":{"type":"Point","coordinates":[17.04798,48.18878]},"properties":{"cat":"zastavka"}},{"type":"Feature","geometry":{"type":"Point","coordinates":[17.0475,48.18977]},"properties":{"cat":"zastavka"}},{"type":"Feature","geometry":{"type":"Point","coordinates":[17.04667,48.18827]},"properties":{"cat":"zastavka"}},{"type":"Feature","geometry":{"type":"Point","coordinates":[17.04813,48.18582]},"properties":{"cat":"zastavka"}},{"type":"Feature","geometry":{"type":"Point","coordinates":[17.04651,48.177]},"properties":{"cat":"zastavka"}},{"type":"Feature","geometry":{"type":"Point","coordinates":[17.05173,48.17845]},"properties":{"cat":"zastavka"}},{"type":"Feature","geometry":{"type":"Point","coordinates":[17.05036,48.17839]},"properties":{"cat":"zastavka"}},{"type":"Feature","geometry":{"type":"Point","coordinates":[17.0493,48.18526]},"properties":{"cat":"zastavka"}},{"type":"Feature","geometry":{"type":"Point","coordinates":[17.04105,48.20813]},"properties":{"cat":"zastavka"}},{"type":"Feature","geometry":{"type":"Point","coordinates":[17.05186,48.1839]},"properties":{"cat":"zastavka"}},{"type":"Feature","geometry":{"type":"Point","coordinates":[17.06653,48.17535]},"properties":{"cat":"skola"}},{"type":"Feature","geometry":{"type":"Point","coordinates":[17.04957,48.19647]},"properties":{"cat":"zastavka"}},{"type":"Feature","geometry":{"type":"Point","coordinates":[17.04861,48.19722]},"properties":{"cat":"zastavka"}},{"type":"Feature","geometry":{"type":"Point","coordinates":[17.05851,48.193]},"properties":{"cat":"zastavka"}},{"type":"Feature","geometry":{"type":"Point","coordinates":[17.05304,48.19201]},"properties":{"cat":"zastavka"}},{"type":"Feature","geometry":{"type":"Point","coordinates":[17.05324,48.19231]},"properties":{"cat":"zastavka"}},{"type":"Feature","geometry":{"type":"Point","coordinates":[17.05291,48.19511]},"properties":{"cat":"zastavka"}},{"type":"Feature","geometry":{"type":"Point","coordinates":[17.05205,48.19571]},"properties":{"cat":"zastavka"}},{"type":"Feature","geometry":{"type":"Point","coordinates":[17.05686,48.19401]},"properties":{"cat":"zastavka"}},{"type":"Feature","geometry":{"type":"Point","coordinates":[17.0465,48.19331]},"properties":{"cat":"zastavka"}},{"type":"Feature","geometry":{"type":"Point","coordinates":[17.04679,48.1941]},"properties":{"cat":"zastavka"}},{"type":"Feature","geometry":{"type":"Point","coordinates":[17.04492,48.19923]},"properties":{"cat":"zastavka"}},{"type":"Feature","geometry":{"type":"Point","coordinates":[17.04445,48.19947]},"properties":{"cat":"zastavka"}},{"type":"Feature","geometry":{"type":"Point","coordinates":[17.04068,48.20959]},"properties":{"cat":"zastavka"}},{"type":"Feature","geometry":{"type":"Point","coordinates":[17.05495,48.17892]},"properties":{"cat":"zastavka"}},{"type":"Feature","geometry":{"type":"Point","coordinates":[17.05473,48.17909]},"properties":{"cat":"zastavka"}},{"type":"Feature","geometry":{"type":"Point","coordinates":[17.06596,48.17632]},"properties":{"cat":"zastavka"}},{"type":"Feature","geometry":{"type":"Point","coordinates":[17.06571,48.17644]},"properties":{"cat":"zastavka"}},{"type":"Feature","geometry":{"type":"Point","coordinates":[17.03522,48.19219]},"properties":{"cat":"zastavka"}},{"type":"Feature","geometry":{"type":"Point","coordinates":[17.03491,48.19163]},"properties":{"cat":"zastavka"}},{"type":"Feature","geometry":{"type":"Point","coordinates":[17.03394,48.19583]},"properties":{"cat":"zastavka"}},{"type":"Feature","geometry":{"type":"Point","coordinates":[17.03198,48.20004]},"properties":{"cat":"zastavka"}},{"type":"Feature","geometry":{"type":"Point","coordinates":[17.03162,48.20069]},"properties":{"cat":"zastavka"}},{"type":"Feature","geometry":{"type":"Point","coordinates":[17.01309,48.20562]},"properties":{"cat":"zastavka"}},{"type":"Feature","geometry":{"type":"Point","coordinates":[17.01299,48.2057]},"properties":{"cat":"zastavka"}},{"type":"Feature","geometry":{"type":"Point","coordinates":[17.0079,48.20518]},"properties":{"cat":"zastavka"}},{"type":"Feature","geometry":{"type":"Point","coordinates":[17.00775,48.20527]},"properties":{"cat":"zastavka"}},{"type":"Feature","geometry":{"type":"Point","coordinates":[17.01479,48.2013]},"properties":{"cat":"zastavka"}},{"type":"Feature","geometry":{"type":"Point","coordinates":[17.03514,48.19166]},"properties":{"cat":"zastavka"}},{"type":"Feature","geometry":{"type":"Point","coordinates":[17.03392,48.19474]},"properties":{"cat":"zastavka"}},{"type":"Feature","geometry":{"type":"Point","coordinates":[17.01679,48.20555]},"properties":{"cat":"zastavka"}},{"type":"Feature","geometry":{"type":"Point","coordinates":[17.04921,48.17461]},"properties":{"cat":"zastavka"}},{"type":"Feature","geometry":{"type":"Point","coordinates":[17.04255,48.18649]},"properties":{"cat":"park"}},{"type":"Feature","geometry":{"type":"Point","coordinates":[17.04227,48.18648]},"properties":{"cat":"obchod"}},{"type":"Feature","geometry":{"type":"Point","coordinates":[17.03919,48.19051]},"properties":{"cat":"obchod"}},{"type":"Feature","geometry":{"type":"Point","coordinates":[17.03787,48.19245]},"properties":{"cat":"park"}},{"type":"Feature","geometry":{"type":"Point","coordinates":[17.03557,48.19336]},"properties":{"cat":"park"}},{"type":"Feature","geometry":{"type":"Point","coordinates":[17.03471,48.19457]},"properties":{"cat":"park"}},{"type":"Feature","geometry":{"type":"Point","coordinates":[17.04689,48.18489]},"properties":{"cat":"zastavka"}},{"type":"Feature","geometry":{"type":"Point","coordinates":[17.04511,48.1834]},"properties":{"cat":"skola"}},{"type":"Feature","geometry":{"type":"Point","coordinates":[17.04534,48.18354]},"properties":{"cat":"skola"}},{"type":"Feature","geometry":{"type":"Point","coordinates":[17.04312,48.18276]},"properties":{"cat":"lekar"}},{"type":"Feature","geometry":{"type":"Point","coordinates":[17.04898,48.18518]},"properties":{"cat":"zastavka"}},{"type":"Feature","geometry":{"type":"Point","coordinates":[17.0343,48.19265]},"properties":{"cat":"obchod"}},{"type":"Feature","geometry":{"type":"Point","coordinates":[17.04765,48.17655]},"properties":{"cat":"zastavka"}},{"type":"Feature","geometry":{"type":"Point","coordinates":[17.01711,48.20619]},"properties":{"cat":"zastavka"}},{"type":"Feature","geometry":{"type":"Point","coordinates":[17.01701,48.20669]},"properties":{"cat":"zastavka"}},{"type":"Feature","geometry":{"type":"Point","coordinates":[17.04626,48.17856]},"properties":{"cat":"park"}},{"type":"Feature","geometry":{"type":"Point","coordinates":[17.04369,48.17941]},"properties":{"cat":"zastavka"}},{"type":"Feature","geometry":{"type":"Point","coordinates":[17.05831,48.18075]},"properties":{"cat":"zastavka"}},{"type":"Feature","geometry":{"type":"Point","coordinates":[17.05736,48.18082]},"properties":{"cat":"zastavka"}},{"type":"Feature","geometry":{"type":"Point","coordinates":[17.04914,48.17413]},"properties":{"cat":"zastavka"}},{"type":"Feature","geometry":{"type":"Point","coordinates":[17.04333,48.17973]},"properties":{"cat":"zastavka"}},{"type":"Feature","geometry":{"type":"Point","coordinates":[17.03982,48.18245]},"properties":{"cat":"zastavka"}},{"type":"Feature","geometry":{"type":"Point","coordinates":[17.03744,48.18602]},"properties":{"cat":"zastavka"}},{"type":"Feature","geometry":{"type":"Point","coordinates":[17.0364,48.18869]},"properties":{"cat":"zastavka"}},{"type":"Feature","geometry":{"type":"Point","coordinates":[17.03495,48.19225]},"properties":{"cat":"zastavka"}},{"type":"Feature","geometry":{"type":"Point","coordinates":[17.03384,48.19505]},"properties":{"cat":"zastavka"}},{"type":"Feature","geometry":{"type":"Point","coordinates":[17.05969,48.18154]},"properties":{"cat":"zastavka"}},{"type":"Feature","geometry":{"type":"Point","coordinates":[17.0598,48.1826]},"properties":{"cat":"zastavka"}},{"type":"Feature","geometry":{"type":"Point","coordinates":[17.05352,48.18607]},"properties":{"cat":"zastavka"}},{"type":"Feature","geometry":{"type":"Point","coordinates":[17.04711,48.19374]},"properties":{"cat":"zastavka"}},{"type":"Feature","geometry":{"type":"Point","coordinates":[17.03446,48.19774]},"properties":{"cat":"obchod"}},{"type":"Feature","geometry":{"type":"Point","coordinates":[17.03041,48.19535]},"properties":{"cat":"lekaren"}},{"type":"Feature","geometry":{"type":"Point","coordinates":[17.0163,48.20581]},"properties":{"cat":"zastavka"}},{"type":"Feature","geometry":{"type":"Point","coordinates":[17.01403,48.21025]},"properties":{"cat":"zastavka"}},{"type":"Feature","geometry":{"type":"Point","coordinates":[17.01309,48.21189]},"properties":{"cat":"zastavka"}},{"type":"Feature","geometry":{"type":"Point","coordinates":[17.06663,48.17329]},"properties":{"cat":"zastavka"}},{"type":"Feature","geometry":{"type":"Point","coordinates":[17.06032,48.17556]},"properties":{"cat":"zastavka"}},{"type":"Feature","geometry":{"type":"Point","coordinates":[17.05909,48.17584]},"properties":{"cat":"zastavka"}},{"type":"Feature","geometry":{"type":"Point","coordinates":[17.03432,48.19755]},"properties":{"cat":"lekaren"}},{"type":"Feature","geometry":{"type":"Point","coordinates":[17.02344,48.20569]},"properties":{"cat":"zastavka"}},{"type":"Feature","geometry":{"type":"Point","coordinates":[17.02249,48.20629]},"properties":{"cat":"zastavka"}},{"type":"Feature","geometry":{"type":"Point","coordinates":[17.03305,48.18835]},"properties":{"cat":"park"}},{"type":"Feature","geometry":{"type":"Point","coordinates":[17.04138,48.19042]},"properties":{"cat":"park"}},{"type":"Feature","geometry":{"type":"Point","coordinates":[17.03935,48.18968]},"properties":{"cat":"park"}},{"type":"Feature","geometry":{"type":"Point","coordinates":[17.03823,48.19201]},"properties":{"cat":"park"}},{"type":"Feature","geometry":{"type":"Point","coordinates":[17.03219,48.20353]},"properties":{"cat":"zastavka"}},{"type":"Feature","geometry":{"type":"Point","coordinates":[17.03307,48.20373]},"properties":{"cat":"zastavka"}},{"type":"Feature","geometry":{"type":"Point","coordinates":[17.03506,48.20538]},"properties":{"cat":"obchod"}},{"type":"Feature","geometry":{"type":"Point","coordinates":[17.03307,48.20449]},"properties":{"cat":"zastavka"}},{"type":"Feature","geometry":{"type":"Point","coordinates":[17.03406,48.20522]},"properties":{"cat":"lekaren"}},{"type":"Feature","geometry":{"type":"Point","coordinates":[17.03202,48.20649]},"properties":{"cat":"lekar"}},{"type":"Feature","geometry":{"type":"Point","coordinates":[17.05181,48.19436]},"properties":{"cat":"obchod"}},{"type":"Feature","geometry":{"type":"Point","coordinates":[17.05214,48.19393]},"properties":{"cat":"obchod"}},{"type":"Feature","geometry":{"type":"Point","coordinates":[17.04016,48.18883]},"properties":{"cat":"park"}},{"type":"Feature","geometry":{"type":"Point","coordinates":[17.04028,48.18244]},"properties":{"cat":"lekaren"}},{"type":"Feature","geometry":{"type":"Point","coordinates":[17.04105,48.18225]},"properties":{"cat":"lekaren"}},{"type":"Feature","geometry":{"type":"Point","coordinates":[17.04044,48.18108]},"properties":{"cat":"lekar"}},{"type":"Feature","geometry":{"type":"Point","coordinates":[17.04021,48.20794]},"properties":{"cat":"obchod"}},{"type":"Feature","geometry":{"type":"Point","coordinates":[17.03797,48.19124]},"properties":{"cat":"park"}},{"type":"Feature","geometry":{"type":"Point","coordinates":[17.0429,48.20927]},"properties":{"cat":"zastavka"}},{"type":"Feature","geometry":{"type":"Point","coordinates":[17.03098,48.19335]},"properties":{"cat":"park"}},{"type":"Feature","geometry":{"type":"Point","coordinates":[17.04982,48.1912]},"properties":{"cat":"skola"}},{"type":"Feature","geometry":{"type":"Point","coordinates":[17.04891,48.17387]},"properties":{"cat":"zastavka"}},{"type":"Feature","geometry":{"type":"Point","coordinates":[17.05266,48.17837]},"properties":{"cat":"lekaren"}},{"type":"Feature","geometry":{"type":"Point","coordinates":[17.0538,48.19411]},"properties":{"cat":"park"}},{"type":"Feature","geometry":{"type":"Point","coordinates":[17.05071,48.18738]},"properties":{"cat":"zastavka"}},{"type":"Feature","geometry":{"type":"Point","coordinates":[17.05035,48.18706]},"properties":{"cat":"park"}},{"type":"Feature","geometry":{"type":"Point","coordinates":[17.01652,48.20968]},"properties":{"cat":"zastavka"}},{"type":"Feature","geometry":{"type":"Point","coordinates":[17.03371,48.18693]},"properties":{"cat":"park"}},{"type":"Feature","geometry":{"type":"Point","coordinates":[17.03425,48.18797]},"properties":{"cat":"skolka"}},{"type":"Feature","geometry":{"type":"Point","coordinates":[17.03406,48.1872]},"properties":{"cat":"park"}},{"type":"Feature","geometry":{"type":"Point","coordinates":[17.05106,48.18464]},"properties":{"cat":"zastavka"}},{"type":"Feature","geometry":{"type":"Point","coordinates":[17.03267,48.18507]},"properties":{"cat":"obchod"}},{"type":"Feature","geometry":{"type":"Point","coordinates":[17.03916,48.19441]},"properties":{"cat":"obchod"}},{"type":"Feature","geometry":{"type":"Point","coordinates":[17.03702,48.19235]},"properties":{"cat":"obchod"}},{"type":"Feature","geometry":{"type":"Point","coordinates":[17.05189,48.19445]},"properties":{"cat":"obchod"}},{"type":"Feature","geometry":{"type":"Point","coordinates":[17.03732,48.18329]},"properties":{"cat":"park"}},{"type":"Feature","geometry":{"type":"Point","coordinates":[17.04165,48.18341]},"properties":{"cat":"park"}},{"type":"Feature","geometry":{"type":"Point","coordinates":[17.04136,48.18182]},"properties":{"cat":"lekar"}},{"type":"Feature","geometry":{"type":"Point","coordinates":[17.04382,48.18]},"properties":{"cat":"obchod"}},{"type":"Feature","geometry":{"type":"Point","coordinates":[17.04386,48.17996]},"properties":{"cat":"lekaren"}},{"type":"Feature","geometry":{"type":"Point","coordinates":[17.03801,48.18956]},"properties":{"cat":"park"}},{"type":"Feature","geometry":{"type":"Point","coordinates":[17.04843,48.19128]},"properties":{"cat":"park"}},{"type":"Feature","geometry":{"type":"Point","coordinates":[17.03296,48.18526]},"properties":{"cat":"park"}},{"type":"Feature","geometry":{"type":"Point","coordinates":[17.03553,48.19265]},"properties":{"cat":"lekar"}},{"type":"Feature","geometry":{"type":"Point","coordinates":[17.03309,48.20571]},"properties":{"cat":"park"}},{"type":"Feature","geometry":{"type":"Point","coordinates":[17.03226,48.2074]},"properties":{"cat":"zastavka"}},{"type":"Feature","geometry":{"type":"Point","coordinates":[17.03155,48.20733]},"properties":{"cat":"zastavka"}},{"type":"Feature","geometry":{"type":"Point","coordinates":[17.03402,48.19789]},"properties":{"cat":"obchod"}},{"type":"Feature","geometry":{"type":"Point","coordinates":[17.01748,48.20728]},"properties":{"cat":"lekaren"}},{"type":"Feature","geometry":{"type":"Point","coordinates":[17.03075,48.20875]},"properties":{"cat":"zastavka"}},{"type":"Feature","geometry":{"type":"Point","coordinates":[17.02889,48.20827]},"properties":{"cat":"zastavka"}},{"type":"Feature","geometry":{"type":"Point","coordinates":[17.01133,48.21484]},"properties":{"cat":"obchod"}},{"type":"Feature","geometry":{"type":"Point","coordinates":[17.027,48.20254]},"properties":{"cat":"zastavka"}},{"type":"Feature","geometry":{"type":"Point","coordinates":[17.02642,48.20279]},"properties":{"cat":"zastavka"}},{"type":"Feature","geometry":{"type":"Point","coordinates":[17.01751,48.21061]},"properties":{"cat":"park"}},{"type":"Feature","geometry":{"type":"Point","coordinates":[17.04927,48.19634]},"properties":{"cat":"park"}},{"type":"Feature","geometry":{"type":"Point","coordinates":[17.05055,48.18078]},"properties":{"cat":"park"}},{"type":"Feature","geometry":{"type":"Point","coordinates":[17.03628,48.18374]},"properties":{"cat":"obchod"}},{"type":"Feature","geometry":{"type":"Point","coordinates":[17.02441,48.19307]},"properties":{"cat":"park"}},{"type":"Feature","geometry":{"type":"Point","coordinates":[17.03144,48.20776]},"properties":{"cat":"lekaren"}},{"type":"Feature","geometry":{"type":"Point","coordinates":[17.03171,48.2082]},"properties":{"cat":"lekar"}},{"type":"Feature","geometry":{"type":"Point","coordinates":[17.05437,48.18044]},"properties":{"cat":"obchod"}},{"type":"Feature","geometry":{"type":"Point","coordinates":[17.05045,48.18853]},"properties":{"cat":"park"}},{"type":"Feature","geometry":{"type":"Point","coordinates":[17.03495,48.20533]},"properties":{"cat":"obchod"}},{"type":"Feature","geometry":{"type":"Point","coordinates":[17.04276,48.20925]},"properties":{"cat":"zastavka"}},{"type":"Feature","geometry":{"type":"Point","coordinates":[17.03449,48.19782]},"properties":{"cat":"obchod"}},{"type":"Feature","geometry":{"type":"Point","coordinates":[17.03543,48.18976]},"properties":{"cat":"obchod"}},{"type":"Feature","geometry":{"type":"Point","coordinates":[17.02608,48.19311]},"properties":{"cat":"obchod"}},{"type":"Feature","geometry":{"type":"Point","coordinates":[17.03958,48.1856]},"properties":{"cat":"zastavka"}},{"type":"Feature","geometry":{"type":"Point","coordinates":[17.01167,48.21475]},"properties":{"cat":"obchod"}},{"type":"Feature","geometry":{"type":"Point","coordinates":[17.03994,48.19592]},"properties":{"cat":"park"}},{"type":"Feature","geometry":{"type":"Point","coordinates":[17.04327,48.18284]},"properties":{"cat":"lekar"}},{"type":"Feature","geometry":{"type":"Point","coordinates":[17.06571,48.17687]},"properties":{"cat":"park"}},{"type":"Feature","geometry":{"type":"Point","coordinates":[17.06521,48.17722]},"properties":{"cat":"park"}},{"type":"Feature","geometry":{"type":"Point","coordinates":[17.01455,48.2113]},"properties":{"cat":"zastavka"}},{"type":"Feature","geometry":{"type":"Point","coordinates":[17.01663,48.20993]},"properties":{"cat":"zastavka"}},{"type":"Feature","geometry":{"type":"Point","coordinates":[17.01858,48.20642]},"properties":{"cat":"zastavka"}},{"type":"Feature","geometry":{"type":"Point","coordinates":[17.01881,48.20633]},"properties":{"cat":"zastavka"}},{"type":"Feature","geometry":{"type":"Point","coordinates":[17.03996,48.20811]},"properties":{"cat":"park"}},{"type":"Feature","geometry":{"type":"Point","coordinates":[17.03174,48.20835]},"properties":{"cat":"lekar"}},{"type":"Feature","geometry":{"type":"Point","coordinates":[17.04738,48.19766]},"properties":{"cat":"park"}},{"type":"Feature","geometry":{"type":"Point","coordinates":[17.05713,48.19303]},"properties":{"cat":"park"}},{"type":"Feature","geometry":{"type":"Point","coordinates":[17.05364,48.19299]},"properties":{"cat":"park"}},{"type":"Feature","geometry":{"type":"Point","coordinates":[17.05031,48.19575]},"properties":{"cat":"skola"}},{"type":"Feature","geometry":{"type":"Point","coordinates":[17.04766,48.18158]},"properties":{"cat":"park"}},{"type":"Feature","geometry":{"type":"Point","coordinates":[17.04805,48.1913]},"properties":{"cat":"skolka"}},{"type":"Feature","geometry":{"type":"Point","coordinates":[17.05394,48.19416]},"properties":{"cat":"skolka"}},{"type":"Feature","geometry":{"type":"Point","coordinates":[17.05316,48.19395]},"properties":{"cat":"park"}},{"type":"Feature","geometry":{"type":"Point","coordinates":[17.05332,48.18948]},"properties":{"cat":"park"}},{"type":"Feature","geometry":{"type":"Point","coordinates":[17.05494,48.18773]},"properties":{"cat":"park"}},{"type":"Feature","geometry":{"type":"Point","coordinates":[17.04371,48.19916]},"properties":{"cat":"obchod"}},{"type":"Feature","geometry":{"type":"Point","coordinates":[17.04977,48.19134]},"properties":{"cat":"skola"}},{"type":"Feature","geometry":{"type":"Point","coordinates":[17.05202,48.19515]},"properties":{"cat":"lekar"}},{"type":"Feature","geometry":{"type":"Point","coordinates":[17.03628,48.18547]},"properties":{"cat":"obchod"}},{"type":"Feature","geometry":{"type":"Point","coordinates":[17.03689,48.18362]},"properties":{"cat":"skolka"}},{"type":"Feature","geometry":{"type":"Point","coordinates":[17.03928,48.18991]},"properties":{"cat":"skolka"}},{"type":"Feature","geometry":{"type":"Point","coordinates":[17.02786,48.1932]},"properties":{"cat":"skolka"}},{"type":"Feature","geometry":{"type":"Point","coordinates":[17.04702,48.18017]},"properties":{"cat":"skolka"}},{"type":"Feature","geometry":{"type":"Point","coordinates":[17.02805,48.19431]},"properties":{"cat":"obchod"}},{"type":"Feature","geometry":{"type":"Point","coordinates":[17.02985,48.19109]},"properties":{"cat":"skola"}},{"type":"Feature","geometry":{"type":"Point","coordinates":[17.03734,48.18814]},"properties":{"cat":"obchod"}},{"type":"Feature","geometry":{"type":"Point","coordinates":[17.04445,48.17842]},"properties":{"cat":"obchod"}},{"type":"Feature","geometry":{"type":"Point","coordinates":[17.04033,48.18262]},"properties":{"cat":"obchod"}},{"type":"Feature","geometry":{"type":"Point","coordinates":[17.04617,48.1816]},"properties":{"cat":"park"}},{"type":"Feature","geometry":{"type":"Point","coordinates":[17.03285,48.1916]},"properties":{"cat":"park"}},{"type":"Feature","geometry":{"type":"Point","coordinates":[17.03303,48.19163]},"properties":{"cat":"park"}},{"type":"Feature","geometry":{"type":"Point","coordinates":[17.03294,48.19185]},"properties":{"cat":"park"}},{"type":"Feature","geometry":{"type":"Point","coordinates":[17.03266,48.19251]},"properties":{"cat":"park"}},{"type":"Feature","geometry":{"type":"Point","coordinates":[17.03385,48.19479]},"properties":{"cat":"zastavka"}},{"type":"Feature","geometry":{"type":"Point","coordinates":[17.03398,48.19482]},"properties":{"cat":"zastavka"}},{"type":"Feature","geometry":{"type":"Point","coordinates":[17.03951,48.18309]},"properties":{"cat":"obchod"}},{"type":"Feature","geometry":{"type":"Point","coordinates":[17.04923,48.17393]},"properties":{"cat":"zastavka"}},{"type":"Feature","geometry":{"type":"Point","coordinates":[17.0491,48.17389]},"properties":{"cat":"zastavka"}},{"type":"Feature","geometry":{"type":"Point","coordinates":[17.04866,48.19453]},"properties":{"cat":"skolka"}},{"type":"Feature","geometry":{"type":"Point","coordinates":[17.04818,48.19489]},"properties":{"cat":"skolka"}},{"type":"Feature","geometry":{"type":"Point","coordinates":[17.04729,48.19963]},"properties":{"cat":"park"}},{"type":"Feature","geometry":{"type":"Point","coordinates":[17.04831,48.19856]},"properties":{"cat":"park"}},{"type":"Feature","geometry":{"type":"Point","coordinates":[17.04113,48.18688]},"properties":{"cat":"skolka"}},{"type":"Feature","geometry":{"type":"Point","coordinates":[17.03714,48.19319]},"properties":{"cat":"skola"}},{"type":"Feature","geometry":{"type":"Point","coordinates":[17.03547,48.19278]},"properties":{"cat":"lekar"}},{"type":"Feature","geometry":{"type":"Point","coordinates":[17.04441,48.18437]},"properties":{"cat":"park"}},{"type":"Feature","geometry":{"type":"Point","coordinates":[17.04294,48.18434]},"properties":{"cat":"park"}},{"type":"Feature","geometry":{"type":"Point","coordinates":[17.04442,48.18573]},"properties":{"cat":"park"}},{"type":"Feature","geometry":{"type":"Point","coordinates":[17.03112,48.18567]},"properties":{"cat":"park"}},{"type":"Feature","geometry":{"type":"Point","coordinates":[17.04112,48.18248]},"properties":{"cat":"park"}},{"type":"Feature","geometry":{"type":"Point","coordinates":[17.04191,48.18234]},"properties":{"cat":"park"}},{"type":"Feature","geometry":{"type":"Point","coordinates":[17.02961,48.19166]},"properties":{"cat":"skola"}},{"type":"Feature","geometry":{"type":"Point","coordinates":[17.05604,48.19394]},"properties":{"cat":"park"}},{"type":"Feature","geometry":{"type":"Point","coordinates":[17.04348,48.17966]},"properties":{"cat":"zastavka"}},{"type":"Feature","geometry":{"type":"Point","coordinates":[17.04337,48.17961]},"properties":{"cat":"zastavka"}},{"type":"Feature","geometry":{"type":"Point","coordinates":[17.02566,48.19668]},"properties":{"cat":"park"}},{"type":"Feature","geometry":{"type":"Point","coordinates":[17.03499,48.19193]},"properties":{"cat":"zastavka"}},{"type":"Feature","geometry":{"type":"Point","coordinates":[17.03512,48.19196]},"properties":{"cat":"zastavka"}},{"type":"Feature","geometry":{"type":"Point","coordinates":[17.04,48.18235]},"properties":{"cat":"zastavka"}},{"type":"Feature","geometry":{"type":"Point","coordinates":[17.03756,48.18582]},"properties":{"cat":"zastavka"}},{"type":"Feature","geometry":{"type":"Point","coordinates":[17.03783,48.18481]},"properties":{"cat":"zastavka"}},{"type":"Feature","geometry":{"type":"Point","coordinates":[17.03645,48.18863]},"properties":{"cat":"zastavka"}},{"type":"Feature","geometry":{"type":"Point","coordinates":[17.03658,48.18798]},"properties":{"cat":"zastavka"}},{"type":"Feature","geometry":{"type":"Point","coordinates":[17.04058,48.18177]},"properties":{"cat":"zastavka"}},{"type":"Feature","geometry":{"type":"Point","coordinates":[17.05068,48.18493]},"properties":{"cat":"zastavka"}},{"type":"Feature","geometry":{"type":"Point","coordinates":[17.05073,48.18496]},"properties":{"cat":"zastavka"}},{"type":"Feature","geometry":{"type":"Point","coordinates":[17.04789,48.19606]},"properties":{"cat":"park"}},{"type":"Feature","geometry":{"type":"Point","coordinates":[17.04788,48.19632]},"properties":{"cat":"park"}},{"type":"Feature","geometry":{"type":"Point","coordinates":[17.02343,48.20481]},"properties":{"cat":"obchod"}},{"type":"Feature","geometry":{"type":"Point","coordinates":[17.04921,48.18008]},"properties":{"cat":"skola"}},{"type":"Feature","geometry":{"type":"Point","coordinates":[17.04879,48.18086]},"properties":{"cat":"skola"}},{"type":"Feature","geometry":{"type":"Point","coordinates":[17.03434,48.18708]},"properties":{"cat":"skola"}},{"type":"Feature","geometry":{"type":"Point","coordinates":[17.04278,48.1875]},"properties":{"cat":"skola"}},{"type":"Feature","geometry":{"type":"Point","coordinates":[17.04215,48.18848]},"properties":{"cat":"skola"}},{"type":"Feature","geometry":{"type":"Point","coordinates":[17.037,48.19332]},"properties":{"cat":"skola"}},{"type":"Feature","geometry":{"type":"Point","coordinates":[17.02925,48.19351]},"properties":{"cat":"skola"}},{"type":"Feature","geometry":{"type":"Point","coordinates":[17.03816,48.19202]},"properties":{"cat":"skolka"}},{"type":"Feature","geometry":{"type":"Point","coordinates":[17.0388,48.19437]},"properties":{"cat":"park"}},{"type":"Feature","geometry":{"type":"Point","coordinates":[17.03399,48.20436]},"properties":{"cat":"park"}},{"type":"Feature","geometry":{"type":"Point","coordinates":[17.05294,48.17797]},"properties":{"cat":"obchod"}},{"type":"Feature","geometry":{"type":"Point","coordinates":[17.06473,48.17611]},"properties":{"cat":"obchod"}},{"type":"Feature","geometry":{"type":"Point","coordinates":[17.05236,48.17948]},"properties":{"cat":"park"}},{"type":"Feature","geometry":{"type":"Point","coordinates":[17.04477,48.17997]},"properties":{"cat":"park"}},{"type":"Feature","geometry":{"type":"Point","coordinates":[17.03369,48.19418]},"properties":{"cat":"park"}},{"type":"Feature","geometry":{"type":"Point","coordinates":[17.03115,48.19457]},"properties":{"cat":"park"}},{"type":"Feature","geometry":{"type":"Point","coordinates":[17.03283,48.19491]},"properties":{"cat":"park"}},{"type":"Feature","geometry":{"type":"Point","coordinates":[17.03255,48.19289]},"properties":{"cat":"park"}},{"type":"Feature","geometry":{"type":"Point","coordinates":[17.03492,48.20452]},"properties":{"cat":"park"}},{"type":"Feature","geometry":{"type":"Point","coordinates":[17.02483,48.18935]},"properties":{"cat":"park"}},{"type":"Feature","geometry":{"type":"Point","coordinates":[17.03022,48.19327]},"properties":{"cat":"park"}},{"type":"Feature","geometry":{"type":"Point","coordinates":[17.0338,48.20551]},"properties":{"cat":"park"}},{"type":"Feature","geometry":{"type":"Point","coordinates":[17.04264,48.18292]},"properties":{"cat":"skolka"}},{"type":"Feature","geometry":{"type":"Point","coordinates":[17.03144,48.20819]},"properties":{"cat":"lekar"}},{"type":"Feature","geometry":{"type":"Point","coordinates":[17.03954,48.18135]},"properties":{"cat":"skolka"}},{"type":"Feature","geometry":{"type":"Point","coordinates":[17.03834,48.18102]},"properties":{"cat":"skola"}},{"type":"Feature","geometry":{"type":"Point","coordinates":[17.0259,48.18534]},"properties":{"cat":"park"}},{"type":"Feature","geometry":{"type":"Point","coordinates":[17.06054,48.17452]},"properties":{"cat":"skola"}},{"type":"Feature","geometry":{"type":"Point","coordinates":[17.02768,48.20866]},"properties":{"cat":"park"}},{"type":"Feature","geometry":{"type":"Point","coordinates":[17.02794,48.20871]},"properties":{"cat":"park"}},{"type":"Feature","geometry":{"type":"Point","coordinates":[17.02872,48.20902]},"properties":{"cat":"park"}},{"type":"Feature","geometry":{"type":"Point","coordinates":[17.01701,48.20758]},"properties":{"cat":"obchod"}},{"type":"Feature","geometry":{"type":"Point","coordinates":[17.01937,48.20828]},"properties":{"cat":"park"}},{"type":"Feature","geometry":{"type":"Point","coordinates":[17.02013,48.20785]},"properties":{"cat":"park"}},{"type":"Feature","geometry":{"type":"Point","coordinates":[17.02102,48.20854]},"properties":{"cat":"park"}},{"type":"Feature","geometry":{"type":"Point","coordinates":[17.02021,48.20905]},"properties":{"cat":"park"}},{"type":"Feature","geometry":{"type":"Point","coordinates":[17.02098,48.20906]},"properties":{"cat":"park"}},{"type":"Feature","geometry":{"type":"Point","coordinates":[17.02531,48.2071]},"properties":{"cat":"skolka"}},{"type":"Feature","geometry":{"type":"Point","coordinates":[17.03951,48.18391]},"properties":{"cat":"park"}},{"type":"Feature","geometry":{"type":"Point","coordinates":[17.03978,48.18129]},"properties":{"cat":"park"}},{"type":"Feature","geometry":{"type":"Point","coordinates":[17.03713,48.18013]},"properties":{"cat":"park"}},{"type":"Feature","geometry":{"type":"Point","coordinates":[17.03599,48.18138]},"properties":{"cat":"park"}},{"type":"Feature","geometry":{"type":"Point","coordinates":[17.04395,48.18158]},"properties":{"cat":"park"}},{"type":"Feature","geometry":{"type":"Point","coordinates":[17.0374,48.18869]},"properties":{"cat":"park"}},{"type":"Feature","geometry":{"type":"Point","coordinates":[17.03107,48.19517]},"properties":{"cat":"park"}},{"type":"Feature","geometry":{"type":"Point","coordinates":[17.02842,48.20709]},"properties":{"cat":"park"}},{"type":"Feature","geometry":{"type":"Point","coordinates":[17.02827,48.20704]},"properties":{"cat":"park"}},{"type":"Feature","geometry":{"type":"Point","coordinates":[17.02831,48.20719]},"properties":{"cat":"park"}},{"type":"Feature","geometry":{"type":"Point","coordinates":[17.02814,48.20714]},"properties":{"cat":"park"}},{"type":"Feature","geometry":{"type":"Point","coordinates":[17.02783,48.20689]},"properties":{"cat":"park"}},{"type":"Feature","geometry":{"type":"Point","coordinates":[17.02941,48.2074]},"properties":{"cat":"park"}},{"type":"Feature","geometry":{"type":"Point","coordinates":[17.04213,48.18916]},"properties":{"cat":"park"}},{"type":"Feature","geometry":{"type":"Point","coordinates":[17.05164,48.17235]},"properties":{"cat":"park"}},{"type":"Feature","geometry":{"type":"Point","coordinates":[17.01945,48.20998]},"properties":{"cat":"park"}},{"type":"Feature","geometry":{"type":"Point","coordinates":[17.01928,48.21009]},"properties":{"cat":"park"}},{"type":"Feature","geometry":{"type":"Point","coordinates":[17.01932,48.20957]},"properties":{"cat":"park"}},{"type":"Feature","geometry":{"type":"Point","coordinates":[17.01852,48.20884]},"properties":{"cat":"park"}},{"type":"Feature","geometry":{"type":"Point","coordinates":[17.01789,48.20927]},"properties":{"cat":"park"}},{"type":"Feature","geometry":{"type":"Point","coordinates":[17.01876,48.20992]},"properties":{"cat":"park"}},{"type":"Feature","geometry":{"type":"Point","coordinates":[17.05159,48.19481]},"properties":{"cat":"park"}},{"type":"Feature","geometry":{"type":"Point","coordinates":[17.04952,48.19538]},"properties":{"cat":"park"}},{"type":"Feature","geometry":{"type":"Point","coordinates":[17.05043,48.19524]},"properties":{"cat":"park"}},{"type":"Feature","geometry":{"type":"Point","coordinates":[17.04654,48.17997]},"properties":{"cat":"park"}},{"type":"Feature","geometry":{"type":"Point","coordinates":[17.04968,48.18046]},"properties":{"cat":"park"}},{"type":"Feature","geometry":{"type":"Point","coordinates":[17.02538,48.20715]},"properties":{"cat":"park"}},{"type":"Feature","geometry":{"type":"Point","coordinates":[17.02562,48.20703]},"properties":{"cat":"park"}},{"type":"Feature","geometry":{"type":"Point","coordinates":[17.04883,48.20016]},"properties":{"cat":"park"}},{"type":"Feature","geometry":{"type":"Point","coordinates":[17.04982,48.19791]},"properties":{"cat":"park"}},{"type":"Feature","geometry":{"type":"Point","coordinates":[17.0257,48.1918]},"properties":{"cat":"park"}},{"type":"Feature","geometry":{"type":"Point","coordinates":[17.03948,48.18412]},"properties":{"cat":"park"}},{"type":"Feature","geometry":{"type":"Point","coordinates":[17.04879,48.19468]},"properties":{"cat":"park"}},{"type":"Feature","geometry":{"type":"Point","coordinates":[17.04847,48.19502]},"properties":{"cat":"park"}},{"type":"Feature","geometry":{"type":"Point","coordinates":[17.02726,48.20508]},"properties":{"cat":"obchod"}},{"type":"Feature","geometry":{"type":"Point","coordinates":[17.05479,48.17686]},"properties":{"cat":"park"}},{"type":"Feature","geometry":{"type":"Point","coordinates":[17.05409,48.17679]},"properties":{"cat":"park"}},{"type":"Feature","geometry":{"type":"Point","coordinates":[17.05341,48.17688]},"properties":{"cat":"park"}},{"type":"Feature","geometry":{"type":"Point","coordinates":[17.02582,48.17818]},"properties":{"cat":"park"}},{"type":"Feature","geometry":{"type":"Point","coordinates":[17.0265,48.19456]},"properties":{"cat":"skolka"}},{"type":"Feature","geometry":{"type":"Point","coordinates":[17.02705,48.20206]},"properties":{"cat":"park"}},{"type":"Feature","geometry":{"type":"Point","coordinates":[17.03051,48.2008]},"properties":{"cat":"park"}},{"type":"Feature","geometry":{"type":"Point","coordinates":[17.03223,48.20565]},"properties":{"cat":"park"}},{"type":"Feature","geometry":{"type":"Point","coordinates":[17.01749,48.21061]},"properties":{"cat":"park"}},{"type":"Feature","geometry":{"type":"Point","coordinates":[17.01873,48.20998]},"properties":{"cat":"park"}},{"type":"Feature","geometry":{"type":"Point","coordinates":[17.01257,48.2065]},"properties":{"cat":"park"}},{"type":"Feature","geometry":{"type":"Point","coordinates":[17.03564,48.19806]},"properties":{"cat":"park"}},{"type":"Feature","geometry":{"type":"Point","coordinates":[17.06589,48.17357]},"properties":{"cat":"skola"}},{"type":"Feature","geometry":{"type":"Point","coordinates":[17.01601,48.20853]},"properties":{"cat":"park"}},{"type":"Feature","geometry":{"type":"Point","coordinates":[17.03139,48.18533]},"properties":{"cat":"skola"}},{"type":"Feature","geometry":{"type":"Point","coordinates":[17.14649,48.17669]},"properties":{"cat":"zastavka"}},{"type":"Feature","geometry":{"type":"Point","coordinates":[17.17941,48.18637]},"properties":{"cat":"obchod"}},{"type":"Feature","geometry":{"type":"Point","coordinates":[17.16103,48.20911]},"properties":{"cat":"zastavka"}},{"type":"Feature","geometry":{"type":"Point","coordinates":[17.14626,48.1767]},"properties":{"cat":"zastavka"}},{"type":"Feature","geometry":{"type":"Point","coordinates":[17.18328,48.18947]},"properties":{"cat":"zastavka"}},{"type":"Feature","geometry":{"type":"Point","coordinates":[17.13624,48.18885]},"properties":{"cat":"zastavka"}},{"type":"Feature","geometry":{"type":"Point","coordinates":[17.14761,48.19971]},"properties":{"cat":"zastavka"}},{"type":"Feature","geometry":{"type":"Point","coordinates":[17.15712,48.21357]},"properties":{"cat":"obchod"}},{"type":"Feature","geometry":{"type":"Point","coordinates":[17.14196,48.19603]},"properties":{"cat":"obchod"}},{"type":"Feature","geometry":{"type":"Point","coordinates":[17.15483,48.2112]},"properties":{"cat":"zastavka"}},{"type":"Feature","geometry":{"type":"Point","coordinates":[17.17977,48.18689]},"properties":{"cat":"lekaren"}},{"type":"Feature","geometry":{"type":"Point","coordinates":[17.17132,48.18252]},"properties":{"cat":"zastavka"}},{"type":"Feature","geometry":{"type":"Point","coordinates":[17.14487,48.17666]},"properties":{"cat":"zastavka"}},{"type":"Feature","geometry":{"type":"Point","coordinates":[17.14139,48.17196]},"properties":{"cat":"zastavka"}},{"type":"Feature","geometry":{"type":"Point","coordinates":[17.13366,48.18591]},"properties":{"cat":"zastavka"}},{"type":"Feature","geometry":{"type":"Point","coordinates":[17.14384,48.19574]},"properties":{"cat":"zastavka"}},{"type":"Feature","geometry":{"type":"Point","coordinates":[17.14946,48.2029]},"properties":{"cat":"zastavka"}},{"type":"Feature","geometry":{"type":"Point","coordinates":[17.17062,48.19865]},"properties":{"cat":"lekaren"}},{"type":"Feature","geometry":{"type":"Point","coordinates":[17.1547,48.21147]},"properties":{"cat":"lekaren"}},{"type":"Feature","geometry":{"type":"Point","coordinates":[17.15583,48.21092]},"properties":{"cat":"zastavka"}},{"type":"Feature","geometry":{"type":"Point","coordinates":[17.16396,48.201]},"properties":{"cat":"zastavka"}},{"type":"Feature","geometry":{"type":"Point","coordinates":[17.16374,48.20087]},"properties":{"cat":"zastavka"}},{"type":"Feature","geometry":{"type":"Point","coordinates":[17.19892,48.19497]},"properties":{"cat":"zastavka"}},{"type":"Feature","geometry":{"type":"Point","coordinates":[17.19632,48.19028]},"properties":{"cat":"zastavka"}},{"type":"Feature","geometry":{"type":"Point","coordinates":[17.13883,48.19107]},"properties":{"cat":"zastavka"}},{"type":"Feature","geometry":{"type":"Point","coordinates":[17.162,48.20159]},"properties":{"cat":"obchod"}},{"type":"Feature","geometry":{"type":"Point","coordinates":[17.19594,48.18885]},"properties":{"cat":"zastavka"}},{"type":"Feature","geometry":{"type":"Point","coordinates":[17.16324,48.21441]},"properties":{"cat":"zastavka"}},{"type":"Feature","geometry":{"type":"Point","coordinates":[17.1635,48.2148]},"properties":{"cat":"zastavka"}},{"type":"Feature","geometry":{"type":"Point","coordinates":[17.14472,48.19604]},"properties":{"cat":"zastavka"}},{"type":"Feature","geometry":{"type":"Point","coordinates":[17.14161,48.1959]},"properties":{"cat":"zastavka"}},{"type":"Feature","geometry":{"type":"Point","coordinates":[17.14093,48.19913]},"properties":{"cat":"zastavka"}},{"type":"Feature","geometry":{"type":"Point","coordinates":[17.13515,48.18522]},"properties":{"cat":"zastavka"}},{"type":"Feature","geometry":{"type":"Point","coordinates":[17.13391,48.18572]},"properties":{"cat":"zastavka"}},{"type":"Feature","geometry":{"type":"Point","coordinates":[17.16523,48.1995]},"properties":{"cat":"zastavka"}},{"type":"Feature","geometry":{"type":"Point","coordinates":[17.15668,48.21355]},"properties":{"cat":"zastavka"}},{"type":"Feature","geometry":{"type":"Point","coordinates":[17.17676,48.19387]},"properties":{"cat":"zastavka"}},{"type":"Feature","geometry":{"type":"Point","coordinates":[17.19808,48.19998]},"properties":{"cat":"zastavka"}},{"type":"Feature","geometry":{"type":"Point","coordinates":[17.15374,48.21108]},"properties":{"cat":"zastavka"}},{"type":"Feature","geometry":{"type":"Point","coordinates":[17.14646,48.21106]},"properties":{"cat":"obchod"}},{"type":"Feature","geometry":{"type":"Point","coordinates":[17.14212,48.19981]},"properties":{"cat":"obchod"}},{"type":"Feature","geometry":{"type":"Point","coordinates":[17.161,48.1816]},"properties":{"cat":"zastavka"}},{"type":"Feature","geometry":{"type":"Point","coordinates":[17.16209,48.18263]},"properties":{"cat":"zastavka"}},{"type":"Feature","geometry":{"type":"Point","coordinates":[17.19885,48.19458]},"properties":{"cat":"zastavka"}},{"type":"Feature","geometry":{"type":"Point","coordinates":[17.17211,48.1829]},"properties":{"cat":"zastavka"}},{"type":"Feature","geometry":{"type":"Point","coordinates":[17.16803,48.1781]},"properties":{"cat":"zastavka"}},{"type":"Feature","geometry":{"type":"Point","coordinates":[17.16657,48.17717]},"properties":{"cat":"zastavka"}},{"type":"Feature","geometry":{"type":"Point","coordinates":[17.13758,48.17981]},"properties":{"cat":"zastavka"}},{"type":"Feature","geometry":{"type":"Point","coordinates":[17.16774,48.17703]},"properties":{"cat":"zastavka"}},{"type":"Feature","geometry":{"type":"Point","coordinates":[17.16588,48.19521]},"properties":{"cat":"zastavka"}},{"type":"Feature","geometry":{"type":"Point","coordinates":[17.16592,48.19531]},"properties":{"cat":"zastavka"}},{"type":"Feature","geometry":{"type":"Point","coordinates":[17.16259,48.20263]},"properties":{"cat":"zastavka"}},{"type":"Feature","geometry":{"type":"Point","coordinates":[17.17659,48.18716]},"properties":{"cat":"zastavka"}},{"type":"Feature","geometry":{"type":"Point","coordinates":[17.16942,48.18489]},"properties":{"cat":"zastavka"}},{"type":"Feature","geometry":{"type":"Point","coordinates":[17.16892,48.19886]},"properties":{"cat":"zastavka"}},{"type":"Feature","geometry":{"type":"Point","coordinates":[17.15747,48.21073]},"properties":{"cat":"zastavka"}},{"type":"Feature","geometry":{"type":"Point","coordinates":[17.15245,48.21319]},"properties":{"cat":"zastavka"}},{"type":"Feature","geometry":{"type":"Point","coordinates":[17.14451,48.19631]},"properties":{"cat":"zastavka"}},{"type":"Feature","geometry":{"type":"Point","coordinates":[17.16317,48.1821]},"properties":{"cat":"zastavka"}},{"type":"Feature","geometry":{"type":"Point","coordinates":[17.16268,48.1833]},"properties":{"cat":"zastavka"}},{"type":"Feature","geometry":{"type":"Point","coordinates":[17.16838,48.17211]},"properties":{"cat":"zastavka"}},{"type":"Feature","geometry":{"type":"Point","coordinates":[17.16629,48.17402]},"properties":{"cat":"zastavka"}},{"type":"Feature","geometry":{"type":"Point","coordinates":[17.17149,48.17335]},"properties":{"cat":"zastavka"}},{"type":"Feature","geometry":{"type":"Point","coordinates":[17.18207,48.18956]},"properties":{"cat":"zastavka"}},{"type":"Feature","geometry":{"type":"Point","coordinates":[17.17088,48.18755]},"properties":{"cat":"zastavka"}},{"type":"Feature","geometry":{"type":"Point","coordinates":[17.16522,48.18619]},"properties":{"cat":"zastavka"}},{"type":"Feature","geometry":{"type":"Point","coordinates":[17.16567,48.17892]},"properties":{"cat":"zastavka"}},{"type":"Feature","geometry":{"type":"Point","coordinates":[17.16379,48.17468]},"properties":{"cat":"zastavka"}},{"type":"Feature","geometry":{"type":"Point","coordinates":[17.15726,48.19414]},"properties":{"cat":"zastavka"}},{"type":"Feature","geometry":{"type":"Point","coordinates":[17.15885,48.19251]},"properties":{"cat":"zastavka"}},{"type":"Feature","geometry":{"type":"Point","coordinates":[17.17342,48.21241]},"properties":{"cat":"zastavka"}},{"type":"Feature","geometry":{"type":"Point","coordinates":[17.17519,48.21384]},"properties":{"cat":"zastavka"}},{"type":"Feature","geometry":{"type":"Point","coordinates":[17.13518,48.18228]},"properties":{"cat":"zastavka"}},{"type":"Feature","geometry":{"type":"Point","coordinates":[17.15943,48.18754]},"properties":{"cat":"zastavka"}},{"type":"Feature","geometry":{"type":"Point","coordinates":[17.16398,48.19052]},"properties":{"cat":"zastavka"}},{"type":"Feature","geometry":{"type":"Point","coordinates":[17.16049,48.1962]},"properties":{"cat":"zastavka"}},{"type":"Feature","geometry":{"type":"Point","coordinates":[17.16992,48.19119]},"properties":{"cat":"zastavka"}},{"type":"Feature","geometry":{"type":"Point","coordinates":[17.18972,48.21477]},"properties":{"cat":"zastavka"}},{"type":"Feature","geometry":{"type":"Point","coordinates":[17.17928,48.18059]},"properties":{"cat":"zastavka"}},{"type":"Feature","geometry":{"type":"Point","coordinates":[17.18437,48.18909]},"properties":{"cat":"zastavka"}},{"type":"Feature","geometry":{"type":"Point","coordinates":[17.13394,48.17302]},"properties":{"cat":"park"}},{"type":"Feature","geometry":{"type":"Point","coordinates":[17.16126,48.2035]},"properties":{"cat":"zastavka"}},{"type":"Feature","geometry":{"type":"Point","coordinates":[17.1652,48.19939]},"properties":{"cat":"zastavka"}},{"type":"Feature","geometry":{"type":"Point","coordinates":[17.17192,48.19817]},"properties":{"cat":"zastavka"}},{"type":"Feature","geometry":{"type":"Point","coordinates":[17.17277,48.19744]},"properties":{"cat":"zastavka"}},{"type":"Feature","geometry":{"type":"Point","coordinates":[17.19784,48.19923]},"properties":{"cat":"zastavka"}},{"type":"Feature","geometry":{"type":"Point","coordinates":[17.1534,48.2112]},"properties":{"cat":"lekaren"}},{"type":"Feature","geometry":{"type":"Point","coordinates":[17.15328,48.21129]},"properties":{"cat":"obchod"}},{"type":"Feature","geometry":{"type":"Point","coordinates":[17.15314,48.17958]},"properties":{"cat":"zastavka"}},{"type":"Feature","geometry":{"type":"Point","coordinates":[17.13457,48.18188]},"properties":{"cat":"zastavka"}},{"type":"Feature","geometry":{"type":"Point","coordinates":[17.14526,48.17202]},"properties":{"cat":"zastavka"}},{"type":"Feature","geometry":{"type":"Point","coordinates":[17.17775,48.18845]},"properties":{"cat":"zastavka"}},{"type":"Feature","geometry":{"type":"Point","coordinates":[17.16377,48.18301]},"properties":{"cat":"zastavka"}},{"type":"Feature","geometry":{"type":"Point","coordinates":[17.15441,48.17985]},"properties":{"cat":"zastavka"}},{"type":"Feature","geometry":{"type":"Point","coordinates":[17.17069,48.18546]},"properties":{"cat":"zastavka"}},{"type":"Feature","geometry":{"type":"Point","coordinates":[17.1833,48.18945]},"properties":{"cat":"zastavka"}},{"type":"Feature","geometry":{"type":"Point","coordinates":[17.18264,48.18952]},"properties":{"cat":"zastavka"}},{"type":"Feature","geometry":{"type":"Point","coordinates":[17.15462,48.21112]},"properties":{"cat":"zastavka"}},{"type":"Feature","geometry":{"type":"Point","coordinates":[17.15482,48.21116]},"properties":{"cat":"zastavka"}},{"type":"Feature","geometry":{"type":"Point","coordinates":[17.15046,48.20771]},"properties":{"cat":"zastavka"}},{"type":"Feature","geometry":{"type":"Point","coordinates":[17.15039,48.20767]},"properties":{"cat":"zastavka"}},{"type":"Feature","geometry":{"type":"Point","coordinates":[17.151,48.20828]},"properties":{"cat":"zastavka"}},{"type":"Feature","geometry":{"type":"Point","coordinates":[17.16326,48.2148]},"properties":{"cat":"zastavka"}},{"type":"Feature","geometry":{"type":"Point","coordinates":[17.15835,48.21164]},"properties":{"cat":"zastavka"}},{"type":"Feature","geometry":{"type":"Point","coordinates":[17.16624,48.17422]},"properties":{"cat":"zastavka"}},{"type":"Feature","geometry":{"type":"Point","coordinates":[17.19661,48.19124]},"properties":{"cat":"zastavka"}},{"type":"Feature","geometry":{"type":"Point","coordinates":[17.13802,48.17302]},"properties":{"cat":"park"}},{"type":"Feature","geometry":{"type":"Point","coordinates":[17.14012,48.19637]},"properties":{"cat":"zastavka"}},{"type":"Feature","geometry":{"type":"Point","coordinates":[17.16633,48.17386]},"properties":{"cat":"zastavka"}},{"type":"Feature","geometry":{"type":"Point","coordinates":[17.16652,48.17415]},"properties":{"cat":"zastavka"}},{"type":"Feature","geometry":{"type":"Point","coordinates":[17.13358,48.18681]},"properties":{"cat":"zastavka"}},{"type":"Feature","geometry":{"type":"Point","coordinates":[17.16392,48.17441]},"properties":{"cat":"zastavka"}},{"type":"Feature","geometry":{"type":"Point","coordinates":[17.16938,48.19864]},"properties":{"cat":"zastavka"}},{"type":"Feature","geometry":{"type":"Point","coordinates":[17.13456,48.18135]},"properties":{"cat":"obchod"}},{"type":"Feature","geometry":{"type":"Point","coordinates":[17.13541,48.18323]},"properties":{"cat":"obchod"}},{"type":"Feature","geometry":{"type":"Point","coordinates":[17.15908,48.20792]},"properties":{"cat":"zastavka"}},{"type":"Feature","geometry":{"type":"Point","coordinates":[17.15489,48.21161]},"properties":{"cat":"zastavka"}},{"type":"Feature","geometry":{"type":"Point","coordinates":[17.14072,48.19472]},"properties":{"cat":"lekar"}},{"type":"Feature","geometry":{"type":"Point","coordinates":[17.13939,48.19731]},"properties":{"cat":"skola"}},{"type":"Feature","geometry":{"type":"Point","coordinates":[17.13999,48.19629]},"properties":{"cat":"lekaren"}},{"type":"Feature","geometry":{"type":"Point","coordinates":[17.19205,48.1969]},"properties":{"cat":"zastavka"}},{"type":"Feature","geometry":{"type":"Point","coordinates":[17.19144,48.19673]},"properties":{"cat":"zastavka"}},{"type":"Feature","geometry":{"type":"Point","coordinates":[17.13923,48.19087]},"properties":{"cat":"zastavka"}},{"type":"Feature","geometry":{"type":"Point","coordinates":[17.15988,48.21326]},"properties":{"cat":"park"}},{"type":"Feature","geometry":{"type":"Point","coordinates":[17.17899,48.1804]},"properties":{"cat":"zastavka"}},{"type":"Feature","geometry":{"type":"Point","coordinates":[17.17761,48.18276]},"properties":{"cat":"zastavka"}},{"type":"Feature","geometry":{"type":"Point","coordinates":[17.18256,48.18924]},"properties":{"cat":"zastavka"}},{"type":"Feature","geometry":{"type":"Point","coordinates":[17.18439,48.19122]},"properties":{"cat":"zastavka"}},{"type":"Feature","geometry":{"type":"Point","coordinates":[17.17084,48.17311]},"properties":{"cat":"zastavka"}},{"type":"Feature","geometry":{"type":"Point","coordinates":[17.16613,48.17463]},"properties":{"cat":"skolka"}},{"type":"Feature","geometry":{"type":"Point","coordinates":[17.15001,48.20865]},"properties":{"cat":"zastavka"}},{"type":"Feature","geometry":{"type":"Point","coordinates":[17.14723,48.20412]},"properties":{"cat":"zastavka"}},{"type":"Feature","geometry":{"type":"Point","coordinates":[17.15014,48.20351]},"properties":{"cat":"zastavka"}},{"type":"Feature","geometry":{"type":"Point","coordinates":[17.14829,48.20018]},"properties":{"cat":"zastavka"}},{"type":"Feature","geometry":{"type":"Point","coordinates":[17.15944,48.21243]},"properties":{"cat":"zastavka"}},{"type":"Feature","geometry":{"type":"Point","coordinates":[17.15835,48.21161]},"properties":{"cat":"zastavka"}},{"type":"Feature","geometry":{"type":"Point","coordinates":[17.14954,48.20312]},"properties":{"cat":"zastavka"}},{"type":"Feature","geometry":{"type":"Point","coordinates":[17.14719,48.19931]},"properties":{"cat":"zastavka"}},{"type":"Feature","geometry":{"type":"Point","coordinates":[17.14338,48.1953]},"properties":{"cat":"zastavka"}},{"type":"Feature","geometry":{"type":"Point","coordinates":[17.13907,48.19133]},"properties":{"cat":"zastavka"}},{"type":"Feature","geometry":{"type":"Point","coordinates":[17.13556,48.18835]},"properties":{"cat":"zastavka"}},{"type":"Feature","geometry":{"type":"Point","coordinates":[17.14996,48.20362]},"properties":{"cat":"zastavka"}},{"type":"Feature","geometry":{"type":"Point","coordinates":[17.14523,48.172]},"properties":{"cat":"zastavka"}},{"type":"Feature","geometry":{"type":"Point","coordinates":[17.18269,48.18948]},"properties":{"cat":"zastavka"}},{"type":"Feature","geometry":{"type":"Point","coordinates":[17.15154,48.20522]},"properties":{"cat":"zastavka"}},{"type":"Feature","geometry":{"type":"Point","coordinates":[17.15203,48.20541]},"properties":{"cat":"zastavka"}},{"type":"Feature","geometry":{"type":"Point","coordinates":[17.13725,48.18588]},"properties":{"cat":"zastavka"}},{"type":"Feature","geometry":{"type":"Point","coordinates":[17.13744,48.1859]},"properties":{"cat":"zastavka"}},{"type":"Feature","geometry":{"type":"Point","coordinates":[17.15548,48.20833]},"properties":{"cat":"zastavka"}},{"type":"Feature","geometry":{"type":"Point","coordinates":[17.15768,48.21056]},"properties":{"cat":"zastavka"}},{"type":"Feature","geometry":{"type":"Point","coordinates":[17.1633,48.21478]},"properties":{"cat":"zastavka"}},{"type":"Feature","geometry":{"type":"Point","coordinates":[17.15462,48.21109]},"properties":{"cat":"zastavka"}},{"type":"Feature","geometry":{"type":"Point","coordinates":[17.13339,48.18571]},"properties":{"cat":"zastavka"}},{"type":"Feature","geometry":{"type":"Point","coordinates":[17.14579,48.17642]},"properties":{"cat":"zastavka"}},{"type":"Feature","geometry":{"type":"Point","coordinates":[17.15278,48.17933]},"properties":{"cat":"zastavka"}},{"type":"Feature","geometry":{"type":"Point","coordinates":[17.1621,48.18247]},"properties":{"cat":"zastavka"}},{"type":"Feature","geometry":{"type":"Point","coordinates":[17.16924,48.18498]},"properties":{"cat":"zastavka"}},{"type":"Feature","geometry":{"type":"Point","coordinates":[17.17646,48.18787]},"properties":{"cat":"zastavka"}},{"type":"Feature","geometry":{"type":"Point","coordinates":[17.15099,48.20824]},"properties":{"cat":"zastavka"}},{"type":"Feature","geometry":{"type":"Point","coordinates":[17.13679,48.18025]},"properties":{"cat":"zastavka"}},{"type":"Feature","geometry":{"type":"Point","coordinates":[17.15874,48.20617]},"properties":{"cat":"zastavka"}},{"type":"Feature","geometry":{"type":"Point","coordinates":[17.15885,48.20622]},"properties":{"cat":"zastavka"}},{"type":"Feature","geometry":{"type":"Point","coordinates":[17.14723,48.21161]},"properties":{"cat":"zastavka"}},{"type":"Feature","geometry":{"type":"Point","coordinates":[17.14238,48.17323]},"properties":{"cat":"zastavka"}},{"type":"Feature","geometry":{"type":"Point","coordinates":[17.17537,48.21419]},"properties":{"cat":"zastavka"}},{"type":"Feature","geometry":{"type":"Point","coordinates":[17.15512,48.17996]},"properties":{"cat":"zastavka"}},{"type":"Feature","geometry":{"type":"Point","coordinates":[17.14524,48.17616]},"properties":{"cat":"zastavka"}},{"type":"Feature","geometry":{"type":"Point","coordinates":[17.16132,48.18129]},"properties":{"cat":"zastavka"}},{"type":"Feature","geometry":{"type":"Point","coordinates":[17.16118,48.18163]},"properties":{"cat":"zastavka"}},{"type":"Feature","geometry":{"type":"Point","coordinates":[17.13409,48.17168]},"properties":{"cat":"zastavka"}},{"type":"Feature","geometry":{"type":"Point","coordinates":[17.1541,48.17895]},"properties":{"cat":"zastavka"}},{"type":"Feature","geometry":{"type":"Point","coordinates":[17.17921,48.19618]},"properties":{"cat":"zastavka"}},{"type":"Feature","geometry":{"type":"Point","coordinates":[17.17862,48.19633]},"properties":{"cat":"zastavka"}},{"type":"Feature","geometry":{"type":"Point","coordinates":[17.19556,48.19863]},"properties":{"cat":"zastavka"}},{"type":"Feature","geometry":{"type":"Point","coordinates":[17.15721,48.19378]},"properties":{"cat":"zastavka"}},{"type":"Feature","geometry":{"type":"Point","coordinates":[17.15984,48.18679]},"properties":{"cat":"zastavka"}},{"type":"Feature","geometry":{"type":"Point","coordinates":[17.17653,48.18804]},"properties":{"cat":"zastavka"}},{"type":"Feature","geometry":{"type":"Point","coordinates":[17.17741,48.18835]},"properties":{"cat":"zastavka"}},{"type":"Feature","geometry":{"type":"Point","coordinates":[17.18167,48.19322]},"properties":{"cat":"zastavka"}},{"type":"Feature","geometry":{"type":"Point","coordinates":[17.16554,48.1862]},"properties":{"cat":"zastavka"}},{"type":"Feature","geometry":{"type":"Point","coordinates":[17.17027,48.18741]},"properties":{"cat":"zastavka"}},{"type":"Feature","geometry":{"type":"Point","coordinates":[17.16119,48.19598]},"properties":{"cat":"zastavka"}},{"type":"Feature","geometry":{"type":"Point","coordinates":[17.17681,48.18454]},"properties":{"cat":"zastavka"}},{"type":"Feature","geometry":{"type":"Point","coordinates":[17.16671,48.1782]},"properties":{"cat":"zastavka"}},{"type":"Feature","geometry":{"type":"Point","coordinates":[17.1689,48.17209]},"properties":{"cat":"zastavka"}},{"type":"Feature","geometry":{"type":"Point","coordinates":[17.19354,48.21189]},"properties":{"cat":"zastavka"}},{"type":"Feature","geometry":{"type":"Point","coordinates":[17.19343,48.21206]},"properties":{"cat":"zastavka"}},{"type":"Feature","geometry":{"type":"Point","coordinates":[17.16957,48.18525]},"properties":{"cat":"zastavka"}},{"type":"Feature","geometry":{"type":"Point","coordinates":[17.15952,48.18146]},"properties":{"cat":"zastavka"}},{"type":"Feature","geometry":{"type":"Point","coordinates":[17.1353,48.18795]},"properties":{"cat":"zastavka"}},{"type":"Feature","geometry":{"type":"Point","coordinates":[17.1357,48.18802]},"properties":{"cat":"zastavka"}},{"type":"Feature","geometry":{"type":"Point","coordinates":[17.14759,48.19957]},"properties":{"cat":"zastavka"}},{"type":"Feature","geometry":{"type":"Point","coordinates":[17.16747,48.17491]},"properties":{"cat":"park"}},{"type":"Feature","geometry":{"type":"Point","coordinates":[17.1441,48.20192]},"properties":{"cat":"obchod"}},{"type":"Feature","geometry":{"type":"Point","coordinates":[17.14513,48.20068]},"properties":{"cat":"park"}},{"type":"Feature","geometry":{"type":"Point","coordinates":[17.16254,48.21263]},"properties":{"cat":"zastavka"}},{"type":"Feature","geometry":{"type":"Point","coordinates":[17.19272,48.17741]},"properties":{"cat":"park"}},{"type":"Feature","geometry":{"type":"Point","coordinates":[17.1467,48.17192]},"properties":{"cat":"zastavka"}},{"type":"Feature","geometry":{"type":"Point","coordinates":[17.19679,48.19967]},"properties":{"cat":"obchod"}},{"type":"Feature","geometry":{"type":"Point","coordinates":[17.16142,48.18133]},"properties":{"cat":"zastavka"}},{"type":"Feature","geometry":{"type":"Point","coordinates":[17.16146,48.18134]},"properties":{"cat":"zastavka"}},{"type":"Feature","geometry":{"type":"Point","coordinates":[17.16137,48.18154]},"properties":{"cat":"zastavka"}},{"type":"Feature","geometry":{"type":"Point","coordinates":[17.16142,48.18154]},"properties":{"cat":"zastavka"}},{"type":"Feature","geometry":{"type":"Point","coordinates":[17.16674,48.17417]},"properties":{"cat":"obchod"}},{"type":"Feature","geometry":{"type":"Point","coordinates":[17.16689,48.17282]},"properties":{"cat":"skolka"}},{"type":"Feature","geometry":{"type":"Point","coordinates":[17.17208,48.1772]},"properties":{"cat":"skolka"}},{"type":"Feature","geometry":{"type":"Point","coordinates":[17.14058,48.19437]},"properties":{"cat":"lekaren"}},{"type":"Feature","geometry":{"type":"Point","coordinates":[17.1405,48.19811]},"properties":{"cat":"lekar"}},{"type":"Feature","geometry":{"type":"Point","coordinates":[17.15707,48.21341]},"properties":{"cat":"lekaren"}},{"type":"Feature","geometry":{"type":"Point","coordinates":[17.15996,48.20095]},"properties":{"cat":"park"}},{"type":"Feature","geometry":{"type":"Point","coordinates":[17.18284,48.18988]},"properties":{"cat":"obchod"}},{"type":"Feature","geometry":{"type":"Point","coordinates":[17.17775,48.18518]},"properties":{"cat":"park"}},{"type":"Feature","geometry":{"type":"Point","coordinates":[17.17711,48.18585]},"properties":{"cat":"lekaren"}},{"type":"Feature","geometry":{"type":"Point","coordinates":[17.17647,48.18171]},"properties":{"cat":"park"}},{"type":"Feature","geometry":{"type":"Point","coordinates":[17.14093,48.19479]},"properties":{"cat":"lekar"}},{"type":"Feature","geometry":{"type":"Point","coordinates":[17.14076,48.19486]},"properties":{"cat":"lekaren"}},{"type":"Feature","geometry":{"type":"Point","coordinates":[17.13719,48.19815]},"properties":{"cat":"lekar"}},{"type":"Feature","geometry":{"type":"Point","coordinates":[17.15416,48.20782]},"properties":{"cat":"zastavka"}},{"type":"Feature","geometry":{"type":"Point","coordinates":[17.15435,48.20777]},"properties":{"cat":"zastavka"}},{"type":"Feature","geometry":{"type":"Point","coordinates":[17.15676,48.17622]},"properties":{"cat":"obchod"}},{"type":"Feature","geometry":{"type":"Point","coordinates":[17.19656,48.18846]},"properties":{"cat":"obchod"}},{"type":"Feature","geometry":{"type":"Point","coordinates":[17.19059,48.17502]},"properties":{"cat":"park"}},{"type":"Feature","geometry":{"type":"Point","coordinates":[17.14638,48.20409]},"properties":{"cat":"zastavka"}},{"type":"Feature","geometry":{"type":"Point","coordinates":[17.15883,48.17437]},"properties":{"cat":"park"}},{"type":"Feature","geometry":{"type":"Point","coordinates":[17.17215,48.21185]},"properties":{"cat":"skola"}},{"type":"Feature","geometry":{"type":"Point","coordinates":[17.14084,48.19941]},"properties":{"cat":"zastavka"}},{"type":"Feature","geometry":{"type":"Point","coordinates":[17.1621,48.2123]},"properties":{"cat":"lekaren"}},{"type":"Feature","geometry":{"type":"Point","coordinates":[17.13357,48.18167]},"properties":{"cat":"zastavka"}},{"type":"Feature","geometry":{"type":"Point","coordinates":[17.19037,48.17495]},"properties":{"cat":"park"}},{"type":"Feature","geometry":{"type":"Point","coordinates":[17.1364,48.19094]},"properties":{"cat":"skolka"}},{"type":"Feature","geometry":{"type":"Point","coordinates":[17.1681,48.18805]},"properties":{"cat":"obchod"}},{"type":"Feature","geometry":{"type":"Point","coordinates":[17.17856,48.18447]},"properties":{"cat":"park"}},{"type":"Feature","geometry":{"type":"Point","coordinates":[17.17699,48.18632]},"properties":{"cat":"lekaren"}},{"type":"Feature","geometry":{"type":"Point","coordinates":[17.15821,48.21137]},"properties":{"cat":"zastavka"}},{"type":"Feature","geometry":{"type":"Point","coordinates":[17.16989,48.19128]},"properties":{"cat":"zastavka"}},{"type":"Feature","geometry":{"type":"Point","coordinates":[17.16397,48.1906]},"properties":{"cat":"zastavka"}},{"type":"Feature","geometry":{"type":"Point","coordinates":[17.15883,48.19259]},"properties":{"cat":"zastavka"}},{"type":"Feature","geometry":{"type":"Point","coordinates":[17.17676,48.19392]},"properties":{"cat":"zastavka"}},{"type":"Feature","geometry":{"type":"Point","coordinates":[17.18169,48.19331]},"properties":{"cat":"zastavka"}},{"type":"Feature","geometry":{"type":"Point","coordinates":[17.18448,48.19129]},"properties":{"cat":"zastavka"}},{"type":"Feature","geometry":{"type":"Point","coordinates":[17.18338,48.18966]},"properties":{"cat":"zastavka"}},{"type":"Feature","geometry":{"type":"Point","coordinates":[17.14032,48.1725]},"properties":{"cat":"lekar"}},{"type":"Feature","geometry":{"type":"Point","coordinates":[17.16716,48.17516]},"properties":{"cat":"park"}},{"type":"Feature","geometry":{"type":"Point","coordinates":[17.167,48.17525]},"properties":{"cat":"skolka"}},{"type":"Feature","geometry":{"type":"Point","coordinates":[17.15495,48.2135]},"properties":{"cat":"park"}},{"type":"Feature","geometry":{"type":"Point","coordinates":[17.18191,48.17433]},"properties":{"cat":"lekaren"}},{"type":"Feature","geometry":{"type":"Point","coordinates":[17.13551,48.19835]},"properties":{"cat":"zastavka"}},{"type":"Feature","geometry":{"type":"Point","coordinates":[17.13513,48.19863]},"properties":{"cat":"zastavka"}},{"type":"Feature","geometry":{"type":"Point","coordinates":[17.17376,48.17725]},"properties":{"cat":"skolka"}},{"type":"Feature","geometry":{"type":"Point","coordinates":[17.18254,48.18952]},"properties":{"cat":"zastavka"}},{"type":"Feature","geometry":{"type":"Point","coordinates":[17.16073,48.18155]},"properties":{"cat":"zastavka"}},{"type":"Feature","geometry":{"type":"Point","coordinates":[17.13597,48.18378]},"properties":{"cat":"obchod"}},{"type":"Feature","geometry":{"type":"Point","coordinates":[17.18856,48.17739]},"properties":{"cat":"zastavka"}},{"type":"Feature","geometry":{"type":"Point","coordinates":[17.14257,48.17297]},"properties":{"cat":"zastavka"}},{"type":"Feature","geometry":{"type":"Point","coordinates":[17.17666,48.18584]},"properties":{"cat":"zastavka"}},{"type":"Feature","geometry":{"type":"Point","coordinates":[17.14573,48.20095]},"properties":{"cat":"zastavka"}},{"type":"Feature","geometry":{"type":"Point","coordinates":[17.14622,48.20063]},"properties":{"cat":"zastavka"}},{"type":"Feature","geometry":{"type":"Point","coordinates":[17.19639,48.19972]},"properties":{"cat":"lekaren"}},{"type":"Feature","geometry":{"type":"Point","coordinates":[17.19613,48.19949]},"properties":{"cat":"obchod"}},{"type":"Feature","geometry":{"type":"Point","coordinates":[17.14784,48.20346]},"properties":{"cat":"zastavka"}},{"type":"Feature","geometry":{"type":"Point","coordinates":[17.17875,48.18451]},"properties":{"cat":"obchod"}},{"type":"Feature","geometry":{"type":"Point","coordinates":[17.16561,48.18672]},"properties":{"cat":"obchod"}},{"type":"Feature","geometry":{"type":"Point","coordinates":[17.17637,48.18168]},"properties":{"cat":"park"}},{"type":"Feature","geometry":{"type":"Point","coordinates":[17.17631,48.18173]},"properties":{"cat":"park"}},{"type":"Feature","geometry":{"type":"Point","coordinates":[17.1764,48.18176]},"properties":{"cat":"park"}},{"type":"Feature","geometry":{"type":"Point","coordinates":[17.17643,48.18174]},"properties":{"cat":"park"}},{"type":"Feature","geometry":{"type":"Point","coordinates":[17.15729,48.21381]},"properties":{"cat":"zastavka"}},{"type":"Feature","geometry":{"type":"Point","coordinates":[17.17747,48.18603]},"properties":{"cat":"obchod"}},{"type":"Feature","geometry":{"type":"Point","coordinates":[17.19525,48.1721]},"properties":{"cat":"zastavka"}},{"type":"Feature","geometry":{"type":"Point","coordinates":[17.19595,48.1717]},"properties":{"cat":"zastavka"}},{"type":"Feature","geometry":{"type":"Point","coordinates":[17.19371,48.17311]},"properties":{"cat":"obchod"}},{"type":"Feature","geometry":{"type":"Point","coordinates":[17.16372,48.21219]},"properties":{"cat":"zastavka"}},{"type":"Feature","geometry":{"type":"Point","coordinates":[17.1912,48.20987]},"properties":{"cat":"zastavka"}},{"type":"Feature","geometry":{"type":"Point","coordinates":[17.15344,48.21118]},"properties":{"cat":"obchod"}},{"type":"Feature","geometry":{"type":"Point","coordinates":[17.15478,48.21187]},"properties":{"cat":"obchod"}},{"type":"Feature","geometry":{"type":"Point","coordinates":[17.14506,48.20221]},"properties":{"cat":"park"}},{"type":"Feature","geometry":{"type":"Point","coordinates":[17.13921,48.18461]},"properties":{"cat":"lekar"}},{"type":"Feature","geometry":{"type":"Point","coordinates":[17.13933,48.18455]},"properties":{"cat":"lekaren"}},{"type":"Feature","geometry":{"type":"Point","coordinates":[17.14899,48.20717]},"properties":{"cat":"obchod"}},{"type":"Feature","geometry":{"type":"Point","coordinates":[17.14069,48.19456]},"properties":{"cat":"lekar"}},{"type":"Feature","geometry":{"type":"Point","coordinates":[17.14932,48.20772]},"properties":{"cat":"park"}},{"type":"Feature","geometry":{"type":"Point","coordinates":[17.14897,48.20744]},"properties":{"cat":"park"}},{"type":"Feature","geometry":{"type":"Point","coordinates":[17.14946,48.20558]},"properties":{"cat":"park"}},{"type":"Feature","geometry":{"type":"Point","coordinates":[17.16123,48.2016]},"properties":{"cat":"obchod"}},{"type":"Feature","geometry":{"type":"Point","coordinates":[17.17562,48.18677]},"properties":{"cat":"zastavka"}},{"type":"Feature","geometry":{"type":"Point","coordinates":[17.17666,48.18778]},"properties":{"cat":"zastavka"}},{"type":"Feature","geometry":{"type":"Point","coordinates":[17.15184,48.21079]},"properties":{"cat":"park"}},{"type":"Feature","geometry":{"type":"Point","coordinates":[17.17697,48.18291]},"properties":{"cat":"obchod"}},{"type":"Feature","geometry":{"type":"Point","coordinates":[17.13376,48.17305]},"properties":{"cat":"park"}},{"type":"Feature","geometry":{"type":"Point","coordinates":[17.16947,48.17366]},"properties":{"cat":"park"}},{"type":"Feature","geometry":{"type":"Point","coordinates":[17.17749,48.1883]},"properties":{"cat":"zastavka"}},{"type":"Feature","geometry":{"type":"Point","coordinates":[17.16847,48.17557]},"properties":{"cat":"park"}},{"type":"Feature","geometry":{"type":"Point","coordinates":[17.15933,48.21033]},"properties":{"cat":"park"}},{"type":"Feature","geometry":{"type":"Point","coordinates":[17.15226,48.21158]},"properties":{"cat":"park"}},{"type":"Feature","geometry":{"type":"Point","coordinates":[17.14433,48.17436]},"properties":{"cat":"obchod"}},{"type":"Feature","geometry":{"type":"Point","coordinates":[17.16267,48.21207]},"properties":{"cat":"obchod"}},{"type":"Feature","geometry":{"type":"Point","coordinates":[17.15692,48.21089]},"properties":{"cat":"park"}},{"type":"Feature","geometry":{"type":"Point","coordinates":[17.13344,48.18122]},"properties":{"cat":"skola"}},{"type":"Feature","geometry":{"type":"Point","coordinates":[17.14365,48.19889]},"properties":{"cat":"skola"}},{"type":"Feature","geometry":{"type":"Point","coordinates":[17.13619,48.17375]},"properties":{"cat":"skola"}},{"type":"Feature","geometry":{"type":"Point","coordinates":[17.1566,48.18091]},"properties":{"cat":"obchod"}},{"type":"Feature","geometry":{"type":"Point","coordinates":[17.13599,48.17283]},"properties":{"cat":"skolka"}},{"type":"Feature","geometry":{"type":"Point","coordinates":[17.14753,48.17795]},"properties":{"cat":"obchod"}},{"type":"Feature","geometry":{"type":"Point","coordinates":[17.13618,48.17298]},"properties":{"cat":"skolka"}},{"type":"Feature","geometry":{"type":"Point","coordinates":[17.13546,48.17337]},"properties":{"cat":"skola"}},{"type":"Feature","geometry":{"type":"Point","coordinates":[17.1393,48.17947]},"properties":{"cat":"park"}},{"type":"Feature","geometry":{"type":"Point","coordinates":[17.16167,48.2095]},"properties":{"cat":"zastavka"}},{"type":"Feature","geometry":{"type":"Point","coordinates":[17.16027,48.20092]},"properties":{"cat":"skolka"}},{"type":"Feature","geometry":{"type":"Point","coordinates":[17.16179,48.20167]},"properties":{"cat":"park"}},{"type":"Feature","geometry":{"type":"Point","coordinates":[17.15506,48.21078]},"properties":{"cat":"park"}},{"type":"Feature","geometry":{"type":"Point","coordinates":[17.16863,48.19862]},"properties":{"cat":"obchod"}},{"type":"Feature","geometry":{"type":"Point","coordinates":[17.14771,48.20964]},"properties":{"cat":"skolka"}},{"type":"Feature","geometry":{"type":"Point","coordinates":[17.16613,48.20045]},"properties":{"cat":"park"}},{"type":"Feature","geometry":{"type":"Point","coordinates":[17.16625,48.20069]},"properties":{"cat":"park"}},{"type":"Feature","geometry":{"type":"Point","coordinates":[17.15495,48.21067]},"properties":{"cat":"park"}},{"type":"Feature","geometry":{"type":"Point","coordinates":[17.15498,48.21087]},"properties":{"cat":"skola"}},{"type":"Feature","geometry":{"type":"Point","coordinates":[17.16155,48.20974]},"properties":{"cat":"zastavka"}},{"type":"Feature","geometry":{"type":"Point","coordinates":[17.14662,48.21415]},"properties":{"cat":"park"}},{"type":"Feature","geometry":{"type":"Point","coordinates":[17.13423,48.18399]},"properties":{"cat":"zastavka"}},{"type":"Feature","geometry":{"type":"Point","coordinates":[17.16181,48.21504]},"properties":{"cat":"skola"}},{"type":"Feature","geometry":{"type":"Point","coordinates":[17.15431,48.21297]},"properties":{"cat":"park"}},{"type":"Feature","geometry":{"type":"Point","coordinates":[17.14964,48.20071]},"properties":{"cat":"skola"}},{"type":"Feature","geometry":{"type":"Point","coordinates":[17.14381,48.2002]},"properties":{"cat":"park"}},{"type":"Feature","geometry":{"type":"Point","coordinates":[17.14888,48.20338]},"properties":{"cat":"obchod"}},{"type":"Feature","geometry":{"type":"Point","coordinates":[17.14356,48.19552]},"properties":{"cat":"zastavka"}},{"type":"Feature","geometry":{"type":"Point","coordinates":[17.14365,48.19549]},"properties":{"cat":"zastavka"}},{"type":"Feature","geometry":{"type":"Point","coordinates":[17.13357,48.18578]},"properties":{"cat":"zastavka"}},{"type":"Feature","geometry":{"type":"Point","coordinates":[17.13348,48.18585]},"properties":{"cat":"zastavka"}},{"type":"Feature","geometry":{"type":"Point","coordinates":[17.14963,48.20336]},"properties":{"cat":"zastavka"}},{"type":"Feature","geometry":{"type":"Point","coordinates":[17.15207,48.21063]},"properties":{"cat":"park"}},{"type":"Feature","geometry":{"type":"Point","coordinates":[17.171,48.18128]},"properties":{"cat":"obchod"}},{"type":"Feature","geometry":{"type":"Point","coordinates":[17.14221,48.19841]},"properties":{"cat":"skola"}},{"type":"Feature","geometry":{"type":"Point","coordinates":[17.14608,48.19891]},"properties":{"cat":"skolka"}},{"type":"Feature","geometry":{"type":"Point","coordinates":[17.14577,48.19681]},"properties":{"cat":"obchod"}},{"type":"Feature","geometry":{"type":"Point","coordinates":[17.17425,48.19758]},"properties":{"cat":"park"}},{"type":"Feature","geometry":{"type":"Point","coordinates":[17.16661,48.19972]},"properties":{"cat":"park"}},{"type":"Feature","geometry":{"type":"Point","coordinates":[17.14098,48.19739]},"properties":{"cat":"park"}},{"type":"Feature","geometry":{"type":"Point","coordinates":[17.1462,48.19889]},"properties":{"cat":"skola"}},{"type":"Feature","geometry":{"type":"Point","coordinates":[17.14705,48.20842]},"properties":{"cat":"park"}},{"type":"Feature","geometry":{"type":"Point","coordinates":[17.14256,48.20112]},"properties":{"cat":"park"}},{"type":"Feature","geometry":{"type":"Point","coordinates":[17.14637,48.20741]},"properties":{"cat":"park"}},{"type":"Feature","geometry":{"type":"Point","coordinates":[17.15851,48.21177]},"properties":{"cat":"zastavka"}},{"type":"Feature","geometry":{"type":"Point","coordinates":[17.14914,48.20631]},"properties":{"cat":"park"}},{"type":"Feature","geometry":{"type":"Point","coordinates":[17.13252,48.18648]},"properties":{"cat":"zastavka"}},{"type":"Feature","geometry":{"type":"Point","coordinates":[17.13343,48.18699]},"properties":{"cat":"zastavka"}},{"type":"Feature","geometry":{"type":"Point","coordinates":[17.14749,48.19955]},"properties":{"cat":"zastavka"}},{"type":"Feature","geometry":{"type":"Point","coordinates":[17.15933,48.21229]},"properties":{"cat":"zastavka"}},{"type":"Feature","geometry":{"type":"Point","coordinates":[17.13932,48.19158]},"properties":{"cat":"zastavka"}},{"type":"Feature","geometry":{"type":"Point","coordinates":[17.14935,48.20264]},"properties":{"cat":"zastavka"}},{"type":"Feature","geometry":{"type":"Point","coordinates":[17.1474,48.19958]},"properties":{"cat":"zastavka"}},{"type":"Feature","geometry":{"type":"Point","coordinates":[17.15407,48.1797]},"properties":{"cat":"zastavka"}},{"type":"Feature","geometry":{"type":"Point","coordinates":[17.15313,48.17946]},"properties":{"cat":"zastavka"}},{"type":"Feature","geometry":{"type":"Point","coordinates":[17.14603,48.17652]},"properties":{"cat":"zastavka"}},{"type":"Feature","geometry":{"type":"Point","coordinates":[17.14597,48.17657]},"properties":{"cat":"zastavka"}},{"type":"Feature","geometry":{"type":"Point","coordinates":[17.18024,48.18839]},"properties":{"cat":"obchod"}},{"type":"Feature","geometry":{"type":"Point","coordinates":[17.16348,48.18288]},"properties":{"cat":"zastavka"}},{"type":"Feature","geometry":{"type":"Point","coordinates":[17.16235,48.18258]},"properties":{"cat":"zastavka"}},{"type":"Feature","geometry":{"type":"Point","coordinates":[17.17675,48.18803]},"properties":{"cat":"zastavka"}},{"type":"Feature","geometry":{"type":"Point","coordinates":[17.1704,48.18533]},"properties":{"cat":"zastavka"}},{"type":"Feature","geometry":{"type":"Point","coordinates":[17.16956,48.18512]},"properties":{"cat":"zastavka"}},{"type":"Feature","geometry":{"type":"Point","coordinates":[17.19774,48.19058]},"properties":{"cat":"obchod"}},{"type":"Feature","geometry":{"type":"Point","coordinates":[17.16657,48.18367]},"properties":{"cat":"obchod"}},{"type":"Feature","geometry":{"type":"Point","coordinates":[17.16411,48.17391]},"properties":{"cat":"park"}},{"type":"Feature","geometry":{"type":"Point","coordinates":[17.15213,48.21357]},"properties":{"cat":"park"}},{"type":"Feature","geometry":{"type":"Point","coordinates":[17.15023,48.21009]},"properties":{"cat":"skolka"}},{"type":"Feature","geometry":{"type":"Point","coordinates":[17.14309,48.19558]},"properties":{"cat":"park"}},{"type":"Feature","geometry":{"type":"Point","coordinates":[17.14299,48.19559]},"properties":{"cat":"park"}},{"type":"Feature","geometry":{"type":"Point","coordinates":[17.14325,48.19565]},"properties":{"cat":"park"}},{"type":"Feature","geometry":{"type":"Point","coordinates":[17.14293,48.19568]},"properties":{"cat":"park"}},{"type":"Feature","geometry":{"type":"Point","coordinates":[17.14322,48.19556]},"properties":{"cat":"park"}},{"type":"Feature","geometry":{"type":"Point","coordinates":[17.14365,48.19905]},"properties":{"cat":"skola"}},{"type":"Feature","geometry":{"type":"Point","coordinates":[17.14469,48.20021]},"properties":{"cat":"skola"}},{"type":"Feature","geometry":{"type":"Point","coordinates":[17.15103,48.20968]},"properties":{"cat":"park"}},{"type":"Feature","geometry":{"type":"Point","coordinates":[17.15843,48.17901]},"properties":{"cat":"park"}},{"type":"Feature","geometry":{"type":"Point","coordinates":[17.18729,48.1855]},"properties":{"cat":"park"}},{"type":"Feature","geometry":{"type":"Point","coordinates":[17.19045,48.21448]},"properties":{"cat":"obchod"}},{"type":"Feature","geometry":{"type":"Point","coordinates":[17.19652,48.20556]},"properties":{"cat":"obchod"}},{"type":"Feature","geometry":{"type":"Point","coordinates":[17.1639,48.18191]},"properties":{"cat":"park"}},{"type":"Feature","geometry":{"type":"Point","coordinates":[17.16134,48.18143]},"properties":{"cat":"zastavka"}},{"type":"Feature","geometry":{"type":"Point","coordinates":[17.13593,48.18856]},"properties":{"cat":"zastavka"}},{"type":"Feature","geometry":{"type":"Point","coordinates":[17.13575,48.18854]},"properties":{"cat":"zastavka"}},{"type":"Feature","geometry":{"type":"Point","coordinates":[17.17588,48.17594]},"properties":{"cat":"park"}},{"type":"Feature","geometry":{"type":"Point","coordinates":[17.17631,48.17556]},"properties":{"cat":"park"}},{"type":"Feature","geometry":{"type":"Point","coordinates":[17.17588,48.17648]},"properties":{"cat":"park"}},{"type":"Feature","geometry":{"type":"Point","coordinates":[17.17496,48.17675]},"properties":{"cat":"park"}},{"type":"Feature","geometry":{"type":"Point","coordinates":[17.18105,48.17457]},"properties":{"cat":"park"}},{"type":"Feature","geometry":{"type":"Point","coordinates":[17.18091,48.18564]},"properties":{"cat":"park"}},{"type":"Feature","geometry":{"type":"Point","coordinates":[17.17517,48.17949]},"properties":{"cat":"park"}},{"type":"Feature","geometry":{"type":"Point","coordinates":[17.14238,48.1954]},"properties":{"cat":"obchod"}},{"type":"Feature","geometry":{"type":"Point","coordinates":[17.13911,48.19745]},"properties":{"cat":"skola"}},{"type":"Feature","geometry":{"type":"Point","coordinates":[17.13821,48.18382]},"properties":{"cat":"park"}},{"type":"Feature","geometry":{"type":"Point","coordinates":[17.13605,48.19151]},"properties":{"cat":"park"}},{"type":"Feature","geometry":{"type":"Point","coordinates":[17.13586,48.19116]},"properties":{"cat":"park"}},{"type":"Feature","geometry":{"type":"Point","coordinates":[17.16721,48.17469]},"properties":{"cat":"park"}},{"type":"Feature","geometry":{"type":"Point","coordinates":[17.16784,48.17522]},"properties":{"cat":"park"}},{"type":"Feature","geometry":{"type":"Point","coordinates":[17.14,48.19518]},"properties":{"cat":"park"}},{"type":"Feature","geometry":{"type":"Point","coordinates":[17.13472,48.19181]},"properties":{"cat":"park"}},{"type":"Feature","geometry":{"type":"Point","coordinates":[17.1349,48.19212]},"properties":{"cat":"park"}},{"type":"Feature","geometry":{"type":"Point","coordinates":[17.14757,48.20441]},"properties":{"cat":"park"}},{"type":"Feature","geometry":{"type":"Point","coordinates":[17.14745,48.20435]},"properties":{"cat":"park"}},{"type":"Feature","geometry":{"type":"Point","coordinates":[17.14619,48.20502]},"properties":{"cat":"park"}},{"type":"Feature","geometry":{"type":"Point","coordinates":[17.14508,48.20407]},"properties":{"cat":"park"}},{"type":"Feature","geometry":{"type":"Point","coordinates":[17.14549,48.20459]},"properties":{"cat":"park"}},{"type":"Feature","geometry":{"type":"Point","coordinates":[17.14573,48.20497]},"properties":{"cat":"park"}},{"type":"Feature","geometry":{"type":"Point","coordinates":[17.14111,48.19657]},"properties":{"cat":"obchod"}},{"type":"Feature","geometry":{"type":"Point","coordinates":[17.13527,48.19143]},"properties":{"cat":"park"}},{"type":"Feature","geometry":{"type":"Point","coordinates":[17.13544,48.19177]},"properties":{"cat":"park"}},{"type":"Feature","geometry":{"type":"Point","coordinates":[17.13351,48.19539]},"properties":{"cat":"park"}},{"type":"Feature","geometry":{"type":"Point","coordinates":[17.14158,48.19512]},"properties":{"cat":"park"}},{"type":"Feature","geometry":{"type":"Point","coordinates":[17.14164,48.19518]},"properties":{"cat":"park"}},{"type":"Feature","geometry":{"type":"Point","coordinates":[17.14099,48.19696]},"properties":{"cat":"park"}},{"type":"Feature","geometry":{"type":"Point","coordinates":[17.14487,48.20103]},"properties":{"cat":"park"}},{"type":"Feature","geometry":{"type":"Point","coordinates":[17.17837,48.21288]},"properties":{"cat":"skola"}},{"type":"Feature","geometry":{"type":"Point","coordinates":[17.1364,48.19209]},"properties":{"cat":"park"}},{"type":"Feature","geometry":{"type":"Point","coordinates":[17.13588,48.19231]},"properties":{"cat":"park"}},{"type":"Feature","geometry":{"type":"Point","coordinates":[17.15468,48.21373]},"properties":{"cat":"skolka"}},{"type":"Feature","geometry":{"type":"Point","coordinates":[17.13862,48.19085]},"properties":{"cat":"zastavka"}},{"type":"Feature","geometry":{"type":"Point","coordinates":[17.13884,48.19093]},"properties":{"cat":"zastavka"}},{"type":"Feature","geometry":{"type":"Point","coordinates":[17.13481,48.18823]},"properties":{"cat":"zastavka"}},{"type":"Feature","geometry":{"type":"Point","coordinates":[17.13507,48.1883]},"properties":{"cat":"zastavka"}},{"type":"Feature","geometry":{"type":"Point","coordinates":[17.13676,48.19098]},"properties":{"cat":"park"}},{"type":"Feature","geometry":{"type":"Point","coordinates":[17.13711,48.19138]},"properties":{"cat":"park"}},{"type":"Feature","geometry":{"type":"Point","coordinates":[17.13704,48.19163]},"properties":{"cat":"park"}},{"type":"Feature","geometry":{"type":"Point","coordinates":[17.13687,48.19137]},"properties":{"cat":"park"}},{"type":"Feature","geometry":{"type":"Point","coordinates":[17.1368,48.19163]},"properties":{"cat":"park"}},{"type":"Feature","geometry":{"type":"Point","coordinates":[17.15923,48.21365]},"properties":{"cat":"skolka"}},{"type":"Feature","geometry":{"type":"Point","coordinates":[17.1364,48.19085]},"properties":{"cat":"park"}},{"type":"Feature","geometry":{"type":"Point","coordinates":[17.19568,48.1881]},"properties":{"cat":"park"}},{"type":"Feature","geometry":{"type":"Point","coordinates":[17.15755,48.18824]},"properties":{"cat":"park"}},{"type":"Feature","geometry":{"type":"Point","coordinates":[17.13377,48.17307]},"properties":{"cat":"park"}},{"type":"Feature","geometry":{"type":"Point","coordinates":[17.13694,48.18204]},"properties":{"cat":"park"}},{"type":"Feature","geometry":{"type":"Point","coordinates":[17.13643,48.18147]},"properties":{"cat":"park"}},{"type":"Feature","geometry":{"type":"Point","coordinates":[17.1857,48.18575]},"properties":{"cat":"park"}},{"type":"Feature","geometry":{"type":"Point","coordinates":[17.18575,48.18747]},"properties":{"cat":"park"}},{"type":"Feature","geometry":{"type":"Point","coordinates":[17.13504,48.19185]},"properties":{"cat":"park"}},{"type":"Feature","geometry":{"type":"Point","coordinates":[17.16796,48.17503]},"properties":{"cat":"park"}},{"type":"Feature","geometry":{"type":"Point","coordinates":[17.19858,48.19939]},"properties":{"cat":"obchod"}},{"type":"Feature","geometry":{"type":"Point","coordinates":[17.13693,48.18308]},"properties":{"cat":"lekar"}},{"type":"Feature","geometry":{"type":"Point","coordinates":[17.2003,48.20872]},"properties":{"cat":"park"}},{"type":"Feature","geometry":{"type":"Point","coordinates":[17.19829,48.20812]},"properties":{"cat":"park"}},{"type":"Feature","geometry":{"type":"Point","coordinates":[17.17076,48.19647]},"properties":{"cat":"zastavka"}},{"type":"Feature","geometry":{"type":"Point","coordinates":[17.19345,48.17472]},"properties":{"cat":"park"}},{"type":"Feature","geometry":{"type":"Point","coordinates":[17.19367,48.17443]},"properties":{"cat":"park"}},{"type":"Feature","geometry":{"type":"Point","coordinates":[17.15793,48.21268]},"properties":{"cat":"park"}},{"type":"Feature","geometry":{"type":"Point","coordinates":[17.13789,48.18372]},"properties":{"cat":"park"}},{"type":"Feature","geometry":{"type":"Point","coordinates":[17.13453,48.18203]},"properties":{"cat":"park"}},{"type":"Feature","geometry":{"type":"Point","coordinates":[17.13562,48.18202]},"properties":{"cat":"park"}},{"type":"Feature","geometry":{"type":"Point","coordinates":[17.14922,48.21062]},"properties":{"cat":"skola"}},{"type":"Feature","geometry":{"type":"Point","coordinates":[17.19344,48.17489]},"properties":{"cat":"park"}},{"type":"Feature","geometry":{"type":"Point","coordinates":[17.19385,48.17482]},"properties":{"cat":"park"}},{"type":"Feature","geometry":{"type":"Point","coordinates":[17.19321,48.17454]},"properties":{"cat":"park"}},{"type":"Feature","geometry":{"type":"Point","coordinates":[17.16554,48.21463]},"properties":{"cat":"obchod"}},{"type":"Feature","geometry":{"type":"Point","coordinates":[17.13576,48.1916]},"properties":{"cat":"park"}},{"type":"Feature","geometry":{"type":"Point","coordinates":[17.13676,48.19084]},"properties":{"cat":"park"}},{"type":"Feature","geometry":{"type":"Point","coordinates":[17.13739,48.19144]},"properties":{"cat":"park"}},{"type":"Feature","geometry":{"type":"Point","coordinates":[17.1343,48.19193]},"properties":{"cat":"park"}},{"type":"Feature","geometry":{"type":"Point","coordinates":[17.13679,48.19183]},"properties":{"cat":"park"}},{"type":"Feature","geometry":{"type":"Point","coordinates":[17.14913,48.20802]},"properties":{"cat":"park"}},{"type":"Feature","geometry":{"type":"Point","coordinates":[17.13396,48.18716]},"properties":{"cat":"zastavka"}},{"type":"Feature","geometry":{"type":"Point","coordinates":[17.13324,48.18683]},"properties":{"cat":"zastavka"}},{"type":"Feature","geometry":{"type":"Point","coordinates":[17.13402,48.18708]},"properties":{"cat":"zastavka"}},{"type":"Feature","geometry":{"type":"Point","coordinates":[17.13361,48.18671]},"properties":{"cat":"zastavka"}},{"type":"Feature","geometry":{"type":"Point","coordinates":[17.13391,48.18675]},"properties":{"cat":"zastavka"}},{"type":"Feature","geometry":{"type":"Point","coordinates":[17.13391,48.18666]},"properties":{"cat":"zastavka"}},{"type":"Feature","geometry":{"type":"Point","coordinates":[17.13341,48.18657]},"properties":{"cat":"zastavka"}},{"type":"Feature","geometry":{"type":"Point","coordinates":[17.19343,48.17491]},"properties":{"cat":"park"}},{"type":"Feature","geometry":{"type":"Point","coordinates":[17.13501,48.1756]},"properties":{"cat":"park"}},{"type":"Feature","geometry":{"type":"Point","coordinates":[17.14946,48.20543]},"properties":{"cat":"park"}},{"type":"Feature","geometry":{"type":"Point","coordinates":[17.14507,48.20805]},"properties":{"cat":"skolka"}},{"type":"Feature","geometry":{"type":"Point","coordinates":[17.1486,48.20765]},"properties":{"cat":"park"}},{"type":"Feature","geometry":{"type":"Point","coordinates":[17.17142,48.1978]},"properties":{"cat":"park"}},{"type":"Feature","geometry":{"type":"Point","coordinates":[17.15913,48.17307]},"properties":{"cat":"skolka"}},{"type":"Feature","geometry":{"type":"Point","coordinates":[17.16009,48.17353]},"properties":{"cat":"skola"}},{"type":"Feature","geometry":{"type":"Point","coordinates":[17.15835,48.17507]},"properties":{"cat":"park"}},{"type":"Feature","geometry":{"type":"Point","coordinates":[17.13891,48.19429]},"properties":{"cat":"skola"}},{"type":"Feature","geometry":{"type":"Point","coordinates":[17.13316,48.18578]},"properties":{"cat":"zastavka"}},{"type":"Feature","geometry":{"type":"Point","coordinates":[17.12977,48.18218]},"properties":{"cat":"zastavka"}},{"type":"Feature","geometry":{"type":"Point","coordinates":[17.1272,48.17315]},"properties":{"cat":"zastavka"}},{"type":"Feature","geometry":{"type":"Point","coordinates":[17.13306,48.18531]},"properties":{"cat":"zastavka"}},{"type":"Feature","geometry":{"type":"Point","coordinates":[17.11677,48.17489]},"properties":{"cat":"zastavka"}},{"type":"Feature","geometry":{"type":"Point","coordinates":[17.06852,48.17303]},"properties":{"cat":"zastavka"}},{"type":"Feature","geometry":{"type":"Point","coordinates":[17.0679,48.17366]},"properties":{"cat":"zastavka"}},{"type":"Feature","geometry":{"type":"Point","coordinates":[17.09142,48.172]},"properties":{"cat":"zastavka"}},{"type":"Feature","geometry":{"type":"Point","coordinates":[17.09149,48.17224]},"properties":{"cat":"zastavka"}},{"type":"Feature","geometry":{"type":"Point","coordinates":[17.128,48.17737]},"properties":{"cat":"zastavka"}},{"type":"Feature","geometry":{"type":"Point","coordinates":[17.10072,48.17492]},"properties":{"cat":"zastavka"}},{"type":"Feature","geometry":{"type":"Point","coordinates":[17.07411,48.17251]},"properties":{"cat":"zastavka"}},{"type":"Feature","geometry":{"type":"Point","coordinates":[17.07444,48.17578]},"properties":{"cat":"park"}},{"type":"Feature","geometry":{"type":"Point","coordinates":[17.12687,48.1735]},"properties":{"cat":"obchod"}},{"type":"Feature","geometry":{"type":"Point","coordinates":[17.12834,48.17789]},"properties":{"cat":"zastavka"}},{"type":"Feature","geometry":{"type":"Point","coordinates":[17.13068,48.18277]},"properties":{"cat":"zastavka"}},{"type":"Feature","geometry":{"type":"Point","coordinates":[17.13287,48.17194]},"properties":{"cat":"zastavka"}},{"type":"Feature","geometry":{"type":"Point","coordinates":[17.12935,48.17305]},"properties":{"cat":"zastavka"}},{"type":"Feature","geometry":{"type":"Point","coordinates":[17.1295,48.17306]},"properties":{"cat":"zastavka"}},{"type":"Feature","geometry":{"type":"Point","coordinates":[17.13282,48.17279]},"properties":{"cat":"obchod"}},{"type":"Feature","geometry":{"type":"Point","coordinates":[17.12777,48.17693]},"properties":{"cat":"zastavka"}},{"type":"Feature","geometry":{"type":"Point","coordinates":[17.12913,48.18159]},"properties":{"cat":"zastavka"}},{"type":"Feature","geometry":{"type":"Point","coordinates":[17.13312,48.18594]},"properties":{"cat":"zastavka"}},{"type":"Feature","geometry":{"type":"Point","coordinates":[17.12685,48.17363]},"properties":{"cat":"lekaren"}},{"type":"Feature","geometry":{"type":"Point","coordinates":[17.13028,48.1826]},"properties":{"cat":"zastavka"}},{"type":"Feature","geometry":{"type":"Point","coordinates":[17.12818,48.1779]},"properties":{"cat":"zastavka"}},{"type":"Feature","geometry":{"type":"Point","coordinates":[17.12748,48.17439]},"properties":{"cat":"zastavka"}},{"type":"Feature","geometry":{"type":"Point","coordinates":[17.1168,48.17574]},"properties":{"cat":"zastavka"}},{"type":"Feature","geometry":{"type":"Point","coordinates":[17.12642,48.1726]},"properties":{"cat":"zastavka"}},{"type":"Feature","geometry":{"type":"Point","coordinates":[17.08716,48.19248]},"properties":{"cat":"zastavka"}},{"type":"Feature","geometry":{"type":"Point","coordinates":[17.08699,48.19254]},"properties":{"cat":"zastavka"}},{"type":"Feature","geometry":{"type":"Point","coordinates":[17.0777,48.18586]},"properties":{"cat":"zastavka"}},{"type":"Feature","geometry":{"type":"Point","coordinates":[17.07751,48.18581]},"properties":{"cat":"zastavka"}},{"type":"Feature","geometry":{"type":"Point","coordinates":[17.09147,48.19408]},"properties":{"cat":"zastavka"}},{"type":"Feature","geometry":{"type":"Point","coordinates":[17.0914,48.19414]},"properties":{"cat":"zastavka"}},{"type":"Feature","geometry":{"type":"Point","coordinates":[17.10013,48.19665]},"properties":{"cat":"zastavka"}},{"type":"Feature","geometry":{"type":"Point","coordinates":[17.07377,48.18189]},"properties":{"cat":"zastavka"}},{"type":"Feature","geometry":{"type":"Point","coordinates":[17.07379,48.18197]},"properties":{"cat":"zastavka"}},{"type":"Feature","geometry":{"type":"Point","coordinates":[17.09776,48.19511]},"properties":{"cat":"zastavka"}},{"type":"Feature","geometry":{"type":"Point","coordinates":[17.09768,48.19516]},"properties":{"cat":"zastavka"}},{"type":"Feature","geometry":{"type":"Point","coordinates":[17.09844,48.20172]},"properties":{"cat":"zastavka"}},{"type":"Feature","geometry":{"type":"Point","coordinates":[17.07343,48.17607]},"properties":{"cat":"zastavka"}},{"type":"Feature","geometry":{"type":"Point","coordinates":[17.07336,48.17602]},"properties":{"cat":"zastavka"}},{"type":"Feature","geometry":{"type":"Point","coordinates":[17.08161,48.19011]},"properties":{"cat":"zastavka"}},{"type":"Feature","geometry":{"type":"Point","coordinates":[17.08253,48.19027]},"properties":{"cat":"zastavka"}},{"type":"Feature","geometry":{"type":"Point","coordinates":[17.12688,48.17221]},"properties":{"cat":"zastavka"}},{"type":"Feature","geometry":{"type":"Point","coordinates":[17.1277,48.17466]},"properties":{"cat":"zastavka"}},{"type":"Feature","geometry":{"type":"Point","coordinates":[17.09788,48.19479]},"properties":{"cat":"park"}},{"type":"Feature","geometry":{"type":"Point","coordinates":[17.09971,48.19628]},"properties":{"cat":"zastavka"}},{"type":"Feature","geometry":{"type":"Point","coordinates":[17.12144,48.1733]},"properties":{"cat":"zastavka"}},{"type":"Feature","geometry":{"type":"Point","coordinates":[17.12685,48.1836]},"properties":{"cat":"park"}},{"type":"Feature","geometry":{"type":"Point","coordinates":[17.07278,48.1746]},"properties":{"cat":"zastavka"}},{"type":"Feature","geometry":{"type":"Point","coordinates":[17.11933,48.17418]},"properties":{"cat":"zastavka"}},{"type":"Feature","geometry":{"type":"Point","coordinates":[17.0731,48.20361]},"properties":{"cat":"zastavka"}},{"type":"Feature","geometry":{"type":"Point","coordinates":[17.07472,48.18177]},"properties":{"cat":"park"}},{"type":"Feature","geometry":{"type":"Point","coordinates":[17.08213,48.19033]},"properties":{"cat":"zastavka"}},{"type":"Feature","geometry":{"type":"Point","coordinates":[17.12775,48.17925]},"properties":{"cat":"skola"}},{"type":"Feature","geometry":{"type":"Point","coordinates":[17.11275,48.17737]},"properties":{"cat":"park"}},{"type":"Feature","geometry":{"type":"Point","coordinates":[17.09829,48.18274]},"properties":{"cat":"park"}},{"type":"Feature","geometry":{"type":"Point","coordinates":[17.13243,48.18322]},"properties":{"cat":"park"}},{"type":"Feature","geometry":{"type":"Point","coordinates":[17.09832,48.18185]},"properties":{"cat":"zastavka"}},{"type":"Feature","geometry":{"type":"Point","coordinates":[17.12726,48.17547]},"properties":{"cat":"obchod"}},{"type":"Feature","geometry":{"type":"Point","coordinates":[17.12286,48.17276]},"properties":{"cat":"zastavka"}},{"type":"Feature","geometry":{"type":"Point","coordinates":[17.12761,48.20026]},"properties":{"cat":"zastavka"}},{"type":"Feature","geometry":{"type":"Point","coordinates":[17.12748,48.20042]},"properties":{"cat":"zastavka"}},{"type":"Feature","geometry":{"type":"Point","coordinates":[17.07318,48.20348]},"properties":{"cat":"zastavka"}},{"type":"Feature","geometry":{"type":"Point","coordinates":[17.06848,48.21487]},"properties":{"cat":"zastavka"}},{"type":"Feature","geometry":{"type":"Point","coordinates":[17.12106,48.20703]},"properties":{"cat":"zastavka"}},{"type":"Feature","geometry":{"type":"Point","coordinates":[17.10156,48.17436]},"properties":{"cat":"park"}},{"type":"Feature","geometry":{"type":"Point","coordinates":[17.12195,48.17264]},"properties":{"cat":"obchod"}},{"type":"Feature","geometry":{"type":"Point","coordinates":[17.12504,48.17339]},"properties":{"cat":"park"}},{"type":"Feature","geometry":{"type":"Point","coordinates":[17.07439,48.17184]},"properties":{"cat":"zastavka"}},{"type":"Feature","geometry":{"type":"Point","coordinates":[17.12244,48.17225]},"properties":{"cat":"park"}},{"type":"Feature","geometry":{"type":"Point","coordinates":[17.12959,48.17748]},"properties":{"cat":"lekaren"}},{"type":"Feature","geometry":{"type":"Point","coordinates":[17.12517,48.17282]},"properties":{"cat":"park"}},{"type":"Feature","geometry":{"type":"Point","coordinates":[17.1245,48.17313]},"properties":{"cat":"park"}},{"type":"Feature","geometry":{"type":"Point","coordinates":[17.08978,48.17206]},"properties":{"cat":"lekaren"}},{"type":"Feature","geometry":{"type":"Point","coordinates":[17.08165,48.19128]},"properties":{"cat":"park"}},{"type":"Feature","geometry":{"type":"Point","coordinates":[17.09815,48.19416]},"properties":{"cat":"zastavka"}},{"type":"Feature","geometry":{"type":"Point","coordinates":[17.12867,48.18204]},"properties":{"cat":"park"}},{"type":"Feature","geometry":{"type":"Point","coordinates":[17.12923,48.17777]},"properties":{"cat":"obchod"}},{"type":"Feature","geometry":{"type":"Point","coordinates":[17.1286,48.17709]},"properties":{"cat":"obchod"}},{"type":"Feature","geometry":{"type":"Point","coordinates":[17.13319,48.18587]},"properties":{"cat":"zastavka"}},{"type":"Feature","geometry":{"type":"Point","coordinates":[17.13308,48.18585]},"properties":{"cat":"zastavka"}},{"type":"Feature","geometry":{"type":"Point","coordinates":[17.12814,48.17761]},"properties":{"cat":"zastavka"}},{"type":"Feature","geometry":{"type":"Point","coordinates":[17.12803,48.17762]},"properties":{"cat":"zastavka"}},{"type":"Feature","geometry":{"type":"Point","coordinates":[17.12746,48.17409]},"properties":{"cat":"zastavka"}},{"type":"Feature","geometry":{"type":"Point","coordinates":[17.13007,48.18236]},"properties":{"cat":"zastavka"}},{"type":"Feature","geometry":{"type":"Point","coordinates":[17.12998,48.1824]},"properties":{"cat":"zastavka"}},{"type":"Feature","geometry":{"type":"Point","coordinates":[17.13221,48.1865]},"properties":{"cat":"zastavka"}},{"type":"Feature","geometry":{"type":"Point","coordinates":[17.13201,48.18626]},"properties":{"cat":"zastavka"}},{"type":"Feature","geometry":{"type":"Point","coordinates":[17.12723,48.17344]},"properties":{"cat":"zastavka"}},{"type":"Feature","geometry":{"type":"Point","coordinates":[17.12102,48.20753]},"properties":{"cat":"park"}},{"type":"Feature","geometry":{"type":"Point","coordinates":[17.12133,48.20685]},"properties":{"cat":"park"}},{"type":"Feature","geometry":{"type":"Point","coordinates":[17.12625,48.17323]},"properties":{"cat":"park"}},{"type":"Feature","geometry":{"type":"Point","coordinates":[17.12577,48.17588]},"properties":{"cat":"park"}},{"type":"Feature","geometry":{"type":"Point","coordinates":[17.07246,48.17468]},"properties":{"cat":"zastavka"}},{"type":"Feature","geometry":{"type":"Point","coordinates":[17.07254,48.17475]},"properties":{"cat":"zastavka"}},{"type":"Feature","geometry":{"type":"Point","coordinates":[17.13241,48.1856]},"properties":{"cat":"park"}},{"type":"Feature","geometry":{"type":"Point","coordinates":[17.13069,48.18555]},"properties":{"cat":"park"}},{"type":"Feature","geometry":{"type":"Point","coordinates":[17.13167,48.18291]},"properties":{"cat":"park"}},{"type":"Feature","geometry":{"type":"Point","coordinates":[17.13246,48.18328]},"properties":{"cat":"park"}},{"type":"Feature","geometry":{"type":"Point","coordinates":[17.12467,48.17396]},"properties":{"cat":"skola"}},{"type":"Feature","geometry":{"type":"Point","coordinates":[17.0681,48.21358]},"properties":{"cat":"park"}},{"type":"Feature","geometry":{"type":"Point","coordinates":[17.13059,48.19787]},"properties":{"cat":"park"}},{"type":"Feature","geometry":{"type":"Point","coordinates":[17.07428,48.17581]},"properties":{"cat":"park"}},{"type":"Feature","geometry":{"type":"Point","coordinates":[17.06855,48.17569]},"properties":{"cat":"park"}},{"type":"Feature","geometry":{"type":"Point","coordinates":[17.12719,48.1813]},"properties":{"cat":"skola"}},{"type":"Feature","geometry":{"type":"Point","coordinates":[17.09892,48.1951]},"properties":{"cat":"park"}},{"type":"Feature","geometry":{"type":"Point","coordinates":[17.12816,48.1812]},"properties":{"cat":"park"}},{"type":"Feature","geometry":{"type":"Point","coordinates":[17.1283,48.18302]},"properties":{"cat":"park"}},{"type":"Feature","geometry":{"type":"Point","coordinates":[17.13152,48.18291]},"properties":{"cat":"park"}},{"type":"Feature","geometry":{"type":"Point","coordinates":[17.12837,48.18136]},"properties":{"cat":"park"}},{"type":"Feature","geometry":{"type":"Point","coordinates":[17.13157,48.18791]},"properties":{"cat":"park"}},{"type":"Feature","geometry":{"type":"Point","coordinates":[17.09943,48.18285]},"properties":{"cat":"park"}},{"type":"Feature","geometry":{"type":"Point","coordinates":[17.07398,48.17629]},"properties":{"cat":"park"}},{"type":"Feature","geometry":{"type":"Point","coordinates":[17.10163,48.17439]},"properties":{"cat":"park"}},{"type":"Feature","geometry":{"type":"Point","coordinates":[17.13295,48.18081]},"properties":{"cat":"park"}},{"type":"Feature","geometry":{"type":"Point","coordinates":[17.12547,48.17206]},"properties":{"cat":"park"}},{"type":"Feature","geometry":{"type":"Point","coordinates":[17.12479,48.17304]},"properties":{"cat":"skolka"}},{"type":"Feature","geometry":{"type":"Point","coordinates":[17.13023,48.17763]},"properties":{"cat":"park"}},{"type":"Feature","geometry":{"type":"Point","coordinates":[17.07441,48.17664]},"properties":{"cat":"park"}},{"type":"Feature","geometry":{"type":"Point","coordinates":[17.09796,48.18361]},"properties":{"cat":"park"}},{"type":"Feature","geometry":{"type":"Point","coordinates":[17.1324,48.18258]},"properties":{"cat":"park"}},{"type":"Feature","geometry":{"type":"Point","coordinates":[17.13002,48.17818]},"properties":{"cat":"park"}},{"type":"Feature","geometry":{"type":"Point","coordinates":[17.13034,48.17233]},"properties":{"cat":"park"}},{"type":"Feature","geometry":{"type":"Point","coordinates":[17.12813,48.1838]},"properties":{"cat":"park"}},{"type":"Feature","geometry":{"type":"Point","coordinates":[17.1267,48.18297]},"properties":{"cat":"park"}},{"type":"Feature","geometry":{"type":"Point","coordinates":[17.11889,48.17175]},"properties":{"cat":"park"}},{"type":"Feature","geometry":{"type":"Point","coordinates":[17.12899,48.17275]},"properties":{"cat":"zastavka"}},{"type":"Feature","geometry":{"type":"Point","coordinates":[17.13239,48.18666]},"properties":{"cat":"zastavka"}},{"type":"Feature","geometry":{"type":"Point","coordinates":[17.12628,48.17357]},"properties":{"cat":"park"}},{"type":"Feature","geometry":{"type":"Point","coordinates":[17.06708,48.21325]},"properties":{"cat":"park"}},{"type":"Feature","geometry":{"type":"Point","coordinates":[17.07443,48.17554]},"properties":{"cat":"park"}}]}