{"type":"FeatureCollection","features":[{"type":"Feature","geometry":{"type":"LineString","coordinates":[[17.125151,48.15607],[17.125142,48.156061],[17.125129,48.156052],[17.12507,48.156009],[17.125068,48.15601],[17.124985,48.155943],[17.124883,48.155929],[17.124768,48.155967],[17.124765,48.155964],[17.124683,48.155992],[17.124668,48.155995],[17.124599,48.156016],[17.124575,48.156022],[17.124561,48.156026],[17.124568,48.156045],[17.123891,48.15626],[17.123248,48.156463],[17.120696,48.157265],[17.120693,48.157263],[17.120676,48.157269],[17.120678,48.157271],[17.120539,48.157315],[17.120537,48.157312],[17.120517,48.157319],[17.120519,48.157321],[17.120297,48.15739],[17.120278,48.15737],[17.120261,48.157351],[17.120208,48.157278],[17.12018,48.157239],[17.120166,48.157221],[17.120157,48.157211],[17.120144,48.157215],[17.120128,48.157222],[17.120094,48.157236],[17.120061,48.157251],[17.120015,48.15727],[17.119954,48.157295],[17.119928,48.157306],[17.119723,48.157381]]},"properties":{"name":"Bratislava-Star\u00e9 Mesto"}},{"type":"Feature","geometry":{"type":"LineString","coordinates":[[17.119723,48.157381],[17.119665,48.157408],[17.119562,48.157457]]},"properties":{"name":"Bratislava-Star\u00e9 Mesto"}},{"type":"Feature","geometry":{"type":"LineString","coordinates":[[17.119562,48.157457],[17.1195,48.157486],[17.119338,48.157578],[17.119157,48.157542],[17.119108,48.157532],[17.119008,48.157513],[17.118761,48.157465],[17.118766,48.157462],[17.118733,48.157457],[17.118688,48.157447],[17.118686,48.157452],[17.118378,48.157394],[17.118169,48.157354],[17.118163,48.157394],[17.118152,48.157474],[17.118162,48.157514],[17.118108,48.157539],[17.11803,48.157576],[17.117972,48.157604],[17.117923,48.157627],[17.117896,48.157639],[17.117868,48.157653],[17.117855,48.15766],[17.117809,48.157682],[17.117711,48.157728],[17.117533,48.157814],[17.117382,48.157887],[17.11723,48.15796],[17.11712,48.158013],[17.116986,48.158077],[17.116941,48.158162],[17.11693,48.158184],[17.116854,48.158247],[17.116801,48.15829],[17.116746,48.158334],[17.116733,48.158346],[17.116679,48.158391],[17.116617,48.158441],[17.116604,48.158452],[17.116561,48.158488],[17.116448,48.158582],[17.116378,48.158639],[17.116309,48.158697],[17.116199,48.158788],[17.116119,48.158855],[17.116121,48.158856],[17.116106,48.158868],[17.116093,48.158878],[17.11608,48.158888],[17.116059,48.158906],[17.115908,48.159032],[17.115907,48.159031],[17.115686,48.159214],[17.115499,48.159367],[17.115402,48.159448],[17.115376,48.15947],[17.115203,48.159481],[17.114739,48.15951],[17.114743,48.159526],[17.114744,48.159532],[17.11476,48.159609]]},"properties":{"name":"Bratislava-Star\u00e9 Mesto"}},{"type":"Feature","geometry":{"type":"LineString","coordinates":[[17.11476,48.159609],[17.114743,48.15961],[17.114627,48.15962],[17.114456,48.15949],[17.114251,48.159378],[17.113897,48.159186],[17.113907,48.159231],[17.113911,48.159257],[17.113912,48.15928],[17.113908,48.159309],[17.113901,48.159326],[17.113892,48.159344],[17.11387,48.159373],[17.113866,48.159376],[17.113604,48.159581],[17.113591,48.159591],[17.113587,48.159594],[17.113568,48.159585],[17.113525,48.159606],[17.113489,48.159616],[17.113448,48.159619],[17.113416,48.159616],[17.113392,48.159609],[17.112439,48.159295],[17.112173,48.159214],[17.111739,48.159104],[17.111215,48.158983],[17.110216,48.158881],[17.109612,48.158821],[17.109405,48.158838]]},"properties":{"name":"Bratislava-Star\u00e9 Mesto"}},{"type":"Feature","geometry":{"type":"LineString","coordinates":[[17.109405,48.158838],[17.109302,48.15884],[17.109068,48.158836],[17.109029,48.15883],[17.108996,48.158816],[17.108968,48.158797],[17.108952,48.158776],[17.108938,48.158756],[17.108867,48.158764],[17.108778,48.158773],[17.108773,48.158774],[17.108571,48.15881],[17.108369,48.158846],[17.108167,48.158881],[17.10813,48.15889],[17.107941,48.158947],[17.107803,48.158999],[17.10768,48.159057],[17.107693,48.159105],[17.107601,48.159218],[17.107519,48.159302],[17.107471,48.159337],[17.107252,48.159479],[17.107113,48.159543],[17.106784,48.159645],[17.106599,48.159699],[17.106201,48.159783],[17.105969,48.159844],[17.105689,48.159929],[17.105489,48.159997],[17.105341,48.160049],[17.104896,48.160221]]},"properties":{"name":"Bratislava-Star\u00e9 Mesto"}},{"type":"Feature","geometry":{"type":"LineString","coordinates":[[17.104896,48.160221],[17.104679,48.160361],[17.104647,48.160386],[17.104531,48.160466],[17.104489,48.160493],[17.104369,48.16059],[17.104015,48.160881],[17.103853,48.161015],[17.103803,48.161046],[17.103655,48.161151],[17.10301,48.161511],[17.102646,48.161712],[17.102502,48.161782],[17.101856,48.162045],[17.101431,48.162172]]},"properties":{"name":"Bratislava-Star\u00e9 Mesto"}},{"type":"Feature","geometry":{"type":"LineString","coordinates":[[17.101431,48.162172],[17.101047,48.16229],[17.100719,48.162389],[17.100675,48.162402],[17.100657,48.162408],[17.100643,48.162412],[17.099933,48.162627],[17.09988,48.162635],[17.099195,48.162693],[17.09915,48.162699],[17.099018,48.162709],[17.098909,48.16272],[17.098905,48.162726],[17.098874,48.162783],[17.098863,48.162802],[17.098846,48.162803],[17.09864,48.162829],[17.098616,48.16283],[17.098555,48.16283],[17.098421,48.16283],[17.098387,48.162833],[17.098129,48.162859],[17.097972,48.162874],[17.097914,48.16288],[17.097882,48.162891],[17.097805,48.162891],[17.09775,48.162896],[17.097614,48.162908],[17.097598,48.162912],[17.097433,48.162927],[17.097411,48.162927],[17.097158,48.16295],[17.097125,48.162953],[17.097081,48.16296],[17.096818,48.162998],[17.096797,48.163],[17.096708,48.163012],[17.09667,48.163017],[17.096562,48.163033],[17.096334,48.16306],[17.096198,48.163076],[17.095982,48.163102],[17.095895,48.163111],[17.095881,48.163118],[17.095796,48.163153],[17.095784,48.163162],[17.09575,48.163165],[17.095469,48.163267],[17.095339,48.163313],[17.095217,48.163331],[17.095101,48.163348],[17.095037,48.163358],[17.09502,48.163359],[17.094886,48.163378],[17.09479,48.163393],[17.094725,48.163403],[17.094589,48.163408],[17.094573,48.163409],[17.094557,48.163409],[17.094535,48.16341],[17.094508,48.163413],[17.0945,48.163412],[17.094423,48.163415],[17.094335,48.163419],[17.094284,48.163421],[17.094162,48.163426],[17.094044,48.163431],[17.093886,48.163437],[17.093809,48.163442],[17.093793,48.163443],[17.093534,48.163462],[17.093172,48.163488],[17.0929,48.163504],[17.09288,48.163505],[17.092875,48.163506],[17.092865,48.163506],[17.092743,48.163514],[17.092809,48.163457],[17.092837,48.163434],[17.092884,48.163394],[17.092808,48.163384],[17.092431,48.163333],[17.092421,48.163345],[17.092456,48.163378],[17.092469,48.163402],[17.092471,48.16343],[17.092465,48.163451],[17.092449,48.163477],[17.0924,48.163507],[17.092316,48.163558],[17.092226,48.163611],[17.092189,48.163632],[17.092034,48.163724],[17.091982,48.163754],[17.091952,48.163772],[17.091898,48.163804],[17.091741,48.163864],[17.091645,48.16389],[17.091463,48.163923],[17.091415,48.16393],[17.091301,48.16394],[17.091143,48.16395],[17.091073,48.163955],[17.090836,48.16398],[17.090294,48.164032],[17.090125,48.164047],[17.089769,48.164085],[17.089642,48.1641],[17.08918,48.164147],[17.088916,48.164176],[17.088758,48.164191],[17.088624,48.164207],[17.088493,48.164226],[17.088251,48.164273],[17.088119,48.16431],[17.088038,48.16428],[17.088027,48.164275],[17.088004,48.164274],[17.087909,48.164293],[17.087672,48.164341],[17.087612,48.164356],[17.08757,48.164365],[17.087464,48.164396],[17.086312,48.164723],[17.085478,48.165003],[17.085087,48.165173],[17.084256,48.165541],[17.084196,48.165569],[17.084083,48.165626],[17.0839,48.165714],[17.083732,48.165795],[17.083567,48.165875],[17.083456,48.165928],[17.083445,48.165931],[17.083359,48.165959],[17.0833,48.166002],[17.083229,48.166047],[17.083124,48.166113],[17.083093,48.166131],[17.083066,48.166147],[17.083035,48.166167],[17.083004,48.166186],[17.08297,48.166208],[17.082941,48.166225],[17.082912,48.166243],[17.082878,48.166263],[17.082847,48.166283],[17.082815,48.166303],[17.08278,48.166325],[17.082748,48.166345],[17.082713,48.166365],[17.08268,48.166387],[17.082646,48.166408],[17.082611,48.166428],[17.082586,48.166444],[17.082479,48.166511],[17.082072,48.16682],[17.081794,48.167029],[17.081447,48.167343],[17.081418,48.167373],[17.081395,48.167396],[17.081355,48.167437],[17.081289,48.167503],[17.081267,48.167526],[17.081246,48.167547],[17.081238,48.167554],[17.081049,48.167745],[17.080802,48.16799],[17.080335,48.168545],[17.079295,48.169798]]},"properties":{"name":"Bratislava-Star\u00e9 Mesto"}},{"type":"Feature","geometry":{"type":"LineString","coordinates":[[17.079295,48.169798],[17.078787,48.17041],[17.078366,48.170918],[17.078334,48.170956],[17.078306,48.170991],[17.078263,48.171078],[17.078207,48.171188],[17.078181,48.171239],[17.078028,48.17141],[17.077482,48.171974],[17.077389,48.172054],[17.077361,48.172076],[17.076699,48.172629],[17.0764,48.172852],[17.076218,48.172986],[17.076063,48.173076],[17.075448,48.173418],[17.075384,48.173453],[17.075322,48.173487],[17.075114,48.173603],[17.07421,48.1741],[17.07405,48.174191],[17.073969,48.174235],[17.073872,48.174288],[17.073813,48.174319],[17.073663,48.1744],[17.073539,48.174466],[17.073525,48.174473],[17.073448,48.174505]]},"properties":{"name":"Bratislava-Star\u00e9 Mesto"}},{"type":"Feature","geometry":{"type":"LineString","coordinates":[[17.073448,48.174505],[17.073778,48.174311],[17.073881,48.174129],[17.073855,48.174106],[17.073819,48.174074],[17.073797,48.174056],[17.073783,48.173783],[17.073847,48.17358],[17.07386,48.173541],[17.073906,48.173394],[17.073918,48.173347],[17.073931,48.173259],[17.07393,48.173029],[17.073942,48.172356],[17.073943,48.172314],[17.073943,48.172265],[17.073943,48.172221],[17.073936,48.172177],[17.073921,48.172134],[17.073901,48.172089],[17.073877,48.172047],[17.073809,48.171951],[17.073767,48.171898],[17.073138,48.171463],[17.072905,48.171302],[17.072386,48.171221],[17.072343,48.171187],[17.072199,48.171067],[17.072183,48.171054],[17.072135,48.171014],[17.0724,48.170873],[17.072407,48.170869],[17.072417,48.170864],[17.072537,48.170801],[17.072543,48.170797],[17.072562,48.170787],[17.07261,48.170762],[17.073469,48.170296],[17.073528,48.170264],[17.074061,48.169975],[17.074375,48.169804],[17.074417,48.169782],[17.074948,48.169494],[17.075223,48.169342],[17.075239,48.169333],[17.075513,48.169176],[17.075519,48.169173],[17.0757,48.169065],[17.075999,48.168892],[17.076213,48.168765],[17.076285,48.168725],[17.076383,48.168651],[17.076605,48.168458],[17.076673,48.168408],[17.076704,48.168384],[17.076726,48.16837],[17.076754,48.16834],[17.07686,48.168232],[17.076961,48.16813],[17.077135,48.167982],[17.077383,48.167772],[17.077594,48.167592],[17.077697,48.167506],[17.077765,48.167449],[17.077788,48.16743],[17.077823,48.167401],[17.07789,48.167309],[17.077903,48.167237],[17.077859,48.167116],[17.077669,48.166913],[17.077678,48.166908],[17.077695,48.1669],[17.07774,48.166885],[17.077818,48.16686],[17.077827,48.166849],[17.077895,48.166833],[17.077843,48.166773],[17.077647,48.166547],[17.077596,48.166493],[17.077539,48.166456],[17.077172,48.166059],[17.07707,48.165945],[17.077056,48.165929],[17.077021,48.165879],[17.077005,48.165858],[17.076972,48.165859],[17.076874,48.165733],[17.076825,48.165671],[17.076778,48.165609],[17.076748,48.16557],[17.076712,48.165524],[17.076601,48.165333],[17.076496,48.16508],[17.076438,48.164828],[17.07643,48.164761],[17.076424,48.164707],[17.076414,48.16462],[17.076418,48.164226],[17.076418,48.164203],[17.076419,48.164086],[17.076419,48.164006],[17.07642,48.163949],[17.076422,48.163703]]},"properties":{"name":"Bratislava-Star\u00e9 Mesto"}},{"type":"Feature","geometry":{"type":"LineString","coordinates":[[17.076422,48.163703],[17.076423,48.163505]]},"properties":{"name":"Bratislava-Star\u00e9 Mesto"}},{"type":"Feature","geometry":{"type":"LineString","coordinates":[[17.076423,48.163505],[17.076443,48.162796],[17.076447,48.162276],[17.076446,48.162203],[17.07649,48.161991],[17.076523,48.161841],[17.076541,48.161759],[17.076542,48.161669],[17.076542,48.161641],[17.076542,48.161592],[17.076543,48.161544],[17.076545,48.161429],[17.076546,48.161388],[17.076547,48.161287],[17.076548,48.161227],[17.076556,48.160702],[17.076556,48.160662],[17.076557,48.16061],[17.076558,48.16058],[17.076566,48.160567],[17.07657,48.160559],[17.076574,48.160555],[17.076563,48.160483],[17.07652,48.160483],[17.076498,48.160482],[17.076471,48.160166],[17.076474,48.159926],[17.076476,48.159704],[17.076494,48.159182],[17.076495,48.158986],[17.076496,48.158764],[17.076496,48.158458],[17.076495,48.158333],[17.076495,48.158244],[17.076504,48.158061],[17.076531,48.157434],[17.076554,48.156646],[17.076596,48.156399]]},"properties":{"name":"Bratislava-Star\u00e9 Mesto"}},{"type":"Feature","geometry":{"type":"LineString","coordinates":[[17.076596,48.156399],[17.076703,48.155749],[17.076714,48.155678],[17.076741,48.155552],[17.076754,48.155491],[17.076767,48.15543],[17.076808,48.155239],[17.076852,48.155035],[17.076875,48.154925],[17.076878,48.154913],[17.076907,48.154774],[17.077007,48.15431],[17.077055,48.154086],[17.077105,48.153862],[17.07714,48.1537],[17.077143,48.153683],[17.077151,48.153642],[17.077152,48.153633],[17.077162,48.153574],[17.077193,48.153392],[17.077221,48.153139],[17.07721,48.153054],[17.077194,48.152932],[17.077114,48.152754],[17.077058,48.152632],[17.077033,48.152577],[17.076996,48.152472],[17.077022,48.152467],[17.07704,48.152465],[17.077024,48.15242],[17.076887,48.152042],[17.076865,48.151979],[17.076765,48.15157],[17.076735,48.151352],[17.076695,48.150886],[17.076659,48.150888],[17.076547,48.149062],[17.076522,48.148636],[17.076516,48.148536],[17.076512,48.148386],[17.07647,48.147897],[17.076414,48.147321],[17.076405,48.147165],[17.076417,48.147107],[17.076426,48.146981],[17.076459,48.146905],[17.076476,48.14687],[17.076525,48.146771],[17.076485,48.14677],[17.076452,48.146769],[17.07639,48.146767],[17.07636,48.146766],[17.076312,48.146765],[17.07629,48.146765],[17.076243,48.146764],[17.076175,48.146762],[17.07613,48.146761],[17.076133,48.146749],[17.076142,48.146716],[17.076117,48.146636],[17.076049,48.146412],[17.076002,48.146257],[17.075976,48.146172],[17.075932,48.146027],[17.075839,48.145904],[17.07569,48.145706],[17.075676,48.145688],[17.075575,48.145554],[17.075539,48.145507],[17.075532,48.145499],[17.074929,48.144807],[17.074917,48.144793],[17.074817,48.144682],[17.074461,48.144381],[17.074415,48.14426],[17.074395,48.144207],[17.074255,48.144187],[17.074241,48.144113],[17.073896,48.142414]]},"properties":{"name":"Bratislava-Star\u00e9 Mesto"}},{"type":"Feature","geometry":{"type":"LineString","coordinates":[[17.073896,48.142414],[17.075042,48.14205],[17.07521,48.141996],[17.075443,48.141954],[17.07557,48.141929],[17.075903,48.141878],[17.076368,48.141792],[17.076744,48.14172],[17.077134,48.141643],[17.077998,48.141488],[17.078662,48.141449],[17.079989,48.141327],[17.080773,48.141273],[17.081555,48.141135],[17.082079,48.141052],[17.08298,48.140875],[17.083631,48.14074],[17.084374,48.140624],[17.085258,48.140442],[17.085611,48.14037],[17.086373,48.140251],[17.086577,48.140218],[17.087085,48.140119],[17.087771,48.139989],[17.088254,48.139895],[17.088398,48.139865],[17.089517,48.139644],[17.090123,48.139524],[17.090571,48.139437],[17.091091,48.139332],[17.091975,48.139162],[17.092362,48.139091],[17.092524,48.139062],[17.093226,48.138933],[17.093624,48.138865],[17.094358,48.138734],[17.09496,48.138639],[17.095242,48.138606],[17.096002,48.138534],[17.096312,48.138507],[17.096598,48.138484],[17.097095,48.138443],[17.097594,48.138404],[17.098195,48.138365],[17.098716,48.138349],[17.099653,48.138315],[17.099765,48.138311],[17.099943,48.138306],[17.101013,48.138267],[17.102072,48.138261],[17.102287,48.138259]]},"properties":{"name":"Bratislava-Star\u00e9 Mesto"}},{"type":"Feature","geometry":{"type":"LineString","coordinates":[[17.102287,48.138259],[17.102817,48.13825],[17.10357,48.13824],[17.104042,48.138235],[17.104395,48.138225],[17.104406,48.138225],[17.10452,48.138229],[17.104547,48.13823],[17.104663,48.138232],[17.104674,48.138231],[17.10601,48.13825],[17.108362,48.138302],[17.109508,48.138321],[17.111359,48.138346],[17.113178,48.138333],[17.117047,48.138254],[17.11689,48.135872],[17.117152,48.135867]]},"properties":{"name":"Bratislava-Star\u00e9 Mesto"}},{"type":"Feature","geometry":{"type":"LineString","coordinates":[[17.117152,48.135867],[17.117155,48.135907],[17.117231,48.135905],[17.117261,48.1359],[17.117278,48.135889],[17.11729,48.135871],[17.117366,48.135859],[17.117303,48.135899],[17.117165,48.135976],[17.11737,48.138246]]},"properties":{"name":"Bratislava-Star\u00e9 Mesto"}},{"type":"Feature","geometry":{"type":"LineString","coordinates":[[17.11737,48.138246],[17.117492,48.139963]]},"properties":{"name":"Bratislava-Star\u00e9 Mesto"}},{"type":"Feature","geometry":{"type":"LineString","coordinates":[[17.117492,48.139963],[17.117917,48.139943],[17.117918,48.139957],[17.11792,48.139973],[17.117863,48.140035],[17.117814,48.140087],[17.1181,48.140149],[17.118102,48.140158],[17.118252,48.140155],[17.118256,48.140183],[17.118293,48.140193],[17.118545,48.140248],[17.118671,48.140278],[17.118877,48.140324],[17.118895,48.140329],[17.1189,48.14033],[17.118962,48.140345],[17.119139,48.140386],[17.119185,48.140396],[17.119211,48.140402],[17.119403,48.140444],[17.119454,48.140456],[17.119464,48.14046],[17.119508,48.140469],[17.119584,48.140486],[17.119601,48.14049],[17.120143,48.140721],[17.120318,48.140795],[17.120395,48.140828],[17.120446,48.14085]]},"properties":{"name":"Bratislava-Star\u00e9 Mesto"}},{"type":"Feature","geometry":{"type":"LineString","coordinates":[[17.120446,48.14085],[17.120475,48.140849],[17.120476,48.140851],[17.120505,48.140849],[17.12062,48.140839],[17.120941,48.140815],[17.121108,48.140802],[17.121154,48.140799],[17.121277,48.140789],[17.121318,48.140786],[17.121587,48.140766],[17.121692,48.140758],[17.121848,48.140747],[17.122607,48.140689],[17.122801,48.140675],[17.123306,48.140637],[17.123348,48.140635],[17.124284,48.140566],[17.124566,48.140544],[17.124625,48.140539],[17.12464,48.140538],[17.125566,48.140469],[17.125688,48.140461],[17.126292,48.140413],[17.126474,48.140398],[17.126637,48.140385],[17.127154,48.140343],[17.127261,48.140335],[17.12727,48.140334],[17.127307,48.140331],[17.127318,48.14033],[17.127423,48.140324],[17.127431,48.140323],[17.12787,48.140294],[17.127888,48.140293],[17.128422,48.140257],[17.128569,48.140248],[17.128622,48.140243],[17.128693,48.140238],[17.128763,48.140233],[17.128912,48.140221],[17.129003,48.140214],[17.129222,48.140197]]},"properties":{"name":"Bratislava-Star\u00e9 Mesto"}},{"type":"Feature","geometry":{"type":"LineString","coordinates":[[17.129222,48.140197],[17.129262,48.140257],[17.129266,48.140263],[17.129268,48.140267],[17.129304,48.140327],[17.129423,48.14054],[17.129438,48.140569],[17.129442,48.140576],[17.129549,48.140758],[17.129569,48.140792],[17.129669,48.140964],[17.129702,48.141023],[17.129711,48.141041],[17.129713,48.141043],[17.129724,48.141062],[17.129726,48.141064],[17.129852,48.141279],[17.130084,48.141678],[17.130219,48.141912],[17.13026,48.141984],[17.130264,48.14199],[17.130349,48.142138],[17.130361,48.142157],[17.130366,48.142164],[17.130429,48.142271],[17.130732,48.142783],[17.130738,48.142795],[17.13074,48.142796],[17.130765,48.142842],[17.13077,48.142849],[17.130773,48.142854],[17.130834,48.142964],[17.13083,48.142965],[17.130852,48.143001],[17.130856,48.143001],[17.130863,48.143014],[17.130865,48.14302],[17.130872,48.143033],[17.130893,48.143072],[17.130896,48.143078],[17.130903,48.143086],[17.130913,48.143105],[17.130949,48.143165],[17.130955,48.143178],[17.130991,48.143239],[17.130999,48.143252],[17.13102,48.143289],[17.131044,48.143329],[17.131071,48.143376],[17.131084,48.1434],[17.131112,48.143446],[17.131122,48.143465],[17.13115,48.143512],[17.131241,48.143668],[17.131247,48.143681],[17.13125,48.143684],[17.131256,48.143695],[17.131259,48.143699],[17.131264,48.143708],[17.131275,48.143729],[17.131306,48.143782],[17.131313,48.143793],[17.131344,48.143846],[17.131351,48.143859],[17.131382,48.14391],[17.13139,48.143927],[17.13147,48.144071],[17.1315,48.144118],[17.13174,48.144532],[17.131991,48.144965],[17.132011,48.145001],[17.132102,48.145156],[17.132147,48.145233],[17.132167,48.145267],[17.132172,48.145274],[17.132183,48.145295],[17.132189,48.145304],[17.132208,48.145335],[17.13235,48.145576],[17.13238,48.145627],[17.13245,48.145748],[17.132043,48.145789]]},"properties":{"name":"Bratislava-Star\u00e9 Mesto"}},{"type":"Feature","geometry":{"type":"LineString","coordinates":[[17.132043,48.145789],[17.131712,48.145809],[17.131652,48.145815],[17.131493,48.145845],[17.131383,48.145856],[17.131269,48.145867],[17.131172,48.145877],[17.130821,48.145913],[17.130522,48.145944],[17.13036,48.14596],[17.130226,48.145973],[17.129839,48.146013],[17.129802,48.146017],[17.129731,48.146023],[17.129282,48.14607],[17.129251,48.146073],[17.129217,48.146077],[17.129194,48.146079],[17.129135,48.146085],[17.129089,48.14609],[17.129013,48.146097],[17.128622,48.146137],[17.128597,48.14614],[17.128519,48.146148],[17.128339,48.146165],[17.12833,48.146166],[17.128329,48.146166],[17.128291,48.146175],[17.128288,48.146176],[17.128121,48.146204],[17.128048,48.146212],[17.127461,48.146271],[17.127386,48.146279],[17.126666,48.146353],[17.126596,48.146359],[17.126576,48.146361],[17.12656,48.146363],[17.126511,48.146368],[17.126267,48.146391],[17.126242,48.146395],[17.126248,48.146377],[17.126211,48.146382],[17.126134,48.146389],[17.126014,48.1464],[17.125943,48.146408],[17.125821,48.14642],[17.125717,48.146431],[17.125033,48.1465],[17.124987,48.146503],[17.124901,48.146513],[17.124763,48.146527]]},"properties":{"name":"Bratislava-Star\u00e9 Mesto"}},{"type":"Feature","geometry":{"type":"LineString","coordinates":[[17.124763,48.146527],[17.124779,48.146561],[17.124786,48.14659],[17.124787,48.146593],[17.124827,48.146704],[17.124914,48.146945],[17.124925,48.146978],[17.124931,48.146993],[17.12496,48.147077],[17.124973,48.14711],[17.124984,48.14714],[17.125008,48.147211],[17.125014,48.147224],[17.125025,48.147256],[17.125041,48.147301],[17.125041,48.147316],[17.125039,48.147357],[17.125048,48.147371],[17.125079,48.147371],[17.125147,48.147373],[17.125182,48.147374]]},"properties":{"name":"Bratislava-Star\u00e9 Mesto"}},{"type":"Feature","geometry":{"type":"LineString","coordinates":[[17.125182,48.147374],[17.125187,48.147387],[17.125187,48.147389],[17.125196,48.147419],[17.125202,48.147439],[17.125238,48.147547],[17.125241,48.147556],[17.125243,48.14756],[17.125263,48.147624],[17.125302,48.147742],[17.125303,48.147743],[17.125304,48.147744],[17.125314,48.147753],[17.125393,48.148014],[17.125496,48.148311],[17.125502,48.148328],[17.125526,48.148395],[17.12556,48.148467],[17.125563,48.148473],[17.125706,48.148774],[17.125788,48.149078],[17.125822,48.149194],[17.125835,48.149238],[17.125854,48.149302],[17.125909,48.149454],[17.125917,48.14948],[17.125927,48.149506],[17.125936,48.149531],[17.125946,48.149559],[17.125953,48.149587],[17.125963,48.14961],[17.125973,48.149638],[17.125981,48.149663],[17.125991,48.14969],[17.126001,48.149716],[17.126009,48.149744],[17.126083,48.149731],[17.126092,48.14976],[17.12602,48.149772],[17.126031,48.149797],[17.12604,48.149822],[17.126049,48.149848],[17.126058,48.149875],[17.126069,48.149902],[17.126078,48.149927],[17.126087,48.149955],[17.126096,48.14998],[17.126105,48.150007],[17.126114,48.150033],[17.126123,48.150059],[17.126133,48.150086],[17.126142,48.150112],[17.126152,48.150139],[17.126161,48.150166],[17.126172,48.150191],[17.126179,48.150218],[17.12619,48.150243],[17.126198,48.150271],[17.126208,48.150296],[17.126216,48.150323],[17.126226,48.15035],[17.126234,48.150376],[17.126244,48.150402],[17.126254,48.150428],[17.126264,48.150456],[17.126272,48.150482],[17.126281,48.150508],[17.12629,48.150535],[17.126301,48.150563],[17.12631,48.150588],[17.126318,48.150612],[17.126327,48.15064],[17.126338,48.150668],[17.126346,48.150693],[17.126356,48.15072],[17.126365,48.150746],[17.126375,48.150772],[17.126383,48.150799],[17.126395,48.150824],[17.126402,48.150851],[17.126412,48.150878],[17.12642,48.150904],[17.126428,48.15093],[17.126438,48.150955],[17.126448,48.150983],[17.126459,48.151012],[17.12653,48.151],[17.126417,48.151036]]},"properties":{"name":"Bratislava-Star\u00e9 Mesto"}},{"type":"Feature","geometry":{"type":"LineString","coordinates":[[17.126417,48.151036],[17.126475,48.151244]]},"properties":{"name":"Bratislava-Star\u00e9 Mesto"}},{"type":"Feature","geometry":{"type":"LineString","coordinates":[[17.126475,48.151244],[17.126572,48.151638],[17.126698,48.151962],[17.126643,48.151907],[17.126757,48.152331],[17.126703,48.152339],[17.126609,48.152352],[17.126628,48.152426],[17.126663,48.152563],[17.126649,48.152565],[17.126681,48.152684],[17.126694,48.152683],[17.126702,48.152713],[17.126024,48.153003],[17.126111,48.153094],[17.125956,48.153159],[17.125903,48.153183],[17.125898,48.153219],[17.125881,48.153332],[17.125872,48.153367],[17.125819,48.153744]]},"properties":{"name":"Bratislava-Star\u00e9 Mesto"}},{"type":"Feature","geometry":{"type":"LineString","coordinates":[[17.125819,48.153744],[17.125793,48.153744],[17.125787,48.153916],[17.125646,48.153914],[17.125487,48.154474],[17.125265,48.154981],[17.12521,48.155261],[17.125163,48.155426],[17.125135,48.155616],[17.125142,48.155783],[17.125151,48.15607]]},"properties":{"name":"Bratislava-Star\u00e9 Mesto"}},{"type":"Feature","geometry":{"type":"LineString","coordinates":[[17.181355,48.152526],[17.181555,48.152628],[17.181773,48.152727],[17.181973,48.152819],[17.182097,48.152867],[17.182182,48.152901],[17.182387,48.152975],[17.18257,48.153043],[17.182716,48.153097],[17.182873,48.153155],[17.183009,48.15321],[17.183223,48.153291],[17.183433,48.153371],[17.18363,48.153446],[17.183814,48.153516],[17.184003,48.153573],[17.184231,48.153641],[17.184691,48.153728],[17.184924,48.153763],[17.185146,48.15379],[17.185361,48.153803],[17.185377,48.153804],[17.18561,48.153807],[17.18571,48.15381],[17.185995,48.153816],[17.185998,48.153816],[17.186237,48.153777],[17.186478,48.153753],[17.186718,48.153701],[17.186878,48.153651],[17.1869,48.153644],[17.187086,48.15322],[17.187134,48.153357],[17.18718,48.153386],[17.187283,48.15345],[17.187306,48.153465],[17.187325,48.153475],[17.187372,48.153506],[17.187459,48.153553],[17.187966,48.153858],[17.188094,48.153965],[17.188805,48.154795],[17.188963,48.155049],[17.189051,48.155248],[17.189094,48.155431],[17.189117,48.155661],[17.188932,48.156292],[17.188571,48.156806],[17.188203,48.157101],[17.187321,48.157739],[17.187083,48.157896],[17.186794,48.158024],[17.186176,48.158228],[17.186183,48.158244],[17.186338,48.158569],[17.186339,48.158572],[17.186523,48.158961],[17.186717,48.159367],[17.186427,48.159422],[17.186038,48.159476]]},"properties":{"name":"Bratislava-Ru\u017einov"}},{"type":"Feature","geometry":{"type":"LineString","coordinates":[[17.180019,48.150347],[17.180036,48.150495],[17.180051,48.150636],[17.180068,48.150787],[17.180079,48.150887],[17.180089,48.150971],[17.180105,48.151027],[17.180131,48.151124],[17.180146,48.151157],[17.180303,48.15153],[17.180294,48.151535],[17.180327,48.151627],[17.180407,48.151737],[17.180418,48.151753],[17.180448,48.151797],[17.180423,48.151811],[17.180482,48.151861],[17.180596,48.151964],[17.180746,48.152095],[17.180833,48.152166],[17.180917,48.152257],[17.18102,48.152325],[17.18112,48.152393],[17.181355,48.152526]]},"properties":{"name":"Bratislava-Ru\u017einov"}},{"type":"Feature","geometry":{"type":"LineString","coordinates":[[17.192732,48.140667],[17.192629,48.140783],[17.192493,48.140938],[17.192363,48.141084],[17.192362,48.141086],[17.192322,48.141122],[17.192393,48.141168],[17.191715,48.141912],[17.191412,48.142186],[17.190379,48.143377],[17.190115,48.143645],[17.190171,48.1437],[17.190198,48.143728],[17.190084,48.143855],[17.19007,48.14387],[17.189931,48.143836],[17.189762,48.143974],[17.189525,48.144111],[17.189402,48.144171],[17.189301,48.1442],[17.189292,48.144192],[17.189236,48.144219],[17.189177,48.144249],[17.18917,48.144251],[17.189135,48.144266],[17.189087,48.144285],[17.189063,48.144295],[17.189055,48.144298],[17.189038,48.144277],[17.188985,48.144219],[17.188979,48.14421],[17.188969,48.144204],[17.188867,48.144253],[17.188779,48.144304],[17.188763,48.144287],[17.187936,48.14463],[17.187792,48.144698],[17.187647,48.144768],[17.187352,48.144929],[17.18713,48.145099],[17.186923,48.145283],[17.186861,48.145347],[17.18679,48.14546],[17.186944,48.145433],[17.186922,48.145458],[17.186844,48.145548],[17.186826,48.145569],[17.186756,48.145675],[17.186252,48.146251],[17.186294,48.146272],[17.186211,48.146361],[17.186127,48.146449],[17.185589,48.147018],[17.185474,48.147144],[17.18534,48.14729],[17.185212,48.147423],[17.185209,48.147427],[17.18509,48.147547],[17.185072,48.147561],[17.184909,48.147681],[17.184887,48.147699],[17.184743,48.147796],[17.184561,48.147904],[17.184539,48.147916],[17.18437,48.14801],[17.184339,48.148027],[17.184094,48.148164],[17.183796,48.148328],[17.183707,48.148376],[17.183424,48.148533],[17.183219,48.148646],[17.183094,48.148709],[17.182761,48.148877],[17.182673,48.148919],[17.18223,48.149146],[17.182199,48.149129],[17.181946,48.149274],[17.181346,48.149625],[17.180634,48.15004],[17.180311,48.150214],[17.180019,48.150347]]},"properties":{"name":"Bratislava-Ru\u017einov"}},{"type":"Feature","geometry":{"type":"LineString","coordinates":[[17.192732,48.140667],[17.192728,48.140664],[17.192709,48.140651],[17.19259,48.140566],[17.192582,48.140561],[17.192572,48.140554],[17.192554,48.14054],[17.19255,48.140536],[17.192534,48.140525],[17.192448,48.140463],[17.192432,48.140451],[17.192441,48.140441]]},"properties":{"name":"Bratislava-Ru\u017einov"}},{"type":"Feature","geometry":{"type":"LineString","coordinates":[[17.192441,48.140441],[17.192383,48.140396],[17.192335,48.140359],[17.192307,48.140338],[17.19228,48.140328],[17.192019,48.140146],[17.19181,48.139995],[17.191728,48.139938],[17.191182,48.139556],[17.19089,48.139351],[17.190786,48.139278],[17.190734,48.139237],[17.190656,48.13917],[17.190518,48.139063],[17.19038,48.13896],[17.190248,48.138872],[17.190093,48.138764],[17.189804,48.13859],[17.189961,48.138534],[17.189545,48.138316],[17.189053,48.138033],[17.188814,48.137887],[17.188495,48.137679],[17.188258,48.13753],[17.187693,48.137203],[17.187157,48.136893],[17.186561,48.136609],[17.185851,48.136401]]},"properties":{"name":"Bratislava-Ru\u017einov"}},{"type":"Feature","geometry":{"type":"LineString","coordinates":[[17.185851,48.136401],[17.185992,48.136188],[17.186066,48.136028],[17.186256,48.135931],[17.186456,48.135829],[17.186766,48.135476],[17.187001,48.135264],[17.186851,48.135205],[17.187276,48.134773],[17.187457,48.134613],[17.187669,48.13435],[17.187252,48.134094],[17.187288,48.134072],[17.187311,48.134058],[17.187414,48.133995],[17.187511,48.133936],[17.187605,48.133877],[17.187636,48.133859],[17.187695,48.133817],[17.187782,48.133755],[17.18787,48.133693],[17.188097,48.133532],[17.18822,48.133354],[17.188208,48.13314],[17.188219,48.133038],[17.188228,48.132949],[17.188217,48.132938],[17.188102,48.132835],[17.187982,48.132729],[17.187913,48.132625],[17.187841,48.132518],[17.18782,48.132485],[17.187752,48.132408],[17.187655,48.132297],[17.18756,48.132189],[17.187436,48.132056],[17.187338,48.13195],[17.187251,48.131853],[17.18715,48.13174],[17.187062,48.131641],[17.187051,48.131631],[17.186935,48.131539],[17.186794,48.131424],[17.186652,48.131311],[17.186609,48.13127],[17.186519,48.131186],[17.186432,48.131104],[17.186398,48.131051],[17.186351,48.130977],[17.186314,48.130916],[17.186286,48.130877],[17.186218,48.130784],[17.186241,48.130759],[17.186308,48.130689],[17.186314,48.130666],[17.186323,48.130628],[17.18634,48.130559],[17.186359,48.130487],[17.186366,48.130459],[17.186409,48.130286],[17.186422,48.130243],[17.186516,48.130256],[17.186522,48.130245],[17.186535,48.130247],[17.186539,48.130233],[17.186587,48.130242],[17.186604,48.130246],[17.186656,48.130254],[17.186651,48.130268],[17.186692,48.130277],[17.186686,48.13029],[17.186842,48.130305],[17.186874,48.130245],[17.186983,48.130052],[17.186994,48.13003],[17.187024,48.129977],[17.187137,48.129767],[17.187169,48.129708],[17.187377,48.129325],[17.187557,48.129001],[17.187742,48.12867],[17.187691,48.12897],[17.191651,48.129098],[17.191668,48.129098],[17.191731,48.129035],[17.192352,48.128417],[17.192365,48.128405],[17.192408,48.128362],[17.192418,48.128351],[17.192845,48.127924],[17.192874,48.127894],[17.19326,48.127507],[17.193801,48.127096],[17.19382,48.126844],[17.193901,48.125697],[17.193991,48.12444],[17.194221,48.121199],[17.194385,48.118886],[17.194416,48.118446],[17.194418,48.11843],[17.194422,48.11837],[17.194456,48.117885],[17.194475,48.117626],[17.194475,48.117622],[17.194495,48.117354],[17.194541,48.116701],[17.194589,48.116019],[17.194607,48.115769],[17.194624,48.115524],[17.194633,48.115389],[17.194653,48.115119],[17.194662,48.114987],[17.194728,48.114069],[17.194762,48.113585],[17.194781,48.113317],[17.194861,48.112204],[17.195228,48.107032],[17.176095,48.106423],[17.17319,48.106328],[17.17292,48.105516],[17.171954,48.104299],[17.171542,48.104063],[17.171078,48.103775],[17.170717,48.103543],[17.170298,48.103629],[17.16989,48.103783],[17.16957,48.104013],[17.169332,48.104211],[17.169198,48.104619],[17.169006,48.104689],[17.16898,48.104698],[17.168775,48.104773],[17.168464,48.104858],[17.168361,48.104886],[17.16832,48.104888],[17.166704,48.104966],[17.16543,48.104927],[17.164451,48.104937],[17.164047,48.104904],[17.163484,48.104859],[17.162432,48.104754],[17.162336,48.104744],[17.161758,48.104684],[17.16139,48.104458],[17.160769,48.104298],[17.159933,48.10426],[17.159458,48.104071],[17.159428,48.104047],[17.159357,48.103988],[17.159157,48.10382],[17.158479,48.103531],[17.158464,48.103523],[17.157938,48.103258],[17.156779,48.103003],[17.156007,48.102286],[17.15599,48.102271],[17.15577,48.102045],[17.155096,48.101464],[17.154906,48.101281],[17.154768,48.101148],[17.154617,48.101002],[17.15453,48.100918],[17.154507,48.100896],[17.153661,48.100839],[17.151628,48.100675],[17.149389,48.100497],[17.149306,48.10049],[17.149106,48.100474],[17.149134,48.100302],[17.149235,48.099726],[17.149335,48.099149],[17.149351,48.099059],[17.149357,48.099024],[17.149367,48.098965],[17.149384,48.098872],[17.14939,48.098833],[17.1494,48.098778],[17.149451,48.098489],[17.149458,48.098442],[17.149582,48.09773],[17.149495,48.097695],[17.149215,48.097581],[17.148448,48.097271],[17.148373,48.097241],[17.148334,48.097225],[17.147389,48.096842],[17.146357,48.096421],[17.145324,48.096004],[17.145254,48.095974],[17.14517,48.095938],[17.145142,48.095924],[17.14513,48.095919],[17.145101,48.095907],[17.143709,48.095253]]},"properties":{"name":"Bratislava-Ru\u017einov"}},{"type":"Feature","geometry":{"type":"LineString","coordinates":[[17.143506,48.095185],[17.143709,48.095253]]},"properties":{"name":"Bratislava-Ru\u017einov"}},{"type":"Feature","geometry":{"type":"LineString","coordinates":[[17.140513,48.098985],[17.141135,48.098196],[17.141368,48.097899],[17.141733,48.097436],[17.142184,48.096959],[17.142531,48.096519],[17.143506,48.095185]]},"properties":{"name":"Bratislava-Ru\u017einov"}},{"type":"Feature","geometry":{"type":"LineString","coordinates":[[17.145815,48.119995],[17.145749,48.119744],[17.145405,48.118817],[17.145138,48.118458],[17.1445,48.117613],[17.143973,48.116913],[17.143102,48.11595],[17.141969,48.114969],[17.140792,48.113985],[17.139949,48.113023],[17.139256,48.112074],[17.138685,48.111132],[17.138279,48.110201],[17.138142,48.109287],[17.13812,48.109054],[17.138056,48.108378],[17.138017,48.107468],[17.138102,48.106576],[17.138264,48.105681],[17.138448,48.104788],[17.138627,48.103897],[17.138807,48.103009],[17.139026,48.102118],[17.139116,48.101745],[17.139353,48.101062],[17.139597,48.100361],[17.139729,48.09998],[17.140157,48.099436],[17.140513,48.098985]]},"properties":{"name":"Bratislava-Ru\u017einov"}},{"type":"Feature","geometry":{"type":"LineString","coordinates":[[17.146355,48.125213],[17.146359,48.124302],[17.146363,48.123403],[17.146359,48.122501],[17.14626,48.121586],[17.14598,48.120665],[17.145815,48.119995]]},"properties":{"name":"Bratislava-Ru\u017einov"}},{"type":"Feature","geometry":{"type":"LineString","coordinates":[[17.127686,48.137293],[17.128153,48.137223],[17.129512,48.13702],[17.130892,48.136837],[17.131346,48.136768],[17.131937,48.136677],[17.132399,48.136599],[17.132983,48.136495],[17.133155,48.136461],[17.133405,48.136413],[17.13412,48.136273],[17.134363,48.136223],[17.13493,48.136085],[17.13512,48.136038],[17.135285,48.135987],[17.135663,48.135883],[17.13629,48.13569],[17.136907,48.135469],[17.137256,48.135348],[17.137649,48.135203],[17.138133,48.134995],[17.139255,48.134538],[17.139272,48.134532],[17.139353,48.134495],[17.139371,48.134489],[17.139454,48.134458],[17.139523,48.134413],[17.139656,48.134328],[17.139761,48.13426],[17.139775,48.134251],[17.141029,48.133445],[17.142676,48.13226],[17.144095,48.13048],[17.144277,48.130252],[17.144766,48.129623],[17.145292,48.128763],[17.145679,48.127877],[17.146009,48.127012],[17.146258,48.126129],[17.146355,48.125213]]},"properties":{"name":"Bratislava-Ru\u017einov"}},{"type":"Feature","geometry":{"type":"LineString","coordinates":[[17.11737,48.138246],[17.119798,48.138149],[17.119891,48.138144],[17.120205,48.138125],[17.120423,48.13811],[17.120854,48.138081],[17.121268,48.138051],[17.121464,48.138036],[17.121726,48.138014],[17.122212,48.13797],[17.122625,48.13793],[17.122971,48.137898],[17.123295,48.137867],[17.124692,48.137738],[17.125394,48.137633],[17.126789,48.137426],[17.127686,48.137293]]},"properties":{"name":"Bratislava-Ru\u017einov"}},{"type":"Feature","geometry":{"type":"LineString","coordinates":[[17.11737,48.138246],[17.117492,48.139963]]},"properties":{"name":"Bratislava-Ru\u017einov"}},{"type":"Feature","geometry":{"type":"LineString","coordinates":[[17.117492,48.139963],[17.117917,48.139943],[17.117918,48.139957],[17.11792,48.139973],[17.117863,48.140035],[17.117814,48.140087],[17.1181,48.140149],[17.118102,48.140158],[17.118252,48.140155],[17.118256,48.140183],[17.118293,48.140193],[17.118545,48.140248],[17.118671,48.140278],[17.118877,48.140324],[17.118895,48.140329],[17.1189,48.14033],[17.118962,48.140345],[17.119139,48.140386],[17.119185,48.140396],[17.119211,48.140402],[17.119403,48.140444],[17.119454,48.140456],[17.119464,48.14046],[17.119508,48.140469],[17.119584,48.140486],[17.119601,48.14049],[17.120143,48.140721],[17.120318,48.140795],[17.120395,48.140828],[17.120446,48.14085]]},"properties":{"name":"Bratislava-Ru\u017einov"}},{"type":"Feature","geometry":{"type":"LineString","coordinates":[[17.120446,48.14085],[17.120475,48.140849],[17.120476,48.140851],[17.120505,48.140849],[17.12062,48.140839],[17.120941,48.140815],[17.121108,48.140802],[17.121154,48.140799],[17.121277,48.140789],[17.121318,48.140786],[17.121587,48.140766],[17.121692,48.140758],[17.121848,48.140747],[17.122607,48.140689],[17.122801,48.140675],[17.123306,48.140637],[17.123348,48.140635],[17.124284,48.140566],[17.124566,48.140544],[17.124625,48.140539],[17.12464,48.140538],[17.125566,48.140469],[17.125688,48.140461],[17.126292,48.140413],[17.126474,48.140398],[17.126637,48.140385],[17.127154,48.140343],[17.127261,48.140335],[17.12727,48.140334],[17.127307,48.140331],[17.127318,48.14033],[17.127423,48.140324],[17.127431,48.140323],[17.12787,48.140294],[17.127888,48.140293],[17.128422,48.140257],[17.128569,48.140248],[17.128622,48.140243],[17.128693,48.140238],[17.128763,48.140233],[17.128912,48.140221],[17.129003,48.140214],[17.129222,48.140197]]},"properties":{"name":"Bratislava-Ru\u017einov"}},{"type":"Feature","geometry":{"type":"LineString","coordinates":[[17.129222,48.140197],[17.129262,48.140257],[17.129266,48.140263],[17.129268,48.140267],[17.129304,48.140327],[17.129423,48.14054],[17.129438,48.140569],[17.129442,48.140576],[17.129549,48.140758],[17.129569,48.140792],[17.129669,48.140964],[17.129702,48.141023],[17.129711,48.141041],[17.129713,48.141043],[17.129724,48.141062],[17.129726,48.141064],[17.129852,48.141279],[17.130084,48.141678],[17.130219,48.141912],[17.13026,48.141984],[17.130264,48.14199],[17.130349,48.142138],[17.130361,48.142157],[17.130366,48.142164],[17.130429,48.142271],[17.130732,48.142783],[17.130738,48.142795],[17.13074,48.142796],[17.130765,48.142842],[17.13077,48.142849],[17.130773,48.142854],[17.130834,48.142964],[17.13083,48.142965],[17.130852,48.143001],[17.130856,48.143001],[17.130863,48.143014],[17.130865,48.14302],[17.130872,48.143033],[17.130893,48.143072],[17.130896,48.143078],[17.130903,48.143086],[17.130913,48.143105],[17.130949,48.143165],[17.130955,48.143178],[17.130991,48.143239],[17.130999,48.143252],[17.13102,48.143289],[17.131044,48.143329],[17.131071,48.143376],[17.131084,48.1434],[17.131112,48.143446],[17.131122,48.143465],[17.13115,48.143512],[17.131241,48.143668],[17.131247,48.143681],[17.13125,48.143684],[17.131256,48.143695],[17.131259,48.143699],[17.131264,48.143708],[17.131275,48.143729],[17.131306,48.143782],[17.131313,48.143793],[17.131344,48.143846],[17.131351,48.143859],[17.131382,48.14391],[17.13139,48.143927],[17.13147,48.144071],[17.1315,48.144118],[17.13174,48.144532],[17.131991,48.144965],[17.132011,48.145001],[17.132102,48.145156],[17.132147,48.145233],[17.132167,48.145267],[17.132172,48.145274],[17.132183,48.145295],[17.132189,48.145304],[17.132208,48.145335],[17.13235,48.145576],[17.13238,48.145627],[17.13245,48.145748],[17.132043,48.145789]]},"properties":{"name":"Bratislava-Ru\u017einov"}},{"type":"Feature","geometry":{"type":"LineString","coordinates":[[17.132043,48.145789],[17.131712,48.145809],[17.131652,48.145815],[17.131493,48.145845],[17.131383,48.145856],[17.131269,48.145867],[17.131172,48.145877],[17.130821,48.145913],[17.130522,48.145944],[17.13036,48.14596],[17.130226,48.145973],[17.129839,48.146013],[17.129802,48.146017],[17.129731,48.146023],[17.129282,48.14607],[17.129251,48.146073],[17.129217,48.146077],[17.129194,48.146079],[17.129135,48.146085],[17.129089,48.14609],[17.129013,48.146097],[17.128622,48.146137],[17.128597,48.14614],[17.128519,48.146148],[17.128339,48.146165],[17.12833,48.146166],[17.128329,48.146166],[17.128291,48.146175],[17.128288,48.146176],[17.128121,48.146204],[17.128048,48.146212],[17.127461,48.146271],[17.127386,48.146279],[17.126666,48.146353],[17.126596,48.146359],[17.126576,48.146361],[17.12656,48.146363],[17.126511,48.146368],[17.126267,48.146391],[17.126242,48.146395],[17.126248,48.146377],[17.126211,48.146382],[17.126134,48.146389],[17.126014,48.1464],[17.125943,48.146408],[17.125821,48.14642],[17.125717,48.146431],[17.125033,48.1465],[17.124987,48.146503],[17.124901,48.146513],[17.124763,48.146527]]},"properties":{"name":"Bratislava-Ru\u017einov"}},{"type":"Feature","geometry":{"type":"LineString","coordinates":[[17.124763,48.146527],[17.124779,48.146561],[17.124786,48.14659],[17.124787,48.146593],[17.124827,48.146704],[17.124914,48.146945],[17.124925,48.146978],[17.124931,48.146993],[17.12496,48.147077],[17.124973,48.14711],[17.124984,48.14714],[17.125008,48.147211],[17.125014,48.147224],[17.125025,48.147256],[17.125041,48.147301],[17.125041,48.147316],[17.125039,48.147357],[17.125048,48.147371],[17.125079,48.147371],[17.125147,48.147373],[17.125182,48.147374]]},"properties":{"name":"Bratislava-Ru\u017einov"}},{"type":"Feature","geometry":{"type":"LineString","coordinates":[[17.125182,48.147374],[17.125187,48.147387],[17.125187,48.147389],[17.125196,48.147419],[17.125202,48.147439],[17.125238,48.147547],[17.125241,48.147556],[17.125243,48.14756],[17.125263,48.147624],[17.125302,48.147742],[17.125303,48.147743],[17.125304,48.147744],[17.125314,48.147753],[17.125393,48.148014],[17.125496,48.148311],[17.125502,48.148328],[17.125526,48.148395],[17.12556,48.148467],[17.125563,48.148473],[17.125706,48.148774],[17.125788,48.149078],[17.125822,48.149194],[17.125835,48.149238],[17.125854,48.149302],[17.125909,48.149454],[17.125917,48.14948],[17.125927,48.149506],[17.125936,48.149531],[17.125946,48.149559],[17.125953,48.149587],[17.125963,48.14961],[17.125973,48.149638],[17.125981,48.149663],[17.125991,48.14969],[17.126001,48.149716],[17.126009,48.149744],[17.126083,48.149731],[17.126092,48.14976],[17.12602,48.149772],[17.126031,48.149797],[17.12604,48.149822],[17.126049,48.149848],[17.126058,48.149875],[17.126069,48.149902],[17.126078,48.149927],[17.126087,48.149955],[17.126096,48.14998],[17.126105,48.150007],[17.126114,48.150033],[17.126123,48.150059],[17.126133,48.150086],[17.126142,48.150112],[17.126152,48.150139],[17.126161,48.150166],[17.126172,48.150191],[17.126179,48.150218],[17.12619,48.150243],[17.126198,48.150271],[17.126208,48.150296],[17.126216,48.150323],[17.126226,48.15035],[17.126234,48.150376],[17.126244,48.150402],[17.126254,48.150428],[17.126264,48.150456],[17.126272,48.150482],[17.126281,48.150508],[17.12629,48.150535],[17.126301,48.150563],[17.12631,48.150588],[17.126318,48.150612],[17.126327,48.15064],[17.126338,48.150668],[17.126346,48.150693],[17.126356,48.15072],[17.126365,48.150746],[17.126375,48.150772],[17.126383,48.150799],[17.126395,48.150824],[17.126402,48.150851],[17.126412,48.150878],[17.12642,48.150904],[17.126428,48.15093],[17.126438,48.150955],[17.126448,48.150983],[17.126459,48.151012],[17.12653,48.151],[17.126417,48.151036]]},"properties":{"name":"Bratislava-Ru\u017einov"}},{"type":"Feature","geometry":{"type":"LineString","coordinates":[[17.126417,48.151036],[17.126475,48.151244]]},"properties":{"name":"Bratislava-Ru\u017einov"}},{"type":"Feature","geometry":{"type":"LineString","coordinates":[[17.126475,48.151244],[17.126572,48.151638],[17.126698,48.151962],[17.126643,48.151907],[17.126757,48.152331],[17.126703,48.152339],[17.126609,48.152352],[17.126628,48.152426],[17.126663,48.152563],[17.126649,48.152565],[17.126681,48.152684],[17.126694,48.152683],[17.126702,48.152713],[17.126024,48.153003],[17.126111,48.153094],[17.125956,48.153159],[17.125903,48.153183],[17.125898,48.153219],[17.125881,48.153332],[17.125872,48.153367],[17.125819,48.153744]]},"properties":{"name":"Bratislava-Ru\u017einov"}},{"type":"Feature","geometry":{"type":"LineString","coordinates":[[17.125819,48.153744],[17.125793,48.153744],[17.125787,48.153916],[17.125646,48.153914],[17.125487,48.154474],[17.125265,48.154981],[17.12521,48.155261],[17.125163,48.155426],[17.125135,48.155616],[17.125142,48.155783],[17.125151,48.15607]]},"properties":{"name":"Bratislava-Ru\u017einov"}},{"type":"Feature","geometry":{"type":"LineString","coordinates":[[17.12802,48.158371],[17.127774,48.158125],[17.127748,48.158104],[17.127765,48.158093],[17.127731,48.158067],[17.127208,48.157668],[17.126888,48.157421],[17.12659,48.157193],[17.126594,48.15719],[17.126581,48.157179],[17.126551,48.157159],[17.126548,48.157159],[17.126544,48.157157],[17.126546,48.157155],[17.126382,48.157029],[17.126212,48.1569],[17.126113,48.156822],[17.125992,48.156731],[17.125792,48.156576],[17.125723,48.15652],[17.125437,48.156296],[17.12541,48.156275],[17.125405,48.156278],[17.125249,48.156148],[17.125171,48.156085],[17.125151,48.15607]]},"properties":{"name":"Bratislava-Ru\u017einov"}},{"type":"Feature","geometry":{"type":"LineString","coordinates":[[17.128205,48.158334],[17.128174,48.158341],[17.12802,48.158371]]},"properties":{"name":"Bratislava-Ru\u017einov"}},{"type":"Feature","geometry":{"type":"LineString","coordinates":[[17.130051,48.158526],[17.129768,48.158495],[17.129486,48.158466],[17.129291,48.158445],[17.129253,48.158441],[17.129221,48.158447],[17.129129,48.158485],[17.128783,48.158632],[17.128755,48.158602],[17.12872,48.158565],[17.129186,48.158364],[17.1292,48.158349],[17.129203,48.158324],[17.129182,48.158301],[17.129145,48.158288],[17.128502,48.158281],[17.12839,48.158291],[17.1284,48.158295],[17.128396,48.158297],[17.128205,48.158334]]},"properties":{"name":"Bratislava-Ru\u017einov"}},{"type":"Feature","geometry":{"type":"LineString","coordinates":[[17.140822,48.161587],[17.14046,48.16144],[17.140365,48.161546],[17.140267,48.161505],[17.139514,48.161193],[17.138712,48.160862],[17.138449,48.160754],[17.138451,48.160749],[17.137961,48.160545],[17.137704,48.160438],[17.137709,48.160431],[17.137713,48.160426],[17.137775,48.160346],[17.137769,48.16033],[17.137355,48.160158],[17.137263,48.160119],[17.137244,48.160112],[17.136866,48.159951],[17.136837,48.159947],[17.136257,48.159712],[17.13591,48.159571],[17.135651,48.159466],[17.135583,48.159545],[17.1355,48.159519],[17.135422,48.159494],[17.135352,48.159472],[17.135218,48.159429],[17.135215,48.159438],[17.135084,48.159382],[17.135038,48.159365],[17.134749,48.159248],[17.134735,48.159264],[17.134525,48.159177],[17.134477,48.159158],[17.134076,48.158993],[17.134032,48.158976],[17.133876,48.158912],[17.133848,48.158943],[17.133819,48.158974],[17.133766,48.158953],[17.133699,48.158921],[17.133649,48.158898],[17.133459,48.158818],[17.133417,48.158801],[17.133362,48.15879],[17.133152,48.158749],[17.133131,48.158744],[17.132668,48.158715],[17.132662,48.158733],[17.132654,48.15876],[17.132559,48.158754],[17.132422,48.158745],[17.132422,48.158743],[17.132359,48.158738],[17.132359,48.158742],[17.132226,48.158733],[17.132091,48.158725],[17.132092,48.158721],[17.132031,48.158717],[17.132031,48.158721],[17.131897,48.158712],[17.131761,48.158702],[17.131762,48.158699],[17.131699,48.158696],[17.131698,48.158698],[17.131562,48.15869],[17.131494,48.158685],[17.131496,48.158682],[17.131382,48.158674],[17.131381,48.158678],[17.131249,48.15867],[17.131253,48.158661],[17.131176,48.158655],[17.131182,48.158643],[17.130051,48.158526]]},"properties":{"name":"Bratislava-Ru\u017einov"}},{"type":"Feature","geometry":{"type":"LineString","coordinates":[[17.150608,48.165615],[17.150524,48.165587],[17.15026,48.165493],[17.150118,48.165409],[17.149962,48.165428],[17.148416,48.164823],[17.148409,48.164824],[17.148095,48.164814],[17.147116,48.164406],[17.146676,48.164223],[17.146572,48.164179],[17.146396,48.164025],[17.14637,48.164003],[17.14634,48.163976],[17.146333,48.16397],[17.145923,48.163799],[17.145865,48.163776],[17.145831,48.163761],[17.145593,48.163661],[17.145587,48.16366],[17.145557,48.163647],[17.145487,48.163618],[17.145191,48.163496],[17.144973,48.163408],[17.144786,48.163333],[17.144766,48.163327],[17.14402,48.163022],[17.143426,48.16278],[17.143387,48.162777],[17.143357,48.162785],[17.143337,48.162797],[17.143297,48.162782],[17.143291,48.162788],[17.143248,48.162772],[17.143241,48.162769],[17.143247,48.162762],[17.14323,48.162755],[17.142393,48.162423],[17.142411,48.162394],[17.14242,48.162365],[17.142419,48.162336],[17.142399,48.162293],[17.14236,48.162256],[17.142318,48.162235],[17.14226,48.162215],[17.142192,48.162192],[17.14181,48.162034],[17.141505,48.161906],[17.141409,48.161866],[17.14101,48.161704],[17.140917,48.161664],[17.140855,48.161638],[17.140836,48.16162],[17.140825,48.161606],[17.140822,48.161587]]},"properties":{"name":"Bratislava-Ru\u017einov"}},{"type":"Feature","geometry":{"type":"LineString","coordinates":[[17.155502,48.16782],[17.155344,48.167551],[17.154943,48.167344],[17.154014,48.166921],[17.151411,48.165866],[17.151167,48.165801],[17.150726,48.165628],[17.150654,48.16563],[17.150608,48.165615]]},"properties":{"name":"Bratislava-Ru\u017einov"}},{"type":"Feature","geometry":{"type":"LineString","coordinates":[[17.160127,48.171511],[17.159834,48.171242],[17.159688,48.171108],[17.159553,48.170986],[17.159508,48.170947],[17.159342,48.170798],[17.159123,48.170601],[17.159044,48.170531],[17.159073,48.170526],[17.158853,48.170341],[17.158783,48.170277],[17.158224,48.169788],[17.158131,48.169706],[17.157719,48.169372],[17.156618,48.168434],[17.15653,48.1684],[17.15643,48.168391],[17.156414,48.168315],[17.156285,48.168262],[17.156267,48.16823],[17.156064,48.168031],[17.155502,48.16782]]},"properties":{"name":"Bratislava-Ru\u017einov"}},{"type":"Feature","geometry":{"type":"LineString","coordinates":[[17.163562,48.174509],[17.163518,48.174466],[17.163354,48.174324],[17.162767,48.173809],[17.162745,48.17379],[17.162534,48.173604],[17.162516,48.173588],[17.162316,48.173414],[17.162208,48.17332],[17.162148,48.173268],[17.162122,48.173246],[17.16093,48.172212],[17.160635,48.171956],[17.160145,48.171527],[17.160127,48.171511]]},"properties":{"name":"Bratislava-Ru\u017einov"}},{"type":"Feature","geometry":{"type":"LineString","coordinates":[[17.167169,48.177689],[17.167104,48.177624],[17.167071,48.177591],[17.166961,48.177492],[17.166931,48.177466],[17.166844,48.177376],[17.166799,48.17735],[17.166429,48.177157],[17.166349,48.177114],[17.166457,48.177022],[17.16599,48.176777],[17.166053,48.176724],[17.165765,48.176448],[17.165482,48.176193],[17.165377,48.176093],[17.165342,48.176059],[17.165303,48.176027],[17.165165,48.175912],[17.16455,48.175374],[17.16448,48.175312],[17.16434,48.175188],[17.16424,48.175102],[17.163659,48.174599],[17.16361,48.174548],[17.163576,48.17452],[17.163562,48.174509]]},"properties":{"name":"Bratislava-Ru\u017einov"}},{"type":"Feature","geometry":{"type":"LineString","coordinates":[[17.187272,48.18939],[17.186233,48.189348],[17.185955,48.189335],[17.185663,48.189324],[17.184838,48.189288],[17.184799,48.189282],[17.184616,48.189273],[17.183578,48.189231],[17.183084,48.189216],[17.182707,48.189202],[17.182313,48.189179],[17.182201,48.189171],[17.18189,48.189146],[17.181609,48.18912],[17.181141,48.189052],[17.180746,48.189],[17.180392,48.188942],[17.179975,48.188848],[17.179799,48.188807],[17.179616,48.188764],[17.179344,48.188692],[17.179281,48.188675],[17.179023,48.188598],[17.178525,48.18845],[17.178514,48.188463],[17.178249,48.188371],[17.177713,48.188181],[17.177396,48.188057],[17.177283,48.188012],[17.177212,48.187983],[17.176634,48.187747],[17.176523,48.187708],[17.176121,48.187569],[17.175099,48.187212],[17.174616,48.187041],[17.174665,48.187029],[17.174668,48.187029],[17.17473,48.187016],[17.1752,48.186912],[17.174977,48.18673],[17.174871,48.186645],[17.174654,48.186429],[17.174614,48.186389],[17.17451,48.1863],[17.174198,48.186029],[17.174087,48.185899],[17.173897,48.185678],[17.173808,48.185572],[17.173715,48.185463],[17.173611,48.185341],[17.173411,48.185106],[17.173201,48.184859],[17.172816,48.184407],[17.172798,48.184387],[17.172688,48.184258],[17.171754,48.183163],[17.171789,48.183119],[17.171791,48.183115],[17.170534,48.181615],[17.16955,48.180454],[17.169375,48.180245],[17.169287,48.180245],[17.169105,48.180247],[17.168992,48.180208],[17.16905,48.180135],[17.169126,48.180048],[17.168553,48.179404],[17.168479,48.179321],[17.168445,48.179283],[17.168207,48.179022],[17.168184,48.178997],[17.168005,48.1788],[17.167519,48.178266],[17.167418,48.178137],[17.167276,48.177987],[17.167292,48.177882],[17.167301,48.177822],[17.167181,48.177704],[17.167169,48.177689]]},"properties":{"name":"Bratislava-Ru\u017einov"}},{"type":"Feature","geometry":{"type":"LineString","coordinates":[[17.197078,48.189826],[17.196922,48.189821],[17.196746,48.189813],[17.196577,48.189805],[17.196415,48.189796],[17.196341,48.189793],[17.196297,48.189791],[17.196256,48.189789],[17.196219,48.189786],[17.196177,48.189785],[17.196056,48.189779],[17.195849,48.18977],[17.195816,48.189767],[17.194492,48.189707],[17.194358,48.1897],[17.194304,48.189698],[17.194042,48.189686],[17.19383,48.189676],[17.193776,48.189674],[17.193694,48.18967],[17.193605,48.189666],[17.193484,48.189661],[17.19338,48.189656],[17.193236,48.18965],[17.192909,48.189635],[17.19256,48.18962],[17.192362,48.189612],[17.192195,48.189605],[17.192052,48.189599],[17.191823,48.189589],[17.191693,48.189584],[17.191625,48.189581],[17.191516,48.189576],[17.191431,48.189573],[17.19141,48.189572],[17.191231,48.189563],[17.19101,48.189551],[17.190965,48.18955],[17.190633,48.189534],[17.19024,48.189516],[17.190017,48.189505],[17.189771,48.189493],[17.189517,48.189482],[17.189382,48.189476],[17.189342,48.189475],[17.189212,48.189469],[17.188367,48.189434],[17.187653,48.189405],[17.187272,48.18939]]},"properties":{"name":"Bratislava-Ru\u017einov"}},{"type":"Feature","geometry":{"type":"LineString","coordinates":[[17.224437,48.191747],[17.22406,48.191731],[17.223734,48.191719],[17.221719,48.191618],[17.219726,48.191526],[17.219476,48.191511],[17.219269,48.191497],[17.219214,48.191494],[17.217702,48.191407],[17.215995,48.191293],[17.215702,48.191274],[17.215065,48.191224],[17.213814,48.191127],[17.211648,48.190933],[17.209573,48.19076],[17.207752,48.190601],[17.206445,48.190486],[17.206345,48.190477],[17.205778,48.190428],[17.204359,48.190306],[17.203791,48.190259],[17.20265,48.190171],[17.2026,48.190167],[17.202494,48.190159],[17.201951,48.190117],[17.200471,48.190024],[17.200316,48.190012],[17.2002,48.190005],[17.200079,48.189997],[17.199948,48.189987],[17.199934,48.189986],[17.199809,48.189977],[17.199743,48.189973],[17.199659,48.189967],[17.199597,48.189962],[17.199579,48.189962],[17.199503,48.189957],[17.199353,48.189949],[17.199212,48.189942],[17.19913,48.189936],[17.199043,48.189932],[17.198875,48.189923],[17.198839,48.189921],[17.198728,48.189915],[17.198591,48.189907],[17.198443,48.189899],[17.198104,48.189881],[17.197938,48.189872],[17.197864,48.189867],[17.197786,48.189864],[17.197616,48.189855],[17.197447,48.189847],[17.197121,48.189831],[17.197078,48.189826]]},"properties":{"name":"Bratislava-Ru\u017einov"}},{"type":"Feature","geometry":{"type":"LineString","coordinates":[[17.228675,48.170979],[17.228519,48.170978],[17.228361,48.17101],[17.228215,48.171039],[17.228002,48.171188],[17.227621,48.171581],[17.227468,48.171691],[17.226853,48.171984],[17.226226,48.172419],[17.225697,48.172835],[17.225527,48.173004],[17.225279,48.173251],[17.22517,48.173341],[17.22424,48.174124],[17.223934,48.174915],[17.223916,48.174962],[17.223809,48.175161],[17.223782,48.175215],[17.223729,48.175296],[17.223565,48.175551],[17.223532,48.175598],[17.223265,48.175998],[17.222749,48.176624],[17.222744,48.17663],[17.222337,48.177124],[17.222331,48.177131],[17.222224,48.177262],[17.221845,48.177721],[17.221607,48.178009],[17.221089,48.178576],[17.220727,48.178911],[17.220711,48.178923],[17.220697,48.178931],[17.220619,48.178978],[17.220607,48.178985],[17.220565,48.179009],[17.22035,48.179191],[17.220003,48.179491],[17.21996,48.179542],[17.219904,48.179608],[17.219805,48.179724],[17.21968,48.17987],[17.219463,48.180125],[17.219294,48.180324],[17.219001,48.18067],[17.218791,48.180897],[17.218646,48.181051],[17.218604,48.181097],[17.218437,48.181277],[17.218293,48.181432],[17.217919,48.181832],[17.21815,48.18204],[17.218307,48.18218],[17.218478,48.182332],[17.218649,48.182303],[17.218975,48.182223],[17.219202,48.182182],[17.219416,48.182166],[17.219836,48.182177],[17.220092,48.182183],[17.22047,48.182223],[17.220824,48.182398],[17.221054,48.182514],[17.221342,48.182788],[17.221639,48.183093],[17.221828,48.183372],[17.221957,48.183682],[17.222049,48.183908],[17.222203,48.184203],[17.222251,48.184295],[17.222351,48.184484],[17.222473,48.18472],[17.222692,48.184907],[17.222918,48.185099],[17.223583,48.185437],[17.223864,48.18558],[17.224573,48.185944],[17.224624,48.18598],[17.224998,48.186278],[17.225134,48.186388],[17.225334,48.186876],[17.225224,48.187426],[17.22484,48.187869],[17.224746,48.18815],[17.224715,48.18841],[17.224676,48.188755],[17.224654,48.188942],[17.224629,48.189152],[17.224594,48.18945],[17.224567,48.189676],[17.224538,48.189893],[17.224564,48.190167],[17.224586,48.190404],[17.224605,48.190594],[17.224621,48.19077],[17.224648,48.191035],[17.224558,48.191338],[17.224489,48.191572],[17.224437,48.191747]]},"properties":{"name":"Bratislava-Ru\u017einov"}},{"type":"Feature","geometry":{"type":"LineString","coordinates":[[17.237252,48.167775],[17.237299,48.167921],[17.23729,48.1681],[17.237288,48.16814],[17.237149,48.168399],[17.236996,48.168538],[17.236748,48.168801],[17.236599,48.168967],[17.236395,48.169121],[17.235908,48.169306],[17.2356,48.169448],[17.235261,48.169511],[17.234889,48.169646],[17.234462,48.169791],[17.234221,48.169848],[17.234036,48.169835],[17.233956,48.169763],[17.23345,48.169751],[17.232719,48.169617],[17.232477,48.169524],[17.232037,48.169431],[17.231623,48.169365],[17.230923,48.169348],[17.230401,48.169457],[17.229989,48.169617],[17.229784,48.169719],[17.229601,48.16981],[17.228997,48.170251],[17.228816,48.17056],[17.228691,48.170826],[17.228677,48.170904],[17.228678,48.170944],[17.228677,48.170961],[17.228675,48.170979]]},"properties":{"name":"Bratislava-Ru\u017einov"}},{"type":"Feature","geometry":{"type":"LineString","coordinates":[[17.186038,48.159476],[17.186298,48.159511],[17.186395,48.159525],[17.186563,48.159548],[17.186703,48.159567],[17.186794,48.159581],[17.186917,48.159601],[17.187007,48.159616],[17.188198,48.159801],[17.189285,48.159968],[17.18982,48.159623],[17.189859,48.159631],[17.189865,48.159631],[17.189901,48.159638],[17.189902,48.159638],[17.190027,48.159661],[17.190179,48.159689],[17.190335,48.159716],[17.190385,48.159725],[17.190405,48.159729],[17.190414,48.15973],[17.19048,48.159742],[17.190549,48.159754],[17.190622,48.159768],[17.190732,48.159787],[17.190747,48.15979],[17.190821,48.159803],[17.191401,48.159906],[17.191445,48.159915],[17.191518,48.159928],[17.192123,48.160158],[17.193312,48.160572],[17.193477,48.160629],[17.193493,48.160635],[17.19351,48.160641],[17.193527,48.160646],[17.193581,48.160666],[17.19359,48.160669],[17.193666,48.160695],[17.193792,48.160739],[17.193874,48.160767],[17.195192,48.161225],[17.19552,48.161334],[17.196685,48.161717],[17.197637,48.162031],[17.198037,48.162163],[17.198192,48.162214],[17.199297,48.162578],[17.200898,48.163109],[17.201011,48.163147],[17.201066,48.163164],[17.201398,48.163274],[17.201726,48.163383],[17.202716,48.163711],[17.203234,48.163882],[17.204139,48.164183],[17.2052,48.164416],[17.205596,48.164502],[17.206556,48.164711],[17.206788,48.164763],[17.208348,48.165023],[17.210132,48.165323],[17.211197,48.165502],[17.211316,48.165521],[17.211412,48.165538],[17.21146,48.165545],[17.211826,48.165607],[17.213395,48.165949],[17.213873,48.166052],[17.213901,48.166059],[17.213965,48.166073],[17.214035,48.166088],[17.214187,48.166121],[17.214736,48.166239],[17.214741,48.16624],[17.215013,48.166299],[17.215062,48.166309],[17.215072,48.166312],[17.215079,48.166314],[17.215592,48.166425],[17.216412,48.166604],[17.216841,48.166702],[17.217196,48.166783],[17.217216,48.166788],[17.218076,48.166984],[17.218093,48.166987],[17.218749,48.167138],[17.21981,48.167381],[17.220406,48.167519],[17.220454,48.16753],[17.220494,48.167539],[17.220516,48.167544],[17.220773,48.167604],[17.222445,48.167987],[17.224148,48.168463],[17.225834,48.168868],[17.227392,48.169242],[17.227531,48.169229],[17.229519,48.168997],[17.230946,48.168683],[17.232377,48.168368],[17.233992,48.168109],[17.235411,48.167882],[17.237061,48.167794],[17.237131,48.167787],[17.237252,48.167775]]},"properties":{"name":"Bratislava-Ru\u017einov"}},{"type":"Feature","geometry":{"type":"LineString","coordinates":[[17.155502,48.16782],[17.155344,48.167551],[17.154943,48.167344],[17.154014,48.166921],[17.151411,48.165866],[17.151167,48.165801],[17.150726,48.165628],[17.150654,48.16563],[17.150608,48.165615]]},"properties":{"name":"Bratislava-Nov\u00e9 Mesto"}},{"type":"Feature","geometry":{"type":"LineString","coordinates":[[17.160127,48.171511],[17.159834,48.171242],[17.159688,48.171108],[17.159553,48.170986],[17.159508,48.170947],[17.159342,48.170798],[17.159123,48.170601],[17.159044,48.170531],[17.159073,48.170526],[17.158853,48.170341],[17.158783,48.170277],[17.158224,48.169788],[17.158131,48.169706],[17.157719,48.169372],[17.156618,48.168434],[17.15653,48.1684],[17.15643,48.168391],[17.156414,48.168315],[17.156285,48.168262],[17.156267,48.16823],[17.156064,48.168031],[17.155502,48.16782]]},"properties":{"name":"Bratislava-Nov\u00e9 Mesto"}},{"type":"Feature","geometry":{"type":"LineString","coordinates":[[17.163562,48.174509],[17.163518,48.174466],[17.163354,48.174324],[17.162767,48.173809],[17.162745,48.17379],[17.162534,48.173604],[17.162516,48.173588],[17.162316,48.173414],[17.162208,48.17332],[17.162148,48.173268],[17.162122,48.173246],[17.16093,48.172212],[17.160635,48.171956],[17.160145,48.171527],[17.160127,48.171511]]},"properties":{"name":"Bratislava-Nov\u00e9 Mesto"}},{"type":"Feature","geometry":{"type":"LineString","coordinates":[[17.167169,48.177689],[17.167104,48.177624],[17.167071,48.177591],[17.166961,48.177492],[17.166931,48.177466],[17.166844,48.177376],[17.166799,48.17735],[17.166429,48.177157],[17.166349,48.177114],[17.166457,48.177022],[17.16599,48.176777],[17.166053,48.176724],[17.165765,48.176448],[17.165482,48.176193],[17.165377,48.176093],[17.165342,48.176059],[17.165303,48.176027],[17.165165,48.175912],[17.16455,48.175374],[17.16448,48.175312],[17.16434,48.175188],[17.16424,48.175102],[17.163659,48.174599],[17.16361,48.174548],[17.163576,48.17452],[17.163562,48.174509]]},"properties":{"name":"Bratislava-Nov\u00e9 Mesto"}},{"type":"Feature","geometry":{"type":"LineString","coordinates":[[17.187272,48.18939],[17.186233,48.189348],[17.185955,48.189335],[17.185663,48.189324],[17.184838,48.189288],[17.184799,48.189282],[17.184616,48.189273],[17.183578,48.189231],[17.183084,48.189216],[17.182707,48.189202],[17.182313,48.189179],[17.182201,48.189171],[17.18189,48.189146],[17.181609,48.18912],[17.181141,48.189052],[17.180746,48.189],[17.180392,48.188942],[17.179975,48.188848],[17.179799,48.188807],[17.179616,48.188764],[17.179344,48.188692],[17.179281,48.188675],[17.179023,48.188598],[17.178525,48.18845],[17.178514,48.188463],[17.178249,48.188371],[17.177713,48.188181],[17.177396,48.188057],[17.177283,48.188012],[17.177212,48.187983],[17.176634,48.187747],[17.176523,48.187708],[17.176121,48.187569],[17.175099,48.187212],[17.174616,48.187041],[17.174665,48.187029],[17.174668,48.187029],[17.17473,48.187016],[17.1752,48.186912],[17.174977,48.18673],[17.174871,48.186645],[17.174654,48.186429],[17.174614,48.186389],[17.17451,48.1863],[17.174198,48.186029],[17.174087,48.185899],[17.173897,48.185678],[17.173808,48.185572],[17.173715,48.185463],[17.173611,48.185341],[17.173411,48.185106],[17.173201,48.184859],[17.172816,48.184407],[17.172798,48.184387],[17.172688,48.184258],[17.171754,48.183163],[17.171789,48.183119],[17.171791,48.183115],[17.170534,48.181615],[17.16955,48.180454],[17.169375,48.180245],[17.169287,48.180245],[17.169105,48.180247],[17.168992,48.180208],[17.16905,48.180135],[17.169126,48.180048],[17.168553,48.179404],[17.168479,48.179321],[17.168445,48.179283],[17.168207,48.179022],[17.168184,48.178997],[17.168005,48.1788],[17.167519,48.178266],[17.167418,48.178137],[17.167276,48.177987],[17.167292,48.177882],[17.167301,48.177822],[17.167181,48.177704],[17.167169,48.177689]]},"properties":{"name":"Bratislava-Nov\u00e9 Mesto"}},{"type":"Feature","geometry":{"type":"LineString","coordinates":[[17.187272,48.18939],[17.187267,48.189462],[17.187311,48.189464],[17.187521,48.189472],[17.187721,48.18948],[17.188135,48.189496],[17.188198,48.189498],[17.188393,48.189507],[17.189202,48.18954],[17.189144,48.189922],[17.189143,48.189927],[17.189131,48.189998],[17.189129,48.19001],[17.189125,48.190041],[17.189121,48.190071],[17.189118,48.190091],[17.189091,48.190282],[17.189079,48.190372],[17.189069,48.190438],[17.189055,48.190538],[17.189046,48.190595],[17.189045,48.190604],[17.189029,48.190713],[17.189019,48.190778],[17.189013,48.190831],[17.189009,48.190857],[17.188997,48.190939],[17.188986,48.191013],[17.188976,48.191084],[17.188968,48.191135],[17.18896,48.191192],[17.18895,48.191255],[17.188943,48.191305],[17.188939,48.191338],[17.188937,48.191347],[17.188935,48.191362],[17.188928,48.191408],[17.188917,48.191474],[17.188915,48.191492],[17.188913,48.191501],[17.188909,48.191528],[17.188894,48.191631],[17.18889,48.191654],[17.188886,48.191683],[17.188878,48.191736],[17.188871,48.191786],[17.188862,48.191842],[17.188848,48.191934],[17.188844,48.191961],[17.18884,48.19199],[17.188781,48.192381],[17.188764,48.1925],[17.187096,48.192389],[17.187093,48.19244]]},"properties":{"name":"Bratislava-Nov\u00e9 Mesto"}},{"type":"Feature","geometry":{"type":"LineString","coordinates":[[17.187093,48.19244],[17.186305,48.192387],[17.185225,48.192322],[17.185135,48.192317],[17.185051,48.192312],[17.184343,48.192272],[17.184192,48.19224],[17.184158,48.192239],[17.184157,48.192239],[17.184153,48.192239],[17.184065,48.192217],[17.184051,48.192217],[17.183937,48.19222],[17.183822,48.192222],[17.183726,48.192224],[17.183692,48.19222],[17.183627,48.192214],[17.18338,48.192188],[17.183136,48.192163],[17.182913,48.19214],[17.182749,48.192122],[17.182311,48.192074],[17.181393,48.191972],[17.180182,48.191837],[17.178776,48.191678],[17.178669,48.191648],[17.178564,48.19162],[17.178492,48.191612],[17.177738,48.191521],[17.176611,48.191389],[17.175697,48.19127],[17.175669,48.191267],[17.175542,48.191251],[17.174391,48.191109],[17.173902,48.191056],[17.171718,48.190815],[17.171336,48.190769],[17.171225,48.190756],[17.170505,48.190671],[17.170413,48.190661],[17.17017,48.190633],[17.168543,48.190452],[17.167898,48.190381],[17.167343,48.190321],[17.166903,48.190272],[17.165683,48.190139],[17.165648,48.190181],[17.16409,48.190005],[17.164051,48.190001],[17.163531,48.189941],[17.163474,48.189935],[17.1634,48.189927],[17.163304,48.189916],[17.16295,48.189876],[17.161341,48.189694],[17.161192,48.189679],[17.159589,48.189498],[17.15862,48.189385],[17.158453,48.189366],[17.158313,48.189349],[17.157405,48.189244],[17.156246,48.189115],[17.156226,48.189107],[17.156209,48.189101],[17.156134,48.189073],[17.156091,48.189056],[17.155947,48.188992],[17.15594,48.188992],[17.155921,48.189058],[17.155928,48.189059],[17.156023,48.189097],[17.155074,48.188975],[17.154648,48.188921],[17.154719,48.188915],[17.155399,48.188996],[17.155406,48.188996],[17.15542,48.188927],[17.155413,48.188927],[17.154712,48.188856],[17.154519,48.188872],[17.154402,48.188889],[17.154397,48.188889],[17.153093,48.188723],[17.151096,48.188469],[17.149182,48.188222],[17.149129,48.188216],[17.149014,48.188201],[17.148785,48.18817],[17.148053,48.188074],[17.146866,48.187919],[17.145477,48.187762],[17.144173,48.187618],[17.141931,48.187367],[17.141826,48.187354],[17.141783,48.187349],[17.141201,48.187285],[17.141057,48.187268],[17.139938,48.187145],[17.139083,48.18705],[17.138992,48.18704],[17.138861,48.187025],[17.13877,48.187014],[17.1385,48.186985],[17.137933,48.186922],[17.137826,48.186909],[17.13756,48.186881],[17.137302,48.186856],[17.137045,48.186832],[17.136901,48.186819],[17.136854,48.18686],[17.136847,48.186863],[17.136778,48.186888],[17.136693,48.186889]]},"properties":{"name":"Bratislava-Nov\u00e9 Mesto"}},{"type":"Feature","geometry":{"type":"LineString","coordinates":[[17.136693,48.186889],[17.136526,48.186889],[17.136492,48.186885],[17.135932,48.186818],[17.13561,48.186775],[17.135496,48.186763],[17.135289,48.186737],[17.135288,48.186744],[17.135279,48.186777],[17.13527,48.186794],[17.135253,48.186811],[17.135234,48.18682],[17.135211,48.186828],[17.135194,48.186831],[17.135173,48.186833],[17.135149,48.18683],[17.135142,48.186853],[17.135133,48.186886],[17.135099,48.187005],[17.135069,48.187037],[17.135018,48.187088],[17.134993,48.187112],[17.134971,48.187136],[17.134909,48.187202],[17.134891,48.187222],[17.134828,48.187289],[17.134814,48.187302],[17.13479,48.187325],[17.134769,48.187344],[17.134768,48.187345],[17.134735,48.187377],[17.134719,48.187393],[17.134719,48.187399],[17.1347,48.187396],[17.134698,48.1874],[17.134512,48.187439],[17.134584,48.187463],[17.134718,48.187511]]},"properties":{"name":"Bratislava-Nov\u00e9 Mesto"}},{"type":"Feature","geometry":{"type":"LineString","coordinates":[[17.134718,48.187511],[17.134709,48.187512],[17.134701,48.187512],[17.134129,48.187708],[17.1341,48.187717],[17.134038,48.187738],[17.13392,48.187777],[17.133689,48.187855],[17.133466,48.18793],[17.133168,48.188022],[17.133125,48.188038],[17.133075,48.188056],[17.133058,48.188062],[17.132934,48.188108],[17.132754,48.188168],[17.132589,48.18823],[17.132469,48.188267],[17.132386,48.18829],[17.132199,48.188356],[17.132098,48.188394],[17.131989,48.18843],[17.131976,48.188464],[17.131905,48.188451],[17.131245,48.188674],[17.131191,48.188693],[17.131057,48.188736],[17.131012,48.18875],[17.130967,48.18874],[17.130886,48.188722],[17.130804,48.188728],[17.130646,48.18874],[17.130514,48.188758],[17.130438,48.188769],[17.129948,48.188886],[17.129629,48.188964],[17.12939,48.189021],[17.129001,48.189116],[17.128852,48.18915],[17.128643,48.189201],[17.12836,48.18927],[17.128093,48.189382],[17.12809,48.189384],[17.128055,48.18941],[17.128006,48.189442],[17.127958,48.189475],[17.127951,48.189498],[17.127933,48.189555],[17.127929,48.189575]]},"properties":{"name":"Bratislava-Nov\u00e9 Mesto"}},{"type":"Feature","geometry":{"type":"LineString","coordinates":[[17.132098,48.193776],[17.131984,48.193691],[17.131802,48.193577],[17.131692,48.193514],[17.131537,48.193399],[17.131457,48.193318],[17.131359,48.193213],[17.131264,48.193136],[17.131162,48.193054],[17.131075,48.192976],[17.130987,48.1929],[17.130909,48.192831],[17.130851,48.192781],[17.13078,48.192722],[17.130708,48.192661],[17.130699,48.192653],[17.130647,48.192612],[17.130576,48.192558],[17.13046,48.192468],[17.13045,48.192462],[17.130413,48.19244],[17.130312,48.192383],[17.130169,48.1923],[17.130025,48.192217],[17.129883,48.19214],[17.129766,48.192096],[17.129707,48.192075],[17.129696,48.192072],[17.129656,48.192051],[17.129648,48.192044],[17.129658,48.191966],[17.129659,48.191955],[17.12962,48.191889],[17.129527,48.191741],[17.129476,48.191686],[17.129408,48.191615],[17.129284,48.191488],[17.129282,48.191479],[17.129281,48.191476],[17.12913,48.191318],[17.128992,48.191165],[17.128895,48.19105],[17.128884,48.191034],[17.128778,48.190908],[17.128745,48.190868],[17.128732,48.190853],[17.128696,48.190806],[17.128605,48.190705],[17.128516,48.190606],[17.128449,48.190534],[17.128429,48.190512],[17.128397,48.19044],[17.128393,48.190433],[17.128331,48.190335],[17.12832,48.190317],[17.128188,48.190125],[17.128184,48.19012],[17.128164,48.190091],[17.128048,48.189925],[17.127915,48.189745],[17.12783,48.189634],[17.127797,48.189587],[17.127929,48.189575]]},"properties":{"name":"Bratislava-Nov\u00e9 Mesto"}},{"type":"Feature","geometry":{"type":"LineString","coordinates":[[17.134821,48.19876],[17.134738,48.198547],[17.134703,48.198497],[17.134661,48.198439],[17.134599,48.198356],[17.134446,48.198039],[17.134199,48.197465],[17.134191,48.197372],[17.134189,48.197326],[17.13419,48.197285],[17.134191,48.197249],[17.134195,48.197075],[17.134209,48.196936],[17.134246,48.196439],[17.134241,48.196364],[17.134242,48.196342],[17.134241,48.1963],[17.13423,48.196237],[17.134217,48.196199],[17.134193,48.196132],[17.134135,48.196019],[17.134068,48.195903],[17.134007,48.195808],[17.133929,48.195706],[17.133884,48.195644],[17.133834,48.195572],[17.133757,48.195454],[17.133681,48.19534],[17.133592,48.195225],[17.13358,48.195211],[17.133496,48.195112],[17.13343,48.195014],[17.133405,48.195004],[17.133403,48.195003],[17.133374,48.19498],[17.133331,48.194935],[17.133333,48.194884],[17.133304,48.194811],[17.133235,48.194706],[17.133226,48.194691],[17.133107,48.194566],[17.133055,48.194515],[17.132998,48.194466],[17.13289,48.194369],[17.13281,48.194303],[17.132686,48.194204],[17.132421,48.194002],[17.132372,48.193966],[17.13231,48.193921],[17.132233,48.193867],[17.132098,48.193776]]},"properties":{"name":"Bratislava-Nov\u00e9 Mesto"}},{"type":"Feature","geometry":{"type":"LineString","coordinates":[[17.130394,48.199382],[17.130711,48.199275],[17.13093,48.199202],[17.131017,48.199174],[17.13105,48.199162],[17.131063,48.199159],[17.131106,48.199145],[17.131176,48.19912],[17.131747,48.198945],[17.131804,48.198935],[17.131849,48.198926],[17.131986,48.198901],[17.132186,48.19887],[17.132194,48.198869],[17.132361,48.198898],[17.132531,48.198929],[17.132623,48.198945],[17.1327,48.198963],[17.133017,48.199035],[17.133192,48.199045],[17.133378,48.199056],[17.133743,48.19904],[17.134339,48.198982],[17.134653,48.198827],[17.134821,48.19876]]},"properties":{"name":"Bratislava-Nov\u00e9 Mesto"}},{"type":"Feature","geometry":{"type":"LineString","coordinates":[[17.126554,48.208496],[17.125904,48.208051],[17.12589,48.208043],[17.125494,48.207827],[17.125053,48.207634],[17.12496,48.207593],[17.124552,48.207413],[17.124515,48.207397],[17.124389,48.207334],[17.124097,48.20719],[17.123794,48.207039],[17.123781,48.207034],[17.123748,48.207016],[17.12331,48.206785],[17.123307,48.206784],[17.122914,48.206556],[17.12247,48.206328],[17.12141,48.207182],[17.121385,48.207197],[17.121112,48.206862],[17.120983,48.206743],[17.120945,48.206643],[17.120826,48.206388],[17.120708,48.206123],[17.120656,48.205863],[17.120831,48.205458],[17.120952,48.205294],[17.121272,48.204945],[17.121847,48.204546],[17.122679,48.204052],[17.122737,48.204018],[17.123902,48.203375],[17.124922,48.202803],[17.125262,48.20262],[17.125619,48.202463],[17.125787,48.202408],[17.126085,48.20231],[17.126188,48.202269],[17.126311,48.202218],[17.126538,48.202011],[17.126804,48.201774],[17.126939,48.201655],[17.126955,48.201642],[17.127101,48.201537],[17.127128,48.201512],[17.127325,48.201325],[17.127561,48.2011],[17.127617,48.200986],[17.12763,48.200953],[17.12758,48.200914],[17.127573,48.200909],[17.127533,48.200878],[17.127513,48.200864],[17.127347,48.200735],[17.1273,48.200703],[17.127316,48.200637],[17.127334,48.200575],[17.127344,48.200545],[17.127739,48.20028],[17.128156,48.200093],[17.128539,48.199958],[17.128992,48.199822],[17.129067,48.199799],[17.129244,48.199744],[17.129541,48.199654],[17.129851,48.199558],[17.130101,48.199479],[17.130215,48.199442],[17.130394,48.199382]]},"properties":{"name":"Bratislava-Nov\u00e9 Mesto"}},{"type":"Feature","geometry":{"type":"LineString","coordinates":[[17.10997,48.227956],[17.109976,48.227966],[17.109991,48.227989],[17.110121,48.227995],[17.110188,48.227984],[17.110384,48.227891],[17.110921,48.227696],[17.111118,48.227588],[17.111383,48.227344],[17.111428,48.227298],[17.111545,48.227017],[17.111642,48.22686],[17.111744,48.226747],[17.111886,48.226669],[17.111985,48.226612],[17.112224,48.226528],[17.11265,48.226327],[17.113191,48.225844],[17.113453,48.225656],[17.113641,48.225551],[17.114314,48.225182],[17.114539,48.224998],[17.114843,48.224583],[17.114871,48.224522],[17.11517,48.224335],[17.115392,48.224196],[17.115469,48.22411],[17.11569,48.223669],[17.115759,48.223585],[17.115915,48.223503],[17.116472,48.22323],[17.116757,48.223059],[17.117384,48.222665],[17.1179,48.222435],[17.118033,48.222439],[17.118034,48.222354],[17.118035,48.222113],[17.11806,48.221964],[17.118125,48.22186],[17.118181,48.221713],[17.118204,48.221597],[17.118005,48.220858],[17.118306,48.220531],[17.118604,48.220279],[17.118802,48.220046],[17.11882,48.219946],[17.118832,48.219874],[17.118927,48.219669],[17.118994,48.219511],[17.119173,48.219195],[17.11955,48.218926],[17.119619,48.218707],[17.119557,48.218673],[17.119192,48.218502],[17.118643,48.218368],[17.118379,48.21824],[17.118352,48.218204],[17.118285,48.217943],[17.118202,48.217755],[17.118078,48.217616],[17.11789,48.217489],[17.117677,48.217323],[17.118136,48.217084],[17.118772,48.216705],[17.119265,48.216589],[17.11959,48.216479],[17.119694,48.216414],[17.119773,48.216274],[17.120022,48.216005],[17.120304,48.215751],[17.120407,48.215651],[17.120726,48.21534],[17.120883,48.215149],[17.121035,48.214771],[17.121134,48.214554],[17.121562,48.213903],[17.121867,48.213688],[17.122227,48.213403],[17.122489,48.213118],[17.122679,48.212953],[17.122816,48.212843],[17.123059,48.212688],[17.12324,48.212586],[17.123527,48.212429],[17.123638,48.212357],[17.123969,48.212168],[17.124022,48.212131],[17.124301,48.212002],[17.124584,48.211823],[17.124834,48.211503],[17.124924,48.211347],[17.125021,48.211118],[17.124956,48.210686],[17.125049,48.210415],[17.125126,48.210219],[17.125183,48.210069],[17.125307,48.209801],[17.125472,48.209591],[17.1257,48.209274],[17.125773,48.209203],[17.126116,48.208854],[17.126554,48.208496]]},"properties":{"name":"Bratislava-Nov\u00e9 Mesto"}},{"type":"Feature","geometry":{"type":"LineString","coordinates":[[17.10997,48.227956],[17.109988,48.227943],[17.110054,48.227906],[17.11012,48.22788],[17.110192,48.227849],[17.110222,48.227742],[17.11006,48.22774],[17.109997,48.227709],[17.11,48.227691],[17.110032,48.227657],[17.109998,48.227575],[17.109919,48.227595],[17.10989,48.227611],[17.109763,48.227739],[17.109734,48.227746],[17.10971,48.227726],[17.109645,48.227622],[17.109597,48.227583],[17.10959,48.227537],[17.109639,48.227486],[17.109618,48.227439],[17.109568,48.227418],[17.109502,48.227314],[17.109475,48.227312],[17.109404,48.227334],[17.109363,48.227341],[17.109272,48.227317],[17.10924,48.22726],[17.109254,48.227167],[17.109234,48.227124],[17.10911,48.227074],[17.10907,48.227041],[17.109084,48.227001],[17.109036,48.226912],[17.109024,48.226902],[17.108982,48.226908],[17.108934,48.226959],[17.108942,48.226996],[17.108841,48.227034],[17.108679,48.227032],[17.108652,48.22703],[17.108638,48.226964],[17.108574,48.226926],[17.108549,48.226906],[17.108539,48.226831],[17.108485,48.226793],[17.108354,48.226746],[17.108282,48.226707],[17.108231,48.226686],[17.108171,48.226683],[17.108099,48.226668],[17.108104,48.226632],[17.108032,48.226573],[17.107954,48.226549],[17.107865,48.226426],[17.107815,48.226395],[17.107675,48.22625],[17.107651,48.22623],[17.107656,48.226195],[17.107674,48.226169],[17.107663,48.22615],[17.107639,48.22613],[17.10756,48.226106],[17.107515,48.226138],[17.107473,48.226145],[17.107418,48.22615],[17.107405,48.226149],[17.107393,48.226139],[17.107409,48.226122],[17.107443,48.226079],[17.107431,48.226046],[17.107421,48.226032],[17.107345,48.226009],[17.107337,48.225992],[17.107339,48.225971],[17.107353,48.225956],[17.107449,48.225955],[17.107464,48.225947],[17.107499,48.225895],[17.107502,48.22586],[17.10762,48.225814],[17.107641,48.22576],[17.107552,48.225727],[17.107513,48.225739],[17.107455,48.225738],[17.107249,48.22567],[17.107241,48.22563],[17.10725,48.225571],[17.107332,48.225477],[17.107298,48.225438],[17.1073,48.22542],[17.107317,48.225403],[17.107395,48.225418],[17.107425,48.225402],[17.107394,48.225336],[17.107334,48.225287],[17.107306,48.225294],[17.107248,48.225317],[17.107222,48.225316],[17.107208,48.225315],[17.107091,48.225198],[17.107107,48.225181],[17.107215,48.22518],[17.107293,48.225113],[17.107364,48.22509],[17.107369,48.225054],[17.107359,48.225036],[17.107281,48.225012],[17.107122,48.224992],[17.106927,48.224853],[17.106913,48.224852],[17.106833,48.224846],[17.106794,48.224835],[17.106797,48.224817],[17.106856,48.224785],[17.106826,48.22471],[17.106782,48.224688],[17.106768,48.224652],[17.106776,48.224598],[17.106767,48.22448],[17.106686,48.224391],[17.106728,48.224341],[17.106763,48.224301],[17.106715,48.224269],[17.106628,48.224275],[17.106599,48.224268],[17.106604,48.224235],[17.106612,48.224162],[17.106588,48.224143],[17.106562,48.22406],[17.106484,48.223953],[17.106454,48.223936],[17.106377,48.223929],[17.106307,48.223852],[17.10636,48.223709],[17.106318,48.223659],[17.106304,48.223614],[17.10627,48.223434],[17.106192,48.223365],[17.106136,48.223269],[17.106099,48.223256],[17.106048,48.223263],[17.10598,48.223333],[17.105924,48.223347],[17.105899,48.223337],[17.105889,48.223309],[17.10591,48.223084],[17.10587,48.223082],[17.105735,48.223082],[17.105712,48.223143],[17.105758,48.223192],[17.10571,48.223243],[17.105505,48.223165],[17.105511,48.22313],[17.10543,48.223124],[17.105315,48.223171],[17.105141,48.223055],[17.105011,48.22302],[17.104927,48.22304],[17.104849,48.223017],[17.104873,48.222968],[17.104824,48.222911],[17.104688,48.222867],[17.104629,48.222856],[17.104574,48.222841],[17.104536,48.222814],[17.104304,48.222635],[17.104166,48.222568],[17.104043,48.22254],[17.103921,48.222519],[17.103736,48.222507],[17.103695,48.222513],[17.103571,48.222537],[17.10344,48.2226],[17.103283,48.222736],[17.103304,48.222765],[17.103406,48.222822],[17.103381,48.222869],[17.103364,48.222921],[17.103336,48.222928],[17.103272,48.222906],[17.103245,48.222904],[17.103225,48.222947],[17.103142,48.22296],[17.10303,48.222898],[17.102955,48.222857],[17.102917,48.222836],[17.102887,48.222861],[17.102886,48.222952],[17.102988,48.222995],[17.103009,48.223032],[17.10298,48.223049],[17.102912,48.223053],[17.102881,48.223078],[17.10282,48.223119],[17.102751,48.223132],[17.102629,48.223043],[17.102602,48.223041],[17.102414,48.22308],[17.102356,48.223092],[17.102298,48.223104],[17.102086,48.223153],[17.102051,48.223158],[17.102017,48.223167],[17.101976,48.223177],[17.101902,48.223191],[17.101846,48.223196],[17.101814,48.223181],[17.1018,48.223155],[17.101682,48.223132],[17.101611,48.223155],[17.101584,48.223218],[17.101487,48.223255],[17.101449,48.223243],[17.101429,48.223196],[17.101396,48.223148],[17.101353,48.223102],[17.101284,48.223089],[17.101206,48.223076],[17.101123,48.223056],[17.101054,48.223081],[17.101022,48.223115],[17.101027,48.223169],[17.100999,48.223176],[17.100934,48.223172],[17.100889,48.223187],[17.100755,48.223178],[17.100714,48.223184],[17.100698,48.223201],[17.100746,48.223241],[17.10071,48.223298],[17.100679,48.223326],[17.100686,48.22337],[17.100654,48.223402],[17.10061,48.223421],[17.100612,48.223447],[17.100721,48.223479],[17.100781,48.223506],[17.100803,48.223543],[17.100798,48.223563],[17.10078,48.223572],[17.100731,48.223564],[17.100642,48.22357],[17.100507,48.223606],[17.100482,48.223638],[17.100388,48.223646],[17.100318,48.223735],[17.100301,48.223747],[17.100238,48.223738],[17.100254,48.223658],[17.100296,48.223586],[17.100363,48.223524],[17.100333,48.223497],[17.100266,48.223511],[17.100235,48.223505],[17.100218,48.223484],[17.100199,48.223441],[17.100191,48.22342],[17.100182,48.223392],[17.100128,48.223388],[17.099615,48.223561],[17.099578,48.223622],[17.099586,48.223659],[17.099596,48.223687],[17.099568,48.223694],[17.099477,48.22367],[17.099292,48.223729],[17.099289,48.223747],[17.09931,48.223785],[17.099254,48.223799],[17.099132,48.2238],[17.099086,48.223833],[17.099053,48.223876],[17.098938,48.223922],[17.098864,48.223946],[17.09877,48.223987],[17.098734,48.224017],[17.098699,48.224069],[17.098617,48.224072],[17.098605,48.224062],[17.098556,48.224032],[17.098546,48.224004],[17.098468,48.223992],[17.09831,48.224035],[17.098271,48.223983],[17.098267,48.223945],[17.098227,48.22391],[17.097842,48.223928],[17.097779,48.22396],[17.097758,48.224003],[17.097717,48.224054],[17.097665,48.224064],[17.097607,48.224024],[17.097552,48.224035],[17.097506,48.224087],[17.097468,48.224069],[17.09745,48.224015],[17.097401,48.223972],[17.097366,48.22397],[17.097343,48.223988],[17.097284,48.224018],[17.097242,48.223997],[17.097246,48.223959],[17.097307,48.223884],[17.097267,48.223793],[17.09719,48.223771],[17.097131,48.223727],[17.097066,48.223596],[17.096935,48.223519],[17.096851,48.223525],[17.096778,48.223537],[17.096678,48.223519],[17.096636,48.223419],[17.096571,48.223382],[17.096435,48.223371],[17.096397,48.22337],[17.096357,48.223368],[17.096221,48.223286],[17.096152,48.2232],[17.096104,48.223161],[17.096088,48.223087],[17.09595,48.223011],[17.095893,48.222947],[17.095897,48.22283],[17.095848,48.222709],[17.095856,48.222611],[17.095834,48.222547],[17.095701,48.222537],[17.095607,48.222494],[17.095583,48.22248],[17.095576,48.222456],[17.095578,48.222438],[17.095585,48.222393],[17.09558,48.222339],[17.095573,48.222293],[17.095607,48.22225],[17.095615,48.222231],[17.095612,48.222213],[17.095592,48.222197],[17.095497,48.222155],[17.095396,48.222127],[17.095263,48.2221],[17.095238,48.222108],[17.095201,48.222104],[17.095132,48.222082],[17.095156,48.222012],[17.095138,48.221956],[17.09509,48.221944],[17.095,48.221967],[17.094908,48.221935],[17.094823,48.221935],[17.094794,48.221949],[17.094771,48.221967],[17.094668,48.221987],[17.094591,48.221991],[17.094523,48.221953],[17.094531,48.221905],[17.094533,48.221886],[17.09449,48.221853],[17.094375,48.221868],[17.094336,48.221849],[17.094323,48.221825],[17.094199,48.221647],[17.094217,48.221528],[17.09418,48.221493],[17.094069,48.221513],[17.093956,48.221541],[17.0939,48.221556],[17.09383,48.221569],[17.093792,48.221546],[17.093783,48.221506],[17.093779,48.221474],[17.09374,48.221366],[17.093724,48.221354],[17.09368,48.22132],[17.093584,48.221366],[17.093236,48.221333],[17.093189,48.221334],[17.093119,48.221365],[17.092956,48.221356],[17.09285,48.22134],[17.092777,48.221337],[17.092703,48.22133],[17.092656,48.221372],[17.09257,48.221402],[17.092459,48.221422],[17.092361,48.221442],[17.092313,48.221493],[17.092279,48.221536],[17.092247,48.22157],[17.092188,48.221598],[17.092164,48.221598],[17.09214,48.221594],[17.092111,48.221579],[17.092075,48.221549],[17.092049,48.221539],[17.09196,48.221553],[17.091892,48.221591],[17.091899,48.221623],[17.091917,48.221675],[17.09192,48.221692],[17.091928,48.221711],[17.091905,48.221773],[17.09181,48.221775],[17.091773,48.221813],[17.09184,48.22194],[17.091838,48.222039],[17.09178,48.222062],[17.091729,48.222041],[17.091681,48.221978],[17.091594,48.221965],[17.091538,48.221993],[17.091425,48.221993],[17.091239,48.22196],[17.091191,48.222002],[17.09119,48.222032],[17.091236,48.22208],[17.091191,48.222113],[17.091089,48.222099],[17.090996,48.222089],[17.090952,48.222084],[17.090833,48.222039],[17.090741,48.22204],[17.090631,48.222074],[17.090484,48.222137],[17.090374,48.22217],[17.090272,48.222175],[17.090167,48.222146],[17.089945,48.222135],[17.089852,48.22213],[17.089806,48.222107],[17.089734,48.222078],[17.089679,48.221881],[17.089675,48.221845],[17.089679,48.221818],[17.089624,48.221815],[17.089551,48.221802],[17.089488,48.221785],[17.089473,48.221765],[17.089458,48.221726],[17.089483,48.22169],[17.089466,48.221625],[17.089439,48.221457],[17.089423,48.221422],[17.089426,48.221368],[17.089445,48.221295],[17.089511,48.221234],[17.089509,48.221185],[17.089494,48.221116],[17.08951,48.221068],[17.089517,48.221023],[17.089478,48.220965],[17.08942,48.220932],[17.089338,48.220866],[17.089346,48.220812],[17.089356,48.22075],[17.089331,48.22073],[17.089035,48.220615],[17.088987,48.220558],[17.089095,48.220427],[17.089131,48.220445],[17.089137,48.220468],[17.089205,48.220496],[17.089274,48.220482],[17.089282,48.220465],[17.089261,48.22043],[17.089278,48.220393],[17.089306,48.220367],[17.089347,48.220216],[17.089308,48.220128],[17.089214,48.22008],[17.089255,48.219722],[17.089196,48.219663],[17.08921,48.219483],[17.089402,48.219125],[17.089485,48.219095],[17.089535,48.219036],[17.089588,48.218958],[17.089582,48.218903],[17.089602,48.218837],[17.089635,48.218735],[17.089648,48.218645],[17.089784,48.218555],[17.09007,48.218452],[17.090161,48.218416],[17.090281,48.218344],[17.09036,48.218323],[17.090496,48.218232],[17.090532,48.218165],[17.09068,48.218077],[17.090661,48.217938],[17.090643,48.217936],[17.090574,48.217928],[17.090429,48.217912],[17.090329,48.217902],[17.089603,48.217816],[17.089427,48.217825],[17.089229,48.217833],[17.088843,48.217852],[17.088818,48.217875],[17.088549,48.218157],[17.088515,48.21819],[17.088117,48.218591],[17.087575,48.219148],[17.087516,48.219208],[17.087271,48.219456],[17.087186,48.219543],[17.087114,48.219616],[17.086854,48.219877],[17.086473,48.220268],[17.085895,48.220535],[17.085016,48.220935],[17.084269,48.221278],[17.084048,48.221309],[17.083973,48.221321],[17.083565,48.22138],[17.08305,48.221525],[17.082781,48.2216],[17.08272,48.221616],[17.082265,48.221739],[17.082231,48.221748],[17.081697,48.221889],[17.081471,48.221954],[17.081428,48.221966],[17.081388,48.221964],[17.080797,48.221939],[17.080747,48.221937],[17.080725,48.221936],[17.08068,48.221934],[17.08054,48.221928],[17.080428,48.221978],[17.079276,48.222495],[17.07923,48.222516],[17.079099,48.222575],[17.079066,48.222591],[17.078658,48.222773],[17.077841,48.223142],[17.076663,48.223211],[17.075572,48.223278],[17.075261,48.223127],[17.075128,48.223063],[17.074995,48.222999],[17.074111,48.222573],[17.073887,48.222495],[17.073285,48.222284],[17.073217,48.22226],[17.073142,48.222234],[17.072518,48.222139],[17.072013,48.22189],[17.071609,48.22169],[17.071105,48.221344],[17.070722,48.221081],[17.069911,48.220527],[17.070323,48.219637],[17.070407,48.219451],[17.070467,48.219092],[17.070506,48.218862],[17.070076,48.218031],[17.069902,48.217689],[17.069669,48.217225],[17.06937,48.216982],[17.069034,48.21673],[17.068584,48.21603],[17.068364,48.215456],[17.06821,48.215036],[17.068154,48.214881],[17.068128,48.214809],[17.068118,48.214698],[17.067702,48.214318]]},"properties":{"name":"Bratislava-Nov\u00e9 Mesto"}},{"type":"Feature","geometry":{"type":"LineString","coordinates":[[17.067702,48.214318],[17.067673,48.21429],[17.066906,48.213588],[17.066668,48.213152],[17.066574,48.213015],[17.066229,48.212515],[17.066165,48.212427],[17.065835,48.211945],[17.065719,48.211777],[17.065708,48.211721],[17.065694,48.211651],[17.065669,48.21152],[17.06575,48.211074],[17.065775,48.210788],[17.065623,48.210429],[17.065259,48.209774],[17.06473,48.208861],[17.064404,48.206339],[17.064643,48.204968],[17.064854,48.204614],[17.06503,48.204321],[17.065985,48.20327],[17.066681,48.202507],[17.065813,48.201374],[17.065905,48.200527],[17.066005,48.200029],[17.06604,48.199857],[17.065973,48.1993],[17.065324,48.198571],[17.064736,48.198177],[17.064501,48.19802],[17.063962,48.19766],[17.063992,48.196765],[17.064021,48.195859],[17.064063,48.194531],[17.064091,48.19364],[17.064116,48.192857],[17.064151,48.191732],[17.064152,48.191704],[17.064153,48.191651],[17.064161,48.191394],[17.064185,48.191401],[17.064701,48.191537],[17.065138,48.191511],[17.065334,48.191499],[17.065764,48.191603],[17.065933,48.191644],[17.066019,48.191628],[17.066829,48.19148],[17.066607,48.191177],[17.06653,48.191103],[17.066183,48.190771],[17.066102,48.190666],[17.066097,48.190659],[17.066092,48.190653],[17.066069,48.190622],[17.066282,48.190365],[17.066566,48.190024],[17.066567,48.190022],[17.066681,48.189907],[17.066816,48.189721],[17.066825,48.18971],[17.066875,48.189701],[17.066946,48.189688],[17.067145,48.189653],[17.06737,48.189614],[17.067381,48.189612],[17.067456,48.1896],[17.067505,48.189591],[17.06754,48.189515],[17.067556,48.18948],[17.067715,48.189423],[17.067769,48.189404],[17.067954,48.189341],[17.067876,48.189156],[17.0678,48.18898],[17.067777,48.188924],[17.067759,48.188839],[17.067742,48.188749],[17.06772,48.188693],[17.067666,48.188553],[17.067602,48.188384],[17.067557,48.188265],[17.067506,48.188134],[17.067552,48.188085],[17.06758,48.188052],[17.067618,48.18801],[17.067627,48.187999],[17.067664,48.187972],[17.067733,48.187923],[17.067792,48.18788],[17.067831,48.187852],[17.067856,48.187834],[17.06786,48.187832],[17.067894,48.187807],[17.067931,48.187779],[17.068015,48.187719],[17.068091,48.187664],[17.068137,48.18763],[17.068201,48.187585],[17.068248,48.187486],[17.068158,48.187458],[17.068246,48.187377],[17.068333,48.187297],[17.068421,48.187216],[17.068429,48.187208],[17.068556,48.18709],[17.06856,48.187087],[17.068562,48.18708],[17.06866,48.186995],[17.068669,48.186987],[17.068675,48.186981],[17.06869,48.186967],[17.068774,48.186891],[17.068813,48.186854],[17.068918,48.186757],[17.068983,48.186697],[17.069026,48.186657],[17.069171,48.186687],[17.069209,48.186594],[17.069255,48.186484],[17.069281,48.18642],[17.069308,48.186355],[17.069346,48.186263],[17.069391,48.186155],[17.069502,48.185989],[17.069562,48.185897],[17.069631,48.185793],[17.069692,48.1857],[17.069695,48.185696],[17.069761,48.185597],[17.069804,48.185531],[17.06985,48.185462],[17.069861,48.185446],[17.069886,48.185407],[17.069922,48.185352],[17.069953,48.185305],[17.070021,48.185203],[17.070076,48.185121],[17.070079,48.185115],[17.070264,48.184836],[17.070457,48.184544],[17.070256,48.184444],[17.069835,48.184237],[17.0698,48.18422],[17.06978,48.184212],[17.069267,48.184085],[17.069145,48.184054],[17.069052,48.18403],[17.069011,48.184021],[17.068812,48.183971],[17.068813,48.183963],[17.068846,48.183888],[17.068857,48.183864],[17.06887,48.183833],[17.06888,48.18381],[17.068903,48.183757],[17.06892,48.18372],[17.06895,48.183648],[17.068969,48.183605],[17.068991,48.183571],[17.069013,48.183538],[17.069042,48.183512],[17.069061,48.183495],[17.069093,48.183466],[17.069166,48.183401],[17.069257,48.183321],[17.069305,48.183278],[17.069359,48.18323],[17.069488,48.183114],[17.069538,48.18307],[17.069566,48.183045],[17.069651,48.182958],[17.069693,48.182915],[17.069721,48.182886],[17.069737,48.182871],[17.069766,48.182843],[17.069778,48.18283],[17.069749,48.182768],[17.06971,48.182684],[17.069676,48.182611],[17.069512,48.182349],[17.069482,48.182352],[17.069357,48.18236],[17.06916,48.182307],[17.068778,48.182203],[17.068421,48.182105],[17.068169,48.182037],[17.068082,48.182013],[17.067971,48.181983],[17.067758,48.181924],[17.067649,48.181894],[17.067532,48.181852],[17.067386,48.181843],[17.067127,48.18127],[17.067031,48.181089],[17.067004,48.181028],[17.066955,48.180948],[17.066879,48.180837],[17.06681,48.180746],[17.066746,48.180651],[17.066662,48.180568],[17.066606,48.180497],[17.066531,48.180423],[17.066448,48.180348],[17.066366,48.180288],[17.066297,48.180223],[17.066226,48.180177],[17.066183,48.180151],[17.066096,48.180073],[17.06601,48.180026],[17.065888,48.17996],[17.065754,48.179876],[17.06566,48.179834],[17.065553,48.179773],[17.065442,48.179699],[17.06534,48.179589],[17.065211,48.179356],[17.065012,48.179153],[17.064965,48.179108],[17.064783,48.17889],[17.064629,48.178726],[17.064409,48.178536]]},"properties":{"name":"Bratislava-Nov\u00e9 Mesto"}},{"type":"Feature","geometry":{"type":"LineString","coordinates":[[17.064409,48.178536],[17.064671,48.178422],[17.064685,48.178416],[17.064832,48.178352],[17.065178,48.1782],[17.065325,48.178135],[17.065461,48.178076],[17.065596,48.178017],[17.065612,48.17801],[17.065756,48.177947],[17.065937,48.177868],[17.066101,48.177796],[17.0663,48.177709],[17.066351,48.177687],[17.066363,48.177682],[17.066367,48.17768],[17.066405,48.177663],[17.066407,48.177667],[17.06646,48.177657],[17.06668,48.177639],[17.066675,48.177656],[17.066693,48.17766],[17.06673,48.177663],[17.066838,48.177599],[17.066866,48.177583],[17.066948,48.177525],[17.066903,48.177447],[17.066956,48.177407],[17.06702,48.177356],[17.067022,48.177354],[17.067148,48.177296],[17.067161,48.17729],[17.067223,48.177262],[17.067375,48.177191],[17.067434,48.177163],[17.067846,48.176975],[17.069442,48.176377],[17.070244,48.176707],[17.070292,48.176684],[17.071242,48.17623],[17.071367,48.176168],[17.071373,48.176165],[17.071488,48.176113],[17.071487,48.17611],[17.071464,48.175917],[17.071447,48.175573],[17.072431,48.175201],[17.072489,48.175167],[17.073053,48.174953],[17.073448,48.174505]]},"properties":{"name":"Bratislava-Nov\u00e9 Mesto"}},{"type":"Feature","geometry":{"type":"LineString","coordinates":[[17.079295,48.169798],[17.078787,48.17041],[17.078366,48.170918],[17.078334,48.170956],[17.078306,48.170991],[17.078263,48.171078],[17.078207,48.171188],[17.078181,48.171239],[17.078028,48.17141],[17.077482,48.171974],[17.077389,48.172054],[17.077361,48.172076],[17.076699,48.172629],[17.0764,48.172852],[17.076218,48.172986],[17.076063,48.173076],[17.075448,48.173418],[17.075384,48.173453],[17.075322,48.173487],[17.075114,48.173603],[17.07421,48.1741],[17.07405,48.174191],[17.073969,48.174235],[17.073872,48.174288],[17.073813,48.174319],[17.073663,48.1744],[17.073539,48.174466],[17.073525,48.174473],[17.073448,48.174505]]},"properties":{"name":"Bratislava-Nov\u00e9 Mesto"}},{"type":"Feature","geometry":{"type":"LineString","coordinates":[[17.101431,48.162172],[17.101047,48.16229],[17.100719,48.162389],[17.100675,48.162402],[17.100657,48.162408],[17.100643,48.162412],[17.099933,48.162627],[17.09988,48.162635],[17.099195,48.162693],[17.09915,48.162699],[17.099018,48.162709],[17.098909,48.16272],[17.098905,48.162726],[17.098874,48.162783],[17.098863,48.162802],[17.098846,48.162803],[17.09864,48.162829],[17.098616,48.16283],[17.098555,48.16283],[17.098421,48.16283],[17.098387,48.162833],[17.098129,48.162859],[17.097972,48.162874],[17.097914,48.16288],[17.097882,48.162891],[17.097805,48.162891],[17.09775,48.162896],[17.097614,48.162908],[17.097598,48.162912],[17.097433,48.162927],[17.097411,48.162927],[17.097158,48.16295],[17.097125,48.162953],[17.097081,48.16296],[17.096818,48.162998],[17.096797,48.163],[17.096708,48.163012],[17.09667,48.163017],[17.096562,48.163033],[17.096334,48.16306],[17.096198,48.163076],[17.095982,48.163102],[17.095895,48.163111],[17.095881,48.163118],[17.095796,48.163153],[17.095784,48.163162],[17.09575,48.163165],[17.095469,48.163267],[17.095339,48.163313],[17.095217,48.163331],[17.095101,48.163348],[17.095037,48.163358],[17.09502,48.163359],[17.094886,48.163378],[17.09479,48.163393],[17.094725,48.163403],[17.094589,48.163408],[17.094573,48.163409],[17.094557,48.163409],[17.094535,48.16341],[17.094508,48.163413],[17.0945,48.163412],[17.094423,48.163415],[17.094335,48.163419],[17.094284,48.163421],[17.094162,48.163426],[17.094044,48.163431],[17.093886,48.163437],[17.093809,48.163442],[17.093793,48.163443],[17.093534,48.163462],[17.093172,48.163488],[17.0929,48.163504],[17.09288,48.163505],[17.092875,48.163506],[17.092865,48.163506],[17.092743,48.163514],[17.092809,48.163457],[17.092837,48.163434],[17.092884,48.163394],[17.092808,48.163384],[17.092431,48.163333],[17.092421,48.163345],[17.092456,48.163378],[17.092469,48.163402],[17.092471,48.16343],[17.092465,48.163451],[17.092449,48.163477],[17.0924,48.163507],[17.092316,48.163558],[17.092226,48.163611],[17.092189,48.163632],[17.092034,48.163724],[17.091982,48.163754],[17.091952,48.163772],[17.091898,48.163804],[17.091741,48.163864],[17.091645,48.16389],[17.091463,48.163923],[17.091415,48.16393],[17.091301,48.16394],[17.091143,48.16395],[17.091073,48.163955],[17.090836,48.16398],[17.090294,48.164032],[17.090125,48.164047],[17.089769,48.164085],[17.089642,48.1641],[17.08918,48.164147],[17.088916,48.164176],[17.088758,48.164191],[17.088624,48.164207],[17.088493,48.164226],[17.088251,48.164273],[17.088119,48.16431],[17.088038,48.16428],[17.088027,48.164275],[17.088004,48.164274],[17.087909,48.164293],[17.087672,48.164341],[17.087612,48.164356],[17.08757,48.164365],[17.087464,48.164396],[17.086312,48.164723],[17.085478,48.165003],[17.085087,48.165173],[17.084256,48.165541],[17.084196,48.165569],[17.084083,48.165626],[17.0839,48.165714],[17.083732,48.165795],[17.083567,48.165875],[17.083456,48.165928],[17.083445,48.165931],[17.083359,48.165959],[17.0833,48.166002],[17.083229,48.166047],[17.083124,48.166113],[17.083093,48.166131],[17.083066,48.166147],[17.083035,48.166167],[17.083004,48.166186],[17.08297,48.166208],[17.082941,48.166225],[17.082912,48.166243],[17.082878,48.166263],[17.082847,48.166283],[17.082815,48.166303],[17.08278,48.166325],[17.082748,48.166345],[17.082713,48.166365],[17.08268,48.166387],[17.082646,48.166408],[17.082611,48.166428],[17.082586,48.166444],[17.082479,48.166511],[17.082072,48.16682],[17.081794,48.167029],[17.081447,48.167343],[17.081418,48.167373],[17.081395,48.167396],[17.081355,48.167437],[17.081289,48.167503],[17.081267,48.167526],[17.081246,48.167547],[17.081238,48.167554],[17.081049,48.167745],[17.080802,48.16799],[17.080335,48.168545],[17.079295,48.169798]]},"properties":{"name":"Bratislava-Nov\u00e9 Mesto"}},{"type":"Feature","geometry":{"type":"LineString","coordinates":[[17.104896,48.160221],[17.104679,48.160361],[17.104647,48.160386],[17.104531,48.160466],[17.104489,48.160493],[17.104369,48.16059],[17.104015,48.160881],[17.103853,48.161015],[17.103803,48.161046],[17.103655,48.161151],[17.10301,48.161511],[17.102646,48.161712],[17.102502,48.161782],[17.101856,48.162045],[17.101431,48.162172]]},"properties":{"name":"Bratislava-Nov\u00e9 Mesto"}},{"type":"Feature","geometry":{"type":"LineString","coordinates":[[17.109405,48.158838],[17.109302,48.15884],[17.109068,48.158836],[17.109029,48.15883],[17.108996,48.158816],[17.108968,48.158797],[17.108952,48.158776],[17.108938,48.158756],[17.108867,48.158764],[17.108778,48.158773],[17.108773,48.158774],[17.108571,48.15881],[17.108369,48.158846],[17.108167,48.158881],[17.10813,48.15889],[17.107941,48.158947],[17.107803,48.158999],[17.10768,48.159057],[17.107693,48.159105],[17.107601,48.159218],[17.107519,48.159302],[17.107471,48.159337],[17.107252,48.159479],[17.107113,48.159543],[17.106784,48.159645],[17.106599,48.159699],[17.106201,48.159783],[17.105969,48.159844],[17.105689,48.159929],[17.105489,48.159997],[17.105341,48.160049],[17.104896,48.160221]]},"properties":{"name":"Bratislava-Nov\u00e9 Mesto"}},{"type":"Feature","geometry":{"type":"LineString","coordinates":[[17.11476,48.159609],[17.114743,48.15961],[17.114627,48.15962],[17.114456,48.15949],[17.114251,48.159378],[17.113897,48.159186],[17.113907,48.159231],[17.113911,48.159257],[17.113912,48.15928],[17.113908,48.159309],[17.113901,48.159326],[17.113892,48.159344],[17.11387,48.159373],[17.113866,48.159376],[17.113604,48.159581],[17.113591,48.159591],[17.113587,48.159594],[17.113568,48.159585],[17.113525,48.159606],[17.113489,48.159616],[17.113448,48.159619],[17.113416,48.159616],[17.113392,48.159609],[17.112439,48.159295],[17.112173,48.159214],[17.111739,48.159104],[17.111215,48.158983],[17.110216,48.158881],[17.109612,48.158821],[17.109405,48.158838]]},"properties":{"name":"Bratislava-Nov\u00e9 Mesto"}},{"type":"Feature","geometry":{"type":"LineString","coordinates":[[17.119562,48.157457],[17.1195,48.157486],[17.119338,48.157578],[17.119157,48.157542],[17.119108,48.157532],[17.119008,48.157513],[17.118761,48.157465],[17.118766,48.157462],[17.118733,48.157457],[17.118688,48.157447],[17.118686,48.157452],[17.118378,48.157394],[17.118169,48.157354],[17.118163,48.157394],[17.118152,48.157474],[17.118162,48.157514],[17.118108,48.157539],[17.11803,48.157576],[17.117972,48.157604],[17.117923,48.157627],[17.117896,48.157639],[17.117868,48.157653],[17.117855,48.15766],[17.117809,48.157682],[17.117711,48.157728],[17.117533,48.157814],[17.117382,48.157887],[17.11723,48.15796],[17.11712,48.158013],[17.116986,48.158077],[17.116941,48.158162],[17.11693,48.158184],[17.116854,48.158247],[17.116801,48.15829],[17.116746,48.158334],[17.116733,48.158346],[17.116679,48.158391],[17.116617,48.158441],[17.116604,48.158452],[17.116561,48.158488],[17.116448,48.158582],[17.116378,48.158639],[17.116309,48.158697],[17.116199,48.158788],[17.116119,48.158855],[17.116121,48.158856],[17.116106,48.158868],[17.116093,48.158878],[17.11608,48.158888],[17.116059,48.158906],[17.115908,48.159032],[17.115907,48.159031],[17.115686,48.159214],[17.115499,48.159367],[17.115402,48.159448],[17.115376,48.15947],[17.115203,48.159481],[17.114739,48.15951],[17.114743,48.159526],[17.114744,48.159532],[17.11476,48.159609]]},"properties":{"name":"Bratislava-Nov\u00e9 Mesto"}},{"type":"Feature","geometry":{"type":"LineString","coordinates":[[17.119723,48.157381],[17.119665,48.157408],[17.119562,48.157457]]},"properties":{"name":"Bratislava-Nov\u00e9 Mesto"}},{"type":"Feature","geometry":{"type":"LineString","coordinates":[[17.125151,48.15607],[17.125142,48.156061],[17.125129,48.156052],[17.12507,48.156009],[17.125068,48.15601],[17.124985,48.155943],[17.124883,48.155929],[17.124768,48.155967],[17.124765,48.155964],[17.124683,48.155992],[17.124668,48.155995],[17.124599,48.156016],[17.124575,48.156022],[17.124561,48.156026],[17.124568,48.156045],[17.123891,48.15626],[17.123248,48.156463],[17.120696,48.157265],[17.120693,48.157263],[17.120676,48.157269],[17.120678,48.157271],[17.120539,48.157315],[17.120537,48.157312],[17.120517,48.157319],[17.120519,48.157321],[17.120297,48.15739],[17.120278,48.15737],[17.120261,48.157351],[17.120208,48.157278],[17.12018,48.157239],[17.120166,48.157221],[17.120157,48.157211],[17.120144,48.157215],[17.120128,48.157222],[17.120094,48.157236],[17.120061,48.157251],[17.120015,48.15727],[17.119954,48.157295],[17.119928,48.157306],[17.119723,48.157381]]},"properties":{"name":"Bratislava-Nov\u00e9 Mesto"}},{"type":"Feature","geometry":{"type":"LineString","coordinates":[[17.12802,48.158371],[17.127774,48.158125],[17.127748,48.158104],[17.127765,48.158093],[17.127731,48.158067],[17.127208,48.157668],[17.126888,48.157421],[17.12659,48.157193],[17.126594,48.15719],[17.126581,48.157179],[17.126551,48.157159],[17.126548,48.157159],[17.126544,48.157157],[17.126546,48.157155],[17.126382,48.157029],[17.126212,48.1569],[17.126113,48.156822],[17.125992,48.156731],[17.125792,48.156576],[17.125723,48.15652],[17.125437,48.156296],[17.12541,48.156275],[17.125405,48.156278],[17.125249,48.156148],[17.125171,48.156085],[17.125151,48.15607]]},"properties":{"name":"Bratislava-Nov\u00e9 Mesto"}},{"type":"Feature","geometry":{"type":"LineString","coordinates":[[17.128205,48.158334],[17.128174,48.158341],[17.12802,48.158371]]},"properties":{"name":"Bratislava-Nov\u00e9 Mesto"}},{"type":"Feature","geometry":{"type":"LineString","coordinates":[[17.130051,48.158526],[17.129768,48.158495],[17.129486,48.158466],[17.129291,48.158445],[17.129253,48.158441],[17.129221,48.158447],[17.129129,48.158485],[17.128783,48.158632],[17.128755,48.158602],[17.12872,48.158565],[17.129186,48.158364],[17.1292,48.158349],[17.129203,48.158324],[17.129182,48.158301],[17.129145,48.158288],[17.128502,48.158281],[17.12839,48.158291],[17.1284,48.158295],[17.128396,48.158297],[17.128205,48.158334]]},"properties":{"name":"Bratislava-Nov\u00e9 Mesto"}},{"type":"Feature","geometry":{"type":"LineString","coordinates":[[17.140822,48.161587],[17.14046,48.16144],[17.140365,48.161546],[17.140267,48.161505],[17.139514,48.161193],[17.138712,48.160862],[17.138449,48.160754],[17.138451,48.160749],[17.137961,48.160545],[17.137704,48.160438],[17.137709,48.160431],[17.137713,48.160426],[17.137775,48.160346],[17.137769,48.16033],[17.137355,48.160158],[17.137263,48.160119],[17.137244,48.160112],[17.136866,48.159951],[17.136837,48.159947],[17.136257,48.159712],[17.13591,48.159571],[17.135651,48.159466],[17.135583,48.159545],[17.1355,48.159519],[17.135422,48.159494],[17.135352,48.159472],[17.135218,48.159429],[17.135215,48.159438],[17.135084,48.159382],[17.135038,48.159365],[17.134749,48.159248],[17.134735,48.159264],[17.134525,48.159177],[17.134477,48.159158],[17.134076,48.158993],[17.134032,48.158976],[17.133876,48.158912],[17.133848,48.158943],[17.133819,48.158974],[17.133766,48.158953],[17.133699,48.158921],[17.133649,48.158898],[17.133459,48.158818],[17.133417,48.158801],[17.133362,48.15879],[17.133152,48.158749],[17.133131,48.158744],[17.132668,48.158715],[17.132662,48.158733],[17.132654,48.15876],[17.132559,48.158754],[17.132422,48.158745],[17.132422,48.158743],[17.132359,48.158738],[17.132359,48.158742],[17.132226,48.158733],[17.132091,48.158725],[17.132092,48.158721],[17.132031,48.158717],[17.132031,48.158721],[17.131897,48.158712],[17.131761,48.158702],[17.131762,48.158699],[17.131699,48.158696],[17.131698,48.158698],[17.131562,48.15869],[17.131494,48.158685],[17.131496,48.158682],[17.131382,48.158674],[17.131381,48.158678],[17.131249,48.15867],[17.131253,48.158661],[17.131176,48.158655],[17.131182,48.158643],[17.130051,48.158526]]},"properties":{"name":"Bratislava-Nov\u00e9 Mesto"}},{"type":"Feature","geometry":{"type":"LineString","coordinates":[[17.150608,48.165615],[17.150524,48.165587],[17.15026,48.165493],[17.150118,48.165409],[17.149962,48.165428],[17.148416,48.164823],[17.148409,48.164824],[17.148095,48.164814],[17.147116,48.164406],[17.146676,48.164223],[17.146572,48.164179],[17.146396,48.164025],[17.14637,48.164003],[17.14634,48.163976],[17.146333,48.16397],[17.145923,48.163799],[17.145865,48.163776],[17.145831,48.163761],[17.145593,48.163661],[17.145587,48.16366],[17.145557,48.163647],[17.145487,48.163618],[17.145191,48.163496],[17.144973,48.163408],[17.144786,48.163333],[17.144766,48.163327],[17.14402,48.163022],[17.143426,48.16278],[17.143387,48.162777],[17.143357,48.162785],[17.143337,48.162797],[17.143297,48.162782],[17.143291,48.162788],[17.143248,48.162772],[17.143241,48.162769],[17.143247,48.162762],[17.14323,48.162755],[17.142393,48.162423],[17.142411,48.162394],[17.14242,48.162365],[17.142419,48.162336],[17.142399,48.162293],[17.14236,48.162256],[17.142318,48.162235],[17.14226,48.162215],[17.142192,48.162192],[17.14181,48.162034],[17.141505,48.161906],[17.141409,48.161866],[17.14101,48.161704],[17.140917,48.161664],[17.140855,48.161638],[17.140836,48.16162],[17.140825,48.161606],[17.140822,48.161587]]},"properties":{"name":"Bratislava-Nov\u00e9 Mesto"}},{"type":"Feature","geometry":{"type":"LineString","coordinates":[[17.146355,48.125213],[17.146359,48.124302],[17.146363,48.123403],[17.146359,48.122501],[17.14626,48.121586],[17.14598,48.120665],[17.145815,48.119995]]},"properties":{"name":"Bratislava-Petr\u017ealka"}},{"type":"Feature","geometry":{"type":"LineString","coordinates":[[17.127686,48.137293],[17.128153,48.137223],[17.129512,48.13702],[17.130892,48.136837],[17.131346,48.136768],[17.131937,48.136677],[17.132399,48.136599],[17.132983,48.136495],[17.133155,48.136461],[17.133405,48.136413],[17.13412,48.136273],[17.134363,48.136223],[17.13493,48.136085],[17.13512,48.136038],[17.135285,48.135987],[17.135663,48.135883],[17.13629,48.13569],[17.136907,48.135469],[17.137256,48.135348],[17.137649,48.135203],[17.138133,48.134995],[17.139255,48.134538],[17.139272,48.134532],[17.139353,48.134495],[17.139371,48.134489],[17.139454,48.134458],[17.139523,48.134413],[17.139656,48.134328],[17.139761,48.13426],[17.139775,48.134251],[17.141029,48.133445],[17.142676,48.13226],[17.144095,48.13048],[17.144277,48.130252],[17.144766,48.129623],[17.145292,48.128763],[17.145679,48.127877],[17.146009,48.127012],[17.146258,48.126129],[17.146355,48.125213]]},"properties":{"name":"Bratislava-Petr\u017ealka"}},{"type":"Feature","geometry":{"type":"LineString","coordinates":[[17.11737,48.138246],[17.119798,48.138149],[17.119891,48.138144],[17.120205,48.138125],[17.120423,48.13811],[17.120854,48.138081],[17.121268,48.138051],[17.121464,48.138036],[17.121726,48.138014],[17.122212,48.13797],[17.122625,48.13793],[17.122971,48.137898],[17.123295,48.137867],[17.124692,48.137738],[17.125394,48.137633],[17.126789,48.137426],[17.127686,48.137293]]},"properties":{"name":"Bratislava-Petr\u017ealka"}},{"type":"Feature","geometry":{"type":"LineString","coordinates":[[17.117152,48.135867],[17.117155,48.135907],[17.117231,48.135905],[17.117261,48.1359],[17.117278,48.135889],[17.11729,48.135871],[17.117366,48.135859],[17.117303,48.135899],[17.117165,48.135976],[17.11737,48.138246]]},"properties":{"name":"Bratislava-Petr\u017ealka"}},{"type":"Feature","geometry":{"type":"LineString","coordinates":[[17.102287,48.138259],[17.102817,48.13825],[17.10357,48.13824],[17.104042,48.138235],[17.104395,48.138225],[17.104406,48.138225],[17.10452,48.138229],[17.104547,48.13823],[17.104663,48.138232],[17.104674,48.138231],[17.10601,48.13825],[17.108362,48.138302],[17.109508,48.138321],[17.111359,48.138346],[17.113178,48.138333],[17.117047,48.138254],[17.11689,48.135872],[17.117152,48.135867]]},"properties":{"name":"Bratislava-Petr\u017ealka"}},{"type":"Feature","geometry":{"type":"LineString","coordinates":[[17.073896,48.142414],[17.075042,48.14205],[17.07521,48.141996],[17.075443,48.141954],[17.07557,48.141929],[17.075903,48.141878],[17.076368,48.141792],[17.076744,48.14172],[17.077134,48.141643],[17.077998,48.141488],[17.078662,48.141449],[17.079989,48.141327],[17.080773,48.141273],[17.081555,48.141135],[17.082079,48.141052],[17.08298,48.140875],[17.083631,48.14074],[17.084374,48.140624],[17.085258,48.140442],[17.085611,48.14037],[17.086373,48.140251],[17.086577,48.140218],[17.087085,48.140119],[17.087771,48.139989],[17.088254,48.139895],[17.088398,48.139865],[17.089517,48.139644],[17.090123,48.139524],[17.090571,48.139437],[17.091091,48.139332],[17.091975,48.139162],[17.092362,48.139091],[17.092524,48.139062],[17.093226,48.138933],[17.093624,48.138865],[17.094358,48.138734],[17.09496,48.138639],[17.095242,48.138606],[17.096002,48.138534],[17.096312,48.138507],[17.096598,48.138484],[17.097095,48.138443],[17.097594,48.138404],[17.098195,48.138365],[17.098716,48.138349],[17.099653,48.138315],[17.099765,48.138311],[17.099943,48.138306],[17.101013,48.138267],[17.102072,48.138261],[17.102287,48.138259]]},"properties":{"name":"Bratislava-Petr\u017ealka"}},{"type":"Feature","geometry":{"type":"LineString","coordinates":[[17.057356,48.141793],[17.058065,48.141906],[17.058388,48.141949],[17.05885,48.14201],[17.059161,48.142056],[17.059534,48.142105],[17.059845,48.142147],[17.060231,48.142191],[17.060588,48.142227],[17.061145,48.142283],[17.061323,48.142286],[17.061749,48.142326],[17.062284,48.142303],[17.062623,48.142288],[17.062961,48.142273],[17.064064,48.142079],[17.064486,48.142013],[17.065697,48.14188],[17.067537,48.141706],[17.068651,48.141579],[17.069336,48.141501],[17.069308,48.141406],[17.069387,48.141275],[17.069676,48.141153],[17.070238,48.14112],[17.071383,48.140967],[17.072238,48.140855],[17.072406,48.140783],[17.072447,48.140815],[17.07353,48.140605],[17.073547,48.140693],[17.073568,48.140796],[17.073592,48.140914],[17.073612,48.141012],[17.073619,48.141048],[17.073633,48.14112],[17.073896,48.142414]]},"properties":{"name":"Bratislava-Petr\u017ealka"}},{"type":"Feature","geometry":{"type":"LineString","coordinates":[[17.068685,48.123818],[17.068807,48.123934],[17.068839,48.124116],[17.068816,48.124208],[17.068696,48.124372],[17.068353,48.124776],[17.068315,48.124798],[17.067903,48.125153],[17.067681,48.125298],[17.067654,48.125352],[17.067692,48.125424],[17.067823,48.125649],[17.067839,48.12577],[17.067824,48.125865],[17.067747,48.125957],[17.067676,48.126],[17.06727,48.126217],[17.06717,48.126338],[17.067137,48.126424],[17.067151,48.126527],[17.067211,48.126621],[17.067396,48.126756],[17.067857,48.127016],[17.067875,48.127047],[17.067753,48.127194],[17.067763,48.127262],[17.067623,48.127432],[17.067398,48.127603],[17.067218,48.127686],[17.067047,48.127771],[17.066905,48.127866],[17.066778,48.12789],[17.066666,48.127933],[17.066586,48.128017],[17.06628,48.128197],[17.066166,48.128205],[17.066056,48.128183],[17.065912,48.128128],[17.065726,48.128097],[17.06524,48.127968],[17.065166,48.127959],[17.064919,48.128002],[17.06468,48.128],[17.064392,48.128035],[17.064343,48.128062],[17.064299,48.128111],[17.064262,48.128189],[17.064226,48.128428],[17.064207,48.12855],[17.064152,48.128652],[17.064079,48.128742],[17.064637,48.128974],[17.065076,48.12913],[17.065315,48.129236],[17.065488,48.129314],[17.065562,48.129345],[17.064722,48.129948],[17.06369,48.130753],[17.06262,48.131774],[17.062062,48.132539],[17.061956,48.133447],[17.061666,48.13345],[17.061422,48.133468],[17.061093,48.134056],[17.060766,48.134643],[17.060464,48.135185],[17.060322,48.135437],[17.060273,48.135523],[17.060264,48.135544],[17.060145,48.135756],[17.060363,48.135761],[17.061636,48.135997],[17.061678,48.136278],[17.061667,48.136389],[17.061625,48.136918],[17.061365,48.137818],[17.061262,48.138212],[17.060938,48.138928],[17.060689,48.139276],[17.060534,48.139491],[17.060394,48.13966],[17.060144,48.139958],[17.060132,48.139966],[17.059675,48.140253],[17.059356,48.14035],[17.059556,48.140876],[17.059456,48.141203],[17.059449,48.141226],[17.058754,48.14152],[17.057362,48.141775],[17.057356,48.141793]]},"properties":{"name":"Bratislava-Petr\u017ealka"}},{"type":"Feature","geometry":{"type":"LineString","coordinates":[[17.062184,48.12302],[17.062199,48.123044],[17.062246,48.12316],[17.062369,48.123233],[17.062717,48.123361],[17.063002,48.123457],[17.063211,48.123504],[17.063475,48.123515],[17.063681,48.123503],[17.064132,48.123454],[17.064424,48.123422],[17.064719,48.123312],[17.064912,48.123245],[17.065106,48.123237],[17.065384,48.123251],[17.06559,48.123287],[17.065786,48.123351],[17.065933,48.123426],[17.066264,48.123579],[17.066613,48.123682],[17.066793,48.123698],[17.067035,48.123657],[17.067221,48.123597],[17.067519,48.123509],[17.067649,48.123503],[17.067974,48.123533],[17.068227,48.123599],[17.068392,48.123658],[17.068558,48.123743],[17.068685,48.123818]]},"properties":{"name":"Bratislava-Petr\u017ealka"}},{"type":"Feature","geometry":{"type":"LineString","coordinates":[[17.06674,48.118681],[17.0666,48.11875],[17.066213,48.118995],[17.066096,48.119142],[17.065966,48.119223],[17.065902,48.11928],[17.065851,48.119386],[17.065731,48.119575],[17.065588,48.119728],[17.065283,48.12],[17.065156,48.120091],[17.064849,48.120297],[17.064798,48.120342],[17.064744,48.12043],[17.064045,48.120863],[17.063956,48.120904],[17.063601,48.120892],[17.063573,48.121005],[17.063403,48.121086],[17.063295,48.121149],[17.063131,48.121287],[17.063112,48.121297],[17.063008,48.121355],[17.062786,48.12148],[17.062642,48.121693],[17.062625,48.12172],[17.062541,48.121848],[17.06254,48.12185],[17.06249,48.121922],[17.062483,48.121933],[17.062439,48.122004],[17.062411,48.122056],[17.062398,48.122083],[17.062394,48.122101],[17.062386,48.122137],[17.062373,48.122195],[17.06232,48.122449],[17.062184,48.12302]]},"properties":{"name":"Bratislava-Petr\u017ealka"}},{"type":"Feature","geometry":{"type":"LineString","coordinates":[[17.077065,48.115105],[17.076748,48.1151],[17.076514,48.115085],[17.076401,48.115033],[17.076179,48.114968],[17.075967,48.114922],[17.075401,48.114779],[17.075129,48.114684],[17.074768,48.114589],[17.074566,48.114554],[17.074383,48.114504],[17.074124,48.114473],[17.073986,48.114472],[17.073938,48.11447],[17.07385,48.114455],[17.07374,48.114476],[17.073507,48.114476],[17.073158,48.114495],[17.073023,48.114492],[17.072821,48.114511],[17.072777,48.11453],[17.072256,48.114855],[17.072155,48.114903],[17.07208,48.114932],[17.071935,48.114969],[17.071612,48.11503],[17.071569,48.115048],[17.071444,48.115108],[17.071219,48.115178],[17.070694,48.115316],[17.070514,48.115396],[17.07032,48.115452],[17.070184,48.115518],[17.069981,48.115642],[17.069921,48.115702],[17.069454,48.115868],[17.06929,48.115908],[17.068641,48.116125],[17.068579,48.116158],[17.068442,48.116286],[17.068361,48.116336],[17.068251,48.116383],[17.068185,48.11643],[17.068062,48.116566],[17.068006,48.116645],[17.068012,48.11668],[17.068018,48.116702],[17.068092,48.116789],[17.068196,48.117077],[17.068097,48.117556],[17.068106,48.117796],[17.068083,48.118028],[17.067969,48.11817],[17.067707,48.118282],[17.067587,48.118311],[17.067151,48.118491],[17.066813,48.118653],[17.06674,48.118681]]},"properties":{"name":"Bratislava-Petr\u017ealka"}},{"type":"Feature","geometry":{"type":"LineString","coordinates":[[17.083723,48.103006],[17.083339,48.10252],[17.083314,48.102533],[17.083249,48.102559],[17.082489,48.103002],[17.081688,48.103467],[17.080706,48.104039],[17.079509,48.104735],[17.078514,48.105313],[17.077438,48.105939],[17.077419,48.10595],[17.07857,48.107277],[17.079081,48.107894],[17.079061,48.107903],[17.077894,48.108352],[17.076769,48.108789],[17.075937,48.109104],[17.07524,48.109376],[17.074439,48.109685],[17.072891,48.110285],[17.072873,48.110292],[17.074252,48.111883],[17.074336,48.111984],[17.075595,48.113435],[17.075764,48.113631],[17.076467,48.11444],[17.076965,48.115006],[17.076989,48.115006],[17.077065,48.115105]]},"properties":{"name":"Bratislava-Petr\u017ealka"}},{"type":"Feature","geometry":{"type":"LineString","coordinates":[[17.092707,48.099645],[17.092653,48.099668],[17.09128,48.100176],[17.08977,48.100742],[17.086876,48.101825],[17.085306,48.102417],[17.084387,48.102771],[17.08423,48.102832],[17.084175,48.102851],[17.084092,48.102882],[17.083936,48.102925],[17.083772,48.102987],[17.083734,48.103002],[17.083723,48.103006]]},"properties":{"name":"Bratislava-Petr\u017ealka"}},{"type":"Feature","geometry":{"type":"LineString","coordinates":[[17.09314,48.091431],[17.092261,48.092216],[17.091391,48.092992],[17.090462,48.093906],[17.089555,48.094799],[17.088648,48.09569],[17.087914,48.096413],[17.087784,48.096541],[17.087769,48.096557],[17.08899,48.097327],[17.089416,48.097573],[17.089923,48.097882],[17.090109,48.098],[17.090196,48.098054],[17.090283,48.09811],[17.092016,48.099209],[17.092347,48.09938],[17.092468,48.099454],[17.092707,48.099645]]},"properties":{"name":"Bratislava-Petr\u017ealka"}},{"type":"Feature","geometry":{"type":"LineString","coordinates":[[17.09314,48.091431],[17.093229,48.091387],[17.100259,48.088627],[17.09963,48.088333],[17.10654,48.085633]]},"properties":{"name":"Bratislava-Petr\u017ealka"}},{"type":"Feature","geometry":{"type":"LineString","coordinates":[[17.10654,48.085633],[17.107436,48.085283],[17.107204,48.085169],[17.118563,48.081006],[17.122543,48.083338],[17.124478,48.084556],[17.124144,48.085888]]},"properties":{"name":"Bratislava-Petr\u017ealka"}},{"type":"Feature","geometry":{"type":"LineString","coordinates":[[17.124144,48.085888],[17.126882,48.086434],[17.12948,48.088173],[17.13189,48.089308],[17.133619,48.090399],[17.136341,48.091754],[17.138214,48.092751],[17.143506,48.095185]]},"properties":{"name":"Bratislava-Petr\u017ealka"}},{"type":"Feature","geometry":{"type":"LineString","coordinates":[[17.140513,48.098985],[17.141135,48.098196],[17.141368,48.097899],[17.141733,48.097436],[17.142184,48.096959],[17.142531,48.096519],[17.143506,48.095185]]},"properties":{"name":"Bratislava-Petr\u017ealka"}},{"type":"Feature","geometry":{"type":"LineString","coordinates":[[17.145815,48.119995],[17.145749,48.119744],[17.145405,48.118817],[17.145138,48.118458],[17.1445,48.117613],[17.143973,48.116913],[17.143102,48.11595],[17.141969,48.114969],[17.140792,48.113985],[17.139949,48.113023],[17.139256,48.112074],[17.138685,48.111132],[17.138279,48.110201],[17.138142,48.109287],[17.13812,48.109054],[17.138056,48.108378],[17.138017,48.107468],[17.138102,48.106576],[17.138264,48.105681],[17.138448,48.104788],[17.138627,48.103897],[17.138807,48.103009],[17.139026,48.102118],[17.139116,48.101745],[17.139353,48.101062],[17.139597,48.100361],[17.139729,48.09998],[17.140157,48.099436],[17.140513,48.098985]]},"properties":{"name":"Bratislava-Petr\u017ealka"}}]}