{"type":"FeatureCollection","features":[{"type":"Feature","geometry":{"type":"Polygon","coordinates":[[[17.119076,48.122506],[17.119478,48.122642],[17.119589,48.122495],[17.119186,48.12236],[17.119076,48.122506]]]},"properties":{"name":""}},{"type":"Feature","geometry":{"type":"Polygon","coordinates":[[[17.118391,48.121618],[17.118951,48.120878],[17.118578,48.120754],[17.118358,48.120681],[17.118314,48.120666],[17.118245,48.120643],[17.118098,48.120643],[17.117827,48.120996],[17.117464,48.121463],[17.117461,48.121616],[17.117574,48.121671],[17.117671,48.121706],[17.118186,48.121888],[17.118391,48.121618]]]},"properties":{"name":"Park obet\u00ed Hrani\u010diarov"}},{"type":"Feature","geometry":{"type":"Polygon","coordinates":[[[17.117732,48.130492],[17.117917,48.130164],[17.117957,48.130116],[17.118039,48.130023],[17.118097,48.129992],[17.118168,48.129977],[17.119297,48.129937],[17.119657,48.129929],[17.120014,48.129975],[17.121172,48.130324],[17.121172,48.13036],[17.117732,48.130492]]]},"properties":{"name":""}},{"type":"Feature","geometry":{"type":"Polygon","coordinates":[[[17.116709,48.130533],[17.117464,48.130505],[17.117694,48.13012],[17.117716,48.130083],[17.117704,48.13006],[17.117689,48.130043],[17.117683,48.130027],[17.11767,48.130012],[17.117651,48.130004],[17.11762,48.130003],[17.116993,48.130045],[17.116996,48.130088],[17.117022,48.130445],[17.116703,48.130457],[17.116709,48.130533]]]},"properties":{"name":""}},{"type":"Feature","geometry":{"type":"Polygon","coordinates":[[[17.109851,48.126659],[17.109972,48.126694],[17.110132,48.126686],[17.110366,48.126684],[17.110386,48.126683],[17.110722,48.126669],[17.111074,48.126662],[17.111051,48.126452],[17.111035,48.126186],[17.11103,48.126072],[17.111026,48.125951],[17.110806,48.125955],[17.110322,48.12597],[17.109856,48.125983],[17.109809,48.125984],[17.109719,48.125986],[17.109721,48.126008],[17.109738,48.126234],[17.109764,48.126428],[17.109767,48.126452],[17.10977,48.126477],[17.109842,48.126472],[17.109851,48.126659]]]},"properties":{"name":""}},{"type":"Feature","geometry":{"type":"Polygon","coordinates":[[[17.109385,48.130073],[17.109381,48.130015],[17.109367,48.129805],[17.110053,48.129772],[17.110063,48.129843],[17.110089,48.130053],[17.109721,48.130064],[17.109385,48.130073]]]},"properties":{"name":""}},{"type":"Feature","geometry":{"type":"Polygon","coordinates":[[[17.109164,48.129811],[17.109367,48.129805],[17.109381,48.130015],[17.109179,48.130021],[17.109164,48.129811]]]},"properties":{"name":""}},{"type":"Feature","geometry":{"type":"Polygon","coordinates":[[[17.112278,48.12598],[17.112321,48.125979],[17.112511,48.125974],[17.112491,48.125661],[17.112257,48.125668],[17.112278,48.12598]]]},"properties":{"name":""}},{"type":"Feature","geometry":{"type":"Polygon","coordinates":[[[17.117299,48.124699],[17.117066,48.124461],[17.116908,48.124532],[17.117091,48.124709],[17.117151,48.124766],[17.117299,48.124699]]]},"properties":{"name":""}},{"type":"Feature","geometry":{"type":"Polygon","coordinates":[[[17.104736,48.122543],[17.104881,48.122482],[17.104986,48.122441],[17.104903,48.122345],[17.104886,48.122352],[17.104657,48.122446],[17.104649,48.12245],[17.104736,48.122543]]]},"properties":{"name":""}},{"type":"Feature","geometry":{"type":"Polygon","coordinates":[[[17.106825,48.128462],[17.106828,48.128487],[17.106837,48.128499],[17.10747,48.128986],[17.107704,48.12878],[17.108133,48.128766],[17.108823,48.128734],[17.109213,48.128716],[17.109223,48.128711],[17.109218,48.128583],[17.109215,48.128538],[17.10916,48.128531],[17.109137,48.128496],[17.109164,48.128463],[17.10921,48.128456],[17.109204,48.128361],[17.109148,48.127525],[17.108989,48.127531],[17.108752,48.127539],[17.108367,48.127553],[17.108174,48.12756],[17.108043,48.127564],[17.107816,48.127564],[17.107799,48.12737],[17.107415,48.127385],[17.106859,48.127409],[17.106729,48.127412],[17.106804,48.128206],[17.106812,48.128226],[17.106834,48.12824],[17.106872,48.128247],[17.106923,48.128244],[17.106876,48.127657],[17.10689,48.127656],[17.107419,48.127637],[17.108029,48.127616],[17.108047,48.127615],[17.108052,48.127701],[17.108095,48.128201],[17.108106,48.12832],[17.108015,48.128324],[17.10755,48.128337],[17.106932,48.128355],[17.106927,48.128302],[17.106878,48.128305],[17.106839,48.128316],[17.10682,48.128338],[17.106816,48.128362],[17.106825,48.128462]]]},"properties":{"name":"\u0160rob\u00e1rovo n\u00e1mestie"}},{"type":"Feature","geometry":{"type":"Polygon","coordinates":[[[17.108217,48.129008],[17.108254,48.129493],[17.108264,48.129537],[17.108281,48.129574],[17.10832,48.129605],[17.108377,48.129638],[17.108449,48.129654],[17.10858,48.129654],[17.10869,48.129645],[17.108761,48.12962],[17.10882,48.129581],[17.108849,48.129531],[17.108855,48.129474],[17.108813,48.128984],[17.108795,48.128921],[17.108766,48.128875],[17.108721,48.128845],[17.108658,48.128826],[17.108587,48.128816],[17.1084,48.128822],[17.108335,48.128839],[17.108278,48.128864],[17.10824,48.1289],[17.108221,48.128954],[17.108217,48.129008]]]},"properties":{"name":""}},{"type":"Feature","geometry":{"type":"Polygon","coordinates":[[[17.103516,48.122988],[17.103499,48.122971],[17.103324,48.122794],[17.103312,48.122782],[17.103351,48.122766],[17.103448,48.122723],[17.10346,48.122734],[17.103651,48.122928],[17.103516,48.122988]]]},"properties":{"name":""}},{"type":"Feature","geometry":{"type":"Polygon","coordinates":[[[17.103293,48.120894],[17.103685,48.120881],[17.103709,48.12088],[17.103674,48.120418],[17.103265,48.120431],[17.103293,48.120894]]]},"properties":{"name":""}},{"type":"Feature","geometry":{"type":"Polygon","coordinates":[[[17.104113,48.120469],[17.103732,48.120482],[17.103768,48.120943],[17.104149,48.12093],[17.104113,48.120469]]]},"properties":{"name":""}},{"type":"Feature","geometry":{"type":"Polygon","coordinates":[[[17.103513,48.121328],[17.103918,48.121748],[17.103987,48.121717],[17.103948,48.121247],[17.103541,48.12126],[17.103513,48.121328]]]},"properties":{"name":"Komunitn\u00e1 z\u00e1hrada Dvory"}},{"type":"Feature","geometry":{"type":"Polygon","coordinates":[[[17.107023,48.120186],[17.107017,48.120105],[17.10726,48.120097],[17.107266,48.120177],[17.107023,48.120186]]]},"properties":{"name":""}},{"type":"Feature","geometry":{"type":"Polygon","coordinates":[[[17.107013,48.120069],[17.107192,48.120061],[17.107187,48.120007],[17.107008,48.120014],[17.107013,48.120069]]]},"properties":{"name":""}},{"type":"Feature","geometry":{"type":"Polygon","coordinates":[[[17.103719,48.124325],[17.103638,48.124098],[17.103938,48.124082],[17.104949,48.12409],[17.105049,48.124096],[17.105788,48.124079],[17.105926,48.124129],[17.10597,48.124184],[17.105978,48.124268],[17.10594,48.12435],[17.105914,48.124389],[17.105777,48.124643],[17.105679,48.124735],[17.105539,48.124803],[17.105363,48.124831],[17.104735,48.12484],[17.10451,48.124821],[17.104262,48.124762],[17.10411,48.124689],[17.103935,48.124565],[17.103854,48.124485],[17.103719,48.124325]]]},"properties":{"name":""}},{"type":"Feature","geometry":{"type":"Polygon","coordinates":[[[17.106323,48.123275],[17.106324,48.123317],[17.106448,48.123529],[17.106362,48.123632],[17.106252,48.1237],[17.106118,48.123749],[17.106012,48.123756],[17.103617,48.123729],[17.104102,48.123572],[17.104589,48.123554],[17.104571,48.123338],[17.106323,48.123275]]]},"properties":{"name":""}},{"type":"Feature","geometry":{"type":"Polygon","coordinates":[[[17.115383,48.120714],[17.115237,48.120663],[17.115016,48.12096],[17.11516,48.121008],[17.115383,48.120714]]]},"properties":{"name":""}},{"type":"Feature","geometry":{"type":"Polygon","coordinates":[[[17.116536,48.120369],[17.116768,48.120448],[17.116975,48.120178],[17.116743,48.120099],[17.116536,48.120369]]]},"properties":{"name":""}},{"type":"Feature","geometry":{"type":"Polygon","coordinates":[[[17.119003,48.121836],[17.119332,48.121949],[17.118878,48.122542],[17.118548,48.122427],[17.119003,48.121836]]]},"properties":{"name":""}},{"type":"Feature","geometry":{"type":"Polygon","coordinates":[[[17.103906,48.129305],[17.104185,48.129298],[17.104178,48.12932],[17.104163,48.129342],[17.104127,48.129365],[17.104093,48.129376],[17.10405,48.129379],[17.103994,48.129366],[17.103954,48.129352],[17.103928,48.129333],[17.103906,48.129305]]]},"properties":{"name":""}},{"type":"Feature","geometry":{"type":"Polygon","coordinates":[[[17.103819,48.128453],[17.103816,48.128493],[17.104776,48.128467],[17.104781,48.128356],[17.104696,48.128354],[17.104702,48.128195],[17.104706,48.128087],[17.104747,48.128088],[17.104743,48.128195],[17.104787,48.128195],[17.104806,48.1277],[17.104369,48.127204],[17.104302,48.127221],[17.104147,48.12723],[17.103714,48.127241],[17.103781,48.128022],[17.103937,48.128022],[17.104006,48.128035],[17.104014,48.128098],[17.104694,48.128085],[17.104695,48.128236],[17.104238,48.128241],[17.104248,48.12839],[17.104206,48.12845],[17.103819,48.128453]]]},"properties":{"name":""}},{"type":"Feature","geometry":{"type":"Polygon","coordinates":[[[17.103583,48.129389],[17.103586,48.129365],[17.103598,48.129354],[17.10362,48.129349],[17.103656,48.12935],[17.103616,48.129375],[17.103583,48.129389]]]},"properties":{"name":""}},{"type":"Feature","geometry":{"type":"Polygon","coordinates":[[[17.104394,48.1293],[17.104589,48.129295],[17.104558,48.129317],[17.104524,48.129342],[17.104502,48.129371],[17.104439,48.1294],[17.104394,48.1293]]]},"properties":{"name":""}},{"type":"Feature","geometry":{"type":"Polygon","coordinates":[[[17.103419,48.129309],[17.103509,48.129251],[17.103528,48.129262],[17.10353,48.129295],[17.103493,48.12932],[17.103436,48.129324],[17.103419,48.129309]]]},"properties":{"name":""}},{"type":"Feature","geometry":{"type":"Polygon","coordinates":[[[17.104287,48.129298],[17.104345,48.129295],[17.104353,48.129301],[17.104368,48.129334],[17.104335,48.129333],[17.104307,48.129319],[17.104293,48.129306],[17.104287,48.129298]]]},"properties":{"name":""}},{"type":"Feature","geometry":{"type":"Polygon","coordinates":[[[17.103727,48.129222],[17.103591,48.129223],[17.103572,48.129235],[17.103579,48.129295],[17.103624,48.129318],[17.103661,48.129316],[17.103744,48.129238],[17.103727,48.129222]]]},"properties":{"name":""}},{"type":"Feature","geometry":{"type":"Polygon","coordinates":[[[17.104011,48.128637],[17.10406,48.128585],[17.104184,48.128532],[17.104167,48.128523],[17.103948,48.128532],[17.103938,48.128537],[17.103925,48.128554],[17.103934,48.128639],[17.103959,48.128638],[17.104011,48.128637]]]},"properties":{"name":""}},{"type":"Feature","geometry":{"type":"Polygon","coordinates":[[[17.104276,48.128532],[17.104333,48.128543],[17.104397,48.128574],[17.104435,48.128604],[17.104618,48.128598],[17.10462,48.128651],[17.104765,48.128651],[17.104774,48.128503],[17.104287,48.128519],[17.104276,48.128532]]]},"properties":{"name":""}},{"type":"Feature","geometry":{"type":"Polygon","coordinates":[[[17.117254,48.131009],[17.117696,48.130994],[17.117705,48.130981],[17.117621,48.130921],[17.117586,48.130877],[17.117565,48.130844],[17.117547,48.130808],[17.117536,48.130769],[17.117533,48.13073],[17.117535,48.130679],[17.117551,48.130613],[17.11753,48.130609],[17.117486,48.130697],[17.11745,48.130765],[17.117411,48.130818],[17.117358,48.130881],[17.117306,48.130935],[17.117293,48.130955],[17.117257,48.130995],[17.117254,48.131009]]]},"properties":{"name":""}},{"type":"Feature","geometry":{"type":"Polygon","coordinates":[[[17.117857,48.130032],[17.117861,48.130037],[17.117874,48.130063],[17.11765,48.13046],[17.117632,48.130471],[17.117623,48.130471],[17.117609,48.130457],[17.117611,48.130437],[17.117841,48.130034],[17.117849,48.130031],[17.117857,48.130032]]]},"properties":{"name":""}},{"type":"Feature","geometry":{"type":"Polygon","coordinates":[[[17.10798,48.125386],[17.108257,48.125376],[17.108247,48.125253],[17.10797,48.125263],[17.10798,48.125386]]]},"properties":{"name":""}},{"type":"Feature","geometry":{"type":"Polygon","coordinates":[[[17.107976,48.125493],[17.108168,48.125487],[17.108162,48.125409],[17.10797,48.125415],[17.107976,48.125493]]]},"properties":{"name":""}},{"type":"Feature","geometry":{"type":"Polygon","coordinates":[[[17.105926,48.131415],[17.10633,48.131363],[17.10694,48.131351],[17.107037,48.131294],[17.107038,48.131263],[17.106724,48.131102],[17.106631,48.131003],[17.105658,48.129966],[17.105438,48.129729],[17.105392,48.129721],[17.105306,48.129322],[17.105217,48.129281],[17.105161,48.129287],[17.105156,48.129316],[17.105175,48.129373],[17.105139,48.129398],[17.105118,48.129403],[17.105051,48.129422],[17.104958,48.129449],[17.104859,48.129443],[17.104766,48.129442],[17.104749,48.129442],[17.104723,48.129443],[17.104701,48.129306],[17.104573,48.129342],[17.104518,48.129464],[17.104451,48.12948],[17.104334,48.129793],[17.104086,48.130119],[17.103651,48.130535],[17.103345,48.130857],[17.102962,48.131199],[17.102429,48.131558],[17.103253,48.131515],[17.103536,48.1315],[17.104631,48.131462],[17.10507,48.131447],[17.105926,48.131415]]]},"properties":{"name":""}},{"type":"Feature","geometry":{"type":"Polygon","coordinates":[[[17.105088,48.125116],[17.105203,48.125336],[17.105208,48.125437],[17.105261,48.125727],[17.10527,48.125786],[17.105368,48.125813],[17.105516,48.12581],[17.105734,48.125762],[17.105726,48.126007],[17.105659,48.126168],[17.105482,48.126345],[17.105348,48.126445],[17.105081,48.126514],[17.104806,48.126535],[17.104593,48.126495],[17.104381,48.126424],[17.104148,48.126263],[17.104002,48.12614],[17.103671,48.12577],[17.103585,48.125653],[17.10341,48.125424],[17.103358,48.12515],[17.103401,48.124867],[17.103424,48.12469],[17.103365,48.124415],[17.104108,48.12522],[17.104401,48.125419],[17.104515,48.125235],[17.104144,48.124826],[17.10438,48.124896],[17.104732,48.124937],[17.104787,48.12499],[17.105073,48.12494],[17.105088,48.125116]]]},"properties":{"name":""}},{"type":"Feature","geometry":{"type":"Polygon","coordinates":[[[17.108091,48.122748],[17.108248,48.122975],[17.108415,48.123108],[17.108636,48.123198],[17.108792,48.123175],[17.10911,48.123182],[17.109874,48.123319],[17.110074,48.123405],[17.110176,48.123525],[17.11019,48.123635],[17.110812,48.123616],[17.110977,48.123607],[17.111007,48.123333],[17.110789,48.123308],[17.11057,48.123278],[17.110403,48.123252],[17.110251,48.123215],[17.110008,48.123145],[17.109916,48.123117],[17.109548,48.122972],[17.109223,48.12282],[17.10893,48.122651],[17.108794,48.122553],[17.108603,48.122398],[17.10853,48.122506],[17.108091,48.122748]]]},"properties":{"name":""}},{"type":"Feature","geometry":{"type":"Polygon","coordinates":[[[17.117801,48.129455],[17.117814,48.129261],[17.117721,48.129264],[17.117706,48.129212],[17.117823,48.12917],[17.117732,48.129096],[17.117659,48.128999],[17.117618,48.128866],[17.117574,48.128157],[17.117529,48.128118],[17.117437,48.128111],[17.117433,48.128076],[17.117568,48.128072],[17.117569,48.128037],[17.117025,48.128062],[17.116982,48.128323],[17.116847,48.129429],[17.116841,48.129652],[17.116848,48.129839],[17.116848,48.129878],[17.117767,48.129844],[17.117801,48.129455]]]},"properties":{"name":""}},{"type":"Feature","geometry":{"type":"Polygon","coordinates":[[[17.117034,48.126928],[17.116989,48.126762],[17.116916,48.12667],[17.11668,48.126668],[17.116742,48.127061],[17.11653,48.127066],[17.116396,48.126695],[17.116321,48.126524],[17.116513,48.126472],[17.116449,48.126347],[17.11649,48.12633],[17.116438,48.126234],[17.116271,48.126275],[17.116187,48.126284],[17.116011,48.125999],[17.115832,48.125769],[17.115506,48.125419],[17.115206,48.125088],[17.114657,48.124514],[17.114374,48.124233],[17.114279,48.124083],[17.114556,48.123952],[17.114179,48.123534],[17.114407,48.123314],[17.114402,48.123254],[17.114417,48.123252],[17.114573,48.123258],[17.114769,48.123299],[17.11495,48.123355],[17.115024,48.123387],[17.115079,48.123414],[17.115182,48.123484],[17.115303,48.123583],[17.115409,48.123692],[17.116468,48.124807],[17.116588,48.124919],[17.117542,48.125899],[17.11792,48.126297],[17.118393,48.126785],[17.118782,48.127174],[17.118836,48.127217],[17.118862,48.127234],[17.118884,48.127245],[17.118909,48.127254],[17.118936,48.127259],[17.118963,48.127259],[17.118992,48.127257],[17.119068,48.127255],[17.119106,48.127576],[17.119134,48.127643],[17.118709,48.127747],[17.118509,48.127763],[17.117806,48.127786],[17.117348,48.127768],[17.117114,48.127776],[17.117065,48.127334],[17.117034,48.126928]]]},"properties":{"name":""}},{"type":"Feature","geometry":{"type":"Polygon","coordinates":[[[17.107931,48.123746],[17.10807,48.123707],[17.108089,48.123706],[17.108092,48.123747],[17.109989,48.123684],[17.109987,48.123644],[17.11001,48.123642],[17.11006,48.123694],[17.108175,48.123759],[17.107931,48.123746]]]},"properties":{"name":""}},{"type":"Feature","geometry":{"type":"Polygon","coordinates":[[[17.121546,48.12737],[17.121669,48.127367],[17.121679,48.127363],[17.121683,48.127354],[17.121679,48.127273],[17.121665,48.127271],[17.121576,48.127274],[17.121556,48.12728],[17.121542,48.12729],[17.121539,48.1273],[17.121543,48.127363],[17.121546,48.12737]]]},"properties":{"name":""}},{"type":"Feature","geometry":{"type":"Polygon","coordinates":[[[17.121565,48.127498],[17.121572,48.127505],[17.121579,48.127507],[17.121703,48.127502],[17.121709,48.127496],[17.121707,48.12748],[17.121691,48.127454],[17.121689,48.127428],[17.121682,48.127416],[17.121571,48.12742],[17.121564,48.127422],[17.12156,48.127429],[17.121565,48.127498]]]},"properties":{"name":""}},{"type":"Feature","geometry":{"type":"Polygon","coordinates":[[[17.113043,48.129322],[17.113071,48.129322],[17.113072,48.129339],[17.11309,48.129354],[17.113122,48.12936],[17.113153,48.12935],[17.113161,48.129325],[17.113159,48.129298],[17.113138,48.129267],[17.113104,48.129248],[17.113049,48.129242],[17.112994,48.129257],[17.112961,48.129276],[17.112949,48.1293],[17.112949,48.129329],[17.112954,48.12939],[17.112971,48.1294],[17.113021,48.1294],[17.113022,48.129354],[17.113036,48.129339],[17.113043,48.129322]]]},"properties":{"name":""}},{"type":"Feature","geometry":{"type":"Polygon","coordinates":[[[17.112953,48.129526],[17.112938,48.129528],[17.112924,48.129533],[17.112913,48.12954],[17.112906,48.12955],[17.112904,48.12956],[17.112908,48.129572],[17.112917,48.129581],[17.112931,48.129588],[17.112947,48.129592],[17.112964,48.129592],[17.11298,48.129587],[17.112993,48.12958],[17.113001,48.12957],[17.113004,48.129559],[17.113001,48.129548],[17.112994,48.129539],[17.112983,48.129532],[17.112969,48.129527],[17.112953,48.129526]]]},"properties":{"name":""}},{"type":"Feature","geometry":{"type":"Polygon","coordinates":[[[17.111325,48.128922],[17.111316,48.128766],[17.111714,48.128752],[17.111717,48.128909],[17.111325,48.128922]]]},"properties":{"name":""}},{"type":"Feature","geometry":{"type":"Polygon","coordinates":[[[17.112123,48.128909],[17.112614,48.128889],[17.1126,48.12872],[17.112107,48.12874],[17.112123,48.128909]]]},"properties":{"name":""}},{"type":"Feature","geometry":{"type":"Polygon","coordinates":[[[17.112475,48.127207],[17.112458,48.126985],[17.112663,48.126976],[17.112676,48.127204],[17.112475,48.127207]]]},"properties":{"name":""}},{"type":"Feature","geometry":{"type":"Polygon","coordinates":[[[17.115055,48.12954],[17.115046,48.129394],[17.115071,48.129393],[17.11525,48.129385],[17.115254,48.129446],[17.115297,48.129444],[17.115292,48.129385],[17.11551,48.129381],[17.115563,48.12938],[17.11559,48.129378],[17.115698,48.129376],[17.115701,48.129435],[17.115868,48.129431],[17.115869,48.129464],[17.11599,48.129461],[17.115988,48.129428],[17.115985,48.129369],[17.115978,48.129043],[17.116017,48.129043],[17.116076,48.129065],[17.116119,48.129099],[17.116142,48.129175],[17.116177,48.129563],[17.116205,48.129847],[17.116206,48.129866],[17.116194,48.129888],[17.116179,48.129902],[17.11616,48.129917],[17.115805,48.12993],[17.115633,48.129917],[17.115841,48.12991],[17.116062,48.129902],[17.116037,48.129579],[17.116033,48.129517],[17.115256,48.129536],[17.115084,48.12954],[17.115055,48.12954]]]},"properties":{"name":""}},{"type":"Feature","geometry":{"type":"Polygon","coordinates":[[[17.116307,48.129872],[17.116312,48.129898],[17.116321,48.129911],[17.116343,48.129918],[17.116375,48.129923],[17.116474,48.129918],[17.116473,48.129852],[17.116497,48.129851],[17.116494,48.129591],[17.116464,48.128848],[17.11641,48.12864],[17.116372,48.128493],[17.11636,48.128265],[17.116348,48.128153],[17.11634,48.128134],[17.116326,48.128121],[17.116307,48.128086],[17.116255,48.128064],[17.116191,48.128051],[17.11554,48.128044],[17.1143,48.128085],[17.11425,48.128088],[17.114204,48.128094],[17.11416,48.128106],[17.114128,48.128122],[17.114102,48.128146],[17.114093,48.128166],[17.114093,48.128187],[17.114102,48.128343],[17.114396,48.12833],[17.114855,48.128313],[17.114878,48.128561],[17.115028,48.128556],[17.115089,48.128554],[17.115953,48.128523],[17.115983,48.128923],[17.116041,48.128948],[17.116107,48.128962],[17.11637,48.128954],[17.116375,48.129021],[17.116329,48.129033],[17.116292,48.129052],[17.116266,48.12908],[17.116247,48.129122],[17.116254,48.129174],[17.116307,48.129872]]]},"properties":{"name":"Muchovo n\u00e1mestie"}},{"type":"Feature","geometry":{"type":"Polygon","coordinates":[[[17.103969,48.124262],[17.104,48.12423],[17.104074,48.124227],[17.104698,48.124177],[17.105463,48.124179],[17.105828,48.12418],[17.105868,48.124198],[17.105917,48.124245],[17.105862,48.124341],[17.105728,48.124575],[17.105612,48.124681],[17.105233,48.124728],[17.104796,48.124746],[17.104358,48.124682],[17.103969,48.124262]]]},"properties":{"name":"Ps\u00ed park Petr\u017ealka"}},{"type":"Feature","geometry":{"type":"Polygon","coordinates":[[[17.112398,48.125365],[17.112378,48.12488],[17.112794,48.124872],[17.112814,48.125357],[17.112398,48.125365]]]},"properties":{"name":""}},{"type":"Feature","geometry":{"type":"Polygon","coordinates":[[[17.107017,48.126966],[17.107971,48.126933],[17.107966,48.126857],[17.107936,48.126418],[17.107931,48.126418],[17.10793,48.126416],[17.107911,48.126416],[17.1079,48.126279],[17.107838,48.126281],[17.106968,48.126312],[17.107017,48.126966]]]},"properties":{"name":""}},{"type":"Feature","geometry":{"type":"Polygon","coordinates":[[[17.106923,48.125726],[17.107338,48.125712],[17.107794,48.125697],[17.107802,48.12581],[17.107829,48.12591],[17.107831,48.126059],[17.109721,48.126008],[17.109719,48.125986],[17.109809,48.125984],[17.109856,48.125983],[17.110322,48.12597],[17.110304,48.1255],[17.10859,48.125533],[17.108577,48.125384],[17.109161,48.125363],[17.109159,48.125289],[17.109151,48.125175],[17.110022,48.125145],[17.109971,48.124492],[17.108219,48.12455],[17.10825,48.124916],[17.108259,48.125023],[17.107824,48.125039],[17.107744,48.125041],[17.107286,48.125056],[17.106873,48.125073],[17.106894,48.125333],[17.106903,48.125462],[17.106923,48.125726]]]},"properties":{"name":""}},{"type":"Feature","geometry":{"type":"Polygon","coordinates":[[[17.105964,48.124931],[17.106041,48.124914],[17.106065,48.124893],[17.106095,48.124874],[17.106128,48.124857],[17.106088,48.12482],[17.106135,48.124803],[17.106165,48.124795],[17.106177,48.124791],[17.10617,48.124776],[17.106232,48.124766],[17.106229,48.124752],[17.106217,48.124605],[17.10642,48.124598],[17.106409,48.124456],[17.106614,48.12445],[17.106601,48.124304],[17.10715,48.124283],[17.107148,48.124256],[17.107141,48.124139],[17.107792,48.12412],[17.1078,48.124237],[17.107802,48.124285],[17.109765,48.124221],[17.109762,48.124175],[17.109992,48.124168],[17.10999,48.124131],[17.109978,48.123976],[17.109813,48.123982],[17.109812,48.123962],[17.109637,48.123968],[17.109634,48.123933],[17.109562,48.123935],[17.109557,48.123876],[17.108326,48.123913],[17.107904,48.123949],[17.107356,48.124003],[17.106975,48.124002],[17.106682,48.124027],[17.106558,48.124057],[17.106437,48.124107],[17.106328,48.124184],[17.106254,48.124265],[17.106039,48.12467],[17.105994,48.124795],[17.105962,48.124858],[17.105964,48.124931]]]},"properties":{"name":""}},{"type":"Feature","geometry":{"type":"Polygon","coordinates":[[[17.106873,48.124719],[17.107713,48.124687],[17.107735,48.124358],[17.107626,48.124391],[17.107397,48.124487],[17.106873,48.124719]]]},"properties":{"name":""}},{"type":"Feature","geometry":{"type":"Polygon","coordinates":[[[17.107921,48.124811],[17.108167,48.124806],[17.108154,48.124416],[17.107786,48.12442],[17.107787,48.124544],[17.107901,48.12454],[17.107921,48.124811]]]},"properties":{"name":""}},{"type":"Feature","geometry":{"type":"Polygon","coordinates":[[[17.106465,48.128353],[17.106603,48.128258],[17.10658,48.127935],[17.106556,48.127601],[17.10633,48.127611],[17.106315,48.127447],[17.105939,48.127467],[17.105918,48.127468],[17.105905,48.127332],[17.105794,48.127334],[17.105793,48.127279],[17.10579,48.127191],[17.105726,48.127165],[17.10572,48.127122],[17.105677,48.126563],[17.106109,48.126545],[17.106137,48.126537],[17.106113,48.126235],[17.106203,48.126233],[17.106192,48.126103],[17.106164,48.126089],[17.106127,48.126095],[17.105968,48.126164],[17.105949,48.126141],[17.10592,48.126137],[17.105756,48.126331],[17.105594,48.126456],[17.105411,48.126555],[17.105203,48.126607],[17.105239,48.126824],[17.105304,48.126835],[17.105316,48.126981],[17.105255,48.12702],[17.105277,48.127391],[17.105391,48.127486],[17.106334,48.128248],[17.106366,48.128273],[17.106395,48.128297],[17.106426,48.128321],[17.106453,48.128343],[17.106465,48.128353]]]},"properties":{"name":"Mestsk\u00fd ovocn\u00fd sad Petr\u017ealka - Dvory"}},{"type":"Feature","geometry":{"type":"Polygon","coordinates":[[[17.105947,48.122534],[17.106547,48.122515],[17.106606,48.122477],[17.106636,48.122352],[17.106515,48.122355],[17.106495,48.122355],[17.106014,48.122372],[17.106009,48.122318],[17.10593,48.122321],[17.105947,48.122534]]]},"properties":{"name":""}},{"type":"Feature","geometry":{"type":"Polygon","coordinates":[[[17.10619,48.121546],[17.106437,48.121536],[17.106433,48.121496],[17.10658,48.12149],[17.106555,48.121127],[17.10654,48.121014],[17.106461,48.120919],[17.106381,48.120877],[17.106268,48.120859],[17.106187,48.120869],[17.105414,48.121201],[17.105378,48.121237],[17.105382,48.121346],[17.105449,48.121342],[17.105447,48.121396],[17.105621,48.12139],[17.105803,48.121465],[17.105915,48.121555],[17.10619,48.121546]]]},"properties":{"name":""}},{"type":"Feature","geometry":{"type":"Polygon","coordinates":[[[17.112461,48.129713],[17.113435,48.129679],[17.113382,48.128993],[17.113485,48.12899],[17.113552,48.128988],[17.113568,48.129202],[17.113665,48.129198],[17.11367,48.129195],[17.11362,48.128845],[17.113535,48.128849],[17.11347,48.128853],[17.112707,48.128886],[17.112696,48.128886],[17.11268,48.128887],[17.112669,48.128887],[17.112661,48.128887],[17.112662,48.128898],[17.112703,48.129403],[17.112437,48.129413],[17.11244,48.129449],[17.112461,48.129713]]]},"properties":{"name":""}},{"type":"Feature","geometry":{"type":"Polygon","coordinates":[[[17.114656,48.129589],[17.115057,48.129578],[17.115055,48.12954],[17.115046,48.129394],[17.115027,48.129064],[17.114625,48.129075],[17.114656,48.129589]]]},"properties":{"name":""}},{"type":"Feature","geometry":{"type":"Polygon","coordinates":[[[17.110599,48.129775],[17.111574,48.129741],[17.111553,48.129478],[17.11155,48.129447],[17.111255,48.129458],[17.111211,48.128954],[17.110257,48.128988],[17.110291,48.129279],[17.1103,48.129284],[17.110391,48.129281],[17.110376,48.129095],[17.110544,48.129089],[17.110572,48.129427],[17.110583,48.12957],[17.11059,48.129659],[17.110593,48.129699],[17.110599,48.129775]]]},"properties":{"name":""}},{"type":"Feature","geometry":{"type":"Polygon","coordinates":[[[17.106643,48.131221],[17.106626,48.131249],[17.106596,48.131272],[17.106557,48.131287],[17.106509,48.131294],[17.10646,48.131289],[17.106416,48.131273],[17.106383,48.131248],[17.106365,48.131218],[17.106364,48.131185],[17.106379,48.131154],[17.10641,48.131128],[17.106448,48.131111],[17.106492,48.131104],[17.106537,48.131106],[17.106578,48.131117],[17.106613,48.131136],[17.106637,48.131162],[17.106647,48.131191],[17.106643,48.131221]]]},"properties":{"name":""}},{"type":"Feature","geometry":{"type":"Polygon","coordinates":[[[17.10559,48.129713],[17.105766,48.129899],[17.105479,48.129714],[17.106626,48.130941],[17.106654,48.130823],[17.106763,48.13072],[17.106558,48.130464],[17.106221,48.13036],[17.106089,48.130219],[17.106366,48.130209],[17.106378,48.130177],[17.106013,48.129983],[17.105867,48.129908],[17.10584,48.129892],[17.105857,48.129861],[17.10559,48.129713]]]},"properties":{"name":""}},{"type":"Feature","geometry":{"type":"Polygon","coordinates":[[[17.105467,48.129433],[17.105837,48.129033],[17.105764,48.128979],[17.105666,48.129051],[17.105637,48.129073],[17.105626,48.129083],[17.105555,48.129027],[17.105422,48.129221],[17.105375,48.129314],[17.105406,48.129353],[17.105467,48.129433]]]},"properties":{"name":""}},{"type":"Feature","geometry":{"type":"Polygon","coordinates":[[[17.110977,48.123607],[17.111814,48.123553],[17.112328,48.123498],[17.112624,48.123443],[17.112769,48.1233],[17.112627,48.123305],[17.112037,48.123328],[17.111604,48.123347],[17.111413,48.123353],[17.111235,48.123346],[17.111007,48.123333],[17.110977,48.123607]]]},"properties":{"name":""}},{"type":"Feature","geometry":{"type":"Polygon","coordinates":[[[17.111074,48.123827],[17.112539,48.123787],[17.11253,48.123704],[17.112497,48.123662],[17.112235,48.123705],[17.111973,48.123734],[17.111622,48.123732],[17.111064,48.123815],[17.111074,48.123827]]]},"properties":{"name":""}},{"type":"Feature","geometry":{"type":"Polygon","coordinates":[[[17.112811,48.124153],[17.112704,48.124158],[17.112684,48.124142],[17.112662,48.124116],[17.112654,48.124082],[17.112636,48.12396],[17.112627,48.123804],[17.11269,48.123798],[17.112694,48.123756],[17.112718,48.123739],[17.112874,48.123703],[17.113038,48.123658],[17.113214,48.123594],[17.113295,48.123592],[17.113371,48.123614],[17.113735,48.124013],[17.113608,48.124075],[17.113574,48.124095],[17.113433,48.123992],[17.112799,48.124009],[17.112811,48.124153]]]},"properties":{"name":""}},{"type":"Feature","geometry":{"type":"Polygon","coordinates":[[[17.112456,48.123817],[17.112499,48.123853],[17.112504,48.124131],[17.112435,48.124134],[17.112419,48.123897],[17.11188,48.123914],[17.11188,48.123897],[17.111673,48.123905],[17.111672,48.123919],[17.111538,48.123924],[17.111516,48.123909],[17.111417,48.123911],[17.111417,48.123847],[17.112456,48.123817]]]},"properties":{"name":""}},{"type":"Feature","geometry":{"type":"Polygon","coordinates":[[[17.110334,48.128474],[17.111638,48.128431],[17.111638,48.128424],[17.11163,48.128419],[17.111625,48.128411],[17.111628,48.128401],[17.111637,48.128395],[17.11165,48.128392],[17.111708,48.128389],[17.111719,48.128388],[17.111706,48.128215],[17.11033,48.128258],[17.110334,48.128474]]]},"properties":{"name":""}},{"type":"Feature","geometry":{"type":"Polygon","coordinates":[[[17.11351,48.128359],[17.113491,48.128132],[17.11222,48.128178],[17.112181,48.1282],[17.112098,48.128203],[17.112111,48.128372],[17.112116,48.128372],[17.112183,48.12837],[17.112195,48.128375],[17.1122,48.128381],[17.112201,48.12839],[17.112198,48.128396],[17.11351,48.128359]]]},"properties":{"name":""}},{"type":"Feature","geometry":{"type":"Polygon","coordinates":[[[17.113552,48.12835],[17.113853,48.128338],[17.113844,48.128223],[17.113832,48.128204],[17.113815,48.128185],[17.113789,48.128168],[17.11376,48.128152],[17.113727,48.128141],[17.113689,48.128133],[17.113651,48.128127],[17.113523,48.128131],[17.113552,48.12835]]]},"properties":{"name":""}},{"type":"Feature","geometry":{"type":"Polygon","coordinates":[[[17.110107,48.128333],[17.110285,48.128329],[17.110282,48.128222],[17.110233,48.128225],[17.110166,48.128237],[17.110117,48.128265],[17.110092,48.128305],[17.110094,48.128327],[17.110107,48.128333]]]},"properties":{"name":""}},{"type":"Feature","geometry":{"type":"Polygon","coordinates":[[[17.109648,48.130875],[17.109693,48.130942],[17.109774,48.130945],[17.10987,48.131068],[17.109962,48.131049],[17.109979,48.131001],[17.109974,48.130945],[17.109961,48.130887],[17.109917,48.13085],[17.109853,48.130834],[17.109648,48.130875]]]},"properties":{"name":""}},{"type":"Feature","geometry":{"type":"Polygon","coordinates":[[[17.115173,48.119698],[17.115262,48.11958],[17.11527,48.119569],[17.115448,48.119338],[17.115526,48.119236],[17.115534,48.119238],[17.115555,48.119211],[17.115696,48.119259],[17.115786,48.119292],[17.115945,48.119097],[17.115939,48.119066],[17.115539,48.118926],[17.115375,48.118907],[17.115043,48.118868],[17.114648,48.11888],[17.114702,48.11891],[17.114755,48.11892],[17.114972,48.118919],[17.115081,48.118894],[17.115292,48.118977],[17.115073,48.119077],[17.114998,48.119172],[17.114925,48.11925],[17.11493,48.119326],[17.114934,48.119378],[17.114512,48.119394],[17.114538,48.11951],[17.114568,48.119698],[17.113582,48.119745],[17.113595,48.11981],[17.11381,48.119803],[17.113959,48.119797],[17.114197,48.11979],[17.114327,48.119785],[17.114602,48.119775],[17.114693,48.119773],[17.115018,48.11976],[17.115059,48.119766],[17.11507,48.119872],[17.115073,48.119899],[17.115194,48.119879],[17.115293,48.119836],[17.115371,48.119797],[17.115396,48.119775],[17.115326,48.119751],[17.115173,48.119698]]]},"properties":{"name":""}},{"type":"Feature","geometry":{"type":"Polygon","coordinates":[[[17.111315,48.127243],[17.111122,48.127249],[17.111074,48.126662],[17.110722,48.126669],[17.110386,48.126683],[17.110366,48.126684],[17.110367,48.126715],[17.110409,48.127267],[17.11041,48.127293],[17.110412,48.127321],[17.110424,48.127467],[17.110451,48.127812],[17.110459,48.127902],[17.110676,48.127895],[17.111062,48.127883],[17.11143,48.127871],[17.111421,48.127752],[17.111396,48.127405],[17.111387,48.127287],[17.111556,48.127282],[17.111555,48.127277],[17.111565,48.127277],[17.111565,48.127287],[17.111667,48.127284],[17.111665,48.127264],[17.111628,48.127227],[17.111315,48.127243]]]},"properties":{"name":""}},{"type":"Feature","geometry":{"type":"Polygon","coordinates":[[[17.112265,48.127259],[17.112312,48.127842],[17.113289,48.127808],[17.113244,48.127193],[17.113242,48.12717],[17.113204,48.126646],[17.113149,48.126619],[17.113132,48.12662],[17.112797,48.126632],[17.112451,48.126643],[17.112438,48.126651],[17.112459,48.126966],[17.112671,48.126959],[17.112663,48.126976],[17.112676,48.127204],[17.112669,48.127254],[17.112265,48.127259]]]},"properties":{"name":""}},{"type":"Feature","geometry":{"type":"Polygon","coordinates":[[[17.112324,48.127224],[17.112437,48.127223],[17.112453,48.12721],[17.11244,48.126994],[17.11231,48.126998],[17.112324,48.127224]]]},"properties":{"name":""}},{"type":"Feature","geometry":{"type":"Polygon","coordinates":[[[17.113505,48.128056],[17.113552,48.12805],[17.113598,48.128044],[17.113664,48.128024],[17.113719,48.127999],[17.11376,48.127979],[17.1138,48.127956],[17.113832,48.127921],[17.113842,48.127898],[17.113612,48.127907],[17.113506,48.127997],[17.113505,48.128056]]]},"properties":{"name":""}},{"type":"Feature","geometry":{"type":"Polygon","coordinates":[[[17.115716,48.127385],[17.116042,48.127373],[17.116285,48.127364],[17.116276,48.127088],[17.116263,48.126927],[17.116253,48.12689],[17.116242,48.126865],[17.116226,48.126835],[17.116202,48.126816],[17.116178,48.126808],[17.116151,48.126802],[17.116121,48.126799],[17.116091,48.126803],[17.115825,48.126852],[17.115759,48.126869],[17.115711,48.126892],[17.1157,48.126905],[17.115689,48.126921],[17.115682,48.126936],[17.11568,48.12696],[17.115694,48.12714],[17.115995,48.127132],[17.116007,48.127273],[17.115701,48.127282],[17.115716,48.127385]]]},"properties":{"name":""}},{"type":"Feature","geometry":{"type":"Polygon","coordinates":[[[17.102999,48.129886],[17.10305,48.129872],[17.103666,48.129578],[17.103729,48.129554],[17.103659,48.129477],[17.103618,48.129487],[17.103539,48.129513],[17.103354,48.129515],[17.103262,48.129544],[17.102726,48.129558],[17.10266,48.129559],[17.102999,48.129886]]]},"properties":{"name":""}},{"type":"Feature","geometry":{"type":"Polygon","coordinates":[[[17.112654,48.126099],[17.112914,48.126089],[17.112907,48.126007],[17.112646,48.126017],[17.112654,48.126099]]]},"properties":{"name":""}},{"type":"Feature","geometry":{"type":"Polygon","coordinates":[[[17.105796,48.129724],[17.105902,48.129767],[17.105884,48.129699],[17.105844,48.129679],[17.105796,48.129724]]]},"properties":{"name":""}},{"type":"Feature","geometry":{"type":"Polygon","coordinates":[[[17.105894,48.129682],[17.105961,48.129716],[17.106019,48.129627],[17.105952,48.129591],[17.105894,48.129682]]]},"properties":{"name":""}},{"type":"Feature","geometry":{"type":"Polygon","coordinates":[[[17.107333,48.130867],[17.107405,48.130866],[17.107411,48.130809],[17.107338,48.130809],[17.107333,48.130867]]]},"properties":{"name":""}},{"type":"Feature","geometry":{"type":"Polygon","coordinates":[[[17.107341,48.130798],[17.107412,48.130795],[17.10742,48.130712],[17.107347,48.130742],[17.107341,48.130798]]]},"properties":{"name":""}},{"type":"Feature","geometry":{"type":"Polygon","coordinates":[[[17.107359,48.130622],[17.107427,48.130646],[17.107423,48.130699],[17.107349,48.130728],[17.107359,48.130622]]]},"properties":{"name":""}},{"type":"Feature","geometry":{"type":"Polygon","coordinates":[[[17.10792,48.130804],[17.107903,48.130856],[17.107466,48.130865],[17.107481,48.13072],[17.107802,48.130801],[17.107812,48.13077],[17.10792,48.130804]]]},"properties":{"name":""}},{"type":"Feature","geometry":{"type":"Polygon","coordinates":[[[17.108093,48.131084],[17.108203,48.131082],[17.108196,48.130965],[17.108088,48.130938],[17.108093,48.131084]]]},"properties":{"name":""}},{"type":"Feature","geometry":{"type":"Polygon","coordinates":[[[17.108231,48.131078],[17.108316,48.131076],[17.108343,48.130997],[17.108221,48.130969],[17.108231,48.131078]]]},"properties":{"name":""}},{"type":"Feature","geometry":{"type":"Polygon","coordinates":[[[17.108343,48.131075],[17.10848,48.131073],[17.108484,48.131031],[17.108366,48.131001],[17.108343,48.131075]]]},"properties":{"name":""}},{"type":"Feature","geometry":{"type":"Polygon","coordinates":[[[17.10809,48.130922],[17.108196,48.130946],[17.108195,48.130893],[17.108089,48.130858],[17.10809,48.130922]]]},"properties":{"name":""}},{"type":"Feature","geometry":{"type":"Polygon","coordinates":[[[17.108086,48.130817],[17.108197,48.130852],[17.108122,48.130711],[17.108079,48.130708],[17.108086,48.130817]]]},"properties":{"name":""}},{"type":"Feature","geometry":{"type":"Polygon","coordinates":[[[17.107968,48.130778],[17.108043,48.130802],[17.10804,48.130705],[17.107991,48.130699],[17.107968,48.130778]]]},"properties":{"name":""}},{"type":"Feature","geometry":{"type":"Polygon","coordinates":[[[17.108074,48.130608],[17.108178,48.130616],[17.108197,48.130699],[17.108077,48.130689],[17.108074,48.130608]]]},"properties":{"name":""}},{"type":"Feature","geometry":{"type":"Polygon","coordinates":[[[17.10784,48.130687],[17.107952,48.130696],[17.107931,48.130765],[17.107824,48.130732],[17.10784,48.130687]]]},"properties":{"name":""}},{"type":"Feature","geometry":{"type":"Polygon","coordinates":[[[17.107973,48.130624],[17.107957,48.13068],[17.107855,48.130671],[17.107973,48.130624]]]},"properties":{"name":""}},{"type":"Feature","geometry":{"type":"Polygon","coordinates":[[[17.108583,48.130413],[17.108145,48.130414],[17.108155,48.130454],[17.107918,48.130434],[17.107996,48.130215],[17.107568,48.130174],[17.107574,48.130252],[17.107359,48.130214],[17.107481,48.129998],[17.10707,48.129921],[17.107064,48.129956],[17.106895,48.129909],[17.107007,48.12977],[17.106615,48.129655],[17.106592,48.129716],[17.106423,48.129649],[17.106559,48.129521],[17.1062,48.12937],[17.106143,48.12946],[17.105972,48.129369],[17.106142,48.129253],[17.105826,48.129076],[17.105854,48.129045],[17.106066,48.129199],[17.106296,48.129354],[17.106704,48.129606],[17.106915,48.129717],[17.107142,48.129834],[17.107409,48.129962],[17.107569,48.130034],[17.10804,48.130225],[17.108296,48.130319],[17.108583,48.130413]]]},"properties":{"name":""}},{"type":"Feature","geometry":{"type":"Polygon","coordinates":[[[17.108387,48.130935],[17.108494,48.130972],[17.108506,48.130897],[17.108488,48.130898],[17.108399,48.130898],[17.108387,48.130935]]]},"properties":{"name":""}},{"type":"Feature","geometry":{"type":"Polygon","coordinates":[[[17.108363,48.120568],[17.108393,48.121143],[17.108501,48.121604],[17.108629,48.121837],[17.108963,48.122229],[17.109213,48.122417],[17.109533,48.122616],[17.11008,48.122842],[17.110415,48.122934],[17.11052,48.122954],[17.110593,48.122968],[17.111129,48.123029],[17.112188,48.123023],[17.112383,48.123149],[17.1118,48.123173],[17.111562,48.123182],[17.111123,48.123175],[17.110813,48.12315],[17.110549,48.123109],[17.110361,48.12307],[17.110081,48.122994],[17.109911,48.122937],[17.109758,48.122875],[17.109416,48.122711],[17.10924,48.122622],[17.109098,48.122535],[17.108959,48.122427],[17.108799,48.122281],[17.108711,48.122183],[17.108603,48.122059],[17.108462,48.121875],[17.108365,48.121732],[17.108291,48.121568],[17.108235,48.121404],[17.108205,48.121239],[17.108168,48.120967],[17.108147,48.120731],[17.108363,48.120568]]]},"properties":{"name":""}},{"type":"Feature","geometry":{"type":"Polygon","coordinates":[[[17.105824,48.129668],[17.105771,48.129715],[17.10569,48.12966],[17.105752,48.129627],[17.105824,48.129668]]]},"properties":{"name":""}},{"type":"Feature","geometry":{"type":"Polygon","coordinates":[[[17.105729,48.129616],[17.105671,48.129647],[17.10562,48.129612],[17.105665,48.129581],[17.105729,48.129616]]]},"properties":{"name":""}},{"type":"Feature","geometry":{"type":"Polygon","coordinates":[[[17.105689,48.129573],[17.10575,48.129605],[17.105809,48.129576],[17.105689,48.129573]]]},"properties":{"name":""}},{"type":"Feature","geometry":{"type":"Polygon","coordinates":[[[17.105704,48.129555],[17.105786,48.129502],[17.105864,48.129547],[17.105843,48.129558],[17.105704,48.129555]]]},"properties":{"name":""}},{"type":"Feature","geometry":{"type":"Polygon","coordinates":[[[17.106111,48.129929],[17.106186,48.129973],[17.106242,48.129926],[17.106159,48.129891],[17.106111,48.129929]]]},"properties":{"name":""}},{"type":"Feature","geometry":{"type":"Polygon","coordinates":[[[17.106208,48.129986],[17.106297,48.130037],[17.106326,48.129958],[17.106265,48.129931],[17.106208,48.129986]]]},"properties":{"name":""}},{"type":"Feature","geometry":{"type":"Polygon","coordinates":[[[17.106319,48.130051],[17.10643,48.13008],[17.106394,48.129983],[17.106351,48.129968],[17.106319,48.130051]]]},"properties":{"name":""}},{"type":"Feature","geometry":{"type":"Polygon","coordinates":[[[17.106642,48.130224],[17.106715,48.130261],[17.106769,48.130197],[17.106685,48.130173],[17.106642,48.130224]]]},"properties":{"name":""}},{"type":"Feature","geometry":{"type":"Polygon","coordinates":[[[17.106737,48.130272],[17.106851,48.130328],[17.106873,48.130228],[17.106792,48.130205],[17.106737,48.130272]]]},"properties":{"name":""}},{"type":"Feature","geometry":{"type":"Polygon","coordinates":[[[17.105764,48.128979],[17.105709,48.12894],[17.1057,48.128933],[17.105686,48.12893],[17.10567,48.128928],[17.105653,48.12893],[17.105639,48.128932],[17.105626,48.128938],[17.105614,48.128945],[17.105608,48.128954],[17.105603,48.128962],[17.105603,48.128971],[17.105606,48.128981],[17.105613,48.128989],[17.105677,48.129036],[17.105764,48.128979]]]},"properties":{"name":""}},{"type":"Feature","geometry":{"type":"Polygon","coordinates":[[[17.10619,48.129884],[17.10626,48.12991],[17.106308,48.129872],[17.10619,48.129884]]]},"properties":{"name":""}},{"type":"Feature","geometry":{"type":"Polygon","coordinates":[[[17.106186,48.129866],[17.106261,48.129801],[17.106347,48.129834],[17.106328,48.129852],[17.106186,48.129866]]]},"properties":{"name":""}},{"type":"Feature","geometry":{"type":"Polygon","coordinates":[[[17.10852,48.130849],[17.108583,48.130413],[17.108646,48.130432],[17.108573,48.130845],[17.10852,48.130849]]]},"properties":{"name":""}},{"type":"Feature","geometry":{"type":"Polygon","coordinates":[[[17.108534,48.131316],[17.109891,48.131273],[17.109902,48.131272],[17.109862,48.131239],[17.109825,48.131212],[17.108615,48.131262],[17.108534,48.131316]]]},"properties":{"name":""}},{"type":"Feature","geometry":{"type":"Polygon","coordinates":[[[17.108764,48.130839],[17.108802,48.130771],[17.109566,48.130763],[17.10956,48.130811],[17.109298,48.130822],[17.10915,48.130857],[17.10879,48.13087],[17.108764,48.130839]]]},"properties":{"name":""}},{"type":"Feature","geometry":{"type":"Polygon","coordinates":[[[17.107136,48.131322],[17.10841,48.131276],[17.10837,48.13129],[17.108332,48.1313],[17.1083,48.131309],[17.108253,48.131321],[17.107818,48.131342],[17.107367,48.131349],[17.107136,48.131322]]]},"properties":{"name":""}},{"type":"Feature","geometry":{"type":"Polygon","coordinates":[[[17.108542,48.131111],[17.108538,48.131121],[17.108529,48.131132],[17.108517,48.131138],[17.108499,48.131144],[17.10848,48.131148],[17.108457,48.131149],[17.108438,48.131149],[17.108418,48.131147],[17.108387,48.131142],[17.108352,48.13114],[17.108273,48.131137],[17.108194,48.131135],[17.108191,48.131119],[17.108542,48.131111]]]},"properties":{"name":""}},{"type":"Feature","geometry":{"type":"Polygon","coordinates":[[[17.108341,48.131242],[17.108339,48.131206],[17.108352,48.131208],[17.108364,48.13121],[17.108375,48.131213],[17.108383,48.131216],[17.108393,48.13122],[17.1084,48.131225],[17.108406,48.131231],[17.10841,48.13124],[17.108341,48.131242]]]},"properties":{"name":""}},{"type":"Feature","geometry":{"type":"Polygon","coordinates":[[[17.106707,48.131024],[17.106692,48.131007],[17.106828,48.130845],[17.106883,48.130789],[17.106968,48.130744],[17.107052,48.130712],[17.107087,48.13069],[17.107108,48.130676],[17.107142,48.130676],[17.107163,48.130681],[17.10717,48.130702],[17.10716,48.130721],[17.107124,48.130734],[17.107007,48.13075],[17.106959,48.130774],[17.106924,48.1308],[17.106843,48.130865],[17.106707,48.131024]]]},"properties":{"name":""}},{"type":"Feature","geometry":{"type":"Polygon","coordinates":[[[17.107307,48.130813],[17.107272,48.13081],[17.107244,48.130804],[17.107219,48.130798],[17.107188,48.130785],[17.107191,48.130778],[17.107238,48.130783],[17.10728,48.130752],[17.1073,48.130718],[17.107281,48.130686],[17.107323,48.130579],[17.107338,48.130581],[17.107307,48.130813]]]},"properties":{"name":""}},{"type":"Feature","geometry":{"type":"Polygon","coordinates":[[[17.106826,48.130679],[17.106859,48.130514],[17.107047,48.130549],[17.107005,48.130595],[17.106934,48.130611],[17.106826,48.130679]]]},"properties":{"name":""}},{"type":"Feature","geometry":{"type":"Polygon","coordinates":[[[17.106892,48.130479],[17.106936,48.130487],[17.107008,48.130447],[17.106907,48.130406],[17.106892,48.130479]]]},"properties":{"name":""}},{"type":"Feature","geometry":{"type":"Polygon","coordinates":[[[17.106969,48.130493],[17.10714,48.130522],[17.107151,48.130505],[17.107035,48.130458],[17.106969,48.130493]]]},"properties":{"name":""}},{"type":"Feature","geometry":{"type":"Polygon","coordinates":[[[17.10722,48.130488],[17.107303,48.130521],[17.10733,48.130479],[17.107235,48.13046],[17.10722,48.130488]]]},"properties":{"name":""}},{"type":"Feature","geometry":{"type":"Polygon","coordinates":[[[17.107326,48.130531],[17.107444,48.130578],[17.107443,48.130496],[17.107356,48.130482],[17.107326,48.130531]]]},"properties":{"name":""}},{"type":"Feature","geometry":{"type":"Polygon","coordinates":[[[17.107471,48.130589],[17.107555,48.130595],[17.107499,48.130507],[17.107471,48.130502],[17.107471,48.130589]]]},"properties":{"name":""}},{"type":"Feature","geometry":{"type":"Polygon","coordinates":[[[17.107853,48.130652],[17.107874,48.130592],[17.107978,48.1306],[17.107853,48.130652]]]},"properties":{"name":""}},{"type":"Feature","geometry":{"type":"Polygon","coordinates":[[[17.10747,48.130484],[17.107557,48.130497],[17.107551,48.13042],[17.10747,48.130406],[17.10747,48.130484]]]},"properties":{"name":""}},{"type":"Feature","geometry":{"type":"Polygon","coordinates":[[[17.107366,48.130468],[17.107442,48.13048],[17.107443,48.130401],[17.107408,48.130394],[17.107366,48.130468]]]},"properties":{"name":""}},{"type":"Feature","geometry":{"type":"Polygon","coordinates":[[[17.10725,48.130445],[17.107342,48.130463],[17.107369,48.130411],[17.10725,48.130445]]]},"properties":{"name":""}},{"type":"Feature","geometry":{"type":"Polygon","coordinates":[[[17.107258,48.130423],[17.107287,48.130375],[17.107377,48.130391],[17.107258,48.130423]]]},"properties":{"name":""}},{"type":"Feature","geometry":{"type":"Polygon","coordinates":[[[17.106698,48.130159],[17.10678,48.130181],[17.106821,48.130138],[17.106698,48.130159]]]},"properties":{"name":""}},{"type":"Feature","geometry":{"type":"Polygon","coordinates":[[[17.106713,48.13014],[17.106766,48.130076],[17.106851,48.130098],[17.106835,48.130113],[17.106713,48.13014]]]},"properties":{"name":""}},{"type":"Feature","geometry":{"type":"Polygon","coordinates":[[[17.106922,48.130219],[17.106992,48.13024],[17.107011,48.130142],[17.106941,48.130122],[17.106922,48.130219]]]},"properties":{"name":""}},{"type":"Feature","geometry":{"type":"Polygon","coordinates":[[[17.105456,48.129689],[17.105557,48.129623],[17.105371,48.129349],[17.10537,48.129429],[17.105415,48.129647],[17.105456,48.129689]]]},"properties":{"name":""}},{"type":"Feature","geometry":{"type":"Polygon","coordinates":[[[17.113652,48.119397],[17.114084,48.11938],[17.114096,48.119515],[17.113664,48.119532],[17.113652,48.119397]]]},"properties":{"name":""}},{"type":"Feature","geometry":{"type":"Polygon","coordinates":[[[17.109992,48.128236],[17.109979,48.128091],[17.109949,48.12809],[17.109911,48.128065],[17.109929,48.128237],[17.109992,48.128236]]]},"properties":{"name":""}},{"type":"Feature","geometry":{"type":"Polygon","coordinates":[[[17.106731,48.127397],[17.109306,48.127307],[17.109816,48.127279],[17.109806,48.127193],[17.109068,48.127213],[17.10692,48.127282],[17.106794,48.127313],[17.106758,48.12734],[17.106731,48.127397]]]},"properties":{"name":""}},{"type":"Feature","geometry":{"type":"Polygon","coordinates":[[[17.111641,48.124375],[17.111847,48.124364],[17.111861,48.124487],[17.111802,48.12449],[17.111641,48.124375]]]},"properties":{"name":""}},{"type":"Feature","geometry":{"type":"Polygon","coordinates":[[[17.11155,48.124418],[17.111679,48.1245],[17.111168,48.124522],[17.111114,48.124492],[17.11111,48.124415],[17.11114,48.124375],[17.111272,48.12437],[17.1113,48.124387],[17.111303,48.124462],[17.111481,48.12446],[17.111508,48.124439],[17.111515,48.124444],[17.11155,48.124418]]]},"properties":{"name":""}},{"type":"Feature","geometry":{"type":"Polygon","coordinates":[[[17.111106,48.124346],[17.111102,48.124305],[17.11117,48.124304],[17.111172,48.124345],[17.111106,48.124346]]]},"properties":{"name":""}},{"type":"Feature","geometry":{"type":"Polygon","coordinates":[[[17.111274,48.124296],[17.111248,48.124282],[17.111204,48.124282],[17.111234,48.12423],[17.111283,48.124227],[17.111331,48.124253],[17.111274,48.124296]]]},"properties":{"name":""}},{"type":"Feature","geometry":{"type":"Polygon","coordinates":[[[17.111096,48.124274],[17.111164,48.124275],[17.111186,48.124235],[17.111169,48.124236],[17.111166,48.124196],[17.111092,48.124185],[17.111096,48.124274]]]},"properties":{"name":""}},{"type":"Feature","geometry":{"type":"Polygon","coordinates":[[[17.111377,48.124221],[17.111311,48.124181],[17.111278,48.124088],[17.11143,48.124181],[17.111377,48.124221]]]},"properties":{"name":""}},{"type":"Feature","geometry":{"type":"Polygon","coordinates":[[[17.111097,48.124072],[17.111224,48.124078],[17.111242,48.124128],[17.111196,48.12413],[17.111097,48.124072]]]},"properties":{"name":""}},{"type":"Feature","geometry":{"type":"Polygon","coordinates":[[[17.111089,48.124147],[17.111086,48.124088],[17.11116,48.12413],[17.111162,48.12417],[17.111089,48.124147]]]},"properties":{"name":""}},{"type":"Feature","geometry":{"type":"Polygon","coordinates":[[[17.111079,48.124041],[17.111068,48.123858],[17.111156,48.123856],[17.111258,48.123915],[17.111245,48.12405],[17.111079,48.124041]]]},"properties":{"name":""}},{"type":"Feature","geometry":{"type":"Polygon","coordinates":[[[17.111377,48.12385],[17.111386,48.123892],[17.111289,48.123894],[17.111218,48.123854],[17.111377,48.12385]]]},"properties":{"name":""}},{"type":"Feature","geometry":{"type":"Polygon","coordinates":[[[17.111005,48.125287],[17.111163,48.125282],[17.111121,48.12466],[17.110965,48.124672],[17.111005,48.125287]]]},"properties":{"name":""}},{"type":"Feature","geometry":{"type":"Polygon","coordinates":[[[17.11164,48.126006],[17.111921,48.125999],[17.111927,48.126093],[17.111314,48.126122],[17.111281,48.125674],[17.111617,48.125669],[17.11162,48.125733],[17.111539,48.125735],[17.11154,48.125737],[17.111416,48.125739],[17.111354,48.125741],[17.111354,48.125744],[17.111305,48.125745],[17.11133,48.126079],[17.111644,48.126069],[17.11164,48.126006]]]},"properties":{"name":""}},{"type":"Feature","geometry":{"type":"Polygon","coordinates":[[[17.111992,48.126092],[17.111988,48.126008],[17.112028,48.126007],[17.112024,48.125987],[17.112278,48.12598],[17.112321,48.125979],[17.112326,48.126084],[17.111992,48.126092]]]},"properties":{"name":""}},{"type":"Feature","geometry":{"type":"Polygon","coordinates":[[[17.113983,48.125313],[17.114153,48.125241],[17.113747,48.124829],[17.113638,48.124874],[17.113655,48.124918],[17.113649,48.124961],[17.113623,48.124998],[17.113588,48.125025],[17.113564,48.125048],[17.113983,48.125313]]]},"properties":{"name":""}},{"type":"Feature","geometry":{"type":"Polygon","coordinates":[[[17.113334,48.125349],[17.113953,48.125324],[17.113543,48.125064],[17.113527,48.125066],[17.113523,48.12509],[17.113495,48.125167],[17.11344,48.12525],[17.113334,48.125349]]]},"properties":{"name":""}},{"type":"Feature","geometry":{"type":"Polygon","coordinates":[[[17.107144,48.122442],[17.107143,48.122533],[17.107136,48.122543],[17.107121,48.12255],[17.106894,48.122555],[17.10688,48.12255],[17.106873,48.122542],[17.106858,48.122348],[17.106923,48.122291],[17.107152,48.122283],[17.107169,48.122296],[17.107171,48.122327],[17.106977,48.122333],[17.106978,48.122339],[17.106936,48.12234],[17.106945,48.122448],[17.107144,48.122442]]]},"properties":{"name":""}},{"type":"Feature","geometry":{"type":"Polygon","coordinates":[[[17.107194,48.12244],[17.107195,48.122532],[17.107214,48.122544],[17.107575,48.122532],[17.10759,48.122517],[17.107593,48.122427],[17.107409,48.122433],[17.107194,48.12244]]]},"properties":{"name":""}},{"type":"Feature","geometry":{"type":"Polygon","coordinates":[[[17.107645,48.122425],[17.107645,48.122517],[17.107665,48.122529],[17.107927,48.122519],[17.107948,48.122507],[17.107926,48.122279],[17.1079,48.122263],[17.107686,48.122267],[17.107668,48.122279],[17.107673,48.12231],[17.107824,48.122305],[17.107825,48.122309],[17.107865,48.122308],[17.107873,48.122417],[17.107645,48.122425]]]},"properties":{"name":""}},{"type":"Feature","geometry":{"type":"Polygon","coordinates":[[[17.107221,48.122325],[17.107216,48.122293],[17.107227,48.122279],[17.107607,48.122268],[17.107622,48.12228],[17.107626,48.122311],[17.107221,48.122325]]]},"properties":{"name":""}},{"type":"Feature","geometry":{"type":"Polygon","coordinates":[[[17.121854,48.126188],[17.122335,48.126173],[17.122402,48.126146],[17.122131,48.126083],[17.121988,48.126025],[17.121798,48.125917],[17.121625,48.125803],[17.121411,48.125578],[17.12136,48.125572],[17.121328,48.125585],[17.121308,48.125612],[17.121317,48.125643],[17.121344,48.125671],[17.121422,48.125675],[17.12181,48.126096],[17.121826,48.12613],[17.121854,48.126188]]]},"properties":{"name":""}},{"type":"Feature","geometry":{"type":"Polygon","coordinates":[[[17.122612,48.125972],[17.122601,48.125818],[17.122475,48.125822],[17.122466,48.125685],[17.122371,48.125688],[17.122158,48.125625],[17.122038,48.125577],[17.122017,48.125556],[17.121831,48.125637],[17.121429,48.125224],[17.121384,48.125239],[17.121376,48.125295],[17.12175,48.125662],[17.121893,48.125774],[17.122107,48.125892],[17.122281,48.125963],[17.122457,48.126001],[17.122612,48.125972]]]},"properties":{"name":""}},{"type":"Feature","geometry":{"type":"Polygon","coordinates":[[[17.104345,48.125307],[17.104363,48.125242],[17.103547,48.124324],[17.102378,48.12299],[17.102323,48.123009],[17.102834,48.123593],[17.103458,48.124304],[17.103976,48.124862],[17.104345,48.125307]]]},"properties":{"name":""}},{"type":"Feature","geometry":{"type":"Polygon","coordinates":[[[17.105932,48.11828],[17.105915,48.118311],[17.105854,48.11833],[17.105801,48.118315],[17.10576,48.118286],[17.105737,48.117913],[17.105766,48.11788],[17.105814,48.117864],[17.105895,48.117883],[17.105909,48.11792],[17.105831,48.117921],[17.105846,48.118143],[17.105851,48.118282],[17.105932,48.11828]]]},"properties":{"name":""}},{"type":"Feature","geometry":{"type":"Polygon","coordinates":[[[17.105829,48.117804],[17.105773,48.117798],[17.105744,48.117777],[17.105726,48.117756],[17.105718,48.117575],[17.105753,48.117529],[17.106255,48.117512],[17.106652,48.11749],[17.106922,48.11749],[17.107011,48.117682],[17.10717,48.118022],[17.107263,48.118001],[17.10731,48.118105],[17.107251,48.11812],[17.107343,48.118319],[17.107422,48.118492],[17.10748,48.118606],[17.107529,48.11871],[17.107597,48.11887],[17.107645,48.118985],[17.107662,48.119039],[17.107713,48.119178],[17.10775,48.119262],[17.107772,48.119348],[17.107784,48.119451],[17.107803,48.119571],[17.107834,48.119785],[17.107855,48.120154],[17.10789,48.120516],[17.107918,48.1207],[17.107946,48.121061],[17.10798,48.121311],[17.108002,48.121433],[17.108057,48.121592],[17.108105,48.12171],[17.108168,48.121825],[17.108225,48.121934],[17.108306,48.122053],[17.108445,48.122229],[17.108603,48.122398],[17.10853,48.122506],[17.108091,48.122748],[17.107946,48.122537],[17.107948,48.122507],[17.107926,48.122279],[17.1079,48.122263],[17.107686,48.122267],[17.107607,48.122268],[17.107227,48.122279],[17.107152,48.122283],[17.106923,48.122291],[17.106912,48.122236],[17.107041,48.122231],[17.106921,48.120765],[17.106703,48.120771],[17.106717,48.120922],[17.106687,48.120923],[17.106622,48.120924],[17.106521,48.120877],[17.106401,48.120828],[17.106269,48.120807],[17.106216,48.120807],[17.106163,48.120816],[17.106096,48.120801],[17.105614,48.121001],[17.105221,48.120584],[17.105037,48.120394],[17.104723,48.120067],[17.10467,48.119989],[17.104521,48.119834],[17.104485,48.119796],[17.104462,48.119774],[17.104452,48.119765],[17.104666,48.119674],[17.1047,48.119712],[17.104723,48.119738],[17.105171,48.119539],[17.105428,48.119798],[17.105463,48.120357],[17.105935,48.120342],[17.105892,48.119771],[17.105816,48.119756],[17.105814,48.119718],[17.105637,48.119533],[17.10569,48.119509],[17.105565,48.119371],[17.105545,48.11929],[17.105671,48.119233],[17.105742,48.119168],[17.105789,48.119097],[17.105817,48.119001],[17.105777,48.118462],[17.105811,48.11841],[17.105858,48.118398],[17.105894,48.118754],[17.106117,48.11899],[17.106159,48.11939],[17.106411,48.11939],[17.106427,48.119603],[17.106641,48.119596],[17.106603,48.119045],[17.106536,48.119048],[17.106526,48.118905],[17.106448,48.118827],[17.106504,48.1188],[17.106365,48.118661],[17.106341,48.11838],[17.106271,48.118383],[17.106251,48.118126],[17.106318,48.118124],[17.106292,48.117789],[17.106228,48.117789],[17.106223,48.117746],[17.105828,48.117759],[17.105829,48.117804]]]},"properties":{"name":""}},{"type":"Feature","geometry":{"type":"Polygon","coordinates":[[[17.113456,48.12452],[17.11322,48.124528],[17.113218,48.12452],[17.112942,48.124531],[17.11295,48.124632],[17.113059,48.124719],[17.113219,48.124805],[17.113337,48.124839],[17.113439,48.124808],[17.113502,48.124804],[17.113562,48.124817],[17.113606,48.12484],[17.113717,48.124792],[17.113456,48.12452]]]},"properties":{"name":""}},{"type":"Feature","geometry":{"type":"Polygon","coordinates":[[[17.113008,48.125363],[17.113283,48.125352],[17.113372,48.125287],[17.113436,48.125225],[17.113479,48.12515],[17.113502,48.12506],[17.113417,48.125046],[17.113342,48.125013],[17.113302,48.124972],[17.113286,48.124925],[17.113298,48.12488],[17.113316,48.124857],[17.113222,48.124834],[17.113157,48.124829],[17.113062,48.124832],[17.112981,48.124844],[17.112965,48.124854],[17.113008,48.125363]]]},"properties":{"name":""}},{"type":"Feature","geometry":{"type":"Polygon","coordinates":[[[17.113184,48.124807],[17.113066,48.124744],[17.112952,48.124656],[17.112965,48.124823],[17.112985,48.12483],[17.113191,48.124815],[17.113184,48.124807]]]},"properties":{"name":""}},{"type":"Feature","geometry":{"type":"Polygon","coordinates":[[[17.114224,48.119501],[17.114217,48.11943],[17.114448,48.119419],[17.114455,48.119491],[17.114224,48.119501]]]},"properties":{"name":""}},{"type":"Feature","geometry":{"type":"Polygon","coordinates":[[[17.104409,48.119643],[17.104438,48.119653],[17.104473,48.119659],[17.104509,48.119658],[17.104542,48.11965],[17.105527,48.119226],[17.105552,48.119211],[17.105563,48.119198],[17.105569,48.119178],[17.105561,48.119157],[17.105547,48.119139],[17.105522,48.119125],[17.105485,48.119111],[17.105463,48.119108],[17.10544,48.119111],[17.105388,48.11913],[17.105422,48.11917],[17.105438,48.119187],[17.104409,48.119643]]]},"properties":{"name":""}},{"type":"Feature","geometry":{"type":"Polygon","coordinates":[[[17.102476,48.120105],[17.102432,48.1201],[17.102406,48.120092],[17.102391,48.120078],[17.102379,48.12006],[17.102376,48.12004],[17.102383,48.12002],[17.102396,48.120005],[17.102415,48.119992],[17.102438,48.119985],[17.102465,48.11998],[17.102468,48.120025],[17.103631,48.119985],[17.103629,48.119939],[17.103677,48.119947],[17.103702,48.119976],[17.103694,48.12],[17.103669,48.120027],[17.103607,48.120047],[17.103525,48.120063],[17.103485,48.120067],[17.103481,48.120023],[17.102473,48.12006],[17.102476,48.120105]]]},"properties":{"name":""}},{"type":"Feature","geometry":{"type":"Polygon","coordinates":[[[17.10343,48.11952],[17.103432,48.119585],[17.10385,48.11957],[17.103846,48.119506],[17.10343,48.11952]]]},"properties":{"name":""}},{"type":"Feature","geometry":{"type":"Polygon","coordinates":[[[17.103408,48.119719],[17.103413,48.119817],[17.103435,48.119826],[17.103817,48.11981],[17.103823,48.119803],[17.103818,48.119705],[17.103408,48.119719]]]},"properties":{"name":""}},{"type":"Feature","geometry":{"type":"Polygon","coordinates":[[[17.103861,48.119703],[17.103866,48.119801],[17.103878,48.11981],[17.104086,48.119802],[17.104101,48.119792],[17.104094,48.119695],[17.103861,48.119703]]]},"properties":{"name":""}},{"type":"Feature","geometry":{"type":"Polygon","coordinates":[[[17.103188,48.120236],[17.103575,48.120223],[17.103566,48.120163],[17.103492,48.120159],[17.103197,48.12017],[17.103184,48.120179],[17.103188,48.120236]]]},"properties":{"name":""}},{"type":"Feature","geometry":{"type":"Polygon","coordinates":[[[17.102955,48.119735],[17.102965,48.11983],[17.102985,48.119841],[17.103357,48.119828],[17.103369,48.119819],[17.103365,48.119721],[17.102955,48.119735]]]},"properties":{"name":""}},{"type":"Feature","geometry":{"type":"Polygon","coordinates":[[[17.10388,48.119504],[17.103885,48.119569],[17.104062,48.119557],[17.104083,48.119552],[17.104083,48.119518],[17.10401,48.119503],[17.103967,48.119501],[17.10388,48.119504]]]},"properties":{"name":""}},{"type":"Feature","geometry":{"type":"Polygon","coordinates":[[[17.103609,48.120222],[17.103804,48.120215],[17.103918,48.120191],[17.10395,48.120176],[17.103887,48.12011],[17.103864,48.12011],[17.103758,48.120145],[17.103604,48.120163],[17.103609,48.120222]]]},"properties":{"name":""}},{"type":"Feature","geometry":{"type":"Polygon","coordinates":[[[17.103087,48.119569],[17.103097,48.119586],[17.103116,48.119596],[17.103397,48.119587],[17.103395,48.119521],[17.103151,48.119529],[17.103122,48.119537],[17.103097,48.119553],[17.103087,48.119569]]]},"properties":{"name":""}},{"type":"Feature","geometry":{"type":"Polygon","coordinates":[[[17.105439,48.119425],[17.105418,48.119404],[17.10538,48.119393],[17.105345,48.11939],[17.1053,48.119397],[17.10528,48.119422],[17.105279,48.119447],[17.105283,48.119468],[17.105299,48.119484],[17.105354,48.119461],[17.105384,48.119448],[17.105439,48.119425]]]},"properties":{"name":""}},{"type":"Feature","geometry":{"type":"Polygon","coordinates":[[[17.104073,48.118848],[17.10406,48.118862],[17.104064,48.118913],[17.104077,48.118921],[17.104078,48.118937],[17.104065,48.118944],[17.103981,48.118924],[17.103931,48.118892],[17.103903,48.118859],[17.103912,48.118854],[17.104073,48.118848]]]},"properties":{"name":""}},{"type":"Feature","geometry":{"type":"Polygon","coordinates":[[[17.104338,48.120007],[17.104277,48.119939],[17.104281,48.119929],[17.104504,48.11983],[17.104521,48.119834],[17.10467,48.119989],[17.104661,48.119999],[17.104599,48.120029],[17.104511,48.119937],[17.104477,48.119953],[17.104472,48.119948],[17.104338,48.120007]]]},"properties":{"name":""}},{"type":"Feature","geometry":{"type":"Polygon","coordinates":[[[17.105613,48.118419],[17.105641,48.118428],[17.10566,48.118443],[17.105672,48.118458],[17.105683,48.118482],[17.105719,48.118935],[17.105719,48.118955],[17.10571,48.118974],[17.105693,48.118998],[17.105674,48.119014],[17.105646,48.11903],[17.105613,48.118419]]]},"properties":{"name":""}},{"type":"Feature","geometry":{"type":"Polygon","coordinates":[[[17.103716,48.118561],[17.103726,48.11856],[17.103838,48.118663],[17.103858,48.118687],[17.103867,48.118716],[17.10387,48.118744],[17.103862,48.118771],[17.103855,48.118792],[17.103856,48.118819],[17.103844,48.118828],[17.10375,48.118832],[17.103736,48.118823],[17.103716,48.118561]]]},"properties":{"name":""}},{"type":"Feature","geometry":{"type":"Polygon","coordinates":[[[17.104277,48.11886],[17.104284,48.118848],[17.104273,48.118841],[17.104113,48.118847],[17.104128,48.11886],[17.104133,48.11891],[17.10412,48.11892],[17.104121,48.118934],[17.104134,48.118942],[17.104161,48.118937],[17.104192,48.118927],[17.104243,48.118898],[17.104277,48.11886]]]},"properties":{"name":""}},{"type":"Feature","geometry":{"type":"Polygon","coordinates":[[[17.104336,48.118839],[17.104322,48.118848],[17.104311,48.11887],[17.104272,48.118913],[17.104211,48.118947],[17.104134,48.118967],[17.104123,48.118976],[17.104124,48.118988],[17.104137,48.118997],[17.104155,48.118995],[17.104253,48.118975],[17.10458,48.118831],[17.104336,48.118839]]]},"properties":{"name":""}},{"type":"Feature","geometry":{"type":"Polygon","coordinates":[[[17.104069,48.118999],[17.103766,48.11901],[17.103749,48.119],[17.103739,48.118868],[17.103752,48.11886],[17.103849,48.118856],[17.103867,48.118864],[17.103885,48.11889],[17.103903,48.11891],[17.103936,48.118933],[17.103985,48.118956],[17.104031,48.118964],[17.104069,48.118969],[17.104083,48.118977],[17.104083,48.118991],[17.104069,48.118999]]]},"properties":{"name":""}},{"type":"Feature","geometry":{"type":"Polygon","coordinates":[[[17.104073,48.118319],[17.103869,48.118298],[17.103845,48.118304],[17.10383,48.118318],[17.103823,48.118335],[17.103829,48.118349],[17.10388,48.118381],[17.10391,48.118392],[17.103934,48.118397],[17.103954,48.118399],[17.105259,48.118355],[17.105286,48.11835],[17.105304,48.118339],[17.105313,48.118319],[17.105311,48.1183],[17.105291,48.118285],[17.104073,48.118319]]]},"properties":{"name":""}},{"type":"Feature","geometry":{"type":"Polygon","coordinates":[[[17.104853,48.118759],[17.105084,48.118751],[17.105055,48.11874],[17.105029,48.118725],[17.105004,48.118706],[17.104984,48.118682],[17.104969,48.118658],[17.104963,48.11863],[17.104954,48.118605],[17.104929,48.118586],[17.104897,48.118577],[17.104857,48.118579],[17.104826,48.118592],[17.104804,48.118618],[17.104806,48.118644],[17.104823,48.118682],[17.104822,48.118709],[17.104838,48.118752],[17.104853,48.118759]]]},"properties":{"name":""}},{"type":"Feature","geometry":{"type":"Polygon","coordinates":[[[17.104854,48.118545],[17.104844,48.11846],[17.10483,48.118453],[17.104459,48.118466],[17.104447,48.118475],[17.104455,48.118567],[17.104468,48.118577],[17.10452,48.118587],[17.10456,48.118601],[17.104596,48.118624],[17.104618,48.118653],[17.104632,48.118653],[17.104694,48.118606],[17.104764,48.118647],[17.104772,48.118646],[17.104771,48.118612],[17.104806,48.118573],[17.104843,48.118558],[17.104854,48.118545]]]},"properties":{"name":""}},{"type":"Feature","geometry":{"type":"Polygon","coordinates":[[[17.105181,48.118625],[17.105164,48.118441],[17.104891,48.118451],[17.104878,48.11846],[17.104889,48.118544],[17.104904,48.118555],[17.104951,48.118568],[17.104987,48.118598],[17.104998,48.118629],[17.105002,48.118653],[17.105014,48.118674],[17.105032,48.118694],[17.105052,48.11871],[17.105076,48.118722],[17.105103,48.118733],[17.105144,48.118749],[17.105586,48.118733],[17.105598,48.118726],[17.10559,48.118606],[17.105181,48.118625]]]},"properties":{"name":""}},{"type":"Feature","geometry":{"type":"Polygon","coordinates":[[[17.104374,48.119514],[17.104336,48.119475],[17.105056,48.119157],[17.105094,48.119195],[17.105111,48.119186],[17.105124,48.119172],[17.105127,48.119155],[17.105118,48.119134],[17.1051,48.119121],[17.105066,48.119117],[17.105007,48.119119],[17.104966,48.119124],[17.104947,48.119128],[17.104922,48.119137],[17.104957,48.119173],[17.104316,48.119456],[17.104277,48.119417],[17.10426,48.11943],[17.104242,48.119451],[17.104242,48.119474],[17.104256,48.119499],[17.104282,48.119515],[17.104317,48.119522],[17.10434,48.119521],[17.104374,48.119514]]]},"properties":{"name":""}},{"type":"Feature","geometry":{"type":"Polygon","coordinates":[[[17.106088,48.117912],[17.106118,48.118271],[17.106185,48.118269],[17.106183,48.118285],[17.106167,48.118305],[17.106141,48.118319],[17.10611,48.118325],[17.106077,48.118323],[17.106046,48.11831],[17.106025,48.118295],[17.106016,48.118274],[17.106085,48.118272],[17.106054,48.117913],[17.105988,48.117915],[17.105993,48.117899],[17.106008,48.11788],[17.106028,48.117866],[17.106053,48.11786],[17.106077,48.117858],[17.106104,48.117862],[17.10613,48.117874],[17.106146,48.117891],[17.106155,48.11791],[17.106088,48.117912]]]},"properties":{"name":""}},{"type":"Feature","geometry":{"type":"Polygon","coordinates":[[[17.106302,48.119279],[17.106309,48.119299],[17.106326,48.119316],[17.106351,48.119329],[17.106386,48.119333],[17.106425,48.119328],[17.10645,48.119314],[17.106467,48.119295],[17.106471,48.119273],[17.106404,48.119275],[17.106382,48.118941],[17.106153,48.118698],[17.106132,48.118443],[17.1062,48.118442],[17.106189,48.118421],[17.106169,48.118402],[17.10614,48.118392],[17.106106,48.11839],[17.106075,48.118397],[17.106052,48.11841],[17.106036,48.118428],[17.106031,48.118446],[17.106098,48.118444],[17.106121,48.118706],[17.10635,48.118948],[17.10637,48.119276],[17.106302,48.119279]]]},"properties":{"name":""}},{"type":"Feature","geometry":{"type":"Polygon","coordinates":[[[17.104364,48.118811],[17.104544,48.118805],[17.104649,48.118801],[17.104686,48.11879],[17.10479,48.118767],[17.104796,48.118763],[17.104798,48.118758],[17.104797,48.118754],[17.104784,48.118752],[17.104756,48.118764],[17.104718,48.118769],[17.10468,48.118768],[17.104643,48.118757],[17.104614,48.118737],[17.104599,48.118715],[17.104594,48.118687],[17.104587,48.118661],[17.104568,48.118637],[17.10454,48.118618],[17.104505,48.118605],[17.104465,48.118598],[17.104405,48.118602],[17.104371,48.118612],[17.104338,48.118631],[17.104313,48.118653],[17.104299,48.118677],[17.104296,48.118704],[17.104303,48.11873],[17.104317,48.118752],[17.104324,48.118778],[17.104327,48.118804],[17.104339,48.118811],[17.104364,48.118811]]]},"properties":{"name":""}},{"type":"Feature","geometry":{"type":"Polygon","coordinates":[[[17.103756,48.118548],[17.103871,48.118652],[17.103893,48.118683],[17.103904,48.118712],[17.103906,48.118745],[17.10389,48.118794],[17.103889,48.118818],[17.103904,48.118826],[17.103971,48.118825],[17.103964,48.118745],[17.104004,48.118744],[17.103997,48.11866],[17.104209,48.118653],[17.104216,48.118741],[17.104176,48.118743],[17.10418,48.118817],[17.104279,48.118813],[17.104291,48.118805],[17.104283,48.118759],[17.104268,48.118734],[17.104261,48.118703],[17.104267,48.118671],[17.104285,48.118642],[17.104353,48.118593],[17.104395,48.118581],[17.104411,48.118579],[17.10442,48.118568],[17.104411,48.118476],[17.104397,48.118468],[17.103937,48.118484],[17.103941,48.11854],[17.103868,48.118542],[17.103865,48.118485],[17.103713,48.118491],[17.103756,48.118548]]]},"properties":{"name":""}},{"type":"Feature","geometry":{"type":"Polygon","coordinates":[[[17.103701,48.118838],[17.103692,48.118684],[17.103495,48.118691],[17.103496,48.118703],[17.103701,48.118838]]]},"properties":{"name":""}},{"type":"Feature","geometry":{"type":"Polygon","coordinates":[[[17.103887,48.120067],[17.104204,48.11993],[17.10421,48.119916],[17.104179,48.119884],[17.103849,48.12003],[17.103887,48.120067]]]},"properties":{"name":""}},{"type":"Feature","geometry":{"type":"Polygon","coordinates":[[[17.103468,48.119155],[17.103485,48.119373],[17.103507,48.119388],[17.103678,48.119381],[17.103664,48.119148],[17.103468,48.119155]]]},"properties":{"name":""}},{"type":"Feature","geometry":{"type":"Polygon","coordinates":[[[17.103652,48.118836],[17.103454,48.118704],[17.103438,48.118705],[17.10346,48.11901],[17.103654,48.118865],[17.103652,48.118836]]]},"properties":{"name":""}},{"type":"Feature","geometry":{"type":"Polygon","coordinates":[[[17.103978,48.120164],[17.104309,48.120019],[17.104245,48.119954],[17.104227,48.119952],[17.10392,48.120087],[17.103917,48.120099],[17.103978,48.120164]]]},"properties":{"name":""}},{"type":"Feature","geometry":{"type":"Polygon","coordinates":[[[17.104939,48.11889],[17.104943,48.11899],[17.104953,48.118998],[17.105282,48.118989],[17.10529,48.118979],[17.10528,48.11888],[17.104939,48.11889]]]},"properties":{"name":""}},{"type":"Feature","geometry":{"type":"Polygon","coordinates":[[[17.103715,48.119002],[17.103706,48.118871],[17.103684,48.118872],[17.103512,48.119011],[17.103513,48.119019],[17.103699,48.119012],[17.103715,48.119002]]]},"properties":{"name":""}},{"type":"Feature","geometry":{"type":"Polygon","coordinates":[[[17.104485,48.119796],[17.10448,48.119807],[17.104241,48.119903],[17.10421,48.11987],[17.10444,48.119771],[17.104462,48.119774],[17.104485,48.119796]]]},"properties":{"name":""}},{"type":"Feature","geometry":{"type":"Polygon","coordinates":[[[17.104139,48.119806],[17.104242,48.119762],[17.104277,48.119729],[17.104276,48.1197],[17.104131,48.119764],[17.104131,48.119799],[17.104139,48.119806]]]},"properties":{"name":""}},{"type":"Feature","geometry":{"type":"Polygon","coordinates":[[[17.104252,48.119278],[17.104267,48.119279],[17.104608,48.119128],[17.104608,48.119117],[17.104519,48.119018],[17.104336,48.119098],[17.104214,48.119124],[17.104252,48.119278]]]},"properties":{"name":""}},{"type":"Feature","geometry":{"type":"Polygon","coordinates":[[[17.104113,48.119527],[17.104154,48.119541],[17.104193,48.119559],[17.104224,48.119578],[17.104268,48.119626],[17.104303,48.119666],[17.10424,48.11969],[17.104124,48.119695],[17.104113,48.119527]]]},"properties":{"name":""}},{"type":"Feature","geometry":{"type":"Polygon","coordinates":[[[17.104554,48.119003],[17.104641,48.119103],[17.104658,48.119106],[17.104894,48.119003],[17.104903,48.118993],[17.104898,48.118891],[17.104876,48.118892],[17.104721,48.118929],[17.104554,48.119003]]]},"properties":{"name":""}},{"type":"Feature","geometry":{"type":"Polygon","coordinates":[[[17.105317,48.118879],[17.105329,48.118978],[17.105341,48.118987],[17.105599,48.118978],[17.10561,48.118971],[17.1056,48.118769],[17.105588,48.118762],[17.105549,48.118762],[17.105556,48.11887],[17.105317,48.118879]]]},"properties":{"name":""}},{"type":"Feature","geometry":{"type":"Polygon","coordinates":[[[17.121661,48.12456],[17.121655,48.124484],[17.121632,48.124459],[17.121638,48.124444],[17.121561,48.124425],[17.121595,48.12435],[17.121398,48.124436],[17.121394,48.124449],[17.12173,48.124793],[17.121743,48.124795],[17.12164,48.124679],[17.121593,48.12456],[17.121661,48.12456]]]},"properties":{"name":""}},{"type":"Feature","geometry":{"type":"Polygon","coordinates":[[[17.121195,48.126511],[17.121187,48.126511],[17.121189,48.126532],[17.12106,48.126538],[17.121039,48.126528],[17.121019,48.126276],[17.121355,48.126058],[17.121545,48.126051],[17.121587,48.126096],[17.121591,48.126112],[17.121512,48.126114],[17.121511,48.126106],[17.121357,48.126112],[17.121373,48.126313],[17.121334,48.126313],[17.121334,48.126305],[17.12118,48.126311],[17.121195,48.126511]]]},"properties":{"name":""}},{"type":"Feature","geometry":{"type":"Polygon","coordinates":[[[17.120086,48.123235],[17.120099,48.123248],[17.120099,48.123267],[17.120028,48.123358],[17.11998,48.123434],[17.119942,48.123511],[17.119918,48.123598],[17.119899,48.123709],[17.119905,48.123813],[17.119911,48.123871],[17.11946,48.123896],[17.119367,48.123807],[17.119584,48.123522],[17.119621,48.123535],[17.119448,48.123761],[17.119541,48.123794],[17.119635,48.12383],[17.120086,48.123235]]]},"properties":{"name":""}},{"type":"Feature","geometry":{"type":"Polygon","coordinates":[[[17.120815,48.122869],[17.120826,48.122842],[17.120818,48.122814],[17.120792,48.122796],[17.120749,48.122783],[17.120702,48.122786],[17.120675,48.122802],[17.120365,48.123204],[17.120262,48.123362],[17.120184,48.123534],[17.120149,48.12366],[17.120141,48.123742],[17.120164,48.123893],[17.12021,48.124019],[17.12032,48.12419],[17.120476,48.124344],[17.120538,48.124396],[17.120616,48.124359],[17.120626,48.124162],[17.120374,48.123899],[17.120327,48.123844],[17.120297,48.123784],[17.120279,48.123722],[17.120277,48.123665],[17.120285,48.123609],[17.120302,48.123549],[17.12024,48.12353],[17.120756,48.122849],[17.120815,48.122869]]]},"properties":{"name":""}},{"type":"Feature","geometry":{"type":"Polygon","coordinates":[[[17.120731,48.124493],[17.120876,48.124429],[17.120651,48.124191],[17.120645,48.124401],[17.120731,48.124493]]]},"properties":{"name":""}},{"type":"Feature","geometry":{"type":"Polygon","coordinates":[[[17.119784,48.12421],[17.119929,48.124107],[17.11993,48.124096],[17.119859,48.123933],[17.119855,48.123905],[17.119488,48.123922],[17.119784,48.12421]]]},"properties":{"name":""}},{"type":"Feature","geometry":{"type":"Polygon","coordinates":[[[17.121419,48.126374],[17.121552,48.126369],[17.121577,48.126349],[17.121576,48.126321],[17.12147,48.126325],[17.121469,48.126309],[17.121414,48.126311],[17.121419,48.126374]]]},"properties":{"name":""}},{"type":"Feature","geometry":{"type":"Polygon","coordinates":[[[17.121398,48.12652],[17.121562,48.126519],[17.121584,48.126505],[17.12158,48.12641],[17.121551,48.126391],[17.121435,48.126393],[17.121437,48.126421],[17.121392,48.126422],[17.121398,48.12652]]]},"properties":{"name":""}},{"type":"Feature","geometry":{"type":"Polygon","coordinates":[[[17.120884,48.123565],[17.120995,48.123604],[17.121137,48.123418],[17.121127,48.123305],[17.121194,48.123163],[17.121133,48.123143],[17.121099,48.123156],[17.120851,48.12348],[17.120884,48.123565]]]},"properties":{"name":""}},{"type":"Feature","geometry":{"type":"Polygon","coordinates":[[[17.120875,48.124629],[17.121062,48.124601],[17.121259,48.124811],[17.12127,48.124906],[17.121371,48.125011],[17.121173,48.125042],[17.120989,48.124841],[17.120893,48.124746],[17.120859,48.124702],[17.120875,48.124629]]]},"properties":{"name":""}},{"type":"Feature","geometry":{"type":"Polygon","coordinates":[[[17.120926,48.123041],[17.121206,48.123138],[17.121351,48.123138],[17.121397,48.123079],[17.121405,48.123055],[17.121404,48.123038],[17.121048,48.122918],[17.120994,48.122929],[17.12092,48.123025],[17.120926,48.123041]]]},"properties":{"name":""}},{"type":"Feature","geometry":{"type":"Polygon","coordinates":[[[17.120781,48.123804],[17.120912,48.123613],[17.121642,48.123863],[17.121614,48.123901],[17.121579,48.123891],[17.121559,48.123922],[17.121193,48.124104],[17.121198,48.124112],[17.121118,48.124146],[17.121106,48.124145],[17.120781,48.123804]]]},"properties":{"name":""}},{"type":"Feature","geometry":{"type":"Polygon","coordinates":[[[17.119613,48.124329],[17.120235,48.124964],[17.120249,48.124968],[17.120536,48.124844],[17.120514,48.124792],[17.120502,48.124763],[17.120305,48.124556],[17.120011,48.124203],[17.119931,48.124189],[17.119613,48.124329]]]},"properties":{"name":""}},{"type":"Feature","geometry":{"type":"Polygon","coordinates":[[[17.120606,48.125034],[17.120756,48.125187],[17.120885,48.125219],[17.121238,48.125579],[17.121264,48.125541],[17.12127,48.12547],[17.121256,48.125412],[17.120901,48.125047],[17.120847,48.12502],[17.12079,48.124993],[17.120718,48.124985],[17.120649,48.124989],[17.120585,48.125011],[17.120606,48.125034]]]},"properties":{"name":""}},{"type":"Feature","geometry":{"type":"Polygon","coordinates":[[[17.119256,48.125371],[17.119267,48.125384],[17.119264,48.125392],[17.119048,48.125486],[17.119021,48.125482],[17.118907,48.125362],[17.118912,48.125343],[17.119095,48.125265],[17.119107,48.125268],[17.119132,48.125291],[17.119047,48.125328],[17.119125,48.125409],[17.119208,48.125373],[17.119221,48.125387],[17.119256,48.125371]]]},"properties":{"name":""}},{"type":"Feature","geometry":{"type":"Polygon","coordinates":[[[17.120699,48.126172],[17.12069,48.125689],[17.120431,48.125447],[17.120405,48.125422],[17.120788,48.125259],[17.120826,48.125262],[17.120944,48.125383],[17.120934,48.125406],[17.12081,48.125462],[17.120836,48.125484],[17.12096,48.125432],[17.120995,48.125435],[17.12112,48.125562],[17.121147,48.125649],[17.121154,48.125671],[17.121213,48.125741],[17.1213,48.125832],[17.121327,48.126032],[17.121319,48.126035],[17.121223,48.12604],[17.121117,48.126044],[17.120915,48.126051],[17.120907,48.126042],[17.120892,48.126035],[17.120877,48.126033],[17.120861,48.126032],[17.120839,48.126036],[17.120826,48.12605],[17.120821,48.126059],[17.120824,48.126075],[17.120836,48.126091],[17.120861,48.126098],[17.120889,48.126094],[17.120911,48.126082],[17.120921,48.126065],[17.120965,48.126064],[17.120974,48.126162],[17.120699,48.126172]]]},"properties":{"name":""}},{"type":"Feature","geometry":{"type":"Polygon","coordinates":[[[17.121017,48.126249],[17.121307,48.126058],[17.12102,48.126069],[17.121004,48.126081],[17.121017,48.126249]]]},"properties":{"name":""}},{"type":"Feature","geometry":{"type":"Polygon","coordinates":[[[17.121225,48.123155],[17.121337,48.123157],[17.121159,48.123388],[17.121162,48.123324],[17.121225,48.123155]]]},"properties":{"name":""}},{"type":"Feature","geometry":{"type":"Polygon","coordinates":[[[17.121368,48.126034],[17.121487,48.12603],[17.121375,48.12591],[17.121343,48.125911],[17.12136,48.126029],[17.121368,48.126034]]]},"properties":{"name":""}},{"type":"Feature","geometry":{"type":"Polygon","coordinates":[[[17.119984,48.124913],[17.120068,48.124877],[17.120045,48.124854],[17.119968,48.124886],[17.119967,48.124894],[17.119984,48.124913]]]},"properties":{"name":""}},{"type":"Feature","geometry":{"type":"Polygon","coordinates":[[[17.121014,48.124216],[17.121083,48.124188],[17.121006,48.124102],[17.120993,48.1241],[17.120929,48.124127],[17.121014,48.124216]]]},"properties":{"name":""}},{"type":"Feature","geometry":{"type":"Polygon","coordinates":[[[17.121408,48.124181],[17.121571,48.12396],[17.121557,48.123955],[17.121274,48.124098],[17.121272,48.124122],[17.121408,48.124181]]]},"properties":{"name":""}},{"type":"Feature","geometry":{"type":"Polygon","coordinates":[[[17.121639,48.125124],[17.121724,48.125213],[17.121737,48.125216],[17.121765,48.125202],[17.121679,48.125114],[17.121639,48.125124]]]},"properties":{"name":""}},{"type":"Feature","geometry":{"type":"Polygon","coordinates":[[[17.1192,48.124657],[17.119198,48.124665],[17.119222,48.124689],[17.119382,48.124621],[17.119357,48.124595],[17.119345,48.124595],[17.1192,48.124657]]]},"properties":{"name":""}},{"type":"Feature","geometry":{"type":"Polygon","coordinates":[[[17.119586,48.12449],[17.119585,48.124498],[17.119609,48.124523],[17.119693,48.124487],[17.119666,48.124461],[17.119654,48.124461],[17.119586,48.12449]]]},"properties":{"name":""}},{"type":"Feature","geometry":{"type":"Polygon","coordinates":[[[17.119356,48.125194],[17.119334,48.125169],[17.119335,48.125161],[17.119403,48.125132],[17.119415,48.125132],[17.119441,48.125157],[17.119356,48.125194]]]},"properties":{"name":""}},{"type":"Feature","geometry":{"type":"Polygon","coordinates":[[[17.120102,48.124992],[17.120124,48.125016],[17.120138,48.125017],[17.120176,48.125],[17.120178,48.124993],[17.120157,48.124969],[17.120102,48.124992]]]},"properties":{"name":""}},{"type":"Feature","geometry":{"type":"Polygon","coordinates":[[[17.119792,48.124996],[17.119951,48.124927],[17.119933,48.124909],[17.119923,48.124907],[17.119777,48.124969],[17.119775,48.124979],[17.119792,48.124996]]]},"properties":{"name":""}},{"type":"Feature","geometry":{"type":"Polygon","coordinates":[[[17.120718,48.123908],[17.120784,48.123882],[17.120796,48.123883],[17.120975,48.12407],[17.120973,48.124078],[17.120909,48.124106],[17.120718,48.123908]]]},"properties":{"name":""}},{"type":"Feature","geometry":{"type":"Polygon","coordinates":[[[17.119165,48.125277],[17.119324,48.125208],[17.119299,48.125183],[17.119289,48.125181],[17.119142,48.125244],[17.119141,48.125253],[17.119165,48.125277]]]},"properties":{"name":""}},{"type":"Feature","geometry":{"type":"Polygon","coordinates":[[[17.119576,48.124537],[17.119553,48.124513],[17.11954,48.12451],[17.119392,48.124574],[17.119391,48.124582],[17.119416,48.124606],[17.119576,48.124537]]]},"properties":{"name":""}},{"type":"Feature","geometry":{"type":"Polygon","coordinates":[[[17.119465,48.125262],[17.11949,48.125289],[17.119503,48.125291],[17.119542,48.125275],[17.119544,48.125265],[17.119519,48.125239],[17.119465,48.125262]]]},"properties":{"name":""}},{"type":"Feature","geometry":{"type":"Polygon","coordinates":[[[17.119188,48.124704],[17.119164,48.124679],[17.119152,48.124677],[17.119085,48.124706],[17.11908,48.124715],[17.119104,48.12474],[17.119188,48.124704]]]},"properties":{"name":""}},{"type":"Feature","geometry":{"type":"Polygon","coordinates":[[[17.119598,48.125081],[17.11976,48.125011],[17.119742,48.124992],[17.11973,48.12499],[17.119582,48.125054],[17.119582,48.125062],[17.119598,48.125081]]]},"properties":{"name":""}},{"type":"Feature","geometry":{"type":"Polygon","coordinates":[[[17.119482,48.125131],[17.119567,48.125094],[17.119549,48.125076],[17.119537,48.125074],[17.119468,48.125103],[17.119466,48.125112],[17.119482,48.125131]]]},"properties":{"name":""}},{"type":"Feature","geometry":{"type":"Polygon","coordinates":[[[17.120697,48.123886],[17.120763,48.12386],[17.120766,48.123852],[17.120684,48.123766],[17.120642,48.123765],[17.120643,48.12379],[17.120677,48.123866],[17.120697,48.123886]]]},"properties":{"name":""}},{"type":"Feature","geometry":{"type":"Polygon","coordinates":[[[17.12095,48.126597],[17.121128,48.12659],[17.121152,48.126605],[17.121155,48.126634],[17.121073,48.126638],[17.121029,48.126634],[17.120981,48.126619],[17.12095,48.126597]]]},"properties":{"name":""}},{"type":"Feature","geometry":{"type":"Polygon","coordinates":[[[17.119571,48.125223],[17.119594,48.125245],[17.11961,48.125245],[17.119711,48.125201],[17.119711,48.125193],[17.119702,48.125185],[17.119661,48.125205],[17.119648,48.12519],[17.119571,48.125223]]]},"properties":{"name":""}},{"type":"Feature","geometry":{"type":"Polygon","coordinates":[[[17.121134,48.124175],[17.121336,48.124382],[17.121348,48.124383],[17.121578,48.124282],[17.121573,48.124274],[17.121228,48.124138],[17.121208,48.124138],[17.121138,48.124167],[17.121134,48.124175]]]},"properties":{"name":""}},{"type":"Feature","geometry":{"type":"Polygon","coordinates":[[[17.118517,48.1249],[17.118496,48.124965],[17.118838,48.125315],[17.118888,48.12532],[17.119376,48.125111],[17.11938,48.125097],[17.119036,48.124737],[17.119014,48.124736],[17.118848,48.124807],[17.118871,48.124832],[17.118932,48.124894],[17.118716,48.124988],[17.118655,48.124926],[17.118634,48.124902],[17.118709,48.124871],[17.118673,48.124833],[17.118517,48.1249]]]},"properties":{"name":""}},{"type":"Feature","geometry":{"type":"Polygon","coordinates":[[[17.11927,48.125346],[17.119297,48.125372],[17.119313,48.125374],[17.119459,48.12531],[17.119462,48.125302],[17.119449,48.125287],[17.119414,48.125303],[17.119401,48.12529],[17.11927,48.125346]]]},"properties":{"name":""}},{"type":"Feature","geometry":{"type":"Polygon","coordinates":[[[17.119717,48.12516],[17.11974,48.125183],[17.119754,48.125183],[17.1199,48.125119],[17.119902,48.12511],[17.119895,48.125102],[17.119852,48.12512],[17.119841,48.125107],[17.119717,48.12516]]]},"properties":{"name":""}},{"type":"Feature","geometry":{"type":"Polygon","coordinates":[[[17.119909,48.125077],[17.11993,48.125099],[17.119941,48.125101],[17.120095,48.125035],[17.120097,48.125027],[17.120087,48.125018],[17.120045,48.125036],[17.120031,48.125023],[17.119909,48.125077]]]},"properties":{"name":""}},{"type":"Feature","geometry":{"type":"Polygon","coordinates":[[[17.121559,48.123271],[17.121677,48.123309],[17.121712,48.123261],[17.121724,48.123264],[17.12178,48.123184],[17.121772,48.123165],[17.12169,48.123136],[17.121665,48.123142],[17.121656,48.123155],[17.12165,48.123153],[17.121559,48.123271]]]},"properties":{"name":""}},{"type":"Feature","geometry":{"type":"Polygon","coordinates":[[[17.121711,48.123363],[17.12169,48.123356],[17.121602,48.123471],[17.12161,48.123489],[17.121842,48.123567],[17.121868,48.123567],[17.121958,48.12345],[17.12195,48.123432],[17.121843,48.123392],[17.121815,48.123429],[17.121691,48.123387],[17.121711,48.123363]]]},"properties":{"name":""}},{"type":"Feature","geometry":{"type":"Polygon","coordinates":[[[17.120407,48.122824],[17.120432,48.122821],[17.120454,48.122803],[17.120838,48.122304],[17.120588,48.122217],[17.120577,48.122221],[17.120248,48.122651],[17.120288,48.122663],[17.120438,48.122466],[17.120524,48.122497],[17.120628,48.122534],[17.120407,48.122824]]]},"properties":{"name":""}},{"type":"Feature","geometry":{"type":"Polygon","coordinates":[[[17.115211,48.119016],[17.115037,48.119245],[17.115039,48.119256],[17.115126,48.119319],[17.115194,48.119312],[17.115257,48.119293],[17.115312,48.119259],[17.115352,48.119216],[17.115367,48.119173],[17.115368,48.119129],[17.11534,48.11907],[17.11526,48.119026],[17.115211,48.119016]]]},"properties":{"name":""}},{"type":"Feature","geometry":{"type":"Polygon","coordinates":[[[17.11529,48.118285],[17.115776,48.118447],[17.115631,48.118641],[17.115608,48.118658],[17.115562,48.118668],[17.115345,48.118629],[17.115278,48.118599],[17.115225,48.118567],[17.115198,48.118547],[17.115173,48.118506],[17.115176,48.118462],[17.115195,48.118411],[17.115212,48.118381],[17.11529,48.118285]]]},"properties":{"name":""}},{"type":"Feature","geometry":{"type":"Polygon","coordinates":[[[17.119275,48.121237],[17.119289,48.121253],[17.119439,48.121304],[17.119466,48.121303],[17.119694,48.121001],[17.119681,48.120987],[17.119639,48.120973],[17.119609,48.120973],[17.119595,48.120994],[17.119535,48.120974],[17.119499,48.121021],[17.119456,48.121029],[17.119416,48.121048],[17.119275,48.121237]]]},"properties":{"name":""}},{"type":"Feature","geometry":{"type":"Polygon","coordinates":[[[17.111223,48.11821],[17.111249,48.118204],[17.111404,48.118395],[17.111507,48.118475],[17.11167,48.118569],[17.11176,48.118611],[17.111846,48.11864],[17.112,48.118678],[17.112396,48.118668],[17.112366,48.118704],[17.112257,48.118752],[17.111981,48.118721],[17.111741,48.118661],[17.111591,48.118595],[17.111453,48.118508],[17.111356,48.118427],[17.111303,48.11838],[17.111245,48.118285],[17.111223,48.11821]]]},"properties":{"name":""}},{"type":"Feature","geometry":{"type":"Polygon","coordinates":[[[17.115904,48.118462],[17.115857,48.118449],[17.115843,48.11843],[17.116079,48.118127],[17.116835,48.118389],[17.116851,48.118407],[17.116714,48.118588],[17.116387,48.118476],[17.116293,48.1186],[17.116139,48.118545],[17.116157,48.118522],[17.116203,48.118461],[17.116175,48.118452],[17.116234,48.118375],[17.116127,48.118339],[17.11612,48.118348],[17.116004,48.118309],[17.11595,48.11838],[17.115963,48.118384],[17.115904,48.118462]]]},"properties":{"name":""}},{"type":"Feature","geometry":{"type":"Polygon","coordinates":[[[17.119122,48.119367],[17.118899,48.119655],[17.118882,48.119689],[17.118882,48.119727],[17.118888,48.119765],[17.118916,48.1198],[17.118949,48.119828],[17.119003,48.119849],[17.119326,48.119945],[17.119404,48.119962],[17.119716,48.120065],[17.119924,48.119784],[17.119851,48.119756],[17.11935,48.119585],[17.119347,48.11959],[17.119285,48.119566],[17.119391,48.119431],[17.119376,48.119407],[17.119258,48.119367],[17.119211,48.119356],[17.11917,48.119357],[17.119122,48.119367]]]},"properties":{"name":""}},{"type":"Feature","geometry":{"type":"Polygon","coordinates":[[[17.111423,48.118851],[17.111978,48.119421],[17.112005,48.119435],[17.11204,48.119442],[17.113497,48.119392],[17.113513,48.119385],[17.113524,48.119371],[17.113523,48.119316],[17.112487,48.11935],[17.112484,48.119264],[17.112373,48.11927],[17.112373,48.119166],[17.112271,48.119166],[17.112265,48.118956],[17.11202,48.118944],[17.111874,48.118917],[17.111634,48.118854],[17.111525,48.118815],[17.111513,48.118813],[17.111423,48.118851]]]},"properties":{"name":""}},{"type":"Feature","geometry":{"type":"Polygon","coordinates":[[[17.116191,48.118583],[17.116255,48.118607],[17.116101,48.118808],[17.115868,48.118741],[17.115876,48.118729],[17.115826,48.118714],[17.115817,48.118727],[17.115702,48.118699],[17.115677,48.118679],[17.115672,48.118655],[17.115809,48.118475],[17.115837,48.118473],[17.115951,48.118508],[17.115939,48.118522],[17.115892,48.118584],[17.115921,48.118594],[17.115863,48.118671],[17.115971,48.118707],[17.115977,48.118698],[17.116092,48.118737],[17.116146,48.118665],[17.116133,48.118661],[17.116191,48.118583]]]},"properties":{"name":""}},{"type":"Feature","geometry":{"type":"Polygon","coordinates":[[[17.121058,48.122297],[17.121079,48.122322],[17.121233,48.122377],[17.121268,48.122331],[17.121793,48.12164],[17.121832,48.121654],[17.121857,48.121647],[17.122323,48.121034],[17.122325,48.120996],[17.12092,48.120515],[17.120941,48.120542],[17.121009,48.120575],[17.121102,48.120611],[17.121211,48.120664],[17.121304,48.12072],[17.121426,48.120815],[17.121459,48.120846],[17.121554,48.120982],[17.121592,48.121056],[17.121622,48.121133],[17.121642,48.121206],[17.121652,48.121278],[17.121653,48.121356],[17.121634,48.121452],[17.121596,48.121548],[17.121562,48.121609],[17.121458,48.121777],[17.121058,48.122297]]]},"properties":{"name":""}},{"type":"Feature","geometry":{"type":"Polygon","coordinates":[[[17.121407,48.121355],[17.121405,48.121375],[17.121386,48.121468],[17.121354,48.121559],[17.121284,48.121704],[17.121261,48.121717],[17.121227,48.121722],[17.121205,48.12171],[17.121194,48.121687],[17.121205,48.121666],[17.12127,48.121582],[17.121132,48.121536],[17.120685,48.122128],[17.120656,48.12212],[17.121322,48.121246],[17.119946,48.12079],[17.119922,48.120743],[17.120081,48.120537],[17.120192,48.120512],[17.120217,48.120476],[17.120714,48.120628],[17.120881,48.120693],[17.121035,48.120768],[17.121208,48.120887],[17.121289,48.12097],[17.12134,48.12106],[17.121384,48.12116],[17.121403,48.121245],[17.121407,48.121355]]]},"properties":{"name":""}},{"type":"Feature","geometry":{"type":"Polygon","coordinates":[[[17.11986,48.121045],[17.119753,48.121011],[17.119725,48.121017],[17.11949,48.121327],[17.119498,48.121345],[17.119919,48.121488],[17.120058,48.121304],[17.120082,48.121275],[17.120192,48.121132],[17.120214,48.121097],[17.120315,48.120964],[17.120343,48.12096],[17.120153,48.120896],[17.120107,48.120957],[17.12009,48.120952],[17.120078,48.120967],[17.120123,48.120983],[17.120077,48.121044],[17.120023,48.121027],[17.119994,48.121067],[17.120112,48.121105],[17.120066,48.121168],[17.120049,48.121162],[17.120037,48.121177],[17.120067,48.121187],[17.120012,48.121259],[17.119921,48.121228],[17.119928,48.121217],[17.119906,48.12121],[17.119891,48.121229],[17.119784,48.121193],[17.11983,48.121131],[17.119847,48.121137],[17.119858,48.121122],[17.119813,48.121107],[17.11986,48.121045]]]},"properties":{"name":""}},{"type":"Feature","geometry":{"type":"Polygon","coordinates":[[[17.120582,48.121907],[17.120627,48.121922],[17.120655,48.121913],[17.120745,48.121791],[17.120796,48.121807],[17.12083,48.121795],[17.121098,48.121448],[17.121091,48.121429],[17.121053,48.121417],[17.120935,48.121569],[17.120824,48.121531],[17.120818,48.121537],[17.120699,48.121499],[17.120755,48.121421],[17.120727,48.121411],[17.120778,48.121346],[17.120638,48.121299],[17.120779,48.121117],[17.12077,48.1211],[17.120343,48.12096],[17.120315,48.120964],[17.120214,48.121097],[17.120659,48.121249],[17.12052,48.121434],[17.120544,48.121442],[17.120356,48.121691],[17.12035,48.121689],[17.120239,48.121831],[17.120272,48.121842],[17.120308,48.121837],[17.120319,48.121841],[17.120373,48.121768],[17.120361,48.121763],[17.120421,48.121685],[17.120537,48.121724],[17.120543,48.121714],[17.120661,48.121756],[17.120603,48.121833],[17.120632,48.121842],[17.120582,48.121907]]]},"properties":{"name":""}},{"type":"Feature","geometry":{"type":"Polygon","coordinates":[[[17.116385,48.121112],[17.11666,48.121207],[17.116908,48.120886],[17.116901,48.120882],[17.116865,48.120902],[17.116816,48.1209],[17.116782,48.120875],[17.116793,48.120836],[17.116803,48.120827],[17.116804,48.120815],[17.116781,48.12082],[17.116766,48.120835],[17.116731,48.120852],[17.116673,48.120842],[17.116651,48.120803],[17.116689,48.120769],[17.116748,48.120772],[17.116773,48.120781],[17.116796,48.120777],[17.116797,48.120762],[17.116781,48.120751],[17.116731,48.120728],[17.116738,48.120688],[17.116793,48.120668],[17.116845,48.120689],[17.116844,48.120734],[17.116828,48.12075],[17.116837,48.120762],[17.116857,48.120758],[17.116873,48.120735],[17.116931,48.120718],[17.11698,48.12074],[17.116991,48.12078],[17.117408,48.120234],[17.117348,48.120214],[17.117196,48.120412],[17.117126,48.120386],[17.117025,48.120353],[17.116924,48.12032],[17.116712,48.120605],[17.116768,48.120624],[17.116385,48.121112]]]},"properties":{"name":""}},{"type":"Feature","geometry":{"type":"Polygon","coordinates":[[[17.116514,48.118846],[17.116463,48.118921],[17.116449,48.118929],[17.116123,48.118819],[17.11619,48.118732],[17.116514,48.118846]]]},"properties":{"name":""}},{"type":"Feature","geometry":{"type":"Polygon","coordinates":[[[17.121656,48.122398],[17.121739,48.122291],[17.121733,48.12228],[17.121638,48.122248],[17.121552,48.122362],[17.121656,48.122398]]]},"properties":{"name":""}},{"type":"Feature","geometry":{"type":"Polygon","coordinates":[[[17.121446,48.123604],[17.121521,48.1235],[17.121513,48.123484],[17.121421,48.123452],[17.121335,48.123565],[17.121446,48.123604]]]},"properties":{"name":""}},{"type":"Feature","geometry":{"type":"Polygon","coordinates":[[[17.121438,48.12343],[17.121528,48.123461],[17.121568,48.12346],[17.121657,48.123345],[17.121648,48.123327],[17.121543,48.123293],[17.121438,48.12343]]]},"properties":{"name":""}},{"type":"Feature","geometry":{"type":"Polygon","coordinates":[[[17.121655,48.122226],[17.121755,48.122263],[17.121768,48.122254],[17.12186,48.122132],[17.121854,48.122123],[17.121759,48.122089],[17.121655,48.122226]]]},"properties":{"name":""}},{"type":"Feature","geometry":{"type":"Polygon","coordinates":[[[17.121684,48.123685],[17.121761,48.123582],[17.121754,48.123566],[17.121581,48.123507],[17.121554,48.123512],[17.12148,48.123615],[17.121684,48.123685]]]},"properties":{"name":""}},{"type":"Feature","geometry":{"type":"Polygon","coordinates":[[[17.115789,48.119605],[17.115807,48.119647],[17.115831,48.119666],[17.11622,48.1198],[17.116259,48.119801],[17.116279,48.119787],[17.11633,48.119721],[17.116331,48.119705],[17.116314,48.119691],[17.116272,48.119676],[17.116254,48.119637],[17.116274,48.119612],[17.11627,48.119594],[17.11625,48.119596],[17.116239,48.119616],[17.116209,48.119636],[17.116146,48.119635],[17.116118,48.1196],[17.116143,48.119562],[17.116211,48.119559],[17.116232,48.119569],[17.116256,48.119564],[17.116248,48.119548],[17.116221,48.119542],[17.116191,48.119522],[17.116197,48.119483],[17.116247,48.119461],[17.116309,48.119492],[17.116308,48.11952],[17.116288,48.119541],[17.116301,48.119555],[17.116323,48.119549],[17.116346,48.119519],[17.116406,48.119512],[17.11644,48.119528],[17.116445,48.119568],[17.116389,48.119595],[17.116473,48.119623],[17.116464,48.119585],[17.116493,48.119564],[17.116552,48.119561],[17.116577,48.119572],[17.116596,48.119568],[17.116598,48.119555],[17.116563,48.119545],[17.116532,48.119512],[17.116556,48.119472],[17.116618,48.119466],[17.116657,48.119498],[17.116645,48.119557],[17.116699,48.119517],[17.116772,48.119521],[17.116794,48.119558],[17.116779,48.119582],[17.116723,48.119596],[17.11668,48.119582],[17.116656,48.119588],[17.116663,48.119603],[17.116692,48.119608],[17.11672,48.119628],[17.116717,48.119669],[17.116621,48.119796],[17.116406,48.119723],[17.116371,48.119722],[17.116347,48.119739],[17.116304,48.119796],[17.116303,48.119817],[17.116325,48.119834],[17.116773,48.11999],[17.116797,48.119991],[17.117171,48.119519],[17.117173,48.119499],[17.117148,48.119481],[17.116204,48.119158],[17.116171,48.11916],[17.116148,48.119176],[17.115789,48.119605]]]},"properties":{"name":""}},{"type":"Feature","geometry":{"type":"Polygon","coordinates":[[[17.119216,48.121691],[17.119243,48.121689],[17.119341,48.121564],[17.11934,48.121547],[17.119122,48.121476],[17.119092,48.121477],[17.118997,48.121604],[17.119013,48.121621],[17.119216,48.121691]]]},"properties":{"name":""}},{"type":"Feature","geometry":{"type":"Polygon","coordinates":[[[17.119241,48.12128],[17.119137,48.121417],[17.119153,48.121434],[17.119304,48.121482],[17.119331,48.121481],[17.119434,48.121345],[17.119419,48.121331],[17.119271,48.12128],[17.119241,48.12128]]]},"properties":{"name":""}},{"type":"Feature","geometry":{"type":"Polygon","coordinates":[[[17.121018,48.123136],[17.121028,48.123123],[17.121019,48.123106],[17.120907,48.123068],[17.120882,48.123073],[17.120783,48.123205],[17.120817,48.123216],[17.120888,48.123123],[17.120895,48.123126],[17.120914,48.123101],[17.121018,48.123136]]]},"properties":{"name":""}},{"type":"Feature","geometry":{"type":"Polygon","coordinates":[[[17.120464,48.123631],[17.120496,48.123636],[17.120471,48.123715],[17.120478,48.123825],[17.120513,48.123902],[17.120493,48.123902],[17.120466,48.123859],[17.120446,48.123807],[17.120435,48.123753],[17.120438,48.123698],[17.120464,48.123631]]]},"properties":{"name":""}},{"type":"Feature","geometry":{"type":"Polygon","coordinates":[[[17.117132,48.121352],[17.117193,48.121374],[17.117218,48.121379],[17.117243,48.121377],[17.117272,48.121365],[17.117295,48.121339],[17.117412,48.121144],[17.117414,48.12113],[17.117403,48.121118],[17.117324,48.121091],[17.117132,48.121352]]]},"properties":{"name":""}},{"type":"Feature","geometry":{"type":"Polygon","coordinates":[[[17.11688,48.121262],[17.116927,48.121281],[17.116959,48.12127],[17.11807,48.119811],[17.118069,48.119793],[17.118048,48.119784],[17.117537,48.119612],[17.11741,48.119771],[17.117737,48.119877],[17.117722,48.1199],[17.117735,48.119905],[17.117738,48.119903],[17.117864,48.119948],[17.117867,48.119946],[17.117878,48.119954],[17.117807,48.120049],[17.117798,48.120061],[17.11784,48.120075],[17.117821,48.1201],[17.117778,48.120084],[17.117638,48.120268],[17.117631,48.120277],[17.117673,48.120292],[17.117655,48.120319],[17.117611,48.120303],[17.117538,48.120399],[17.117471,48.120486],[17.117464,48.120496],[17.117507,48.120511],[17.117488,48.120537],[17.117444,48.120521],[17.117303,48.120706],[17.117297,48.120714],[17.11734,48.12073],[17.117321,48.120755],[17.117278,48.120739],[17.117204,48.120836],[17.117137,48.120923],[17.11713,48.120933],[17.117172,48.120947],[17.117152,48.120972],[17.117111,48.120958],[17.116971,48.121142],[17.116964,48.121151],[17.117006,48.121166],[17.116986,48.121191],[17.116944,48.121177],[17.11688,48.121262]]]},"properties":{"name":""}},{"type":"Feature","geometry":{"type":"Polygon","coordinates":[[[17.110741,48.118909],[17.110919,48.118831],[17.11099,48.118799],[17.11095,48.11877],[17.110902,48.118745],[17.110848,48.118729],[17.110794,48.118722],[17.110749,48.118725],[17.110714,48.118747],[17.110692,48.11878],[17.110686,48.118819],[17.110703,48.118858],[17.110741,48.118909]]]},"properties":{"name":""}},{"type":"Feature","geometry":{"type":"Polygon","coordinates":[[[17.118361,48.120564],[17.118674,48.120142],[17.118679,48.120128],[17.118646,48.120021],[17.118614,48.120029],[17.118559,48.120058],[17.118504,48.120106],[17.118258,48.12043],[17.118257,48.120467],[17.118279,48.120509],[17.118317,48.120544],[17.118361,48.120564]]]},"properties":{"name":""}},{"type":"Feature","geometry":{"type":"Polygon","coordinates":[[[17.120431,48.123592],[17.120406,48.123638],[17.120391,48.123695],[17.12039,48.123748],[17.120402,48.123813],[17.120434,48.123881],[17.120388,48.12383],[17.120362,48.12378],[17.120347,48.123728],[17.120341,48.123678],[17.120349,48.123617],[17.120373,48.123573],[17.120431,48.123592]]]},"properties":{"name":""}},{"type":"Feature","geometry":{"type":"Polygon","coordinates":[[[17.117299,48.119744],[17.117409,48.119602],[17.117403,48.11956],[17.117252,48.119516],[17.117222,48.119516],[17.117201,48.11953],[17.117182,48.11957],[17.117195,48.119575],[17.117198,48.119571],[17.117328,48.119616],[17.117326,48.119619],[17.11734,48.119624],[17.117258,48.11973],[17.117299,48.119744]]]},"properties":{"name":""}},{"type":"Feature","geometry":{"type":"Polygon","coordinates":[[[17.112201,48.118135],[17.112207,48.118224],[17.111976,48.118234],[17.11193,48.118219],[17.111874,48.118186],[17.11183,48.118133],[17.111818,48.118097],[17.111811,48.118032],[17.112172,48.118023],[17.112172,48.118033],[17.112083,48.118037],[17.112082,48.118041],[17.11209,48.118139],[17.112201,48.118135]]]},"properties":{"name":""}},{"type":"Feature","geometry":{"type":"Polygon","coordinates":[[[17.110992,48.118605],[17.111137,48.11875],[17.111154,48.11877],[17.111207,48.118747],[17.111261,48.118803],[17.111215,48.118824],[17.111285,48.118897],[17.111445,48.118824],[17.111467,48.118804],[17.111463,48.118791],[17.111345,48.118732],[17.111314,48.118712],[17.111204,48.118642],[17.111074,48.118528],[17.110992,48.118605]]]},"properties":{"name":""}},{"type":"Feature","geometry":{"type":"Polygon","coordinates":[[[17.111302,48.118914],[17.111404,48.118861],[17.112509,48.119998],[17.112512,48.120012],[17.112499,48.120024],[17.112404,48.120067],[17.112378,48.120065],[17.112351,48.120053],[17.112335,48.120039],[17.112373,48.120023],[17.112097,48.119735],[17.112046,48.119682],[17.112027,48.119662],[17.111734,48.119358],[17.111673,48.119293],[17.111658,48.119278],[17.111357,48.11897],[17.111302,48.118914]]]},"properties":{"name":""}},{"type":"Feature","geometry":{"type":"Polygon","coordinates":[[[17.111109,48.118505],[17.111168,48.11848],[17.111271,48.118579],[17.111445,48.118689],[17.111679,48.118788],[17.111787,48.118823],[17.112045,48.118872],[17.112211,48.118884],[17.112257,48.118926],[17.11201,48.118911],[17.111893,48.118893],[17.111755,48.118857],[17.111497,48.118769],[17.111354,48.1187],[17.111225,48.118607],[17.111109,48.118505]]]},"properties":{"name":""}},{"type":"Feature","geometry":{"type":"Polygon","coordinates":[[[17.118032,48.119996],[17.118133,48.120029],[17.117873,48.120372],[17.117863,48.120385],[17.117872,48.12039],[17.117914,48.120399],[17.117962,48.1204],[17.118006,48.12039],[17.118052,48.120362],[17.118272,48.120065],[17.118303,48.120017],[17.118319,48.119961],[17.118319,48.119907],[17.1183,48.119867],[17.118299,48.119863],[17.11825,48.119816],[17.118193,48.11984],[17.118143,48.119817],[17.118069,48.119912],[17.118046,48.119904],[17.117989,48.119982],[17.118032,48.119996]]]},"properties":{"name":""}},{"type":"Feature","geometry":{"type":"Polygon","coordinates":[[[17.117631,48.119099],[17.117643,48.119083],[17.117576,48.119059],[17.117435,48.119234],[17.117431,48.11926],[17.117445,48.119271],[17.117753,48.119375],[17.117773,48.119377],[17.117791,48.119363],[17.117932,48.119178],[17.117879,48.11916],[17.117822,48.119237],[17.117833,48.119241],[17.11778,48.119313],[17.117665,48.119274],[17.117658,48.119282],[17.117555,48.119247],[17.117613,48.11917],[17.117584,48.11916],[17.117631,48.119099]]]},"properties":{"name":""}},{"type":"Feature","geometry":{"type":"Polygon","coordinates":[[[17.116782,48.118812],[17.116703,48.118782],[17.116573,48.118943],[17.116568,48.118961],[17.116591,48.11898],[17.117316,48.119228],[17.117392,48.119134],[17.117026,48.119013],[17.117215,48.118757],[17.117383,48.118812],[17.117512,48.118641],[17.117295,48.118566],[17.116923,48.118438],[17.116811,48.118583],[17.116964,48.118635],[17.11697,48.118628],[17.117077,48.118664],[17.117019,48.118741],[17.117047,48.118751],[17.117,48.118812],[17.116981,48.118834],[17.11705,48.118857],[17.117034,48.118873],[17.116976,48.11895],[17.11699,48.118955],[17.116935,48.119027],[17.11682,48.118988],[17.116814,48.118997],[17.116706,48.11896],[17.116764,48.118883],[17.116735,48.118874],[17.116782,48.118812]]]},"properties":{"name":""}},{"type":"Feature","geometry":{"type":"Polygon","coordinates":[[[17.113738,48.118173],[17.11395,48.118165],[17.113948,48.118073],[17.113739,48.118079],[17.113738,48.118173]]]},"properties":{"name":""}},{"type":"Feature","geometry":{"type":"Polygon","coordinates":[[[17.115433,48.119608],[17.115512,48.119641],[17.115676,48.119432],[17.115588,48.119401],[17.115433,48.119608]]]},"properties":{"name":""}},{"type":"Feature","geometry":{"type":"Polygon","coordinates":[[[17.113156,48.118192],[17.113355,48.118185],[17.113351,48.118094],[17.113251,48.118098],[17.113156,48.118101],[17.113156,48.118192]]]},"properties":{"name":""}},{"type":"Feature","geometry":{"type":"Polygon","coordinates":[[[17.120508,48.123612],[17.120618,48.123467],[17.120591,48.123457],[17.12048,48.123602],[17.120508,48.123612]]]},"properties":{"name":""}},{"type":"Feature","geometry":{"type":"Polygon","coordinates":[[[17.115606,48.119377],[17.115694,48.119409],[17.115786,48.119292],[17.115696,48.119259],[17.115606,48.119377]]]},"properties":{"name":""}},{"type":"Feature","geometry":{"type":"Polygon","coordinates":[[[17.112927,48.1182],[17.11313,48.118192],[17.113128,48.118102],[17.112927,48.118109],[17.112927,48.1182]]]},"properties":{"name":""}},{"type":"Feature","geometry":{"type":"Polygon","coordinates":[[[17.120521,48.123934],[17.120534,48.123922],[17.120745,48.124145],[17.120726,48.124152],[17.120521,48.123934]]]},"properties":{"name":""}},{"type":"Feature","geometry":{"type":"Polygon","coordinates":[[[17.120749,48.124174],[17.120767,48.124168],[17.120873,48.124279],[17.120849,48.124279],[17.120749,48.124174]]]},"properties":{"name":""}},{"type":"Feature","geometry":{"type":"Polygon","coordinates":[[[17.110874,48.118053],[17.110967,48.118257],[17.110993,48.118246],[17.110915,48.118034],[17.110874,48.118053]]]},"properties":{"name":""}},{"type":"Feature","geometry":{"type":"Polygon","coordinates":[[[17.112465,48.118215],[17.112669,48.118209],[17.112666,48.118118],[17.112464,48.118125],[17.112465,48.118215]]]},"properties":{"name":""}},{"type":"Feature","geometry":{"type":"Polygon","coordinates":[[[17.111036,48.118371],[17.111052,48.118335],[17.111005,48.118268],[17.110979,48.118277],[17.111036,48.118371]]]},"properties":{"name":""}},{"type":"Feature","geometry":{"type":"Polygon","coordinates":[[[17.121263,48.122498],[17.121703,48.122647],[17.121728,48.12261],[17.121292,48.122461],[17.121263,48.122498]]]},"properties":{"name":""}},{"type":"Feature","geometry":{"type":"Polygon","coordinates":[[[17.117134,48.119965],[17.117171,48.119909],[17.117132,48.119895],[17.117091,48.119948],[17.117134,48.119965]]]},"properties":{"name":""}},{"type":"Feature","geometry":{"type":"Polygon","coordinates":[[[17.112237,48.118224],[17.112437,48.118217],[17.112436,48.118126],[17.11223,48.118134],[17.112237,48.118224]]]},"properties":{"name":""}},{"type":"Feature","geometry":{"type":"Polygon","coordinates":[[[17.11361,48.118084],[17.11362,48.118177],[17.11371,48.118174],[17.113711,48.11808],[17.11361,48.118084]]]},"properties":{"name":""}},{"type":"Feature","geometry":{"type":"Polygon","coordinates":[[[17.117181,48.119895],[17.117279,48.119769],[17.11724,48.119755],[17.117141,48.119883],[17.117181,48.119895]]]},"properties":{"name":""}},{"type":"Feature","geometry":{"type":"Polygon","coordinates":[[[17.112693,48.118117],[17.112697,48.118207],[17.112899,48.118201],[17.112898,48.11811],[17.112693,48.118117]]]},"properties":{"name":""}},{"type":"Feature","geometry":{"type":"Polygon","coordinates":[[[17.120799,48.123239],[17.120765,48.123228],[17.120608,48.123434],[17.120641,48.123447],[17.120799,48.123239]]]},"properties":{"name":""}},{"type":"Feature","geometry":{"type":"Polygon","coordinates":[[[17.117005,48.120061],[17.117033,48.12007],[17.117062,48.120056],[17.117114,48.119988],[17.117072,48.119974],[17.117005,48.120061]]]},"properties":{"name":""}},{"type":"Feature","geometry":{"type":"Polygon","coordinates":[[[17.112352,48.118926],[17.113008,48.118907],[17.112984,48.118879],[17.112949,48.118865],[17.1124,48.118885],[17.112352,48.118926]]]},"properties":{"name":""}},{"type":"Feature","geometry":{"type":"Polygon","coordinates":[[[17.113979,48.118164],[17.114179,48.118157],[17.114175,48.118065],[17.114076,48.118066],[17.113977,48.118071],[17.113979,48.118164]]]},"properties":{"name":""}},{"type":"Feature","geometry":{"type":"Polygon","coordinates":[[[17.113381,48.118184],[17.113492,48.11818],[17.113485,48.118088],[17.11338,48.118093],[17.113381,48.118184]]]},"properties":{"name":""}},{"type":"Feature","geometry":{"type":"Polygon","coordinates":[[[17.115396,48.119775],[17.115418,48.119757],[17.115493,48.119665],[17.115415,48.119632],[17.115326,48.119751],[17.115396,48.119775]]]},"properties":{"name":""}},{"type":"Feature","geometry":{"type":"Polygon","coordinates":[[[17.113085,48.118902],[17.114275,48.118865],[17.114235,48.118822],[17.113125,48.118859],[17.113108,48.118872],[17.113097,48.118884],[17.113085,48.118902]]]},"properties":{"name":""}},{"type":"Feature","geometry":{"type":"Polygon","coordinates":[[[17.11652,48.118983],[17.117285,48.119246],[17.117233,48.11926],[17.117179,48.11926],[17.116581,48.119058],[17.116532,48.11902],[17.11652,48.118983]]]},"properties":{"name":""}},{"type":"Feature","geometry":{"type":"Polygon","coordinates":[[[17.116112,48.119096],[17.117463,48.119555],[17.117448,48.119514],[17.117402,48.119482],[17.116257,48.119091],[17.116172,48.119082],[17.116112,48.119096]]]},"properties":{"name":""}},{"type":"Feature","geometry":{"type":"Polygon","coordinates":[[[17.117383,48.119281],[17.11778,48.119418],[17.117734,48.119438],[17.117697,48.119439],[17.117409,48.119341],[17.11739,48.11931],[17.117383,48.119281]]]},"properties":{"name":""}},{"type":"Feature","geometry":{"type":"Polygon","coordinates":[[[17.120516,48.122122],[17.120551,48.122133],[17.120571,48.122128],[17.12067,48.122],[17.12066,48.121983],[17.120629,48.121972],[17.120516,48.122122]]]},"properties":{"name":""}},{"type":"Feature","geometry":{"type":"Polygon","coordinates":[[[17.115525,48.118895],[17.115976,48.119051],[17.115957,48.11901],[17.115882,48.118968],[17.115725,48.118922],[17.115536,48.118874],[17.115525,48.118895]]]},"properties":{"name":""}},{"type":"Feature","geometry":{"type":"Polygon","coordinates":[[[17.120127,48.123182],[17.120143,48.123183],[17.120162,48.123176],[17.12018,48.123163],[17.120371,48.122914],[17.120376,48.122891],[17.120365,48.122879],[17.120127,48.123182]]]},"properties":{"name":""}},{"type":"Feature","geometry":{"type":"Polygon","coordinates":[[[17.112504,48.11866],[17.112532,48.118696],[17.112574,48.118722],[17.112658,48.118744],[17.114665,48.118679],[17.114688,48.118671],[17.114801,48.118585],[17.112504,48.11866]]]},"properties":{"name":""}},{"type":"Feature","geometry":{"type":"Polygon","coordinates":[[[17.120276,48.122049],[17.120207,48.122024],[17.120197,48.122],[17.120289,48.121881],[17.120354,48.121902],[17.120304,48.121967],[17.120331,48.121978],[17.120276,48.122049]]]},"properties":{"name":""}},{"type":"Feature","geometry":{"type":"Polygon","coordinates":[[[17.114207,48.118157],[17.114368,48.118151],[17.114386,48.118098],[17.114376,48.117948],[17.114299,48.117963],[17.114308,48.118059],[17.114203,48.118064],[17.114207,48.118157]]]},"properties":{"name":""}},{"type":"Feature","geometry":{"type":"Polygon","coordinates":[[[17.121612,48.123139],[17.121621,48.123125],[17.121614,48.12311],[17.121539,48.123085],[17.121507,48.123097],[17.121482,48.123127],[17.121489,48.12313],[17.121508,48.123105],[17.121612,48.123139]]]},"properties":{"name":""}},{"type":"Feature","geometry":{"type":"Polygon","coordinates":[[[17.117546,48.1208],[17.117645,48.120836],[17.117875,48.12055],[17.117867,48.120534],[17.117837,48.120494],[17.117831,48.120469],[17.117807,48.120459],[17.117795,48.120474],[17.117546,48.1208]]]},"properties":{"name":""}},{"type":"Feature","geometry":{"type":"Polygon","coordinates":[[[17.117342,48.121068],[17.117417,48.121089],[17.117434,48.121092],[17.117455,48.121084],[17.117613,48.120877],[17.117617,48.120862],[17.117605,48.120854],[17.117528,48.120824],[17.117342,48.121068]]]},"properties":{"name":""}},{"type":"Feature","geometry":{"type":"Polygon","coordinates":[[[17.118914,48.12008],[17.118828,48.12005],[17.118781,48.120046],[17.118759,48.120046],[17.11874,48.12005],[17.118732,48.120062],[17.118729,48.120069],[17.118763,48.120189],[17.118817,48.120209],[17.118914,48.12008]]]},"properties":{"name":""}},{"type":"Feature","geometry":{"type":"Polygon","coordinates":[[[17.119359,48.12174],[17.119288,48.121715],[17.11928,48.121696],[17.119376,48.121572],[17.119436,48.121592],[17.119387,48.121658],[17.11943,48.121675],[17.119426,48.12168],[17.119409,48.121674],[17.119359,48.12174]]]},"properties":{"name":""}},{"type":"Feature","geometry":{"type":"Polygon","coordinates":[[[17.117871,48.119448],[17.118505,48.119664],[17.118513,48.119676],[17.118497,48.119686],[17.118441,48.119683],[17.118392,48.119672],[17.118346,48.119659],[17.117937,48.11952],[17.117881,48.119484],[17.117871,48.119448]]]},"properties":{"name":""}},{"type":"Feature","geometry":{"type":"Polygon","coordinates":[[[17.12098,48.122744],[17.120859,48.122703],[17.120831,48.122689],[17.120813,48.122669],[17.120808,48.122644],[17.120821,48.122608],[17.120995,48.122379],[17.121036,48.122375],[17.121219,48.122437],[17.12098,48.122744]]]},"properties":{"name":""}},{"type":"Feature","geometry":{"type":"Polygon","coordinates":[[[17.111484,48.12804],[17.111701,48.128032],[17.111719,48.128017],[17.111705,48.12779],[17.111691,48.127783],[17.111593,48.127784],[17.1116,48.127892],[17.111536,48.127894],[17.111537,48.12791],[17.111473,48.127913],[17.111484,48.12804]]]},"properties":{"name":""}},{"type":"Feature","geometry":{"type":"Polygon","coordinates":[[[17.110174,48.12781],[17.110193,48.128043],[17.110225,48.128074],[17.110627,48.128069],[17.110619,48.128011],[17.110466,48.128016],[17.110461,48.127948],[17.110359,48.12795],[17.110357,48.127934],[17.110291,48.127936],[17.110281,48.127804],[17.110174,48.12781]]]},"properties":{"name":""}},{"type":"Feature","geometry":{"type":"Polygon","coordinates":[[[17.113139,48.127928],[17.113142,48.127987],[17.113151,48.12799],[17.11347,48.12798],[17.113557,48.127905],[17.113543,48.127707],[17.113527,48.127699],[17.113451,48.127702],[17.11346,48.127808],[17.113452,48.127808],[17.113454,48.127834],[17.113293,48.12784],[17.113298,48.127923],[17.113139,48.127928]]]},"properties":{"name":""}},{"type":"Feature","geometry":{"type":"Polygon","coordinates":[[[17.112046,48.128018],[17.112056,48.128024],[17.112476,48.128011],[17.112483,48.128007],[17.112478,48.12795],[17.112321,48.127955],[17.112313,48.127876],[17.112152,48.12788],[17.112149,48.127852],[17.112141,48.127853],[17.112131,48.127721],[17.112023,48.127725],[17.112019,48.127729],[17.112046,48.128018]]]},"properties":{"name":""}},{"type":"Feature","geometry":{"type":"Polygon","coordinates":[[[17.113991,48.126477],[17.11392,48.126479],[17.113889,48.126501],[17.113912,48.126773],[17.113916,48.126792],[17.113936,48.12681],[17.11397,48.126827],[17.114006,48.126835],[17.11461,48.126812],[17.114556,48.126086],[17.11439,48.126088],[17.114404,48.126261],[17.114405,48.126277],[17.114444,48.126729],[17.11401,48.126737],[17.113991,48.126477]]]},"properties":{"name":""}},{"type":"Feature","geometry":{"type":"Polygon","coordinates":[[[17.110661,48.128068],[17.111019,48.128057],[17.111016,48.127998],[17.110657,48.12801],[17.110661,48.128068]]]},"properties":{"name":""}},{"type":"Feature","geometry":{"type":"Polygon","coordinates":[[[17.111052,48.128056],[17.111253,48.128047],[17.111252,48.12799],[17.111048,48.127997],[17.111052,48.128056]]]},"properties":{"name":""}},{"type":"Feature","geometry":{"type":"Polygon","coordinates":[[[17.111284,48.128048],[17.111464,48.128041],[17.11146,48.127989],[17.111281,48.127995],[17.111284,48.128048]]]},"properties":{"name":""}},{"type":"Feature","geometry":{"type":"Polygon","coordinates":[[[17.110279,48.12778],[17.110268,48.127649],[17.110164,48.127653],[17.110173,48.127781],[17.110279,48.12778]]]},"properties":{"name":""}},{"type":"Feature","geometry":{"type":"Polygon","coordinates":[[[17.110146,48.127433],[17.110251,48.127432],[17.110243,48.127343],[17.11014,48.127346],[17.110146,48.127433]]]},"properties":{"name":""}},{"type":"Feature","geometry":{"type":"Polygon","coordinates":[[[17.110264,48.127604],[17.11016,48.127609],[17.110149,48.12746],[17.110253,48.127457],[17.110264,48.127604]]]},"properties":{"name":""}},{"type":"Feature","geometry":{"type":"Polygon","coordinates":[[[17.111557,48.127302],[17.111667,48.127297],[17.111676,48.127401],[17.111662,48.127411],[17.111565,48.127416],[17.111557,48.127302]]]},"properties":{"name":""}},{"type":"Feature","geometry":{"type":"Polygon","coordinates":[[[17.111578,48.127571],[17.111688,48.127567],[17.11168,48.127443],[17.111668,48.127434],[17.111567,48.127438],[17.111578,48.127571]]]},"properties":{"name":""}},{"type":"Feature","geometry":{"type":"Polygon","coordinates":[[[17.11024,48.127273],[17.110157,48.127276],[17.110135,48.127269],[17.110124,48.127147],[17.11023,48.127143],[17.11024,48.127273]]]},"properties":{"name":""}},{"type":"Feature","geometry":{"type":"Polygon","coordinates":[[[17.111591,48.127762],[17.11169,48.127759],[17.111702,48.12775],[17.111691,48.1276],[17.111579,48.127603],[17.111591,48.127762]]]},"properties":{"name":""}},{"type":"Feature","geometry":{"type":"Polygon","coordinates":[[[17.112516,48.127949],[17.112521,48.128006],[17.112528,48.12801],[17.112864,48.127999],[17.112871,48.127996],[17.112868,48.127937],[17.112516,48.127949]]]},"properties":{"name":""}},{"type":"Feature","geometry":{"type":"Polygon","coordinates":[[[17.113426,48.127371],[17.113506,48.12737],[17.113516,48.127363],[17.113506,48.12722],[17.113498,48.127215],[17.113414,48.127219],[17.113426,48.127371]]]},"properties":{"name":""}},{"type":"Feature","geometry":{"type":"Polygon","coordinates":[[[17.112108,48.127423],[17.112,48.127421],[17.111995,48.127426],[17.112017,48.127694],[17.112023,48.127697],[17.112129,48.127695],[17.112108,48.127423]]]},"properties":{"name":""}},{"type":"Feature","geometry":{"type":"Polygon","coordinates":[[[17.1134,48.127033],[17.113484,48.127031],[17.113494,48.127025],[17.113481,48.126803],[17.113469,48.126797],[17.113383,48.126798],[17.1134,48.127033]]]},"properties":{"name":""}},{"type":"Feature","geometry":{"type":"Polygon","coordinates":[[[17.112096,48.127263],[17.11199,48.127267],[17.111984,48.12727],[17.111992,48.127389],[17.112001,48.127394],[17.112105,48.12739],[17.112096,48.127263]]]},"properties":{"name":""}},{"type":"Feature","geometry":{"type":"Polygon","coordinates":[[[17.112416,48.126688],[17.112413,48.126657],[17.112393,48.126644],[17.112293,48.126648],[17.112294,48.12668],[17.112303,48.126692],[17.112416,48.126688]]]},"properties":{"name":""}},{"type":"Feature","geometry":{"type":"Polygon","coordinates":[[[17.110228,48.127114],[17.110138,48.127117],[17.110122,48.127105],[17.110103,48.126896],[17.110114,48.126888],[17.11021,48.126884],[17.110228,48.127114]]]},"properties":{"name":""}},{"type":"Feature","geometry":{"type":"Polygon","coordinates":[[[17.112906,48.127936],[17.11291,48.127994],[17.112918,48.127998],[17.113097,48.127992],[17.113104,48.127988],[17.113101,48.127929],[17.112906,48.127936]]]},"properties":{"name":""}},{"type":"Feature","geometry":{"type":"Polygon","coordinates":[[[17.113449,48.127676],[17.113527,48.127671],[17.113534,48.127664],[17.113518,48.127403],[17.113507,48.127398],[17.113428,48.127399],[17.113449,48.127676]]]},"properties":{"name":""}},{"type":"Feature","geometry":{"type":"Polygon","coordinates":[[[17.110208,48.126854],[17.11005,48.126858],[17.110038,48.126726],[17.110204,48.126721],[17.110207,48.126749],[17.1102,48.126749],[17.110208,48.126854]]]},"properties":{"name":""}},{"type":"Feature","geometry":{"type":"Polygon","coordinates":[[[17.113381,48.12677],[17.113466,48.12677],[17.113477,48.126762],[17.113469,48.126646],[17.113414,48.126613],[17.113369,48.126613],[17.113381,48.12677]]]},"properties":{"name":""}},{"type":"Feature","geometry":{"type":"Polygon","coordinates":[[[17.11014,48.127335],[17.110242,48.127332],[17.110243,48.127327],[17.110412,48.127321],[17.11041,48.127293],[17.11016,48.127304],[17.110136,48.127318],[17.11014,48.127335]]]},"properties":{"name":""}},{"type":"Feature","geometry":{"type":"Polygon","coordinates":[[[17.113517,48.126761],[17.113533,48.126768],[17.113773,48.126761],[17.113751,48.126534],[17.113739,48.126512],[17.113697,48.126491],[17.113649,48.126478],[17.113502,48.126486],[17.113517,48.126761]]]},"properties":{"name":""}},{"type":"Feature","geometry":{"type":"Polygon","coordinates":[[[17.113242,48.12717],[17.113244,48.127193],[17.113252,48.127198],[17.113494,48.127189],[17.113505,48.127182],[17.113498,48.127063],[17.113489,48.127056],[17.113402,48.127058],[17.113409,48.127165],[17.113242,48.12717]]]},"properties":{"name":""}},{"type":"Feature","geometry":{"type":"Polygon","coordinates":[[[17.114675,48.126643],[17.114689,48.12681],[17.114825,48.126804],[17.114885,48.126792],[17.114944,48.126759],[17.114975,48.126724],[17.114966,48.126635],[17.114947,48.126635],[17.114884,48.126636],[17.114675,48.126643]]]},"properties":{"name":""}},{"type":"Feature","geometry":{"type":"Polygon","coordinates":[[[17.103306,48.117788],[17.103352,48.117767],[17.103236,48.117647],[17.10319,48.117668],[17.103121,48.117595],[17.103168,48.117577],[17.103126,48.117535],[17.103109,48.117524],[17.10309,48.117521],[17.103071,48.117525],[17.103056,48.117534],[17.10305,48.117549],[17.103057,48.117564],[17.103721,48.11825],[17.103735,48.118257],[17.103758,48.118259],[17.103781,48.11825],[17.103793,48.118234],[17.103784,48.118214],[17.103541,48.117962],[17.103496,48.117981],[17.103454,48.11794],[17.103499,48.117919],[17.103422,48.117838],[17.103376,48.117858],[17.103306,48.117788]]]},"properties":{"name":""}},{"type":"Feature","geometry":{"type":"Polygon","coordinates":[[[17.103482,48.118552],[17.103479,48.11851],[17.103488,48.118499],[17.103664,48.118494],[17.103677,48.1185],[17.103682,48.11855],[17.103651,48.118551],[17.103651,48.118547],[17.103482,48.118552]]]},"properties":{"name":""}},{"type":"Feature","geometry":{"type":"Polygon","coordinates":[[[17.103062,48.118567],[17.103057,48.118521],[17.103068,48.118514],[17.103433,48.118501],[17.103442,48.11851],[17.103447,48.118554],[17.103062,48.118567]]]},"properties":{"name":""}},{"type":"Feature","geometry":{"type":"Polygon","coordinates":[[[17.102147,48.119176],[17.102419,48.11917],[17.10245,48.119157],[17.102442,48.11905],[17.102332,48.119054],[17.102326,48.118946],[17.102425,48.118944],[17.102635,48.118938],[17.102639,48.118994],[17.102667,48.118993],[17.102658,48.118905],[17.10274,48.118902],[17.102743,48.118951],[17.102849,48.118948],[17.102853,48.11902],[17.10287,48.119036],[17.103003,48.119031],[17.102999,48.118965],[17.103155,48.118959],[17.10316,48.119028],[17.103186,48.119026],[17.103182,48.118972],[17.103293,48.118969],[17.103297,48.119017],[17.103323,48.119024],[17.103428,48.119021],[17.10341,48.118741],[17.103378,48.118695],[17.102129,48.118739],[17.10211,48.118752],[17.102114,48.118784],[17.102147,48.119176]]]},"properties":{"name":""}},{"type":"Feature","geometry":{"type":"Polygon","coordinates":[[[17.103133,48.11944],[17.103122,48.119292],[17.10314,48.119275],[17.103281,48.119268],[17.103313,48.11924],[17.103299,48.119048],[17.103323,48.119043],[17.103429,48.119038],[17.103458,48.11943],[17.103133,48.11944]]]},"properties":{"name":""}},{"type":"Feature","geometry":{"type":"Polygon","coordinates":[[[17.107595,48.126612],[17.107614,48.126615],[17.107633,48.126617],[17.107653,48.126859],[17.107639,48.126866],[17.107552,48.126869],[17.107477,48.12686],[17.107446,48.126846],[17.107339,48.126815],[17.107332,48.126808],[17.107595,48.126612]]]},"properties":{"name":""}},{"type":"Feature","geometry":{"type":"Polygon","coordinates":[[[17.120905,48.126979],[17.120906,48.126987],[17.120984,48.126986],[17.120875,48.126854],[17.120835,48.126855],[17.120836,48.126883],[17.120791,48.126884],[17.120799,48.126983],[17.120905,48.126979]]]},"properties":{"name":""}},{"type":"Feature","geometry":{"type":"Polygon","coordinates":[[[17.119859,48.126998],[17.119892,48.127015],[17.119945,48.127012],[17.120008,48.126938],[17.12002,48.126938],[17.120143,48.126789],[17.119849,48.1268],[17.119848,48.126843],[17.119912,48.126839],[17.119922,48.126954],[17.119854,48.126956],[17.119859,48.126998]]]},"properties":{"name":""}},{"type":"Feature","geometry":{"type":"Polygon","coordinates":[[[17.10765,48.126883],[17.107641,48.126879],[17.107553,48.126884],[17.107455,48.12687],[17.107317,48.126832],[17.107298,48.126832],[17.107177,48.126922],[17.107184,48.126929],[17.107644,48.126913],[17.107656,48.126901],[17.107657,48.126891],[17.10765,48.126883]]]},"properties":{"name":""}},{"type":"Feature","geometry":{"type":"Polygon","coordinates":[[[17.107278,48.126821],[17.107271,48.126811],[17.107223,48.126785],[17.107174,48.126748],[17.107097,48.126641],[17.107091,48.126584],[17.107046,48.126585],[17.107035,48.126592],[17.107061,48.126933],[17.107125,48.126931],[17.107147,48.126922],[17.107278,48.126821]]]},"properties":{"name":""}},{"type":"Feature","geometry":{"type":"Polygon","coordinates":[[[17.120282,48.126892],[17.120185,48.126788],[17.120064,48.126945],[17.120052,48.126942],[17.119996,48.127011],[17.120069,48.127009],[17.12007,48.127014],[17.12029,48.127006],[17.120334,48.126954],[17.120359,48.126956],[17.120296,48.12689],[17.120282,48.126892]]]},"properties":{"name":""}},{"type":"Feature","geometry":{"type":"Polygon","coordinates":[[[17.107691,48.126506],[17.107864,48.126377],[17.10786,48.12631],[17.107512,48.126323],[17.107356,48.126363],[17.107324,48.126378],[17.107321,48.126385],[17.107571,48.126505],[17.107584,48.126499],[17.107619,48.126491],[17.10765,48.126493],[17.107676,48.126499],[17.107691,48.126506]]]},"properties":{"name":""}},{"type":"Feature","geometry":{"type":"Polygon","coordinates":[[[17.120865,48.127198],[17.120562,48.127208],[17.120538,48.127192],[17.120499,48.12679],[17.12051,48.126775],[17.12058,48.126773],[17.120596,48.126973],[17.120692,48.126969],[17.120693,48.126985],[17.12075,48.126984],[17.120768,48.127186],[17.120863,48.127182],[17.120865,48.127198]]]},"properties":{"name":""}},{"type":"Feature","geometry":{"type":"Polygon","coordinates":[[[17.120998,48.127191],[17.121034,48.127179],[17.121059,48.127157],[17.121069,48.127135],[17.121069,48.127086],[17.12105,48.127067],[17.121006,48.127066],[17.121008,48.127095],[17.120963,48.127096],[17.120972,48.127194],[17.120998,48.127191]]]},"properties":{"name":""}},{"type":"Feature","geometry":{"type":"Polygon","coordinates":[[[17.107031,48.126557],[17.107043,48.126562],[17.107082,48.126561],[17.107092,48.126559],[17.107096,48.126553],[17.107114,48.126509],[17.107142,48.126474],[17.107146,48.12645],[17.10717,48.126429],[17.10721,48.126405],[17.10726,48.126386],[17.107264,48.126375],[17.107194,48.12634],[17.107172,48.126335],[17.107014,48.126341],[17.107031,48.126557]]]},"properties":{"name":""}},{"type":"Feature","geometry":{"type":"Polygon","coordinates":[[[17.107307,48.126801],[17.107568,48.126601],[17.107554,48.12659],[17.107543,48.126576],[17.107537,48.126562],[17.107537,48.12655],[17.10755,48.126523],[17.107305,48.126397],[17.10728,48.126403],[17.107231,48.126424],[17.107194,48.126446],[17.107157,48.126481],[17.107137,48.126514],[17.107117,48.126564],[17.107119,48.126638],[17.107153,48.126694],[17.107191,48.126742],[17.107251,48.126782],[17.107285,48.126798],[17.107307,48.126801]]]},"properties":{"name":""}},{"type":"Feature","geometry":{"type":"Polygon","coordinates":[[[17.120429,48.127423],[17.12043,48.127429],[17.120464,48.127428],[17.120486,48.127632],[17.120195,48.127641],[17.119953,48.127595],[17.119937,48.127353],[17.119991,48.12735],[17.119976,48.127106],[17.119971,48.12704],[17.120135,48.127035],[17.120136,48.127044],[17.120323,48.127039],[17.120331,48.127155],[17.120238,48.12716],[17.120233,48.127103],[17.120155,48.127105],[17.120155,48.127097],[17.120001,48.127102],[17.120016,48.127302],[17.120113,48.127298],[17.120114,48.127314],[17.120172,48.127314],[17.120186,48.127515],[17.120283,48.127511],[17.120284,48.127527],[17.120391,48.127523],[17.120384,48.127424],[17.120429,48.127423]]]},"properties":{"name":""}},{"type":"Feature","geometry":{"type":"Polygon","coordinates":[[[17.119514,48.127615],[17.119289,48.127369],[17.119285,48.127348],[17.119812,48.127333],[17.119796,48.127201],[17.119597,48.127205],[17.119586,48.127129],[17.119613,48.127105],[17.119726,48.127102],[17.119756,48.127089],[17.119775,48.127068],[17.119783,48.127046],[17.119767,48.126831],[17.119753,48.126797],[17.119686,48.126806],[17.119126,48.126827],[17.119113,48.126831],[17.11914,48.126857],[17.119206,48.12756],[17.119234,48.127628],[17.119514,48.127615]]]},"properties":{"name":""}},{"type":"Feature","geometry":{"type":"Polygon","coordinates":[[[17.120937,48.127615],[17.12059,48.127627],[17.120568,48.127616],[17.120556,48.127491],[17.120937,48.127615]]]},"properties":{"name":""}},{"type":"Feature","geometry":{"type":"Polygon","coordinates":[[[17.107893,48.126726],[17.107908,48.126897],[17.107875,48.126904],[17.107704,48.12691],[17.107687,48.126901],[17.107676,48.126734],[17.107893,48.126726]]]},"properties":{"name":""}},{"type":"Feature","geometry":{"type":"Polygon","coordinates":[[[17.107867,48.1264],[17.107878,48.126545],[17.107725,48.12655],[17.107722,48.12654],[17.107716,48.126526],[17.107708,48.126518],[17.107854,48.1264],[17.107867,48.1264]]]},"properties":{"name":""}},{"type":"Feature","geometry":{"type":"Polygon","coordinates":[[[17.119503,48.127773],[17.120898,48.127728],[17.121247,48.127694],[17.121181,48.12766],[17.120191,48.127695],[17.119919,48.127652],[17.119492,48.127667],[17.119503,48.127773]]]},"properties":{"name":""}},{"type":"Feature","geometry":{"type":"Polygon","coordinates":[[[17.120227,48.126786],[17.120326,48.126887],[17.12034,48.126884],[17.12041,48.126959],[17.120446,48.126961],[17.120469,48.126944],[17.120455,48.126792],[17.12043,48.126779],[17.120227,48.126786]]]},"properties":{"name":""}},{"type":"Feature","geometry":{"type":"Polygon","coordinates":[[[17.12035,48.127088],[17.120491,48.127179],[17.120476,48.127009],[17.120447,48.12699],[17.120411,48.126989],[17.120386,48.126994],[17.120371,48.127002],[17.120346,48.127035],[17.12035,48.127088]]]},"properties":{"name":""}},{"type":"Feature","geometry":{"type":"Polygon","coordinates":[[[17.107235,48.126333],[17.107436,48.126326],[17.107432,48.126328],[17.107391,48.126338],[17.107345,48.126351],[17.107305,48.126369],[17.107291,48.126371],[17.107226,48.126339],[17.107235,48.126333]]]},"properties":{"name":""}},{"type":"Feature","geometry":{"type":"Polygon","coordinates":[[[17.120259,48.127212],[17.120324,48.127212],[17.120394,48.127254],[17.120397,48.127264],[17.120405,48.127313],[17.120327,48.127316],[17.120326,48.127308],[17.12022,48.127312],[17.120213,48.127214],[17.120259,48.127212]]]},"properties":{"name":""}},{"type":"Feature","geometry":{"type":"Polygon","coordinates":[[[17.121047,48.127612],[17.121025,48.127612],[17.120552,48.127463],[17.120543,48.127364],[17.120562,48.127348],[17.120653,48.127343],[17.120654,48.127349],[17.12105,48.127333],[17.121074,48.127592],[17.121047,48.127612]]]},"properties":{"name":""}},{"type":"Feature","geometry":{"type":"Polygon","coordinates":[[[17.106663,48.126556],[17.106782,48.126553],[17.106774,48.126452],[17.106657,48.126457],[17.106663,48.126556]]]},"properties":{"name":""}},{"type":"Feature","geometry":{"type":"Polygon","coordinates":[[[17.10668,48.126819],[17.1068,48.126813],[17.106784,48.126582],[17.106664,48.126586],[17.10668,48.126819]]]},"properties":{"name":""}},{"type":"Feature","geometry":{"type":"Polygon","coordinates":[[[17.118724,48.1278],[17.119503,48.127773],[17.119492,48.127667],[17.119214,48.127674],[17.118728,48.127773],[17.118724,48.1278]]]},"properties":{"name":""}},{"type":"Feature","geometry":{"type":"Polygon","coordinates":[[[17.10881,48.127107],[17.108571,48.127114],[17.108568,48.127084],[17.108591,48.127069],[17.108808,48.12706],[17.10881,48.127107]]]},"properties":{"name":""}},{"type":"Feature","geometry":{"type":"Polygon","coordinates":[[[17.107578,48.125909],[17.107574,48.125862],[17.107589,48.125852],[17.10781,48.125846],[17.107812,48.125901],[17.107578,48.125909]]]},"properties":{"name":""}},{"type":"Feature","geometry":{"type":"Polygon","coordinates":[[[17.106654,48.126427],[17.106773,48.126423],[17.106758,48.126218],[17.106744,48.126211],[17.106639,48.126214],[17.106654,48.126427]]]},"properties":{"name":""}},{"type":"Feature","geometry":{"type":"Polygon","coordinates":[[[17.106864,48.127175],[17.106859,48.127136],[17.106873,48.127126],[17.107162,48.127116],[17.107178,48.127124],[17.107182,48.127164],[17.106864,48.127175]]]},"properties":{"name":""}},{"type":"Feature","geometry":{"type":"Polygon","coordinates":[[[17.108143,48.127128],[17.107974,48.127134],[17.107973,48.127098],[17.107981,48.12709],[17.10812,48.127086],[17.108142,48.127098],[17.108143,48.127128]]]},"properties":{"name":""}},{"type":"Feature","geometry":{"type":"Polygon","coordinates":[[[17.107673,48.127146],[17.10767,48.127106],[17.107683,48.127098],[17.107885,48.12709],[17.1079,48.127099],[17.107902,48.127138],[17.107673,48.127146]]]},"properties":{"name":""}},{"type":"Feature","geometry":{"type":"Polygon","coordinates":[[[17.107127,48.125925],[17.107124,48.125876],[17.107139,48.125868],[17.10752,48.125855],[17.107534,48.125863],[17.107536,48.125911],[17.107127,48.125925]]]},"properties":{"name":""}},{"type":"Feature","geometry":{"type":"Polygon","coordinates":[[[17.119892,48.127597],[17.119909,48.127584],[17.119897,48.12742],[17.119858,48.127523],[17.119826,48.127566],[17.119782,48.127599],[17.119892,48.127597]]]},"properties":{"name":""}},{"type":"Feature","geometry":{"type":"Polygon","coordinates":[[[17.106767,48.125887],[17.106779,48.12588],[17.107067,48.12587],[17.107082,48.125877],[17.107084,48.125926],[17.106772,48.125937],[17.106767,48.125887]]]},"properties":{"name":""}},{"type":"Feature","geometry":{"type":"Polygon","coordinates":[[[17.108183,48.127129],[17.10818,48.127096],[17.1082,48.127084],[17.108514,48.127072],[17.108531,48.127083],[17.108532,48.127115],[17.108183,48.127129]]]},"properties":{"name":""}},{"type":"Feature","geometry":{"type":"Polygon","coordinates":[[[17.107634,48.127148],[17.107221,48.127162],[17.107218,48.127122],[17.107231,48.127114],[17.107616,48.1271],[17.107631,48.127108],[17.107634,48.127148]]]},"properties":{"name":""}},{"type":"Feature","geometry":{"type":"Polygon","coordinates":[[[17.106768,48.127085],[17.106809,48.127083],[17.106821,48.127074],[17.106803,48.126844],[17.106682,48.126848],[17.106697,48.127023],[17.106764,48.127022],[17.106768,48.127085]]]},"properties":{"name":""}},{"type":"Feature","geometry":{"type":"Polygon","coordinates":[[[17.106642,48.126188],[17.106741,48.126185],[17.106755,48.126176],[17.106747,48.126053],[17.106712,48.12606],[17.106656,48.126086],[17.106635,48.126149],[17.106642,48.126188]]]},"properties":{"name":""}},{"type":"Feature","geometry":{"type":"Polygon","coordinates":[[[17.106702,48.12713],[17.106813,48.127127],[17.106825,48.127135],[17.106832,48.127235],[17.106775,48.127224],[17.106728,48.127204],[17.106709,48.127174],[17.106702,48.12713]]]},"properties":{"name":""}},{"type":"Feature","geometry":{"type":"Polygon","coordinates":[[[17.106734,48.125994],[17.106727,48.125887],[17.106716,48.125881],[17.106608,48.125884],[17.106607,48.125907],[17.106615,48.125942],[17.106647,48.125972],[17.106692,48.12599],[17.106734,48.125994]]]},"properties":{"name":""}},{"type":"Feature","geometry":{"type":"Polygon","coordinates":[[[17.103058,48.129303],[17.103061,48.129321],[17.103077,48.129332],[17.10328,48.129328],[17.103331,48.129322],[17.103357,48.129312],[17.103521,48.129206],[17.103514,48.129087],[17.103492,48.129073],[17.103441,48.129075],[17.103448,48.12918],[17.103442,48.129181],[17.103444,48.129207],[17.103282,48.129213],[17.103289,48.129295],[17.103058,48.129303]]]},"properties":{"name":""}},{"type":"Feature","geometry":{"type":"Polygon","coordinates":[[[17.106348,48.123035],[17.106366,48.123309],[17.10648,48.123497],[17.106613,48.123173],[17.106622,48.123146],[17.106624,48.123125],[17.106616,48.123101],[17.106603,48.123079],[17.106584,48.123058],[17.106554,48.123037],[17.106531,48.123026],[17.106502,48.12302],[17.106361,48.123024],[17.106348,48.123035]]]},"properties":{"name":""}},{"type":"Feature","geometry":{"type":"Polygon","coordinates":[[[17.103387,48.128382],[17.103464,48.128378],[17.103444,48.128106],[17.103367,48.12811],[17.103376,48.128233],[17.103387,48.128382]]]},"properties":{"name":""}},{"type":"Feature","geometry":{"type":"Polygon","coordinates":[[[17.10335,48.127873],[17.103421,48.127868],[17.103413,48.12776],[17.1034,48.127747],[17.10334,48.127748],[17.10335,48.127873]]]},"properties":{"name":""}},{"type":"Feature","geometry":{"type":"Polygon","coordinates":[[[17.106075,48.12315],[17.106065,48.123036],[17.105692,48.123047],[17.105701,48.123162],[17.105853,48.123158],[17.106075,48.12315]]]},"properties":{"name":""}},{"type":"Feature","geometry":{"type":"Polygon","coordinates":[[[17.103313,48.127413],[17.103385,48.127411],[17.103375,48.12727],[17.103354,48.127261],[17.103301,48.127263],[17.103313,48.127413]]]},"properties":{"name":""}},{"type":"Feature","geometry":{"type":"Polygon","coordinates":[[[17.103337,48.127716],[17.103399,48.127714],[17.103411,48.127702],[17.103388,48.127452],[17.103376,48.127443],[17.103316,48.127444],[17.103325,48.127567],[17.103337,48.127716]]]},"properties":{"name":""}},{"type":"Feature","geometry":{"type":"Polygon","coordinates":[[[17.103438,48.129049],[17.103495,48.129046],[17.10351,48.129032],[17.103493,48.128783],[17.103474,48.128772],[17.103417,48.128774],[17.103427,48.128897],[17.103438,48.129049]]]},"properties":{"name":""}},{"type":"Feature","geometry":{"type":"Polygon","coordinates":[[[17.105655,48.123164],[17.105646,48.123057],[17.105632,48.12305],[17.105305,48.12306],[17.105309,48.123174],[17.105461,48.12317],[17.105655,48.123164]]]},"properties":{"name":""}},{"type":"Feature","geometry":{"type":"Polygon","coordinates":[[[17.103398,48.128539],[17.103456,48.128535],[17.103476,48.128519],[17.103465,48.128416],[17.103448,48.128409],[17.103389,48.128411],[17.103398,48.128539]]]},"properties":{"name":""}},{"type":"Feature","geometry":{"type":"Polygon","coordinates":[[[17.105265,48.123176],[17.105259,48.12307],[17.105233,48.123061],[17.104886,48.123071],[17.104891,48.123188],[17.105073,48.123182],[17.105265,48.123176]]]},"properties":{"name":""}},{"type":"Feature","geometry":{"type":"Polygon","coordinates":[[[17.103365,48.128077],[17.103426,48.128076],[17.10344,48.128067],[17.103427,48.127925],[17.103354,48.127927],[17.103365,48.128077]]]},"properties":{"name":""}},{"type":"Feature","geometry":{"type":"Polygon","coordinates":[[[17.103415,48.128743],[17.103471,48.12874],[17.103487,48.128727],[17.103479,48.128602],[17.103457,48.128588],[17.103404,48.128592],[17.103415,48.128743]]]},"properties":{"name":""}},{"type":"Feature","geometry":{"type":"Polygon","coordinates":[[[17.10357,48.129095],[17.103564,48.129095],[17.103572,48.129195],[17.103593,48.129207],[17.103726,48.129206],[17.103744,48.129193],[17.103738,48.129091],[17.10357,48.129095]]]},"properties":{"name":""}},{"type":"Feature","geometry":{"type":"Polygon","coordinates":[[[17.106313,48.123133],[17.106307,48.123036],[17.106293,48.123027],[17.106124,48.123033],[17.106112,48.123041],[17.106121,48.123144],[17.106275,48.123134],[17.106313,48.123133]]]},"properties":{"name":""}},{"type":"Feature","geometry":{"type":"Polygon","coordinates":[[[17.104841,48.123189],[17.104839,48.123083],[17.104819,48.123073],[17.104617,48.123081],[17.104574,48.123086],[17.10458,48.12331],[17.104625,48.12331],[17.104617,48.123196],[17.104841,48.123189]]]},"properties":{"name":""}},{"type":"Feature","geometry":{"type":"Polygon","coordinates":[[[17.116861,48.12166],[17.116828,48.121704],[17.116852,48.121742],[17.116965,48.121776],[17.117045,48.121746],[17.117262,48.121449],[17.117037,48.121374],[17.116981,48.121452],[17.117042,48.121466],[17.116887,48.12167],[17.116861,48.12166]]]},"properties":{"name":""}},{"type":"Feature","geometry":{"type":"Polygon","coordinates":[[[17.116431,48.122088],[17.116418,48.122065],[17.116397,48.122007],[17.116467,48.121996],[17.116577,48.121952],[17.116737,48.121803],[17.116803,48.121799],[17.116896,48.121829],[17.116928,48.121877],[17.116819,48.122035],[17.116719,48.122128],[17.116585,48.122211],[17.116161,48.122386],[17.116082,48.122372],[17.116022,48.122339],[17.11605,48.122337],[17.116263,48.122333],[17.116248,48.122094],[17.116431,48.122088]]]},"properties":{"name":""}},{"type":"Feature","geometry":{"type":"Polygon","coordinates":[[[17.103995,48.121999],[17.10401,48.12194],[17.103914,48.121842],[17.103844,48.121827],[17.103604,48.121932],[17.103599,48.12195],[17.103928,48.122285],[17.103947,48.122288],[17.104085,48.122229],[17.1039,48.12204],[17.103995,48.121999]]]},"properties":{"name":""}},{"type":"Feature","geometry":{"type":"Polygon","coordinates":[[[17.103297,48.121486],[17.103207,48.121525],[17.103202,48.121537],[17.103373,48.121713],[17.103389,48.121719],[17.10353,48.121655],[17.103432,48.121553],[17.103435,48.121552],[17.103434,48.121551],[17.103381,48.121573],[17.103297,48.121486]]]},"properties":{"name":""}},{"type":"Feature","geometry":{"type":"Polygon","coordinates":[[[17.103312,48.122144],[17.103436,48.122091],[17.10344,48.122073],[17.103289,48.121918],[17.103253,48.1219],[17.103228,48.1219],[17.102977,48.122006],[17.103046,48.122078],[17.103188,48.122016],[17.103312,48.122144]]]},"properties":{"name":""}},{"type":"Feature","geometry":{"type":"Polygon","coordinates":[[[17.104041,48.122899],[17.104143,48.122856],[17.104316,48.123032],[17.104283,48.12306],[17.104099,48.123141],[17.104064,48.123132],[17.104004,48.12307],[17.10414,48.123011],[17.104119,48.122988],[17.104124,48.122985],[17.104041,48.122899]]]},"properties":{"name":""}},{"type":"Feature","geometry":{"type":"Polygon","coordinates":[[[17.103337,48.122169],[17.103445,48.122124],[17.103649,48.122334],[17.10354,48.12238],[17.103337,48.122169]]]},"properties":{"name":""}},{"type":"Feature","geometry":{"type":"Polygon","coordinates":[[[17.103794,48.122643],[17.103903,48.122596],[17.104113,48.122824],[17.104015,48.122872],[17.103794,48.122643]]]},"properties":{"name":""}},{"type":"Feature","geometry":{"type":"Polygon","coordinates":[[[17.103565,48.122407],[17.103672,48.122363],[17.103874,48.122573],[17.103769,48.122618],[17.103565,48.122407]]]},"properties":{"name":""}},{"type":"Feature","geometry":{"type":"Polygon","coordinates":[[[17.104294,48.122162],[17.104231,48.12219],[17.104226,48.122202],[17.104475,48.122459],[17.104491,48.122462],[17.104555,48.122436],[17.104552,48.122433],[17.104294,48.122162]]]},"properties":{"name":""}},{"type":"Feature","geometry":{"type":"Polygon","coordinates":[[[17.10422,48.122442],[17.104128,48.122478],[17.104127,48.122493],[17.104356,48.122727],[17.104379,48.122734],[17.104469,48.1227],[17.104342,48.122568],[17.10422,48.122442]]]},"properties":{"name":""}},{"type":"Feature","geometry":{"type":"Polygon","coordinates":[[[17.103555,48.121681],[17.103414,48.121746],[17.103414,48.121752],[17.103557,48.121901],[17.103577,48.121905],[17.103851,48.121784],[17.103824,48.121757],[17.103686,48.121816],[17.103555,48.121681]]]},"properties":{"name":""}},{"type":"Feature","geometry":{"type":"Polygon","coordinates":[[[17.104234,48.122249],[17.104198,48.122213],[17.104185,48.122211],[17.103964,48.122307],[17.103959,48.122319],[17.104085,48.122448],[17.104106,48.122452],[17.104193,48.122414],[17.104092,48.12231],[17.104234,48.122249]]]},"properties":{"name":""}},{"type":"Feature","geometry":{"type":"Polygon","coordinates":[[[17.10993,48.131209],[17.110283,48.131194],[17.110389,48.131222],[17.111696,48.131175],[17.111689,48.131181],[17.111676,48.131188],[17.111657,48.131192],[17.110107,48.13125],[17.110062,48.131251],[17.110003,48.131245],[17.109958,48.131231],[17.10993,48.131209]]]},"properties":{"name":""}},{"type":"Feature","geometry":{"type":"Polygon","coordinates":[[[17.110285,48.128478],[17.110288,48.128406],[17.11027,48.128406],[17.110251,48.128401],[17.110236,48.128391],[17.110229,48.128378],[17.110228,48.128362],[17.11024,48.128344],[17.110108,48.128347],[17.110096,48.128354],[17.110107,48.12848],[17.110113,48.128484],[17.110285,48.128478]]]},"properties":{"name":""}},{"type":"Feature","geometry":{"type":"Polygon","coordinates":[[[17.110108,48.128504],[17.110112,48.128499],[17.110184,48.128498],[17.1102,48.128696],[17.110141,48.128668],[17.110115,48.12862],[17.110108,48.128504]]]},"properties":{"name":""}},{"type":"Feature","geometry":{"type":"Polygon","coordinates":[[[17.118304,48.128789],[17.118318,48.128797],[17.118333,48.128797],[17.118345,48.128791],[17.118364,48.128741],[17.118361,48.128733],[17.118355,48.12873],[17.1183,48.128715],[17.118283,48.128715],[17.118276,48.128724],[17.118278,48.128735],[17.118304,48.128789]]]},"properties":{"name":""}},{"type":"Feature","geometry":{"type":"Polygon","coordinates":[[[17.112273,48.129476],[17.112205,48.129479],[17.112203,48.129453],[17.112145,48.129453],[17.112158,48.129607],[17.112283,48.129604],[17.112273,48.129476]]]},"properties":{"name":""}},{"type":"Feature","geometry":{"type":"Polygon","coordinates":[[[17.112285,48.129626],[17.112163,48.129632],[17.112188,48.129907],[17.112435,48.129899],[17.112437,48.129897],[17.112427,48.129774],[17.112362,48.129776],[17.11236,48.129759],[17.112295,48.129761],[17.112285,48.129626]]]},"properties":{"name":""}},{"type":"Feature","geometry":{"type":"Polygon","coordinates":[[[17.112101,48.129372],[17.111933,48.129379],[17.111929,48.129325],[17.11184,48.129328],[17.111842,48.129339],[17.111797,48.12934],[17.111796,48.12933],[17.111589,48.129337],[17.111578,48.129216],[17.111739,48.12921],[17.111737,48.12919],[17.111722,48.129191],[17.11172,48.129162],[17.111735,48.12916],[17.111731,48.129106],[17.111725,48.129039],[17.111725,48.129028],[17.111773,48.128998],[17.1119,48.128993],[17.111903,48.129033],[17.111908,48.1291],[17.111917,48.129203],[17.112078,48.129197],[17.112067,48.129068],[17.112063,48.129026],[17.112239,48.12902],[17.112314,48.129041],[17.112319,48.129047],[17.112319,48.129058],[17.112403,48.129055],[17.112485,48.129052],[17.112497,48.129182],[17.112414,48.129185],[17.112328,48.129188],[17.112329,48.129199],[17.112292,48.129201],[17.112291,48.129189],[17.112255,48.129191],[17.112271,48.129365],[17.112273,48.129395],[17.112275,48.12942],[17.112437,48.129413],[17.112703,48.129403],[17.112662,48.128898],[17.111211,48.128954],[17.111255,48.129458],[17.11155,48.129447],[17.112105,48.129428],[17.112101,48.129372]]]},"properties":{"name":""}},{"type":"Feature","geometry":{"type":"Polygon","coordinates":[[[17.111784,48.128709],[17.111803,48.128921],[17.111855,48.12892],[17.111951,48.128916],[17.112054,48.128911],[17.112097,48.128909],[17.112079,48.128698],[17.111784,48.128709]]]},"properties":{"name":""}},{"type":"Feature","geometry":{"type":"Polygon","coordinates":[[[17.11247,48.129826],[17.112474,48.129895],[17.112478,48.129897],[17.112635,48.129891],[17.112639,48.129889],[17.112635,48.129821],[17.11247,48.129826]]]},"properties":{"name":""}},{"type":"Feature","geometry":{"type":"Polygon","coordinates":[[[17.112668,48.12982],[17.112672,48.129887],[17.112677,48.12989],[17.11301,48.129877],[17.113016,48.129874],[17.11301,48.129808],[17.112668,48.12982]]]},"properties":{"name":""}},{"type":"Feature","geometry":{"type":"Polygon","coordinates":[[[17.113475,48.129738],[17.113543,48.129735],[17.113542,48.129717],[17.113607,48.129715],[17.113599,48.129607],[17.113696,48.129604],[17.113712,48.129845],[17.113482,48.129853],[17.113475,48.129738]]]},"properties":{"name":""}},{"type":"Feature","geometry":{"type":"Polygon","coordinates":[[[17.113443,48.129793],[17.113449,48.129854],[17.113445,48.129859],[17.113291,48.129865],[17.113287,48.129863],[17.113281,48.129798],[17.113443,48.129793]]]},"properties":{"name":""}},{"type":"Feature","geometry":{"type":"Polygon","coordinates":[[[17.113254,48.129799],[17.11326,48.129863],[17.113257,48.129867],[17.113059,48.129875],[17.113054,48.129873],[17.113048,48.129806],[17.113254,48.129799]]]},"properties":{"name":""}},{"type":"Feature","geometry":{"type":"Polygon","coordinates":[[[17.113751,48.129866],[17.11399,48.129857],[17.113998,48.129953],[17.113989,48.129971],[17.113952,48.130001],[17.113904,48.130016],[17.113764,48.130023],[17.113751,48.129866]]]},"properties":{"name":""}},{"type":"Feature","geometry":{"type":"Polygon","coordinates":[[[17.114003,48.129979],[17.113967,48.130008],[17.113905,48.130028],[17.113202,48.130056],[17.1132,48.130043],[17.113198,48.129996],[17.113189,48.129996],[17.113172,48.130001],[17.113159,48.130007],[17.113149,48.130015],[17.113141,48.130024],[17.113136,48.130035],[17.113134,48.130043],[17.113134,48.130051],[17.113137,48.13006],[17.113144,48.130071],[17.113157,48.130081],[17.113178,48.130089],[17.113194,48.130091],[17.113888,48.130064],[17.113917,48.13006],[17.113946,48.130048],[17.11397,48.130035],[17.113991,48.130012],[17.113999,48.129996],[17.114003,48.129979]]]},"properties":{"name":""}},{"type":"Feature","geometry":{"type":"Polygon","coordinates":[[[17.112986,48.130006],[17.113006,48.130006],[17.113021,48.130008],[17.113031,48.130013],[17.113041,48.130021],[17.113047,48.13003],[17.11305,48.130039],[17.113051,48.130047],[17.113051,48.130053],[17.113049,48.130062],[17.113046,48.13007],[17.113038,48.13008],[17.113024,48.13009],[17.113009,48.130095],[17.113001,48.130098],[17.112978,48.130099],[17.112362,48.130122],[17.112318,48.13012],[17.112278,48.130113],[17.112252,48.130105],[17.112246,48.1301],[17.112247,48.130094],[17.112258,48.130091],[17.11299,48.13006],[17.11299,48.130051],[17.112986,48.130006]]]},"properties":{"name":""}},{"type":"Feature","geometry":{"type":"Polygon","coordinates":[[[17.112186,48.130087],[17.112152,48.130074],[17.11212,48.130051],[17.112085,48.130019],[17.112077,48.12998],[17.112072,48.129936],[17.112171,48.129932],[17.112186,48.130087]]]},"properties":{"name":""}},{"type":"Feature","geometry":{"type":"Polygon","coordinates":[[[17.113597,48.129587],[17.113693,48.129585],[17.113686,48.129477],[17.113588,48.129477],[17.113595,48.129558],[17.113597,48.129587]]]},"properties":{"name":""}},{"type":"Feature","geometry":{"type":"Polygon","coordinates":[[[17.113587,48.129461],[17.113682,48.129457],[17.113663,48.129219],[17.113569,48.129219],[17.113577,48.129326],[17.113587,48.129461]]]},"properties":{"name":""}},{"type":"Feature","geometry":{"type":"Polygon","coordinates":[[[17.111725,48.129498],[17.111789,48.129495],[17.111787,48.129464],[17.111833,48.129462],[17.111838,48.129465],[17.111853,48.129638],[17.111847,48.129644],[17.111737,48.129649],[17.111725,48.129498]]]},"properties":{"name":""}},{"type":"Feature","geometry":{"type":"Polygon","coordinates":[[[17.11174,48.129676],[17.111837,48.129673],[17.111857,48.129683],[17.111877,48.129904],[17.111628,48.129911],[17.111616,48.129799],[17.111681,48.129797],[17.11168,48.129781],[17.111747,48.129778],[17.11174,48.129676]]]},"properties":{"name":""}},{"type":"Feature","geometry":{"type":"Polygon","coordinates":[[[17.111829,48.129938],[17.11183,48.129983],[17.11189,48.129982],[17.111915,48.129979],[17.111934,48.129975],[17.111955,48.129968],[17.111972,48.129961],[17.111988,48.129951],[17.111996,48.129944],[17.112001,48.129936],[17.111829,48.129938]]]},"properties":{"name":""}},{"type":"Feature","geometry":{"type":"Polygon","coordinates":[[[17.110557,48.130024],[17.110484,48.130026],[17.11044,48.130024],[17.110393,48.130016],[17.110346,48.130003],[17.110307,48.129986],[17.11027,48.129965],[17.110241,48.12994],[17.110221,48.129907],[17.110214,48.129881],[17.110211,48.129853],[17.110278,48.12985],[17.110507,48.129979],[17.110556,48.129978],[17.110557,48.130024]]]},"properties":{"name":""}},{"type":"Feature","geometry":{"type":"Polygon","coordinates":[[[17.110143,48.128969],[17.110138,48.128847],[17.110138,48.128831],[17.110141,48.128814],[17.110153,48.128798],[17.110194,48.12878],[17.110208,48.128967],[17.110143,48.128969]]]},"properties":{"name":""}},{"type":"Feature","geometry":{"type":"Polygon","coordinates":[[[17.111583,48.129856],[17.111587,48.129912],[17.111525,48.129916],[17.11152,48.129858],[17.111583,48.129856]]]},"properties":{"name":""}},{"type":"Feature","geometry":{"type":"Polygon","coordinates":[[[17.111495,48.129859],[17.1115,48.129916],[17.111425,48.129919],[17.111421,48.129861],[17.111495,48.129859]]]},"properties":{"name":""}},{"type":"Feature","geometry":{"type":"Polygon","coordinates":[[[17.111183,48.129868],[17.111187,48.129924],[17.111395,48.129919],[17.111391,48.129862],[17.111385,48.129862],[17.111183,48.129868]]]},"properties":{"name":""}},{"type":"Feature","geometry":{"type":"Polygon","coordinates":[[[17.111159,48.129869],[17.111166,48.129928],[17.110806,48.129939],[17.1108,48.129882],[17.110998,48.129875],[17.111159,48.129869]]]},"properties":{"name":""}},{"type":"Feature","geometry":{"type":"Polygon","coordinates":[[[17.110608,48.129889],[17.110767,48.129883],[17.110771,48.129941],[17.110602,48.129945],[17.110608,48.129889]]]},"properties":{"name":""}},{"type":"Feature","geometry":{"type":"Polygon","coordinates":[[[17.110393,48.129301],[17.110302,48.129304],[17.110291,48.129308],[17.110299,48.129435],[17.110307,48.129439],[17.110404,48.129437],[17.110403,48.129433],[17.110393,48.129301]]]},"properties":{"name":""}},{"type":"Feature","geometry":{"type":"Polygon","coordinates":[[[17.110405,48.129459],[17.110308,48.129461],[17.110301,48.129467],[17.110307,48.129547],[17.110313,48.12955],[17.110412,48.129548],[17.110405,48.129459]]]},"properties":{"name":""}},{"type":"Feature","geometry":{"type":"Polygon","coordinates":[[[17.110413,48.129563],[17.110315,48.129566],[17.110308,48.12957],[17.110317,48.129691],[17.110325,48.129695],[17.110423,48.129692],[17.110421,48.129664],[17.110413,48.129563]]]},"properties":{"name":""}},{"type":"Feature","geometry":{"type":"Polygon","coordinates":[[[17.110568,48.129835],[17.110499,48.129838],[17.110498,48.129821],[17.110434,48.129824],[17.110425,48.129714],[17.110326,48.129715],[17.110318,48.129722],[17.110326,48.129845],[17.110333,48.129852],[17.110516,48.129954],[17.110526,48.129957],[17.110571,48.129956],[17.110577,48.129953],[17.110568,48.129835]]]},"properties":{"name":""}},{"type":"Feature","geometry":{"type":"Polygon","coordinates":[[[17.117021,48.128039],[17.11702,48.128021],[17.117693,48.128],[17.117753,48.127995],[17.117887,48.127976],[17.117949,48.12797],[17.118983,48.127931],[17.118985,48.127957],[17.117021,48.128039]]]},"properties":{"name":""}},{"type":"Feature","geometry":{"type":"Polygon","coordinates":[[[17.11916,48.128033],[17.119149,48.12804],[17.11914,48.128057],[17.119136,48.128082],[17.119211,48.128975],[17.11929,48.128972],[17.11919,48.128039],[17.11916,48.128033]]]},"properties":{"name":""}},{"type":"Feature","geometry":{"type":"Polygon","coordinates":[[[17.119217,48.129068],[17.1193,48.12914],[17.119334,48.129619],[17.119262,48.129624],[17.119217,48.129068]]]},"properties":{"name":""}},{"type":"Feature","geometry":{"type":"Polygon","coordinates":[[[17.118095,48.129864],[17.118095,48.129878],[17.118624,48.12987],[17.119111,48.129847],[17.11922,48.129832],[17.119268,48.129812],[17.119299,48.129778],[17.119318,48.129742],[17.119333,48.129672],[17.119334,48.129619],[17.119262,48.129624],[17.119268,48.129723],[17.119244,48.129764],[17.119204,48.129798],[17.119123,48.129822],[17.118095,48.129864]]]},"properties":{"name":""}},{"type":"Feature","geometry":{"type":"Polygon","coordinates":[[[17.11411,48.12868],[17.11408,48.128681],[17.114083,48.128741],[17.114115,48.12874],[17.11411,48.12868]]]},"properties":{"name":""}},{"type":"Feature","geometry":{"type":"Polygon","coordinates":[[[17.113687,48.128866],[17.113687,48.128853],[17.113867,48.128698],[17.11389,48.128719],[17.113902,48.12886],[17.113687,48.128866]]]},"properties":{"name":""}},{"type":"Feature","geometry":{"type":"Polygon","coordinates":[[[17.113633,48.128829],[17.11363,48.12879],[17.113622,48.128674],[17.113664,48.128646],[17.113801,48.128642],[17.113826,48.128643],[17.113843,48.128645],[17.113855,48.128648],[17.113855,48.128654],[17.113849,48.128664],[17.113842,48.128672],[17.113678,48.128827],[17.113633,48.128829]]]},"properties":{"name":""}},{"type":"Feature","geometry":{"type":"Polygon","coordinates":[[[17.11419,48.128647],[17.114152,48.128647],[17.114181,48.129044],[17.114222,48.129044],[17.11419,48.128647]]]},"properties":{"name":""}},{"type":"Feature","geometry":{"type":"Polygon","coordinates":[[[17.114385,48.129978],[17.114387,48.130015],[17.114355,48.130013],[17.114323,48.130006],[17.114289,48.129993],[17.114263,48.129981],[17.114234,48.129965],[17.114207,48.129945],[17.114182,48.129925],[17.114168,48.1299],[17.114161,48.129879],[17.114159,48.129854],[17.114202,48.129853],[17.114208,48.12988],[17.114222,48.129903],[17.114241,48.129922],[17.114262,48.129937],[17.114289,48.129952],[17.114317,48.129962],[17.114342,48.12997],[17.114363,48.129975],[17.114385,48.129978]]]},"properties":{"name":""}},{"type":"Feature","geometry":{"type":"Polygon","coordinates":[[[17.115744,48.129969],[17.115741,48.129955],[17.115509,48.129944],[17.114422,48.129977],[17.114423,48.130015],[17.115744,48.129969]]]},"properties":{"name":""}},{"type":"Feature","geometry":{"type":"Polygon","coordinates":[[[17.114315,48.129645],[17.114318,48.129687],[17.114362,48.129682],[17.11437,48.129812],[17.114976,48.129796],[17.115094,48.129797],[17.115106,48.129933],[17.114399,48.129955],[17.114365,48.129949],[17.114326,48.129939],[17.114289,48.12992],[17.114266,48.129897],[17.11425,48.129871],[17.114231,48.129647],[17.114315,48.129645]]]},"properties":{"name":""}},{"type":"Feature","geometry":{"type":"Polygon","coordinates":[[[17.109239,48.128726],[17.109237,48.128602],[17.10941,48.128598],[17.109417,48.128727],[17.109239,48.128726]]]},"properties":{"name":""}},{"type":"Feature","geometry":{"type":"Polygon","coordinates":[[[17.109507,48.128697],[17.109531,48.128696],[17.109534,48.128711],[17.109557,48.128712],[17.109559,48.128728],[17.109797,48.128719],[17.109619,48.128591],[17.109496,48.128596],[17.109507,48.128697]]]},"properties":{"name":""}},{"type":"Feature","geometry":{"type":"Polygon","coordinates":[[[17.109848,48.128718],[17.109904,48.128716],[17.109905,48.128544],[17.109671,48.128554],[17.109674,48.128598],[17.109848,48.128718]]]},"properties":{"name":""}},{"type":"Feature","geometry":{"type":"Polygon","coordinates":[[[17.109201,48.128839],[17.109405,48.12883],[17.109423,48.129018],[17.10921,48.129022],[17.109201,48.128839]]]},"properties":{"name":""}},{"type":"Feature","geometry":{"type":"Polygon","coordinates":[[[17.109703,48.128868],[17.109699,48.128818],[17.109546,48.128824],[17.109562,48.129065],[17.109566,48.129117],[17.109621,48.129115],[17.109602,48.128892],[17.109703,48.128889],[17.109703,48.128868]]]},"properties":{"name":""}},{"type":"Feature","geometry":{"type":"Polygon","coordinates":[[[17.109751,48.128867],[17.109752,48.128887],[17.109852,48.128885],[17.109848,48.128812],[17.109744,48.128816],[17.109751,48.128867]]]},"properties":{"name":""}},{"type":"Feature","geometry":{"type":"Polygon","coordinates":[[[17.110052,48.129007],[17.110032,48.128813],[17.109997,48.128813],[17.110003,48.128879],[17.11001,48.128984],[17.110011,48.129007],[17.110052,48.129007]]]},"properties":{"name":""}},{"type":"Feature","geometry":{"type":"Polygon","coordinates":[[[17.10995,48.128881],[17.110003,48.128879],[17.11001,48.128984],[17.110011,48.129007],[17.110053,48.129737],[17.110018,48.129739],[17.10995,48.128881]]]},"properties":{"name":""}},{"type":"Feature","geometry":{"type":"Polygon","coordinates":[[[17.109721,48.130064],[17.109385,48.130073],[17.108875,48.13008],[17.109177,48.130184],[17.109613,48.130316],[17.109821,48.130368],[17.110044,48.130406],[17.110263,48.130438],[17.110474,48.13046],[17.1105,48.130443],[17.110499,48.130413],[17.110494,48.130313],[17.110494,48.130299],[17.110166,48.130305],[17.11013,48.130232],[17.109859,48.13021],[17.109857,48.130143],[17.110236,48.13014],[17.110236,48.130162],[17.110485,48.130159],[17.110498,48.130161],[17.110553,48.130174],[17.110569,48.130177],[17.110604,48.130175],[17.110622,48.130166],[17.110632,48.130151],[17.110635,48.13013],[17.110627,48.13011],[17.110612,48.130097],[17.110582,48.130085],[17.110556,48.130083],[17.110488,48.130084],[17.110439,48.13008],[17.110391,48.130075],[17.110338,48.130062],[17.110287,48.130044],[17.110235,48.130021],[17.110206,48.13],[17.11018,48.129975],[17.110156,48.129947],[17.11014,48.129911],[17.110136,48.129875],[17.110118,48.129842],[17.110103,48.129842],[17.110063,48.129843],[17.110089,48.130053],[17.109721,48.130064]]]},"properties":{"name":""}},{"type":"Feature","geometry":{"type":"Polygon","coordinates":[[[17.106178,48.128597],[17.106433,48.128867],[17.106779,48.129101],[17.106937,48.129214],[17.107251,48.128987],[17.106737,48.128572],[17.106534,48.128408],[17.106178,48.128597]]]},"properties":{"name":""}},{"type":"Feature","geometry":{"type":"Polygon","coordinates":[[[17.107322,48.129064],[17.107026,48.129255],[17.10722,48.129371],[17.107149,48.129429],[17.107566,48.12966],[17.108005,48.129857],[17.108458,48.130034],[17.109014,48.130224],[17.109671,48.130395],[17.110277,48.130524],[17.110815,48.130599],[17.111194,48.130635],[17.111562,48.130658],[17.112015,48.130683],[17.112371,48.130683],[17.112364,48.130594],[17.112027,48.1306],[17.111923,48.130589],[17.111565,48.130551],[17.11126,48.130528],[17.111243,48.130502],[17.111068,48.130507],[17.11106,48.13048],[17.110955,48.13048],[17.11083,48.130425],[17.110549,48.130426],[17.110499,48.130413],[17.1105,48.130443],[17.110474,48.13046],[17.110263,48.130438],[17.110044,48.130406],[17.109821,48.130368],[17.109613,48.130316],[17.109177,48.130184],[17.108875,48.13008],[17.108327,48.129784],[17.107995,48.129579],[17.107386,48.12911],[17.107322,48.129064]]]},"properties":{"name":""}},{"type":"Feature","geometry":{"type":"Polygon","coordinates":[[[17.112455,48.130682],[17.11245,48.130613],[17.112529,48.130616],[17.114105,48.130553],[17.114233,48.130536],[17.11426,48.130514],[17.114309,48.130504],[17.115364,48.130467],[17.115539,48.130459],[17.115541,48.130471],[17.115546,48.13052],[17.116147,48.130493],[17.116193,48.130491],[17.116189,48.130472],[17.116448,48.130466],[17.116703,48.130457],[17.116709,48.130533],[17.112455,48.130682]]]},"properties":{"name":""}},{"type":"Feature","geometry":{"type":"Polygon","coordinates":[[[17.112308,48.13023],[17.112304,48.130218],[17.112296,48.130206],[17.112282,48.1302],[17.112205,48.130175],[17.112185,48.130172],[17.112169,48.130173],[17.112155,48.130182],[17.112149,48.130196],[17.11215,48.130235],[17.112308,48.13023]]]},"properties":{"name":""}},{"type":"Feature","geometry":{"type":"Polygon","coordinates":[[[17.112004,48.13024],[17.111996,48.130125],[17.111997,48.130109],[17.112006,48.130101],[17.11202,48.130098],[17.112035,48.130102],[17.112098,48.130131],[17.11211,48.130145],[17.112114,48.130163],[17.112117,48.130194],[17.11212,48.130237],[17.112004,48.13024]]]},"properties":{"name":""}},{"type":"Feature","geometry":{"type":"Polygon","coordinates":[[[17.111814,48.130119],[17.111871,48.130117],[17.111868,48.130063],[17.111911,48.130064],[17.11193,48.130069],[17.111946,48.130079],[17.111951,48.130092],[17.111954,48.130112],[17.11196,48.130219],[17.111925,48.13022],[17.111926,48.130236],[17.111821,48.13024],[17.111819,48.13024],[17.111814,48.130119]]]},"properties":{"name":""}},{"type":"Feature","geometry":{"type":"Polygon","coordinates":[[[17.111628,48.130419],[17.111633,48.130424],[17.111645,48.130429],[17.111661,48.130432],[17.111949,48.130446],[17.111972,48.130436],[17.11198,48.13042],[17.111978,48.130411],[17.111817,48.130427],[17.111809,48.130428],[17.111628,48.130419]]]},"properties":{"name":""}},{"type":"Feature","geometry":{"type":"Polygon","coordinates":[[[17.111385,48.13008],[17.111341,48.130082],[17.111327,48.130086],[17.111323,48.130093],[17.111321,48.130098],[17.111322,48.13012],[17.111388,48.130117],[17.111385,48.13008]]]},"properties":{"name":""}},{"type":"Feature","geometry":{"type":"Polygon","coordinates":[[[17.111537,48.130074],[17.111484,48.130076],[17.111487,48.130113],[17.111456,48.130114],[17.111458,48.130135],[17.111542,48.130131],[17.111537,48.130074]]]},"properties":{"name":""}},{"type":"Feature","geometry":{"type":"Polygon","coordinates":[[[17.110797,48.130181],[17.110764,48.130177],[17.110748,48.130169],[17.110733,48.130152],[17.110723,48.130132],[17.110727,48.130113],[17.110744,48.130094],[17.110765,48.130081],[17.110799,48.130072],[17.111205,48.130056],[17.11122,48.130059],[17.11123,48.130067],[17.111234,48.130077],[17.111236,48.130086],[17.111237,48.130093],[17.111234,48.130101],[17.111227,48.130107],[17.111221,48.13011],[17.111214,48.130112],[17.111213,48.130092],[17.110791,48.130107],[17.110797,48.130181]]]},"properties":{"name":""}},{"type":"Feature","geometry":{"type":"Polygon","coordinates":[[[17.119425,48.130924],[17.119356,48.130912],[17.119328,48.130876],[17.119435,48.130618],[17.119653,48.130509],[17.121189,48.130454],[17.121227,48.130493],[17.121098,48.130671],[17.121119,48.130709],[17.121315,48.13073],[17.121321,48.130779],[17.121248,48.130838],[17.120767,48.130851],[17.120409,48.130889],[17.119425,48.130924]]]},"properties":{"name":""}},{"type":"Feature","geometry":{"type":"Polygon","coordinates":[[[17.118287,48.128477],[17.118208,48.128372],[17.118185,48.12838],[17.118146,48.128333],[17.117731,48.12849],[17.117775,48.128544],[17.117781,48.128572],[17.117738,48.128566],[17.117705,48.128517],[17.117727,48.128886],[17.117744,48.12894],[17.117769,48.128991],[17.117796,48.129025],[17.117831,48.129059],[17.117883,48.129098],[17.117936,48.129124],[17.117993,48.129147],[17.118051,48.129166],[17.118095,48.129179],[17.118152,48.12919],[17.118209,48.129197],[17.118165,48.129152],[17.118261,48.129111],[17.118318,48.12917],[17.118373,48.129147],[17.118426,48.129125],[17.118484,48.12918],[17.118531,48.129169],[17.118875,48.129025],[17.118909,48.129013],[17.118814,48.128897],[17.118617,48.128971],[17.118464,48.12879],[17.118416,48.128796],[17.118382,48.1288],[17.118365,48.128818],[17.118338,48.128876],[17.118293,48.128872],[17.118293,48.128844],[17.118231,48.128672],[17.1183,48.12868],[17.118335,48.128679],[17.118364,48.128671],[17.118221,48.128501],[17.118287,48.128477]]]},"properties":{"name":""}},{"type":"Feature","geometry":{"type":"Polygon","coordinates":[[[17.119035,48.128989],[17.11899,48.128929],[17.119043,48.128909],[17.118512,48.128279],[17.118459,48.128298],[17.11843,48.128263],[17.118308,48.128308],[17.118102,48.128062],[17.118051,48.12808],[17.118019,48.128045],[17.117711,48.128161],[17.117685,48.128142],[17.117781,48.128126],[17.117773,48.128061],[17.117568,48.128072],[17.117569,48.128037],[17.119035,48.127971],[17.119071,48.127975],[17.119093,48.127984],[17.1191,48.127997],[17.119166,48.129003],[17.119082,48.129003],[17.119035,48.128989]]]},"properties":{"name":""}},{"type":"Feature","geometry":{"type":"Polygon","coordinates":[[[17.110248,48.128795],[17.110246,48.128762],[17.110288,48.128761],[17.110341,48.128791],[17.110248,48.128795]]]},"properties":{"name":""}},{"type":"Feature","geometry":{"type":"Polygon","coordinates":[[[17.110437,48.128788],[17.110425,48.128757],[17.111136,48.128736],[17.111152,48.128738],[17.111167,48.128743],[17.111175,48.128749],[17.111181,48.128754],[17.111183,48.12876],[17.111186,48.128766],[17.111186,48.128776],[17.111184,48.128783],[17.111178,48.12879],[17.111169,48.128796],[17.111153,48.128806],[17.111149,48.128763],[17.110437,48.128788]]]},"properties":{"name":""}},{"type":"Feature","geometry":{"type":"Polygon","coordinates":[[[17.111268,48.128751],[17.111269,48.128763],[17.111731,48.128746],[17.111729,48.128711],[17.111277,48.128729],[17.111272,48.128729],[17.111269,48.128732],[17.111267,48.128736],[17.111268,48.128751]]]},"properties":{"name":""}},{"type":"Feature","geometry":{"type":"Polygon","coordinates":[[[17.112107,48.12874],[17.112103,48.128697],[17.112651,48.128676],[17.112669,48.128887],[17.112661,48.128887],[17.112614,48.128889],[17.1126,48.12872],[17.112107,48.12874]]]},"properties":{"name":""}},{"type":"Feature","geometry":{"type":"Polygon","coordinates":[[[17.113489,48.128738],[17.113509,48.128742],[17.113523,48.128738],[17.113535,48.128732],[17.113545,48.128724],[17.113549,48.128714],[17.113551,48.128705],[17.113552,48.128696],[17.11355,48.128686],[17.113546,48.128678],[17.11354,48.12867],[17.113532,48.128663],[17.113523,48.128657],[17.113511,48.128652],[17.113501,48.12865],[17.113488,48.128648],[17.113474,48.128648],[17.112846,48.12867],[17.112849,48.128714],[17.113482,48.128691],[17.113489,48.128738]]]},"properties":{"name":""}},{"type":"Feature","geometry":{"type":"Polygon","coordinates":[[[17.113766,48.128411],[17.11379,48.128411],[17.113808,48.128409],[17.113817,48.128406],[17.113824,48.128402],[17.113829,48.128394],[17.113829,48.128386],[17.113825,48.128377],[17.113816,48.128371],[17.113802,48.128368],[17.113786,48.128367],[17.113715,48.12837],[17.113703,48.128374],[17.113695,48.128383],[17.113694,48.12839],[17.113695,48.128398],[17.113703,48.128407],[17.113715,48.128411],[17.113726,48.128413],[17.113766,48.128411]]]},"properties":{"name":""}},{"type":"Feature","geometry":{"type":"Polygon","coordinates":[[[17.113511,48.128594],[17.113602,48.128591],[17.113597,48.128518],[17.11367,48.128515],[17.113675,48.128588],[17.113818,48.128585],[17.113829,48.12858],[17.113851,48.128571],[17.113858,48.128567],[17.113857,48.128543],[17.113863,48.128538],[17.113866,48.128529],[17.113866,48.128522],[17.11386,48.128448],[17.11377,48.128448],[17.113584,48.128453],[17.113526,48.128454],[17.113519,48.128454],[17.113502,48.128454],[17.113511,48.128594]]]},"properties":{"name":""}},{"type":"Feature","geometry":{"type":"Polygon","coordinates":[[[17.11138,48.130265],[17.111414,48.130273],[17.111454,48.130279],[17.111513,48.130282],[17.111549,48.130281],[17.111547,48.130251],[17.111457,48.130254],[17.111455,48.130232],[17.111379,48.130234],[17.11138,48.130265]]]},"properties":{"name":""}},{"type":"Feature","geometry":{"type":"Polygon","coordinates":[[[17.117121,48.130952],[17.117079,48.13097],[17.117033,48.130985],[17.116963,48.130996],[17.116888,48.131],[17.113974,48.131124],[17.113182,48.131137],[17.112057,48.131175],[17.112051,48.131135],[17.117102,48.130949],[17.117121,48.130952]]]},"properties":{"name":""}},{"type":"Feature","geometry":{"type":"Polygon","coordinates":[[[17.114518,48.130095],[17.114438,48.130098],[17.114442,48.130145],[17.114522,48.130142],[17.114518,48.130095]]]},"properties":{"name":""}},{"type":"Feature","geometry":{"type":"Polygon","coordinates":[[[17.108091,48.122748],[17.107946,48.122537],[17.106862,48.122587],[17.106873,48.12294],[17.106891,48.123139],[17.106885,48.12318],[17.106865,48.123275],[17.106678,48.123609],[17.106693,48.123654],[17.106739,48.12369],[17.106789,48.123706],[17.106865,48.123713],[17.106928,48.123705],[17.107004,48.123688],[17.107249,48.123685],[17.107247,48.123659],[17.107398,48.123651],[17.107511,48.123676],[17.107773,48.123675],[17.107749,48.123396],[17.10774,48.123179],[17.108248,48.122975],[17.108091,48.122748]]]},"properties":{"name":""}},{"type":"Feature","geometry":{"type":"Polygon","coordinates":[[[17.108135,48.128752],[17.109213,48.128716],[17.109148,48.127525],[17.108989,48.127531],[17.108752,48.127539],[17.108367,48.127553],[17.108174,48.12756],[17.108043,48.127564],[17.108086,48.128309],[17.106932,48.128355],[17.106939,48.128419],[17.107072,48.128523],[17.107119,48.1285],[17.107422,48.128607],[17.107423,48.128746],[17.107388,48.128767],[17.107472,48.128839],[17.107704,48.12878],[17.108135,48.128752]]]},"properties":{"name":"Mal\u00fd par\u010d\u00edk"}},{"type":"Feature","geometry":{"type":"Polygon","coordinates":[[[17.114055,48.121447],[17.114372,48.121433],[17.114361,48.121322],[17.114045,48.121335],[17.114055,48.121447]]]},"properties":{"name":""}},{"type":"Feature","geometry":{"type":"Polygon","coordinates":[[[17.105463,48.124179],[17.104698,48.124177],[17.104696,48.12431],[17.104742,48.12431],[17.105466,48.124302],[17.105463,48.124179]]]},"properties":{"name":"V\u00fdcvikov\u00e1 \u0161kola DOGGIE"}},{"type":"Feature","geometry":{"type":"Polygon","coordinates":[[[17.119373,48.120835],[17.119454,48.120862],[17.11964,48.120613],[17.119559,48.120586],[17.119373,48.120835]]]},"properties":{"name":""}},{"type":"Feature","geometry":{"type":"Polygon","coordinates":[[[17.119069,48.120183],[17.119134,48.120204],[17.119168,48.12016],[17.119103,48.120139],[17.119069,48.120183]]]},"properties":{"name":""}},{"type":"Feature","geometry":{"type":"Polygon","coordinates":[[[17.109646,48.130589],[17.11018,48.130705],[17.110218,48.130644],[17.110238,48.130596],[17.109434,48.130428],[17.108744,48.130233],[17.108037,48.129981],[17.107615,48.129807],[17.107021,48.129515],[17.106562,48.129258],[17.10654,48.129281],[17.106815,48.129454],[17.107492,48.129807],[17.108127,48.130086],[17.10873,48.130292],[17.109267,48.13044],[17.109646,48.130589]]]},"properties":{"name":""}},{"type":"Feature","geometry":{"type":"Polygon","coordinates":[[[17.12028,48.117998],[17.120983,48.118473],[17.121315,48.118212],[17.120586,48.11773],[17.12028,48.117998]]]},"properties":{"name":""}},{"type":"Feature","geometry":{"type":"Polygon","coordinates":[[[17.119201,48.129467],[17.119172,48.129089],[17.119077,48.129088],[17.119025,48.129098],[17.11898,48.129109],[17.118996,48.129128],[17.118665,48.129264],[17.118495,48.12931],[17.118318,48.129333],[17.118185,48.129324],[17.118065,48.129306],[17.117893,48.129238],[17.117814,48.129261],[17.117801,48.129455],[17.118491,48.129482],[17.119201,48.129467]]]},"properties":{"name":""}},{"type":"Feature","geometry":{"type":"Polygon","coordinates":[[[17.120483,48.121405],[17.120592,48.121265],[17.120239,48.121143],[17.12013,48.121284],[17.120483,48.121405]]]},"properties":{"name":""}},{"type":"Feature","geometry":{"type":"Polygon","coordinates":[[[17.114235,48.119664],[17.114227,48.119557],[17.114536,48.119547],[17.114544,48.119654],[17.114235,48.119664]]]},"properties":{"name":""}},{"type":"Feature","geometry":{"type":"Polygon","coordinates":[[[17.113886,48.119676],[17.114131,48.119666],[17.114123,48.119581],[17.113878,48.119591],[17.113886,48.119676]]]},"properties":{"name":""}},{"type":"Feature","geometry":{"type":"Polygon","coordinates":[[[17.120575,48.128882],[17.120576,48.128912],[17.121128,48.12889],[17.121096,48.128507],[17.120548,48.12854],[17.1201,48.128557],[17.120122,48.128827],[17.120363,48.128819],[17.12037,48.128889],[17.120575,48.128882]]]},"properties":{"name":""}},{"type":"Feature","geometry":{"type":"Polygon","coordinates":[[[17.121002,48.128336],[17.12108,48.128332],[17.12108,48.128327],[17.121133,48.128324],[17.121167,48.128322],[17.121168,48.128329],[17.121331,48.128323],[17.12134,48.128447],[17.121093,48.128456],[17.121013,48.128459],[17.121002,48.128336]]]},"properties":{"name":""}},{"type":"Feature","geometry":{"type":"Polygon","coordinates":[[[17.121385,48.128995],[17.121633,48.128985],[17.121588,48.128437],[17.12134,48.128447],[17.121385,48.128995]]]},"properties":{"name":""}},{"type":"Feature","geometry":{"type":"Polygon","coordinates":[[[17.121139,48.129005],[17.121128,48.12889],[17.121096,48.128507],[17.121093,48.128456],[17.12134,48.128447],[17.121385,48.128995],[17.121139,48.129005]]]},"properties":{"name":""}},{"type":"Feature","geometry":{"type":"Polygon","coordinates":[[[17.115387,48.127093],[17.115562,48.127086],[17.115553,48.126943],[17.115544,48.126926],[17.115528,48.126913],[17.115513,48.126906],[17.115495,48.1269],[17.115456,48.126898],[17.115377,48.126901],[17.115387,48.127093]]]},"properties":{"name":""}},{"type":"Feature","geometry":{"type":"Polygon","coordinates":[[[17.114918,48.126915],[17.113987,48.126943],[17.113963,48.12695],[17.113948,48.126959],[17.113932,48.12697],[17.113922,48.126981],[17.113914,48.126995],[17.11391,48.12701],[17.113907,48.127051],[17.113918,48.127199],[17.113952,48.127198],[17.114824,48.127168],[17.114824,48.127151],[17.114821,48.127111],[17.11493,48.127106],[17.114918,48.126915]]]},"properties":{"name":""}},{"type":"Feature","geometry":{"type":"Polygon","coordinates":[[[17.114981,48.127105],[17.115322,48.127094],[17.115387,48.127093],[17.115377,48.126901],[17.114967,48.126913],[17.114981,48.127105]]]},"properties":{"name":""}},{"type":"Feature","geometry":{"type":"Polygon","coordinates":[[[17.114015,48.125343],[17.114183,48.125271],[17.114548,48.125651],[17.114572,48.126029],[17.114548,48.12605],[17.114224,48.126059],[17.114156,48.125504],[17.114015,48.125343]]]},"properties":{"name":""}},{"type":"Feature","geometry":{"type":"Polygon","coordinates":[[[17.106534,48.128408],[17.106737,48.128572],[17.107251,48.128987],[17.107218,48.128874],[17.106724,48.128512],[17.106705,48.128355],[17.106635,48.128355],[17.106534,48.128408]]]},"properties":{"name":""}},{"type":"Feature","geometry":{"type":"Polygon","coordinates":[[[17.106561,48.127407],[17.106628,48.127405],[17.106631,48.127363],[17.106586,48.12731],[17.106505,48.127312],[17.106509,48.127357],[17.105945,48.127375],[17.10595,48.127437],[17.106561,48.127407]]]},"properties":{"name":""}},{"type":"Feature","geometry":{"type":"Polygon","coordinates":[[[17.106283,48.12623],[17.106383,48.126227],[17.106398,48.12642],[17.10645,48.127101],[17.106315,48.127106],[17.106182,48.12711],[17.106152,48.127107],[17.106155,48.127149],[17.105996,48.127159],[17.105995,48.127211],[17.106077,48.127261],[17.10653,48.127239],[17.106604,48.127198],[17.106612,48.127137],[17.106611,48.127097],[17.106535,48.127099],[17.106493,48.126484],[17.106568,48.126482],[17.106559,48.126351],[17.106492,48.126354],[17.106482,48.126218],[17.106551,48.126216],[17.106518,48.126137],[17.106444,48.126093],[17.106351,48.126073],[17.106275,48.126073],[17.106283,48.12623]]]},"properties":{"name":""}},{"type":"Feature","geometry":{"type":"Polygon","coordinates":[[[17.112257,48.125668],[17.112006,48.125674],[17.112024,48.125987],[17.112278,48.12598],[17.112257,48.125668]]]},"properties":{"name":""}},{"type":"Feature","geometry":{"type":"Polygon","coordinates":[[[17.112511,48.125974],[17.112757,48.125966],[17.112737,48.125654],[17.112491,48.125661],[17.112511,48.125974]]]},"properties":{"name":""}},{"type":"Feature","geometry":{"type":"Polygon","coordinates":[[[17.112757,48.125966],[17.112929,48.12596],[17.113005,48.125957],[17.112988,48.125649],[17.112737,48.125654],[17.112757,48.125966]]]},"properties":{"name":""}},{"type":"Feature","geometry":{"type":"Polygon","coordinates":[[[17.105384,48.119448],[17.105672,48.119742],[17.10571,48.120247],[17.105778,48.120246],[17.105762,48.12027],[17.105742,48.120285],[17.105708,48.120294],[17.105687,48.120294],[17.105665,48.120292],[17.105645,48.120286],[17.105631,48.120279],[17.105613,48.120266],[17.105608,48.120249],[17.105674,48.120247],[17.105637,48.119748],[17.105354,48.119461],[17.105384,48.119448]]]},"properties":{"name":""}},{"type":"Feature","geometry":{"type":"Polygon","coordinates":[[[17.108074,48.123094],[17.108085,48.123108],[17.108228,48.123145],[17.108342,48.12316],[17.108417,48.12316],[17.108423,48.123147],[17.108327,48.123094],[17.108252,48.123036],[17.108222,48.123028],[17.108077,48.123083],[17.108074,48.123094]]]},"properties":{"name":""}},{"type":"Feature","geometry":{"type":"Polygon","coordinates":[[[17.106198,48.130139],[17.106333,48.130193],[17.106355,48.130169],[17.106219,48.130115],[17.106198,48.130139]]]},"properties":{"name":""}},{"type":"Feature","geometry":{"type":"Polygon","coordinates":[[[17.118019,48.118154],[17.118401,48.117644],[17.118611,48.117695],[17.118952,48.117675],[17.119847,48.118012],[17.11977,48.118111],[17.119754,48.118129],[17.11974,48.118148],[17.119188,48.118675],[17.11895,48.118589],[17.118526,48.11836],[17.118265,48.118256],[17.118019,48.118154]]]},"properties":{"name":""}},{"type":"Feature","geometry":{"type":"Polygon","coordinates":[[[17.113524,48.121066],[17.113391,48.121122],[17.114059,48.121808],[17.114055,48.121737],[17.114043,48.121737],[17.11403,48.121653],[17.114074,48.121652],[17.113524,48.121066]]]},"properties":{"name":""}},{"type":"Feature","geometry":{"type":"Polygon","coordinates":[[[17.113252,48.120785],[17.113503,48.121048],[17.113373,48.121101],[17.113123,48.12084],[17.113252,48.120785]]]},"properties":{"name":""}},{"type":"Feature","geometry":{"type":"Polygon","coordinates":[[[17.110956,48.123948],[17.111009,48.123946],[17.111002,48.123856],[17.110949,48.123857],[17.110956,48.123948]]]},"properties":{"name":""}},{"type":"Feature","geometry":{"type":"Polygon","coordinates":[[[17.110968,48.12409],[17.111021,48.124088],[17.111015,48.123999],[17.110961,48.124001],[17.110968,48.12409]]]},"properties":{"name":""}},{"type":"Feature","geometry":{"type":"Polygon","coordinates":[[[17.110979,48.124235],[17.111035,48.124232],[17.111027,48.124142],[17.110974,48.124144],[17.110979,48.124235]]]},"properties":{"name":""}},{"type":"Feature","geometry":{"type":"Polygon","coordinates":[[[17.110993,48.124377],[17.111047,48.124376],[17.11104,48.124287],[17.110987,48.124289],[17.110993,48.124377]]]},"properties":{"name":""}},{"type":"Feature","geometry":{"type":"Polygon","coordinates":[[[17.111006,48.124521],[17.111059,48.124519],[17.111051,48.12443],[17.110997,48.124432],[17.111006,48.124521]]]},"properties":{"name":""}},{"type":"Feature","geometry":{"type":"Polygon","coordinates":[[[17.111016,48.124638],[17.111067,48.124636],[17.111062,48.124563],[17.11101,48.124565],[17.111016,48.124638]]]},"properties":{"name":""}},{"type":"Feature","geometry":{"type":"Polygon","coordinates":[[[17.111007,48.125304],[17.111166,48.125298],[17.111225,48.126171],[17.111123,48.126176],[17.111113,48.126066],[17.111064,48.126048],[17.11105,48.126016],[17.111041,48.125926],[17.111007,48.125304]]]},"properties":{"name":""}},{"type":"Feature","geometry":{"type":"Polygon","coordinates":[[[17.110848,48.124479],[17.110894,48.124478],[17.110949,48.125287],[17.110527,48.125301],[17.110521,48.125241],[17.110856,48.12523],[17.11081,48.124515],[17.110848,48.124479]]]},"properties":{"name":""}},{"type":"Feature","geometry":{"type":"Polygon","coordinates":[[[17.121008,48.124529],[17.121103,48.124489],[17.121109,48.12446],[17.121055,48.124401],[17.121007,48.124397],[17.120923,48.124433],[17.120912,48.12446],[17.120971,48.124522],[17.121008,48.124529]]]},"properties":{"name":""}},{"type":"Feature","geometry":{"type":"Polygon","coordinates":[[[17.11516,48.121008],[17.115307,48.121058],[17.115525,48.120763],[17.115383,48.120714],[17.11516,48.121008]]]},"properties":{"name":""}},{"type":"Feature","geometry":{"type":"Polygon","coordinates":[[[17.106354,48.122937],[17.106336,48.122644],[17.106661,48.12263],[17.106681,48.122847],[17.106657,48.122882],[17.106613,48.122915],[17.106566,48.122931],[17.106354,48.122937]]]},"properties":{"name":""}},{"type":"Feature","geometry":{"type":"Polygon","coordinates":[[[17.111065,48.127524],[17.111106,48.127468],[17.111038,48.127488],[17.111065,48.127524]]]},"properties":{"name":""}},{"type":"Feature","geometry":{"type":"Polygon","coordinates":[[[17.110811,48.118638],[17.110882,48.118588],[17.11093,48.118537],[17.110849,48.118448],[17.110842,48.118322],[17.110719,48.118326],[17.11074,48.118634],[17.110771,48.11864],[17.110811,48.118638]]]},"properties":{"name":""}},{"type":"Feature","geometry":{"type":"Polygon","coordinates":[[[17.111771,48.130762],[17.111363,48.130758],[17.111267,48.130772],[17.110218,48.130644],[17.110238,48.130596],[17.110826,48.130677],[17.111155,48.130707],[17.111481,48.13073],[17.111733,48.13074],[17.111771,48.130762]]]},"properties":{"name":""}},{"type":"Feature","geometry":{"type":"Polygon","coordinates":[[[17.115587,48.118702],[17.11532,48.118655],[17.115306,48.118696],[17.115562,48.118728],[17.115587,48.118702]]]},"properties":{"name":""}},{"type":"Feature","geometry":{"type":"Polygon","coordinates":[[[17.116305,48.118948],[17.116353,48.118955],[17.116409,48.118949],[17.116133,48.118854],[17.116113,48.118867],[17.116305,48.118948]]]},"properties":{"name":""}},{"type":"Feature","geometry":{"type":"Polygon","coordinates":[[[17.119449,48.128575],[17.11942,48.128601],[17.119413,48.128692],[17.119424,48.128836],[17.119477,48.128871],[17.119522,48.12887],[17.119477,48.128841],[17.119465,48.128826],[17.119449,48.128575]]]},"properties":{"name":""}},{"type":"Feature","geometry":{"type":"Polygon","coordinates":[[[17.119664,48.12986],[17.119678,48.129834],[17.119599,48.129809],[17.119566,48.129779],[17.119534,48.129722],[17.119501,48.129278],[17.11955,48.129246],[17.119542,48.129135],[17.119499,48.12915],[17.119471,48.129172],[17.119455,48.129203],[17.119455,48.129221],[17.119458,48.129258],[17.119498,48.129775],[17.119508,48.129812],[17.119554,48.129831],[17.119664,48.12986]]]},"properties":{"name":""}},{"type":"Feature","geometry":{"type":"Polygon","coordinates":[[[17.121186,48.129578],[17.121682,48.129561],[17.121665,48.129351],[17.121417,48.129361],[17.121421,48.129406],[17.121174,48.129415],[17.121186,48.129578]]]},"properties":{"name":""}},{"type":"Feature","geometry":{"type":"Polygon","coordinates":[[[17.121417,48.129361],[17.121665,48.129351],[17.121651,48.129192],[17.121633,48.128985],[17.121385,48.128995],[17.121417,48.129361]]]},"properties":{"name":""}},{"type":"Feature","geometry":{"type":"Polygon","coordinates":[[[17.121139,48.129005],[17.121174,48.129415],[17.121421,48.129406],[17.121417,48.129361],[17.121385,48.128995],[17.121139,48.129005]]]},"properties":{"name":""}},{"type":"Feature","geometry":{"type":"Polygon","coordinates":[[[17.121482,48.130048],[17.121468,48.129865],[17.121748,48.129855],[17.121762,48.130038],[17.121769,48.130116],[17.121596,48.130122],[17.1216,48.130174],[17.121493,48.130177],[17.121482,48.130048]]]},"properties":{"name":""}},{"type":"Feature","geometry":{"type":"Polygon","coordinates":[[[17.121226,48.130238],[17.122049,48.130208],[17.122036,48.13003],[17.121762,48.130038],[17.121769,48.130116],[17.121596,48.130122],[17.1216,48.130174],[17.121493,48.130177],[17.121482,48.130048],[17.121347,48.130052],[17.121213,48.130057],[17.121226,48.130238]]]},"properties":{"name":""}},{"type":"Feature","geometry":{"type":"Polygon","coordinates":[[[17.11012,48.128061],[17.110197,48.128118],[17.110226,48.128146],[17.110228,48.128159],[17.110282,48.128158],[17.11028,48.128113],[17.110223,48.128114],[17.110146,48.12806],[17.11012,48.128061]]]},"properties":{"name":""}},{"type":"Feature","geometry":{"type":"Polygon","coordinates":[[[17.11008,48.12809],[17.110092,48.12809],[17.110172,48.128152],[17.110137,48.128141],[17.11011,48.128129],[17.110087,48.128103],[17.11008,48.12809]]]},"properties":{"name":""}},{"type":"Feature","geometry":{"type":"Polygon","coordinates":[[[17.109904,48.127296],[17.109927,48.127295],[17.109951,48.127651],[17.109932,48.127676],[17.109904,48.127296]]]},"properties":{"name":""}},{"type":"Feature","geometry":{"type":"Polygon","coordinates":[[[17.113104,48.125556],[17.113241,48.125552],[17.11323,48.125399],[17.113093,48.125404],[17.113104,48.125556]]]},"properties":{"name":""}},{"type":"Feature","geometry":{"type":"Polygon","coordinates":[[[17.105793,48.127279],[17.105843,48.127261],[17.105889,48.127235],[17.105902,48.127192],[17.105887,48.127156],[17.105787,48.12716],[17.10579,48.127191],[17.105793,48.127279]]]},"properties":{"name":""}},{"type":"Feature","geometry":{"type":"Polygon","coordinates":[[[17.104354,48.129275],[17.104354,48.129232],[17.104338,48.129224],[17.104297,48.129241],[17.104282,48.129277],[17.104354,48.129275]]]},"properties":{"name":""}},{"type":"Feature","geometry":{"type":"Polygon","coordinates":[[[17.11473,48.120925],[17.114473,48.120933],[17.11442,48.120895],[17.114364,48.120839],[17.114294,48.120769],[17.11418,48.120647],[17.11419,48.120643],[17.114221,48.120649],[17.114251,48.120651],[17.114278,48.120647],[17.114299,48.12064],[17.114318,48.120625],[17.114329,48.120607],[17.11433,48.120589],[17.114324,48.12057],[17.114304,48.120522],[17.114326,48.120502],[17.114342,48.120497],[17.114359,48.120498],[17.114383,48.12051],[17.114385,48.120528],[17.114396,48.120553],[17.114409,48.12057],[17.11443,48.120584],[17.114459,48.120593],[17.114487,48.120599],[17.114529,48.120602],[17.114568,48.120602],[17.114605,48.120592],[17.114633,48.120578],[17.114654,48.120557],[17.114666,48.120538],[17.114672,48.120505],[17.114664,48.120477],[17.114649,48.120451],[17.114622,48.12043],[17.114584,48.120416],[17.114542,48.120408],[17.114509,48.120408],[17.114467,48.120415],[17.114437,48.120415],[17.114418,48.1204],[17.11443,48.12038],[17.114456,48.120373],[17.114482,48.120363],[17.114518,48.120347],[17.114539,48.120329],[17.114551,48.1203],[17.114546,48.12028],[17.114537,48.120265],[17.114511,48.120247],[17.114471,48.120232],[17.115031,48.120208],[17.115293,48.120193],[17.115304,48.120202],[17.115111,48.120449],[17.114906,48.120732],[17.114783,48.120898],[17.11473,48.120925]]]},"properties":{"name":""}},{"type":"Feature","geometry":{"type":"Polygon","coordinates":[[[17.114717,48.121052],[17.114735,48.12139],[17.114733,48.121411],[17.114715,48.121433],[17.114691,48.121451],[17.114659,48.12146],[17.11464,48.12146],[17.114616,48.121458],[17.114591,48.121447],[17.114567,48.121435],[17.114544,48.121408],[17.114539,48.121385],[17.114516,48.121035],[17.114521,48.121006],[17.114553,48.120978],[17.114594,48.120963],[17.114622,48.120962],[17.11465,48.120966],[17.114697,48.120986],[17.114717,48.121052]]]},"properties":{"name":""}},{"type":"Feature","geometry":{"type":"Polygon","coordinates":[[[17.114003,48.12043],[17.113999,48.120453],[17.11398,48.120461],[17.11381,48.120276],[17.113812,48.12026],[17.114192,48.120241],[17.114184,48.120249],[17.114149,48.120259],[17.114132,48.120271],[17.114116,48.120292],[17.114111,48.120314],[17.114119,48.120335],[17.114138,48.120356],[17.114179,48.120373],[17.114224,48.120376],[17.114251,48.120386],[17.114258,48.120398],[17.114255,48.120411],[17.114242,48.120421],[17.114222,48.120422],[17.114198,48.120418],[17.114169,48.120402],[17.114128,48.120389],[17.114076,48.120387],[17.114054,48.120392],[17.114035,48.120402],[17.114016,48.120416],[17.114003,48.12043]]]},"properties":{"name":""}},{"type":"Feature","geometry":{"type":"Polygon","coordinates":[[[17.114149,48.121652],[17.114,48.121494],[17.114479,48.121466],[17.114526,48.121465],[17.11456,48.121469],[17.114598,48.121485],[17.114621,48.1215],[17.114631,48.121519],[17.114637,48.121558],[17.114646,48.121635],[17.114149,48.121652]]]},"properties":{"name":""}},{"type":"Feature","geometry":{"type":"Polygon","coordinates":[[[17.114708,48.121631],[17.114702,48.121559],[17.114717,48.121519],[17.114722,48.121511],[17.114745,48.121493],[17.115479,48.121467],[17.115456,48.121479],[17.115441,48.121486],[17.115432,48.121496],[17.115428,48.121514],[17.115437,48.121533],[17.115461,48.121547],[17.115477,48.121549],[17.115496,48.121549],[17.115512,48.121545],[17.115525,48.12154],[17.11554,48.121531],[17.115549,48.121519],[17.115546,48.121499],[17.115545,48.121487],[17.115557,48.121476],[17.115565,48.121471],[17.115578,48.121472],[17.115588,48.121475],[17.115594,48.121479],[17.1156,48.121485],[17.115595,48.121497],[17.115596,48.121514],[17.115601,48.12153],[17.115618,48.121544],[17.115647,48.12155],[17.115679,48.121544],[17.115691,48.121533],[17.115698,48.121523],[17.115702,48.121509],[17.115699,48.121493],[17.115701,48.121483],[17.11571,48.121475],[17.115723,48.121474],[17.115741,48.121482],[17.115751,48.121494],[17.115748,48.121511],[17.115748,48.12152],[17.115751,48.121526],[17.115763,48.121535],[17.115773,48.121539],[17.11579,48.121543],[17.115807,48.121545],[17.115826,48.12154],[17.115845,48.121533],[17.115856,48.121524],[17.115859,48.121516],[17.115862,48.121502],[17.115856,48.121486],[17.115846,48.121472],[17.115843,48.121426],[17.116085,48.121419],[17.115956,48.121587],[17.115791,48.121593],[17.114708,48.121631]]]},"properties":{"name":""}},{"type":"Feature","geometry":{"type":"Polygon","coordinates":[[[17.113024,48.120545],[17.112692,48.120693],[17.112657,48.120653],[17.112648,48.120615],[17.11264,48.120587],[17.112652,48.120553],[17.11266,48.120538],[17.112672,48.120524],[17.112769,48.120476],[17.112728,48.120435],[17.112773,48.120416],[17.112799,48.120413],[17.112828,48.120413],[17.112861,48.120419],[17.112901,48.120431],[17.112932,48.120451],[17.113024,48.120545]]]},"properties":{"name":""}},{"type":"Feature","geometry":{"type":"Polygon","coordinates":[[[17.11372,48.120239],[17.113094,48.12052],[17.113003,48.120417],[17.112989,48.120394],[17.112986,48.120348],[17.113002,48.120314],[17.113123,48.120258],[17.113153,48.120297],[17.113497,48.120153],[17.113466,48.120115],[17.113555,48.12008],[17.11372,48.120239]]]},"properties":{"name":""}},{"type":"Feature","geometry":{"type":"Polygon","coordinates":[[[17.113713,48.120053],[17.113659,48.12006],[17.113613,48.120067],[17.113775,48.120227],[17.115316,48.120168],[17.115339,48.12016],[17.115519,48.119927],[17.115496,48.119909],[17.115453,48.119874],[17.115429,48.119887],[17.115472,48.119923],[17.115391,48.119968],[17.115295,48.120003],[17.115262,48.119962],[17.115214,48.119976],[17.115241,48.120016],[17.115134,48.120039],[17.114985,48.120047],[17.114982,48.120001],[17.114935,48.120003],[17.114937,48.120052],[17.11467,48.120057],[17.114668,48.120014],[17.114629,48.120016],[17.114632,48.120061],[17.114362,48.120068],[17.114359,48.120024],[17.114328,48.120025],[17.11433,48.12007],[17.113965,48.120085],[17.11396,48.120039],[17.113917,48.120042],[17.113923,48.120087],[17.113719,48.120101],[17.113713,48.120053]]]},"properties":{"name":""}},{"type":"Feature","geometry":{"type":"Polygon","coordinates":[[[17.117512,48.118641],[17.117295,48.118566],[17.117401,48.118439],[17.117467,48.118461],[17.117651,48.118211],[17.117596,48.118191],[17.117443,48.118133],[17.117361,48.11824],[17.117131,48.118159],[17.117307,48.117949],[17.11831,48.118256],[17.118614,48.117845],[17.118394,48.117771],[17.118464,48.11766],[17.118611,48.117695],[17.118952,48.117675],[17.119072,48.117716],[17.119252,48.117804],[17.11934,48.117842],[17.11926,48.117962],[17.118835,48.118476],[17.119021,48.118541],[17.119186,48.118598],[17.119102,48.118718],[17.118961,48.118901],[17.119078,48.118931],[17.119107,48.11894],[17.11909,48.118957],[17.118921,48.119182],[17.118826,48.119149],[17.118923,48.119021],[17.118727,48.118953],[17.118682,48.11901],[17.118205,48.118848],[17.118121,48.118955],[17.117732,48.118824],[17.117832,48.118692],[17.117649,48.118628],[17.117547,48.118595],[17.117512,48.118641]]]},"properties":{"name":""}},{"type":"Feature","geometry":{"type":"Polygon","coordinates":[[[17.107119,48.1285],[17.107072,48.128523],[17.107003,48.128561],[17.107316,48.128803],[17.107388,48.128767],[17.107423,48.128746],[17.107422,48.128607],[17.107119,48.1285]]]},"properties":{"name":"Ps\u00ed v\u00fdbeh \u0160rob\u00e1rovo n\u00e1mestie"}},{"type":"Feature","geometry":{"type":"Polygon","coordinates":[[[17.10559,48.129713],[17.105645,48.129685],[17.105586,48.129643],[17.105529,48.129681],[17.10559,48.129713]]]},"properties":{"name":""}},{"type":"Feature","geometry":{"type":"Polygon","coordinates":[[[17.105164,48.129254],[17.105177,48.12926],[17.105211,48.129242],[17.10525,48.129224],[17.105379,48.129162],[17.105409,48.129173],[17.105527,48.129006],[17.105505,48.128985],[17.105507,48.128924],[17.105496,48.128909],[17.105488,48.128911],[17.105448,48.12891],[17.105435,48.128912],[17.105428,48.128919],[17.105428,48.128929],[17.105491,48.12893],[17.105485,48.129039],[17.105283,48.129034],[17.105274,48.129034],[17.105272,48.129062],[17.105259,48.129062],[17.105252,48.12921],[17.105184,48.129209],[17.105177,48.129209],[17.105171,48.129212],[17.105166,48.129219],[17.105164,48.129254]]]},"properties":{"name":""}},{"type":"Feature","geometry":{"type":"Polygon","coordinates":[[[17.105304,48.129299],[17.105394,48.129193],[17.10538,48.129189],[17.105233,48.129269],[17.105304,48.129299]]]},"properties":{"name":""}},{"type":"Feature","geometry":{"type":"Polygon","coordinates":[[[17.106558,48.130464],[17.106838,48.130407],[17.106366,48.130209],[17.106558,48.130464]]]},"properties":{"name":""}},{"type":"Feature","geometry":{"type":"Polygon","coordinates":[[[17.106842,48.131125],[17.106777,48.131095],[17.106775,48.13108],[17.106794,48.13108],[17.106811,48.131089],[17.106842,48.131125]]]},"properties":{"name":""}},{"type":"Feature","geometry":{"type":"Polygon","coordinates":[[[17.134868,48.118179],[17.135598,48.119046],[17.135992,48.119718],[17.136405,48.120715],[17.136876,48.123224],[17.136694,48.123629],[17.136291,48.124528],[17.135925,48.125155],[17.135436,48.125919],[17.133166,48.124799],[17.133133,48.124876],[17.133037,48.12468],[17.133059,48.124384],[17.132897,48.124217],[17.133192,48.123883],[17.133811,48.124021],[17.134003,48.123745],[17.133652,48.123486],[17.133981,48.1231],[17.134078,48.122992],[17.134247,48.122818],[17.134451,48.122809],[17.134959,48.122142],[17.134972,48.122147],[17.135129,48.122196],[17.136256,48.120716],[17.13613,48.120662],[17.136089,48.120467],[17.136073,48.120345],[17.135375,48.120112],[17.135341,48.120102],[17.135166,48.12004],[17.135177,48.119508],[17.134868,48.118179]]]},"properties":{"name":""}},{"type":"Feature","geometry":{"type":"Polygon","coordinates":[[[17.138594,48.133157],[17.137239,48.132329],[17.137102,48.132028],[17.138002,48.132028],[17.137877,48.131619],[17.136976,48.131285],[17.137177,48.130993],[17.137864,48.131085],[17.138077,48.130785],[17.138027,48.130534],[17.13859,48.130801],[17.13889,48.131152],[17.139315,48.131127],[17.139878,48.130993],[17.139878,48.130559],[17.139941,48.130159],[17.140052,48.129984],[17.14017,48.129897],[17.139522,48.129826],[17.139499,48.129661],[17.140535,48.1297],[17.140936,48.129567],[17.14188,48.128982],[17.142073,48.128675],[17.142138,48.12872],[17.141597,48.129884],[17.140832,48.13097],[17.139887,48.132071],[17.138594,48.133157]]]},"properties":{"name":""}},{"type":"Feature","geometry":{"type":"Polygon","coordinates":[[[17.143027,48.127003],[17.14299,48.126733],[17.143066,48.126594],[17.143014,48.126368],[17.141982,48.126643],[17.141356,48.126593],[17.140799,48.12682],[17.140089,48.12746],[17.140033,48.127891],[17.140349,48.128243],[17.14036,48.128453],[17.139356,48.128822],[17.138995,48.128679],[17.138375,48.128363],[17.13824,48.127829],[17.138482,48.127191],[17.138578,48.126797],[17.138341,48.126474],[17.138302,48.126289],[17.138101,48.12618],[17.137972,48.126525],[17.13789,48.127234],[17.13748,48.128522],[17.136683,48.129697],[17.136156,48.13007],[17.136109,48.130119],[17.136034,48.130196],[17.135624,48.13062],[17.136525,48.130335],[17.137439,48.130162],[17.138356,48.129921],[17.138415,48.12974],[17.138886,48.129653],[17.139334,48.12959],[17.139793,48.129543],[17.140547,48.129394],[17.140747,48.129328],[17.141161,48.129081],[17.141287,48.128984],[17.141407,48.128891],[17.141549,48.12867],[17.141807,48.12827],[17.142314,48.127798],[17.142437,48.127686],[17.142558,48.127449],[17.142753,48.127222],[17.143027,48.127003]]]},"properties":{"name":"Sov\u00ed les"}},{"type":"Feature","geometry":{"type":"Polygon","coordinates":[[[17.133109,48.119017],[17.133259,48.118645],[17.133512,48.118361],[17.133943,48.118524],[17.134096,48.118459],[17.13412,48.118287],[17.133965,48.117999],[17.133896,48.117865],[17.133796,48.117724],[17.133635,48.117636],[17.133478,48.117554],[17.133218,48.117502],[17.133084,48.117427],[17.133218,48.117379],[17.133412,48.117363],[17.133542,48.117404],[17.133722,48.117513],[17.133773,48.117574],[17.133994,48.117916],[17.134373,48.118589],[17.134491,48.118959],[17.134581,48.119396],[17.134596,48.119709],[17.1346,48.120072],[17.134536,48.120431],[17.134434,48.120779],[17.134408,48.120835],[17.134312,48.120819],[17.134332,48.120684],[17.133929,48.120541],[17.134168,48.120241],[17.13423,48.120153],[17.134343,48.119938],[17.134383,48.119714],[17.134355,48.119477],[17.134259,48.119442],[17.133328,48.119121],[17.133109,48.119017]]]},"properties":{"name":""}},{"type":"Feature","geometry":{"type":"Polygon","coordinates":[[[17.126047,48.125198],[17.127149,48.125588],[17.127517,48.125111],[17.126411,48.124728],[17.126047,48.125198]]]},"properties":{"name":""}},{"type":"Feature","geometry":{"type":"Polygon","coordinates":[[[17.127403,48.122484],[17.126918,48.122324],[17.127062,48.122128],[17.127548,48.122287],[17.127403,48.122484]]]},"properties":{"name":""}},{"type":"Feature","geometry":{"type":"Polygon","coordinates":[[[17.13528,48.118206],[17.135662,48.11841],[17.136064,48.117647],[17.135188,48.117186],[17.135162,48.116117],[17.135631,48.116088],[17.13575,48.115474],[17.135528,48.115479],[17.135412,48.115583],[17.135314,48.11547],[17.134873,48.11531],[17.134201,48.115341],[17.133686,48.115227],[17.132531,48.114547],[17.131864,48.114133],[17.131421,48.113662],[17.12985,48.112403],[17.128182,48.110656],[17.127361,48.109851],[17.127009,48.109347],[17.126925,48.108746],[17.127455,48.107133],[17.127737,48.106617],[17.127912,48.106344],[17.128332,48.10602],[17.128278,48.105968],[17.127985,48.105948],[17.127486,48.106281],[17.126948,48.107206],[17.126596,48.108508],[17.1267,48.109244],[17.126752,48.109355],[17.126937,48.109715],[17.127225,48.110049],[17.130467,48.113348],[17.134357,48.117288],[17.13528,48.118206]]]},"properties":{"name":""}},{"type":"Feature","geometry":{"type":"Polygon","coordinates":[[[17.139657,48.120181],[17.139141,48.120124],[17.138876,48.120312],[17.139101,48.12067],[17.13822,48.121163],[17.137793,48.12139],[17.137657,48.121403],[17.137288,48.119917],[17.137136,48.118807],[17.136978,48.118159],[17.136064,48.117647],[17.135188,48.117186],[17.135162,48.116117],[17.135631,48.116088],[17.13575,48.115474],[17.135844,48.115216],[17.135923,48.114793],[17.135834,48.114618],[17.136146,48.114642],[17.136117,48.113997],[17.135902,48.113606],[17.135776,48.11289],[17.136009,48.113],[17.136326,48.113426],[17.136501,48.113893],[17.137281,48.114525],[17.137177,48.115056],[17.137594,48.115393],[17.137456,48.116023],[17.1368,48.116145],[17.137173,48.117347],[17.138587,48.118226],[17.141257,48.119727],[17.141421,48.119887],[17.14112,48.120019],[17.140021,48.119405],[17.139031,48.119106],[17.139198,48.11971],[17.139657,48.120181]]]},"properties":{"name":""}},{"type":"Feature","geometry":{"type":"Polygon","coordinates":[[[17.137657,48.121403],[17.137793,48.12139],[17.13822,48.121163],[17.139101,48.12067],[17.138876,48.120312],[17.139141,48.120124],[17.139657,48.120181],[17.139657,48.120306],[17.139425,48.120785],[17.13955,48.120945],[17.139839,48.120956],[17.139937,48.121516],[17.139894,48.122022],[17.140362,48.121811],[17.140426,48.123039],[17.141113,48.124228],[17.140818,48.124336],[17.140201,48.123032],[17.139698,48.122717],[17.138924,48.122997],[17.138085,48.122976],[17.137481,48.123081],[17.137136,48.121521],[17.136673,48.119807],[17.13664,48.119461],[17.136118,48.119071],[17.135873,48.118727],[17.135662,48.11841],[17.136064,48.117647],[17.136978,48.118159],[17.137136,48.118807],[17.137288,48.119917],[17.137517,48.120772],[17.137657,48.121403]]]},"properties":{"name":""}},{"type":"Feature","geometry":{"type":"Polygon","coordinates":[[[17.123942,48.128527],[17.123949,48.128619],[17.124087,48.128615],[17.124081,48.128523],[17.123942,48.128527]]]},"properties":{"name":""}},{"type":"Feature","geometry":{"type":"Polygon","coordinates":[[[17.135933,48.128406],[17.135697,48.128359],[17.135706,48.12834],[17.135831,48.128062],[17.135837,48.128047],[17.136073,48.128094],[17.135933,48.128406]]]},"properties":{"name":""}},{"type":"Feature","geometry":{"type":"Polygon","coordinates":[[[17.136229,48.128895],[17.135967,48.128843],[17.135825,48.129159],[17.136088,48.129211],[17.136229,48.128895]]]},"properties":{"name":""}},{"type":"Feature","geometry":{"type":"Polygon","coordinates":[[[17.135997,48.128817],[17.135744,48.128766],[17.135895,48.128452],[17.136142,48.128501],[17.135997,48.128817]]]},"properties":{"name":""}},{"type":"Feature","geometry":{"type":"Polygon","coordinates":[[[17.136953,48.128043],[17.1371,48.127714],[17.137074,48.127709],[17.137015,48.127697],[17.13685,48.127664],[17.136703,48.127993],[17.136953,48.128043]]]},"properties":{"name":""}},{"type":"Feature","geometry":{"type":"Polygon","coordinates":[[[17.13652,48.128921],[17.136661,48.128606],[17.136447,48.128562],[17.136422,48.128557],[17.136277,48.128872],[17.13652,48.128921]]]},"properties":{"name":""}},{"type":"Feature","geometry":{"type":"Polygon","coordinates":[[[17.134596,48.128087],[17.134778,48.128214],[17.134717,48.128344],[17.134654,48.128463],[17.13436,48.1286],[17.134384,48.128726],[17.134167,48.128784],[17.134155,48.128726],[17.13404,48.128705],[17.133912,48.128667],[17.133672,48.128742],[17.133351,48.128601],[17.133262,48.128663],[17.133051,48.128861],[17.132869,48.129193],[17.133075,48.129369],[17.133364,48.129439],[17.133609,48.129515],[17.133864,48.129609],[17.134541,48.129832],[17.134978,48.129958],[17.134778,48.130128],[17.134847,48.130328],[17.134868,48.130389],[17.134905,48.13048],[17.134884,48.130552],[17.13497,48.130635],[17.134889,48.13073],[17.135179,48.130663],[17.135474,48.130518],[17.135536,48.130413],[17.135527,48.13036],[17.135575,48.130219],[17.135739,48.130077],[17.135719,48.129873],[17.135658,48.129827],[17.135668,48.129514],[17.135709,48.129463],[17.135663,48.12945],[17.135628,48.129373],[17.135513,48.129275],[17.135367,48.12914],[17.135211,48.129085],[17.135236,48.129018],[17.135191,48.128976],[17.135132,48.128919],[17.134995,48.128846],[17.135064,48.128647],[17.135004,48.128209],[17.134921,48.127845],[17.134736,48.127775],[17.13467,48.127824],[17.134605,48.127825],[17.134277,48.127703],[17.134222,48.127681],[17.134231,48.127701],[17.134429,48.127855],[17.134468,48.127964],[17.134596,48.128087]]]},"properties":{"name":""}},{"type":"Feature","geometry":{"type":"Polygon","coordinates":[[[17.130192,48.12164],[17.130168,48.121613],[17.130161,48.121587],[17.130177,48.121552],[17.130305,48.121387],[17.130344,48.121362],[17.130407,48.121357],[17.130474,48.12137],[17.130518,48.121394],[17.130542,48.121426],[17.130537,48.12146],[17.130393,48.121639],[17.130353,48.121665],[17.130318,48.121674],[17.130279,48.121676],[17.130231,48.121662],[17.130192,48.12164]]]},"properties":{"name":""}},{"type":"Feature","geometry":{"type":"Polygon","coordinates":[[[17.127695,48.125482],[17.127849,48.125291],[17.128002,48.125344],[17.12785,48.125535],[17.127695,48.125482]]]},"properties":{"name":""}},{"type":"Feature","geometry":{"type":"Polygon","coordinates":[[[17.12735,48.125403],[17.127552,48.125138],[17.127841,48.125238],[17.127635,48.125502],[17.12735,48.125403]]]},"properties":{"name":""}},{"type":"Feature","geometry":{"type":"Polygon","coordinates":[[[17.127245,48.125583],[17.127318,48.125484],[17.127338,48.125478],[17.12767,48.125592],[17.127681,48.125608],[17.127605,48.12571],[17.127581,48.125714],[17.127259,48.125602],[17.127245,48.125583]]]},"properties":{"name":""}},{"type":"Feature","geometry":{"type":"Polygon","coordinates":[[[17.125774,48.12511],[17.126135,48.124637],[17.12639,48.124728],[17.126032,48.125201],[17.125774,48.12511]]]},"properties":{"name":""}},{"type":"Feature","geometry":{"type":"Polygon","coordinates":[[[17.135877,48.129468],[17.135976,48.129256],[17.135811,48.129222],[17.135712,48.129434],[17.135877,48.129468]]]},"properties":{"name":""}},{"type":"Feature","geometry":{"type":"Polygon","coordinates":[[[17.136051,48.129504],[17.13615,48.129292],[17.135985,48.129258],[17.135886,48.12947],[17.136051,48.129504]]]},"properties":{"name":""}},{"type":"Feature","geometry":{"type":"Polygon","coordinates":[[[17.123844,48.12827],[17.123982,48.128264],[17.12399,48.128369],[17.12393,48.128371],[17.123853,48.128374],[17.123844,48.12827]]]},"properties":{"name":""}},{"type":"Feature","geometry":{"type":"Polygon","coordinates":[[[17.130871,48.126107],[17.130582,48.126697],[17.130335,48.127237],[17.130229,48.127332],[17.130043,48.127499],[17.129836,48.127567],[17.129585,48.127588],[17.129505,48.127545],[17.129409,48.127517],[17.129277,48.12749],[17.129136,48.127472],[17.129346,48.127424],[17.129437,48.127398],[17.129689,48.127284],[17.129862,48.127163],[17.130143,48.12686],[17.129988,48.127176],[17.130073,48.127192],[17.130152,48.127207],[17.130319,48.126865],[17.130463,48.126614],[17.130871,48.126107]]]},"properties":{"name":""}},{"type":"Feature","geometry":{"type":"Polygon","coordinates":[[[17.128946,48.127601],[17.129347,48.127653],[17.129587,48.12766],[17.129771,48.127759],[17.129951,48.127881],[17.130041,48.128056],[17.130069,48.128158],[17.129982,48.128908],[17.12999,48.129678],[17.129959,48.129613],[17.129912,48.128839],[17.129892,48.128163],[17.129821,48.128161],[17.129731,48.128157],[17.129749,48.128811],[17.129629,48.128191],[17.129514,48.127994],[17.12929,48.127772],[17.12923,48.127736],[17.128946,48.127601]]]},"properties":{"name":""}},{"type":"Feature","geometry":{"type":"Polygon","coordinates":[[[17.129475,48.127605],[17.129372,48.127598],[17.129251,48.127588],[17.128964,48.127541],[17.128604,48.127535],[17.129013,48.127511],[17.129261,48.127541],[17.129384,48.127572],[17.129416,48.12758],[17.129475,48.127605]]]},"properties":{"name":""}},{"type":"Feature","geometry":{"type":"Polygon","coordinates":[[[17.130119,48.127989],[17.130025,48.127852],[17.129909,48.127754],[17.129718,48.127645],[17.129952,48.127603],[17.130067,48.127557],[17.1303,48.127376],[17.130119,48.127989]]]},"properties":{"name":""}},{"type":"Feature","geometry":{"type":"Polygon","coordinates":[[[17.121756,48.127495],[17.121764,48.1275],[17.122007,48.127492],[17.122018,48.127489],[17.122024,48.127481],[17.122021,48.127467],[17.122014,48.127461],[17.121986,48.127454],[17.121948,48.127434],[17.121931,48.127413],[17.121921,48.12741],[17.121756,48.127415],[17.121748,48.127421],[17.121756,48.127495]]]},"properties":{"name":""}},{"type":"Feature","geometry":{"type":"Polygon","coordinates":[[[17.1221,48.127487],[17.122232,48.127484],[17.122236,48.127475],[17.122232,48.127409],[17.122229,48.127401],[17.122172,48.127403],[17.122163,48.127408],[17.122151,48.127426],[17.122126,48.127445],[17.122102,48.127456],[17.12209,48.12746],[17.122083,48.127466],[17.122083,48.127479],[17.122089,48.127485],[17.1221,48.127487]]]},"properties":{"name":""}},{"type":"Feature","geometry":{"type":"Polygon","coordinates":[[[17.122063,48.127289],[17.122078,48.127297],[17.122114,48.127308],[17.122148,48.127329],[17.122163,48.127347],[17.122171,48.127351],[17.122221,48.127351],[17.122227,48.127342],[17.122221,48.127271],[17.122214,48.127259],[17.122199,48.127254],[17.122182,48.127252],[17.122073,48.127256],[17.12206,48.127259],[17.122063,48.127289]]]},"properties":{"name":""}},{"type":"Feature","geometry":{"type":"Polygon","coordinates":[[[17.121744,48.127355],[17.121749,48.127364],[17.121917,48.12736],[17.121926,48.127356],[17.121937,48.127337],[17.121963,48.127316],[17.121985,48.127306],[17.122,48.127301],[17.122004,48.127296],[17.121998,48.12726],[17.121746,48.127269],[17.121731,48.127276],[17.121727,48.127284],[17.121729,48.127315],[17.121743,48.12734],[17.121744,48.127355]]]},"properties":{"name":""}},{"type":"Feature","geometry":{"type":"Polygon","coordinates":[[[17.129154,48.12028],[17.128947,48.120564],[17.129221,48.120653],[17.129428,48.12037],[17.129154,48.12028]]]},"properties":{"name":""}},{"type":"Feature","geometry":{"type":"Polygon","coordinates":[[[17.132548,48.120761],[17.133083,48.120946],[17.133105,48.120922],[17.133261,48.120976],[17.133624,48.120511],[17.133793,48.12057],[17.13383,48.12052],[17.133632,48.120453],[17.133049,48.12025],[17.132984,48.120326],[17.132913,48.120402],[17.132829,48.120375],[17.132548,48.120761]]]},"properties":{"name":""}},{"type":"Feature","geometry":{"type":"Polygon","coordinates":[[[17.136033,48.125517],[17.135936,48.125675],[17.135876,48.125782],[17.135883,48.125875],[17.135928,48.125934],[17.136008,48.125989],[17.137024,48.126242],[17.137105,48.126233],[17.137148,48.12622],[17.137167,48.126208],[17.137213,48.12614],[17.137133,48.125512],[17.136454,48.125575],[17.136274,48.125566],[17.136033,48.125517]]]},"properties":{"name":""}},{"type":"Feature","geometry":{"type":"Polygon","coordinates":[[[17.124338,48.121939],[17.124688,48.122062],[17.124817,48.121891],[17.124472,48.121769],[17.124338,48.121939]]]},"properties":{"name":""}},{"type":"Feature","geometry":{"type":"Polygon","coordinates":[[[17.126342,48.122768],[17.125857,48.122609],[17.126002,48.122413],[17.126487,48.122572],[17.126342,48.122768]]]},"properties":{"name":""}},{"type":"Feature","geometry":{"type":"Polygon","coordinates":[[[17.127544,48.122275],[17.127099,48.122125],[17.127254,48.121921],[17.127699,48.122071],[17.127544,48.122275]]]},"properties":{"name":""}},{"type":"Feature","geometry":{"type":"Polygon","coordinates":[[[17.124477,48.122911],[17.125815,48.123365],[17.126245,48.122802],[17.124907,48.122347],[17.124477,48.122911]]]},"properties":{"name":""}},{"type":"Feature","geometry":{"type":"Polygon","coordinates":[[[17.126434,48.121802],[17.12646,48.121797],[17.126483,48.121797],[17.126506,48.121804],[17.126958,48.121951],[17.126996,48.121964],[17.127024,48.121989],[17.127036,48.122022],[17.126937,48.122151],[17.126916,48.122163],[17.126892,48.122172],[17.126868,48.122175],[17.126844,48.122174],[17.126351,48.122013],[17.126321,48.122001],[17.126302,48.121985],[17.126299,48.121965],[17.126313,48.121946],[17.126434,48.121802]]]},"properties":{"name":""}},{"type":"Feature","geometry":{"type":"Polygon","coordinates":[[[17.133519,48.120307],[17.132706,48.120023],[17.133365,48.119181],[17.134178,48.119464],[17.133519,48.120307]]]},"properties":{"name":""}},{"type":"Feature","geometry":{"type":"Polygon","coordinates":[[[17.135549,48.129128],[17.135316,48.129081],[17.135459,48.128769],[17.135692,48.128817],[17.135549,48.129128]]]},"properties":{"name":""}},{"type":"Feature","geometry":{"type":"Polygon","coordinates":[[[17.136567,48.128296],[17.136447,48.128562],[17.136661,48.128606],[17.136689,48.128611],[17.136817,48.128346],[17.136567,48.128296]]]},"properties":{"name":""}},{"type":"Feature","geometry":{"type":"Polygon","coordinates":[[[17.126244,48.121919],[17.126121,48.122082],[17.124371,48.121483],[17.124495,48.121322],[17.126244,48.121919]]]},"properties":{"name":"PumpPark Petr\u017ealka"}},{"type":"Feature","geometry":{"type":"Polygon","coordinates":[[[17.131605,48.127846],[17.131062,48.128418],[17.130993,48.128505],[17.131071,48.12911],[17.131763,48.129075],[17.132125,48.129094],[17.132417,48.129149],[17.132543,48.129198],[17.132956,48.128803],[17.132486,48.128609],[17.132751,48.128238],[17.133266,48.128497],[17.133758,48.128013],[17.133575,48.127941],[17.133467,48.127891],[17.133682,48.127691],[17.133785,48.127741],[17.133953,48.127585],[17.133975,48.127595],[17.134008,48.127566],[17.134054,48.127588],[17.134164,48.127629],[17.134385,48.127392],[17.134022,48.127241],[17.134192,48.127004],[17.133965,48.126904],[17.13361,48.126779],[17.132566,48.128138],[17.132379,48.128169],[17.132358,48.128183],[17.132584,48.12826],[17.132582,48.128264],[17.132593,48.128267],[17.132503,48.128384],[17.132493,48.12838],[17.13249,48.128383],[17.132495,48.128395],[17.1324,48.128519],[17.132342,48.1285],[17.132277,48.128484],[17.131933,48.128934],[17.131771,48.128869],[17.131614,48.128814],[17.131719,48.128675],[17.131714,48.128673],[17.13172,48.128663],[17.131694,48.128644],[17.131706,48.128628],[17.131488,48.128552],[17.131527,48.128499],[17.131521,48.128497],[17.131527,48.128489],[17.131522,48.128477],[17.131502,48.12847],[17.131514,48.128453],[17.131425,48.128422],[17.131517,48.128302],[17.131512,48.128301],[17.131541,48.128263],[17.13152,48.128256],[17.131478,48.128313],[17.131431,48.128298],[17.131473,48.128242],[17.131477,48.128243],[17.131485,48.128231],[17.131482,48.128229],[17.131487,48.128222],[17.131534,48.128238],[17.131555,48.128245],[17.131556,48.128244],[17.13156,48.128245],[17.131669,48.128102],[17.131616,48.128085],[17.131618,48.128082],[17.131606,48.128079],[17.131694,48.127961],[17.131706,48.127964],[17.131708,48.127961],[17.131755,48.127977],[17.131836,48.127871],[17.131707,48.127827],[17.131646,48.127826],[17.131605,48.127846]]]},"properties":{"name":""}},{"type":"Feature","geometry":{"type":"Polygon","coordinates":[[[17.136091,48.126787],[17.137042,48.126961],[17.137141,48.126733],[17.136226,48.126485],[17.136172,48.126607],[17.136227,48.126618],[17.136179,48.12673],[17.136124,48.12672],[17.136116,48.126736],[17.136091,48.126787]]]},"properties":{"name":""}},{"type":"Feature","geometry":{"type":"Polygon","coordinates":[[[17.123461,48.127355],[17.124259,48.127326],[17.124227,48.126886],[17.123792,48.126908],[17.123799,48.12701],[17.123742,48.12701],[17.123753,48.127171],[17.123449,48.12718],[17.123461,48.127355]]]},"properties":{"name":""}},{"type":"Feature","geometry":{"type":"Polygon","coordinates":[[[17.12443,48.128795],[17.124568,48.128789],[17.124594,48.128757],[17.124591,48.128729],[17.124523,48.128731],[17.12451,48.128482],[17.124575,48.128479],[17.12459,48.128479],[17.124555,48.128447],[17.12448,48.128442],[17.124407,48.128458],[17.12443,48.128795]]]},"properties":{"name":""}},{"type":"Feature","geometry":{"type":"Polygon","coordinates":[[[17.122532,48.127839],[17.122287,48.127843],[17.122234,48.127846],[17.12219,48.127862],[17.122164,48.127885],[17.122163,48.127926],[17.122591,48.127912],[17.122604,48.128124],[17.122589,48.128137],[17.122601,48.128259],[17.122434,48.128266],[17.122438,48.128325],[17.122466,48.128666],[17.122496,48.129007],[17.122666,48.128994],[17.123266,48.128966],[17.123273,48.128849],[17.123276,48.128808],[17.123276,48.128762],[17.123206,48.128762],[17.123158,48.128128],[17.123225,48.128126],[17.123219,48.128012],[17.123315,48.128008],[17.123358,48.128813],[17.12339,48.128831],[17.124362,48.128797],[17.124359,48.128723],[17.123958,48.128737],[17.123962,48.12879],[17.123804,48.128795],[17.1238,48.128743],[17.12348,48.128754],[17.123435,48.128156],[17.123675,48.128152],[17.123669,48.128096],[17.123828,48.12809],[17.123834,48.128145],[17.12415,48.128131],[17.124158,48.128227],[17.124169,48.128357],[17.124198,48.128357],[17.124199,48.12839],[17.124203,48.128429],[17.124211,48.128505],[17.12424,48.128503],[17.12434,48.128498],[17.124315,48.128124],[17.124382,48.128124],[17.124548,48.128118],[17.124539,48.128011],[17.124495,48.128012],[17.124488,48.12782],[17.124446,48.127769],[17.124207,48.127772],[17.123306,48.127809],[17.122532,48.127839]]]},"properties":{"name":""}},{"type":"Feature","geometry":{"type":"Polygon","coordinates":[[[17.124132,48.127541],[17.124122,48.127439],[17.124237,48.127437],[17.124332,48.127508],[17.124323,48.127519],[17.12422,48.127547],[17.124165,48.127555],[17.124147,48.127551],[17.124132,48.127541]]]},"properties":{"name":""}},{"type":"Feature","geometry":{"type":"Polygon","coordinates":[[[17.12435,48.12746],[17.124381,48.127465],[17.124409,48.127414],[17.124396,48.127126],[17.124325,48.127125],[17.12435,48.12746]]]},"properties":{"name":""}},{"type":"Feature","geometry":{"type":"Polygon","coordinates":[[[17.124293,48.126762],[17.124394,48.126754],[17.124331,48.126478],[17.124325,48.126309],[17.124306,48.126271],[17.124281,48.126272],[17.124252,48.126313],[17.124256,48.126363],[17.124293,48.126762]]]},"properties":{"name":""}},{"type":"Feature","geometry":{"type":"Polygon","coordinates":[[[17.124043,48.127535],[17.124042,48.127582],[17.123736,48.127595],[17.123352,48.127643],[17.122771,48.127661],[17.122704,48.127608],[17.122707,48.127562],[17.122749,48.127535],[17.122787,48.127533],[17.122791,48.127575],[17.124043,48.127535]]]},"properties":{"name":""}},{"type":"Feature","geometry":{"type":"Polygon","coordinates":[[[17.128547,48.128532],[17.12902,48.128696],[17.128687,48.129054],[17.128685,48.129461],[17.128977,48.129338],[17.128974,48.12934],[17.128978,48.129506],[17.128947,48.129792],[17.129078,48.129818],[17.129256,48.129703],[17.129344,48.12939],[17.129054,48.129348],[17.129246,48.128945],[17.12958,48.128879],[17.129731,48.129695],[17.129652,48.129916],[17.129552,48.130077],[17.128681,48.130105],[17.12865,48.129432],[17.128097,48.129446],[17.12801,48.129104],[17.128547,48.128532]]]},"properties":{"name":""}},{"type":"Feature","geometry":{"type":"Polygon","coordinates":[[[17.124187,48.128964],[17.124214,48.129289],[17.124219,48.129344],[17.124143,48.129346],[17.124143,48.129342],[17.123496,48.129367],[17.12293,48.129389],[17.122529,48.129403],[17.122524,48.129349],[17.122519,48.129293],[17.122496,48.129007],[17.122666,48.128994],[17.123266,48.128966],[17.123247,48.129027],[17.123164,48.12903],[17.123179,48.129147],[17.123258,48.129143],[17.123269,48.129217],[17.123275,48.129275],[17.123456,48.129269],[17.12345,48.129208],[17.123451,48.129183],[17.123536,48.129179],[17.123525,48.129048],[17.123441,48.129051],[17.123436,48.128965],[17.12344,48.128946],[17.123452,48.12893],[17.123472,48.128914],[17.123511,48.128907],[17.124359,48.12888],[17.124363,48.128956],[17.124187,48.128964]]]},"properties":{"name":""}},{"type":"Feature","geometry":{"type":"Polygon","coordinates":[[[17.12478,48.129106],[17.126648,48.129097],[17.126663,48.129437],[17.126684,48.129451],[17.12688,48.129447],[17.126858,48.129492],[17.124885,48.12956],[17.12484,48.129538],[17.12481,48.1295],[17.12478,48.129106]]]},"properties":{"name":""}},{"type":"Feature","geometry":{"type":"Polygon","coordinates":[[[17.125711,48.127807],[17.125756,48.127726],[17.125946,48.127705],[17.126227,48.127688],[17.126324,48.127726],[17.126338,48.127889],[17.126271,48.127933],[17.126152,48.127946],[17.125904,48.127949],[17.125897,48.12789],[17.125897,48.127844],[17.125749,48.127844],[17.125711,48.127807]]]},"properties":{"name":""}},{"type":"Feature","geometry":{"type":"Polygon","coordinates":[[[17.12691,48.12744],[17.12695,48.127442],[17.126941,48.12752],[17.125833,48.12754],[17.125803,48.12727],[17.125867,48.127268],[17.125871,48.127268],[17.125872,48.127282],[17.125872,48.127287],[17.126015,48.127283],[17.126044,48.12727],[17.126082,48.127282],[17.126107,48.127319],[17.126138,48.127345],[17.126177,48.127369],[17.126222,48.127387],[17.126223,48.127455],[17.12691,48.12744]]]},"properties":{"name":""}},{"type":"Feature","geometry":{"type":"Polygon","coordinates":[[[17.126425,48.127812],[17.127387,48.127802],[17.127563,48.127803],[17.127671,48.127752],[17.128049,48.127886],[17.128273,48.12792],[17.128861,48.127958],[17.129149,48.128038],[17.129149,48.128147],[17.129122,48.128259],[17.128959,48.128341],[17.129439,48.128495],[17.129246,48.128945],[17.12958,48.128879],[17.129673,48.128869],[17.129634,48.128726],[17.129549,48.128182],[17.129436,48.12802],[17.129291,48.127861],[17.12913,48.127752],[17.12875,48.127631],[17.128504,48.127611],[17.12651,48.127677],[17.126417,48.127741],[17.126425,48.127812]]]},"properties":{"name":""}},{"type":"Feature","geometry":{"type":"Polygon","coordinates":[[[17.128687,48.129054],[17.12902,48.128696],[17.129234,48.128446],[17.129347,48.128487],[17.12928,48.128678],[17.128977,48.129338],[17.128685,48.129461],[17.128687,48.129054]]]},"properties":{"name":""}},{"type":"Feature","geometry":{"type":"Polygon","coordinates":[[[17.12341,48.126153],[17.12407,48.126133],[17.124131,48.126144],[17.124184,48.126167],[17.124242,48.126211],[17.124188,48.126234],[17.124148,48.12624],[17.123414,48.126259],[17.12341,48.126153]]]},"properties":{"name":""}},{"type":"Feature","geometry":{"type":"Polygon","coordinates":[[[17.12478,48.125929],[17.124718,48.125167],[17.124715,48.125109],[17.124296,48.125123],[17.124286,48.124918],[17.124936,48.124904],[17.124932,48.124846],[17.124892,48.124421],[17.125703,48.124706],[17.125755,48.124722],[17.125423,48.125182],[17.12548,48.125867],[17.125084,48.125881],[17.12478,48.125929]]]},"properties":{"name":""}},{"type":"Feature","geometry":{"type":"Polygon","coordinates":[[[17.123505,48.125355],[17.123479,48.12536],[17.123465,48.125376],[17.123476,48.125505],[17.123488,48.12553],[17.123513,48.125545],[17.123549,48.125559],[17.123576,48.12556],[17.123642,48.125558],[17.12367,48.125548],[17.123704,48.125529],[17.123718,48.125497],[17.123707,48.125391],[17.123671,48.125393],[17.123506,48.125399],[17.123505,48.125355]]]},"properties":{"name":""}},{"type":"Feature","geometry":{"type":"Polygon","coordinates":[[[17.124572,48.126226],[17.125024,48.126215],[17.125106,48.126174],[17.125106,48.126121],[17.124723,48.126131],[17.124642,48.126163],[17.124608,48.126185],[17.124572,48.126226]]]},"properties":{"name":""}},{"type":"Feature","geometry":{"type":"Polygon","coordinates":[[[17.126985,48.126155],[17.127522,48.126137],[17.127532,48.12613],[17.1275,48.125967],[17.127324,48.126003],[17.12698,48.126033],[17.126153,48.126061],[17.126122,48.126069],[17.126087,48.126093],[17.126086,48.126188],[17.126985,48.126155]]]},"properties":{"name":""}},{"type":"Feature","geometry":{"type":"Polygon","coordinates":[[[17.127567,48.12613],[17.127583,48.126134],[17.128029,48.12612],[17.128039,48.126115],[17.128301,48.125763],[17.128298,48.125757],[17.12809,48.125685],[17.127993,48.125755],[17.127819,48.125852],[17.127686,48.125909],[17.127536,48.125958],[17.127567,48.12613]]]},"properties":{"name":""}},{"type":"Feature","geometry":{"type":"Polygon","coordinates":[[[17.128972,48.1264],[17.128964,48.126427],[17.128927,48.126477],[17.128962,48.126524],[17.12899,48.126532],[17.129105,48.126444],[17.12906,48.126427],[17.129309,48.126101],[17.129229,48.126072],[17.129188,48.12608],[17.129076,48.12621],[17.129047,48.126229],[17.129025,48.126252],[17.129005,48.126287],[17.128955,48.126327],[17.128953,48.126344],[17.128965,48.126368],[17.128972,48.1264]]]},"properties":{"name":""}},{"type":"Feature","geometry":{"type":"Polygon","coordinates":[[[17.126638,48.124507],[17.126642,48.124517],[17.127074,48.124665],[17.127084,48.124663],[17.127548,48.124057],[17.127578,48.124026],[17.127906,48.123595],[17.127907,48.123578],[17.127903,48.123564],[17.127896,48.123556],[17.127497,48.12342],[17.127482,48.123419],[17.12747,48.123426],[17.126638,48.124507]]]},"properties":{"name":""}},{"type":"Feature","geometry":{"type":"Polygon","coordinates":[[[17.128757,48.123716],[17.128777,48.123698],[17.129129,48.123236],[17.129455,48.123345],[17.129109,48.12381],[17.129047,48.123788],[17.129037,48.123809],[17.129135,48.123843],[17.129146,48.12384],[17.129508,48.123357],[17.129554,48.123209],[17.12916,48.12307],[17.129142,48.123071],[17.129129,48.123079],[17.12867,48.12368],[17.128674,48.123688],[17.128757,48.123716]]]},"properties":{"name":""}},{"type":"Feature","geometry":{"type":"Polygon","coordinates":[[[17.127241,48.123352],[17.127174,48.123328],[17.126981,48.123567],[17.126836,48.123521],[17.126826,48.123522],[17.126498,48.123947],[17.126511,48.123959],[17.12653,48.123965],[17.127,48.12391],[17.127012,48.123897],[17.127005,48.123885],[17.127005,48.123865],[17.127026,48.123873],[17.127039,48.123877],[17.127062,48.123873],[17.127088,48.123861],[17.127246,48.123655],[17.127053,48.123591],[17.127241,48.123352]]]},"properties":{"name":""}},{"type":"Feature","geometry":{"type":"Polygon","coordinates":[[[17.126394,48.12416],[17.126403,48.124189],[17.126362,48.124247],[17.1264,48.124263],[17.126372,48.124302],[17.126396,48.124311],[17.126351,48.12437],[17.126628,48.124464],[17.126861,48.124157],[17.126891,48.124119],[17.127,48.123976],[17.126999,48.123959],[17.126985,48.123947],[17.126965,48.123942],[17.126552,48.123991],[17.126475,48.124012],[17.126455,48.124013],[17.126442,48.124022],[17.126385,48.124094],[17.126382,48.124098],[17.126374,48.124151],[17.126394,48.12416]]]},"properties":{"name":""}},{"type":"Feature","geometry":{"type":"Polygon","coordinates":[[[17.128407,48.12373],[17.128397,48.12373],[17.128068,48.123931],[17.128058,48.123941],[17.127912,48.124139],[17.127919,48.124153],[17.127946,48.124158],[17.127997,48.124156],[17.128038,48.12416],[17.128082,48.12417],[17.128121,48.124188],[17.128153,48.12421],[17.128178,48.124239],[17.128192,48.124269],[17.128193,48.124305],[17.128183,48.124336],[17.128188,48.124343],[17.128511,48.124451],[17.128525,48.124449],[17.128926,48.123919],[17.128925,48.12391],[17.12892,48.123903],[17.128407,48.12373]]]},"properties":{"name":""}},{"type":"Feature","geometry":{"type":"Polygon","coordinates":[[[17.127828,48.124324],[17.127849,48.124354],[17.127878,48.124376],[17.127917,48.124393],[17.127962,48.124403],[17.128009,48.124403],[17.128058,48.124394],[17.128098,48.124376],[17.128128,48.124353],[17.128147,48.124326],[17.128155,48.124298],[17.128152,48.124267],[17.128138,48.124241],[17.128114,48.124218],[17.12808,48.124198],[17.128041,48.124186],[17.128,48.12418],[17.127955,48.124181],[17.127913,48.124191],[17.127877,48.124208],[17.127848,48.124229],[17.12783,48.124253],[17.127821,48.124291],[17.127828,48.124324]]]},"properties":{"name":""}},{"type":"Feature","geometry":{"type":"Polygon","coordinates":[[[17.128138,48.12364],[17.128103,48.123652],[17.128081,48.123671],[17.128075,48.12368],[17.128007,48.123771],[17.128101,48.123803],[17.128051,48.123869],[17.127978,48.123961],[17.127737,48.123881],[17.127456,48.124249],[17.127646,48.124316],[17.127316,48.124748],[17.127439,48.124794],[17.127448,48.124792],[17.127453,48.124782],[17.127434,48.12468],[17.127442,48.124647],[17.127607,48.124426],[17.127626,48.124413],[17.127675,48.124398],[17.127687,48.12439],[17.128032,48.12393],[17.128044,48.123917],[17.128351,48.123728],[17.128357,48.123719],[17.12835,48.123712],[17.128138,48.12364]]]},"properties":{"name":""}},{"type":"Feature","geometry":{"type":"Polygon","coordinates":[[[17.127476,48.124696],[17.127494,48.12478],[17.127518,48.124804],[17.127533,48.124825],[17.128082,48.125011],[17.128094,48.12501],[17.128497,48.124487],[17.128492,48.124476],[17.128162,48.124365],[17.12814,48.124384],[17.128109,48.124402],[17.128073,48.124416],[17.128032,48.124426],[17.127931,48.124425],[17.127884,48.124411],[17.127847,48.124392],[17.127816,48.124365],[17.127797,48.12434],[17.127789,48.124314],[17.127719,48.124406],[17.127708,48.124414],[17.127655,48.124433],[17.127642,48.124441],[17.127479,48.124659],[17.127476,48.124696]]]},"properties":{"name":""}},{"type":"Feature","geometry":{"type":"Polygon","coordinates":[[[17.128711,48.12657],[17.128715,48.126577],[17.128717,48.126605],[17.128779,48.126603],[17.128849,48.126592],[17.128901,48.126576],[17.128916,48.126559],[17.12892,48.12654],[17.128885,48.126505],[17.128872,48.126498],[17.128626,48.126521],[17.128627,48.126525],[17.128529,48.126535],[17.128497,48.126533],[17.128473,48.126523],[17.128451,48.126506],[17.128407,48.126449],[17.128363,48.126437],[17.128304,48.126443],[17.128269,48.126453],[17.128232,48.12647],[17.128186,48.12648],[17.128146,48.126481],[17.128108,48.126469],[17.128082,48.126458],[17.128059,48.126451],[17.128072,48.126468],[17.128077,48.126487],[17.128075,48.126506],[17.128065,48.126524],[17.128048,48.126539],[17.128026,48.126551],[17.128,48.126559],[17.127971,48.126562],[17.127943,48.126559],[17.127917,48.126551],[17.127891,48.126537],[17.127873,48.126517],[17.127866,48.126495],[17.127869,48.126472],[17.127884,48.126451],[17.1278,48.12643],[17.127453,48.126443],[17.127441,48.126455],[17.127449,48.126613],[17.128711,48.12657]]]},"properties":{"name":""}},{"type":"Feature","geometry":{"type":"Polygon","coordinates":[[[17.128611,48.125357],[17.128617,48.125354],[17.128971,48.124885],[17.128968,48.124876],[17.128786,48.124814],[17.128424,48.125292],[17.128611,48.125357]]]},"properties":{"name":""}},{"type":"Feature","geometry":{"type":"Polygon","coordinates":[[[17.128319,48.125735],[17.128331,48.125731],[17.128592,48.125387],[17.12859,48.125381],[17.128405,48.125318],[17.128253,48.125515],[17.128116,48.125664],[17.128319,48.125735]]]},"properties":{"name":""}},{"type":"Feature","geometry":{"type":"Polygon","coordinates":[[[17.129567,48.12316],[17.129517,48.122313],[17.129459,48.122293],[17.129427,48.122333],[17.129159,48.122239],[17.12893,48.122535],[17.128689,48.12285],[17.129567,48.12316]]]},"properties":{"name":""}},{"type":"Feature","geometry":{"type":"Polygon","coordinates":[[[17.128758,48.12422],[17.128969,48.124293],[17.129145,48.124061],[17.129157,48.124032],[17.129156,48.123999],[17.129142,48.123969],[17.129118,48.123946],[17.129087,48.123928],[17.128991,48.123895],[17.128755,48.12421],[17.128758,48.12422]]]},"properties":{"name":""}},{"type":"Feature","geometry":{"type":"Polygon","coordinates":[[[17.12518,48.126625],[17.125173,48.12652],[17.125208,48.126518],[17.125194,48.126349],[17.12529,48.12634],[17.12535,48.126258],[17.125319,48.126242],[17.125152,48.126248],[17.125114,48.126262],[17.125142,48.126628],[17.12518,48.126625]]]},"properties":{"name":""}},{"type":"Feature","geometry":{"type":"Polygon","coordinates":[[[17.127443,48.127303],[17.127448,48.127297],[17.127435,48.127012],[17.127424,48.127003],[17.127161,48.127012],[17.127146,48.127018],[17.127141,48.127025],[17.127145,48.127297],[17.127153,48.12731],[17.127203,48.127312],[17.127443,48.127303]]]},"properties":{"name":""}},{"type":"Feature","geometry":{"type":"Polygon","coordinates":[[[17.128192,48.125136],[17.128241,48.125137],[17.128287,48.125129],[17.128327,48.125115],[17.128364,48.125087],[17.12842,48.125015],[17.128588,48.124736],[17.128413,48.124673],[17.128403,48.124674],[17.128396,48.124679],[17.12807,48.1251],[17.128192,48.125136]]]},"properties":{"name":""}},{"type":"Feature","geometry":{"type":"Polygon","coordinates":[[[17.129783,48.125391],[17.129801,48.125386],[17.129919,48.125231],[17.129914,48.125218],[17.129482,48.125065],[17.12946,48.125068],[17.129443,48.125076],[17.129428,48.125099],[17.129419,48.125168],[17.129429,48.125217],[17.129465,48.12528],[17.129783,48.125391]]]},"properties":{"name":""}},{"type":"Feature","geometry":{"type":"Polygon","coordinates":[[[17.126234,48.126455],[17.127165,48.126426],[17.127595,48.12641],[17.127604,48.126402],[17.127587,48.126173],[17.127576,48.126168],[17.126242,48.126214],[17.126228,48.126226],[17.126237,48.126381],[17.126213,48.126398],[17.126216,48.126444],[17.126234,48.126455]]]},"properties":{"name":""}},{"type":"Feature","geometry":{"type":"Polygon","coordinates":[[[17.128594,48.12443],[17.128601,48.124442],[17.12871,48.124477],[17.128732,48.12448],[17.12875,48.124476],[17.128904,48.124312],[17.128906,48.124307],[17.1289,48.1243],[17.12874,48.124246],[17.128725,48.124249],[17.128595,48.124418],[17.128594,48.12443]]]},"properties":{"name":""}},{"type":"Feature","geometry":{"type":"Polygon","coordinates":[[[17.129411,48.124155],[17.129445,48.124173],[17.129475,48.124178],[17.129502,48.124174],[17.129527,48.124159],[17.129572,48.124101],[17.129575,48.124078],[17.129559,48.124056],[17.12953,48.124041],[17.129501,48.12404],[17.129471,48.124046],[17.129401,48.124134],[17.129411,48.124155]]]},"properties":{"name":""}},{"type":"Feature","geometry":{"type":"Polygon","coordinates":[[[17.128427,48.124643],[17.128433,48.12465],[17.128557,48.124693],[17.128567,48.124694],[17.128575,48.124691],[17.128697,48.12453],[17.128695,48.124518],[17.128679,48.124508],[17.128583,48.124477],[17.128559,48.124482],[17.128532,48.124501],[17.12843,48.124634],[17.128427,48.124643]]]},"properties":{"name":""}},{"type":"Feature","geometry":{"type":"Polygon","coordinates":[[[17.129528,48.12401],[17.129557,48.124025],[17.129592,48.12403],[17.129621,48.124022],[17.129643,48.124005],[17.129688,48.123945],[17.129682,48.12392],[17.129661,48.123901],[17.129626,48.123891],[17.129528,48.12401]]]},"properties":{"name":""}},{"type":"Feature","geometry":{"type":"Polygon","coordinates":[[[17.125605,48.126798],[17.125598,48.126736],[17.125639,48.126707],[17.125614,48.126373],[17.125567,48.126349],[17.12556,48.126244],[17.12554,48.126222],[17.125521,48.1262],[17.125453,48.126202],[17.125424,48.126221],[17.125449,48.126471],[17.125373,48.126524],[17.125379,48.126594],[17.125502,48.126678],[17.12551,48.1268],[17.125605,48.126798]]]},"properties":{"name":""}},{"type":"Feature","geometry":{"type":"Polygon","coordinates":[[[17.128727,48.126363],[17.128715,48.126385],[17.128714,48.126407],[17.128726,48.126431],[17.128748,48.126451],[17.128779,48.126464],[17.128816,48.12647],[17.128853,48.126467],[17.128886,48.126456],[17.128912,48.126438],[17.128927,48.126416],[17.12893,48.126391],[17.128921,48.126369],[17.128903,48.126349],[17.128876,48.126335],[17.128844,48.126327],[17.128809,48.126326],[17.128776,48.126332],[17.128748,48.126345],[17.128727,48.126363]]]},"properties":{"name":""}},{"type":"Feature","geometry":{"type":"Polygon","coordinates":[[[17.129602,48.123172],[17.129578,48.123291],[17.129543,48.123371],[17.129179,48.12386],[17.129189,48.123875],[17.129234,48.12387],[17.129271,48.123859],[17.129302,48.123841],[17.129328,48.123816],[17.129588,48.123475],[17.12965,48.123369],[17.129691,48.12325],[17.129699,48.123173],[17.1297,48.122955],[17.12966,48.122416],[17.129648,48.122383],[17.129623,48.122359],[17.129591,48.12234],[17.129553,48.122326],[17.129602,48.123172]]]},"properties":{"name":""}},{"type":"Feature","geometry":{"type":"Polygon","coordinates":[[[17.126852,48.127293],[17.12687,48.12729],[17.126884,48.127284],[17.126892,48.127277],[17.126895,48.127267],[17.126858,48.126761],[17.126831,48.126755],[17.126798,48.126758],[17.126778,48.126765],[17.12676,48.126775],[17.126748,48.126792],[17.126748,48.126822],[17.126816,48.126819],[17.12687,48.127232],[17.126439,48.127249],[17.126367,48.126707],[17.126245,48.126711],[17.126236,48.126717],[17.126278,48.127282],[17.126283,48.12729],[17.126287,48.127297],[17.1263,48.127307],[17.126323,48.127311],[17.126852,48.127293]]]},"properties":{"name":""}},{"type":"Feature","geometry":{"type":"Polygon","coordinates":[[[17.128252,48.125897],[17.128235,48.125924],[17.128227,48.125959],[17.128226,48.12599],[17.128245,48.126023],[17.128278,48.126059],[17.128305,48.126076],[17.128345,48.126091],[17.128399,48.126101],[17.128447,48.126101],[17.128497,48.126095],[17.128545,48.12608],[17.128596,48.126054],[17.128625,48.126024],[17.12864,48.125991],[17.128642,48.125955],[17.128632,48.125923],[17.12861,48.125891],[17.128573,48.125864],[17.128528,48.125844],[17.128475,48.125831],[17.128425,48.125827],[17.128374,48.125832],[17.128326,48.125848],[17.128282,48.125871],[17.128252,48.125897]]]},"properties":{"name":""}},{"type":"Feature","geometry":{"type":"Polygon","coordinates":[[[17.128534,48.126376],[17.128539,48.126384],[17.128551,48.12639],[17.128632,48.126381],[17.128688,48.126354],[17.128721,48.126327],[17.128791,48.1263],[17.12883,48.126297],[17.128904,48.126305],[17.128945,48.126291],[17.128967,48.126273],[17.128982,48.126253],[17.128984,48.126233],[17.128979,48.126213],[17.129118,48.126053],[17.129102,48.126029],[17.128772,48.125917],[17.128746,48.125922],[17.128733,48.125931],[17.12864,48.126062],[17.128614,48.126081],[17.12856,48.126108],[17.128514,48.126123],[17.128448,48.126135],[17.128382,48.12614],[17.127629,48.126166],[17.127621,48.126173],[17.127635,48.126401],[17.127644,48.126407],[17.128534,48.126376]]]},"properties":{"name":""}},{"type":"Feature","geometry":{"type":"Polygon","coordinates":[[[17.130795,48.125774],[17.130211,48.126534],[17.129806,48.127063],[17.129701,48.127159],[17.129583,48.127226],[17.129436,48.127279],[17.129371,48.127289],[17.129362,48.1273],[17.12937,48.127365],[17.129165,48.127372],[17.12916,48.127327],[17.128988,48.127334],[17.128991,48.12738],[17.127208,48.12744],[17.127204,48.127393],[17.127166,48.127398],[17.127123,48.127411],[17.127092,48.12743],[17.127067,48.127456],[17.127052,48.127486],[17.127055,48.127511],[17.127071,48.127519],[17.128604,48.127467],[17.129089,48.12744],[17.129166,48.127429],[17.129379,48.127378],[17.129432,48.127358],[17.129654,48.127253],[17.129801,48.12715],[17.129871,48.127087],[17.130033,48.12691],[17.130257,48.126636],[17.130494,48.126355],[17.130641,48.126163],[17.130634,48.126162],[17.130555,48.126136],[17.130808,48.125802],[17.130852,48.125817],[17.131094,48.125489],[17.13103,48.125468],[17.131026,48.125473],[17.130854,48.125697],[17.130795,48.125774]]]},"properties":{"name":""}},{"type":"Feature","geometry":{"type":"Polygon","coordinates":[[[17.130208,48.126357],[17.130204,48.12635],[17.129856,48.126231],[17.129565,48.126608],[17.129914,48.126727],[17.129926,48.126726],[17.130208,48.126357]]]},"properties":{"name":""}},{"type":"Feature","geometry":{"type":"Polygon","coordinates":[[[17.125422,48.127251],[17.125403,48.126999],[17.12538,48.126993],[17.125215,48.127078],[17.125229,48.127232],[17.125275,48.12726],[17.125422,48.127251]]]},"properties":{"name":""}},{"type":"Feature","geometry":{"type":"Polygon","coordinates":[[[17.125309,48.126732],[17.125357,48.12675],[17.125409,48.126728],[17.125402,48.126691],[17.125351,48.126669],[17.125306,48.126692],[17.125309,48.126732]]]},"properties":{"name":""}},{"type":"Feature","geometry":{"type":"Polygon","coordinates":[[[17.125637,48.127237],[17.125674,48.127209],[17.125653,48.126902],[17.125483,48.126908],[17.125462,48.126921],[17.125487,48.127246],[17.125637,48.127237]]]},"properties":{"name":""}},{"type":"Feature","geometry":{"type":"Polygon","coordinates":[[[17.129182,48.124617],[17.129473,48.124231],[17.129474,48.124218],[17.12946,48.124205],[17.129319,48.124158],[17.129122,48.124371],[17.128986,48.124549],[17.129182,48.124617]]]},"properties":{"name":""}},{"type":"Feature","geometry":{"type":"Polygon","coordinates":[[[17.130391,48.126122],[17.13038,48.126115],[17.130167,48.126045],[17.130198,48.125993],[17.130138,48.12598],[17.130077,48.125992],[17.130006,48.126035],[17.129878,48.126203],[17.129883,48.126209],[17.130224,48.126323],[17.130236,48.126321],[17.130391,48.126122]]]},"properties":{"name":""}},{"type":"Feature","geometry":{"type":"Polygon","coordinates":[[[17.128957,48.124597],[17.128954,48.124618],[17.128961,48.124638],[17.128983,48.124657],[17.129112,48.124708],[17.129164,48.124642],[17.128968,48.124574],[17.128957,48.124597]]]},"properties":{"name":""}},{"type":"Feature","geometry":{"type":"Polygon","coordinates":[[[17.128119,48.127282],[17.128125,48.127273],[17.128113,48.126989],[17.128101,48.126981],[17.12749,48.127],[17.127478,48.12701],[17.127489,48.127294],[17.127498,48.127302],[17.128119,48.127282]]]},"properties":{"name":""}},{"type":"Feature","geometry":{"type":"Polygon","coordinates":[[[17.12723,48.124778],[17.127237,48.124801],[17.127261,48.124821],[17.127862,48.125028],[17.127898,48.124982],[17.127576,48.124868],[17.127238,48.124755],[17.12723,48.124778]]]},"properties":{"name":""}},{"type":"Feature","geometry":{"type":"Polygon","coordinates":[[[17.125493,48.127392],[17.125489,48.127331],[17.125526,48.127301],[17.125657,48.127293],[17.125697,48.127317],[17.125709,48.127454],[17.125673,48.127482],[17.125634,48.127481],[17.125493,48.127392]]]},"properties":{"name":""}},{"type":"Feature","geometry":{"type":"Polygon","coordinates":[[[17.125395,48.127486],[17.125432,48.12746],[17.125425,48.127334],[17.125384,48.127311],[17.125279,48.127316],[17.125196,48.127352],[17.125202,48.127443],[17.125262,48.127488],[17.125395,48.127486]]]},"properties":{"name":""}},{"type":"Feature","geometry":{"type":"Polygon","coordinates":[[[17.128156,48.126988],[17.128167,48.127272],[17.128175,48.127281],[17.128824,48.127259],[17.128831,48.127248],[17.128797,48.126966],[17.128787,48.126957],[17.128168,48.126977],[17.128156,48.126988]]]},"properties":{"name":""}},{"type":"Feature","geometry":{"type":"Polygon","coordinates":[[[17.127094,48.127275],[17.127094,48.1272],[17.127093,48.127003],[17.127082,48.126987],[17.127071,48.126851],[17.127066,48.126784],[17.127009,48.12679],[17.127001,48.126841],[17.127033,48.127233],[17.127053,48.127263],[17.127082,48.127286],[17.127094,48.127275]]]},"properties":{"name":""}},{"type":"Feature","geometry":{"type":"Polygon","coordinates":[[[17.128978,48.124849],[17.128991,48.124848],[17.129002,48.124843],[17.129066,48.124765],[17.128937,48.124723],[17.128885,48.124727],[17.128857,48.124736],[17.128828,48.124759],[17.128805,48.124789],[17.128978,48.124849]]]},"properties":{"name":""}},{"type":"Feature","geometry":{"type":"Polygon","coordinates":[[[17.128874,48.130524],[17.129169,48.130351],[17.124927,48.130685],[17.128874,48.130524]]]},"properties":{"name":""}},{"type":"Feature","geometry":{"type":"Polygon","coordinates":[[[17.126968,48.131178],[17.127385,48.131193],[17.127741,48.131223],[17.128433,48.131257],[17.128483,48.131346],[17.128539,48.131423],[17.128799,48.131621],[17.127709,48.131589],[17.126782,48.131496],[17.126279,48.131439],[17.125162,48.131262],[17.124789,48.131212],[17.125516,48.131188],[17.126479,48.131175],[17.126968,48.131178]]]},"properties":{"name":""}},{"type":"Feature","geometry":{"type":"Polygon","coordinates":[[[17.124312,48.130671],[17.124318,48.13034],[17.1294,48.130193],[17.129306,48.13024],[17.129198,48.130271],[17.124312,48.130671]]]},"properties":{"name":""}},{"type":"Feature","geometry":{"type":"Polygon","coordinates":[[[17.122157,48.124531],[17.12206,48.124427],[17.12191,48.12441],[17.121898,48.124414],[17.121881,48.124473],[17.121881,48.124527],[17.121924,48.124625],[17.121965,48.124671],[17.121982,48.124671],[17.122039,48.124647],[17.121997,48.124605],[17.122157,48.124539],[17.122157,48.124531]]]},"properties":{"name":""}},{"type":"Feature","geometry":{"type":"Polygon","coordinates":[[[17.124648,48.12698],[17.124673,48.126942],[17.124711,48.12694],[17.124758,48.127376],[17.12481,48.127441],[17.124821,48.127463],[17.124773,48.127495],[17.124712,48.127425],[17.124687,48.127376],[17.124664,48.127036],[17.124648,48.12698]]]},"properties":{"name":""}},{"type":"Feature","geometry":{"type":"Polygon","coordinates":[[[17.125138,48.127531],[17.125121,48.127478],[17.125025,48.127423],[17.124956,48.127423],[17.124939,48.127432],[17.124862,48.12749],[17.124862,48.1275],[17.124876,48.127508],[17.124931,48.127523],[17.12498,48.12753],[17.125056,48.127532],[17.125138,48.127531]]]},"properties":{"name":""}},{"type":"Feature","geometry":{"type":"Polygon","coordinates":[[[17.123137,48.125436],[17.123128,48.125324],[17.123112,48.125323],[17.123116,48.125387],[17.12295,48.125391],[17.122948,48.12533],[17.122918,48.125331],[17.122915,48.125346],[17.122896,48.125364],[17.122867,48.125373],[17.122719,48.125378],[17.122723,48.12545],[17.123137,48.125436]]]},"properties":{"name":""}},{"type":"Feature","geometry":{"type":"Polygon","coordinates":[[[17.122612,48.125972],[17.122457,48.126001],[17.123088,48.126028],[17.123266,48.126025],[17.123312,48.126019],[17.123302,48.125997],[17.123339,48.12599],[17.123367,48.125971],[17.123373,48.125949],[17.12336,48.125756],[17.123281,48.125757],[17.123218,48.125695],[17.123236,48.125952],[17.122612,48.125972]]]},"properties":{"name":""}},{"type":"Feature","geometry":{"type":"Polygon","coordinates":[[[17.121908,48.124765],[17.122136,48.124997],[17.122262,48.12508],[17.122345,48.125123],[17.122401,48.125142],[17.122532,48.125164],[17.122615,48.125166],[17.12262,48.125155],[17.122387,48.125094],[17.12221,48.124994],[17.122166,48.124956],[17.121958,48.124744],[17.12194,48.124743],[17.121917,48.124754],[17.121908,48.124765]]]},"properties":{"name":""}},{"type":"Feature","geometry":{"type":"Polygon","coordinates":[[[17.122044,48.125489],[17.122018,48.125508],[17.122016,48.125515],[17.122044,48.125544],[17.122142,48.125588],[17.122257,48.125623],[17.122389,48.12565],[17.122397,48.125644],[17.122399,48.125607],[17.122398,48.125604],[17.122284,48.125589],[17.122282,48.125592],[17.122134,48.125543],[17.122136,48.12554],[17.122048,48.125487],[17.122044,48.125489]]]},"properties":{"name":""}},{"type":"Feature","geometry":{"type":"Polygon","coordinates":[[[17.121858,48.125033],[17.122195,48.12538],[17.122275,48.125428],[17.122342,48.12545],[17.122434,48.125461],[17.122678,48.125451],[17.122668,48.125255],[17.12254,48.125255],[17.122381,48.125234],[17.122273,48.125199],[17.122119,48.125117],[17.122036,48.125057],[17.122002,48.125027],[17.121976,48.125011],[17.121939,48.125005],[17.121907,48.125009],[17.121858,48.125033]]]},"properties":{"name":""}},{"type":"Feature","geometry":{"type":"Polygon","coordinates":[[[17.121786,48.125223],[17.121757,48.125236],[17.121753,48.125245],[17.121979,48.125479],[17.121992,48.125481],[17.122024,48.125469],[17.121786,48.125223]]]},"properties":{"name":""}},{"type":"Feature","geometry":{"type":"Polygon","coordinates":[[[17.122436,48.125606],[17.122439,48.125643],[17.122452,48.125649],[17.122714,48.125641],[17.122723,48.125634],[17.122722,48.125596],[17.122436,48.125606]]]},"properties":{"name":""}},{"type":"Feature","geometry":{"type":"Polygon","coordinates":[[[17.12276,48.125595],[17.12276,48.125632],[17.122771,48.125639],[17.123019,48.125631],[17.123028,48.125625],[17.123027,48.125585],[17.12276,48.125595]]]},"properties":{"name":""}},{"type":"Feature","geometry":{"type":"Polygon","coordinates":[[[17.121779,48.124829],[17.121776,48.12484],[17.121857,48.124925],[17.121879,48.124901],[17.121886,48.124873],[17.121874,48.124846],[17.121835,48.124807],[17.121779,48.124829]]]},"properties":{"name":""}},{"type":"Feature","geometry":{"type":"Polygon","coordinates":[[[17.124563,48.12628],[17.124564,48.126385],[17.12467,48.126461],[17.124674,48.126335],[17.124765,48.126335],[17.124775,48.126272],[17.124563,48.12628]]]},"properties":{"name":""}},{"type":"Feature","geometry":{"type":"Polygon","coordinates":[[[17.124629,48.12691],[17.124698,48.12687],[17.124671,48.126568],[17.124693,48.126557],[17.124568,48.126445],[17.124596,48.126729],[17.124608,48.126822],[17.124629,48.12691]]]},"properties":{"name":""}},{"type":"Feature","geometry":{"type":"Polygon","coordinates":[[[17.123064,48.125584],[17.123066,48.125623],[17.123076,48.12563],[17.123338,48.125622],[17.123348,48.125616],[17.123346,48.125586],[17.123335,48.12558],[17.123301,48.125566],[17.123301,48.125575],[17.123064,48.125584]]]},"properties":{"name":""}},{"type":"Feature","geometry":{"type":"Polygon","coordinates":[[[17.122051,48.123439],[17.121931,48.123396],[17.121968,48.123346],[17.121956,48.123341],[17.122018,48.123262],[17.122044,48.123257],[17.122137,48.123288],[17.122145,48.123305],[17.122137,48.12332],[17.122143,48.123321],[17.122051,48.123439]]]},"properties":{"name":""}},{"type":"Feature","geometry":{"type":"Polygon","coordinates":[[[17.122025,48.121986],[17.122009,48.12199],[17.121945,48.122074],[17.122033,48.122103],[17.122003,48.122142],[17.122025,48.12215],[17.122056,48.12211],[17.122148,48.122141],[17.12221,48.122059],[17.122207,48.12205],[17.122025,48.121986]]]},"properties":{"name":""}},{"type":"Feature","geometry":{"type":"Polygon","coordinates":[[[17.121984,48.123235],[17.121993,48.123253],[17.121892,48.123383],[17.121872,48.123376],[17.121911,48.123325],[17.121777,48.123278],[17.121737,48.123329],[17.121717,48.123322],[17.121817,48.123195],[17.12184,48.123186],[17.121984,48.123235]]]},"properties":{"name":""}},{"type":"Feature","geometry":{"type":"Polygon","coordinates":[[[17.121857,48.122189],[17.121801,48.122265],[17.121806,48.122277],[17.121983,48.122336],[17.122001,48.122333],[17.12206,48.122255],[17.12196,48.122222],[17.121998,48.122171],[17.121984,48.122167],[17.121965,48.122189],[17.121952,48.122185],[17.12193,48.122213],[17.121857,48.122189]]]},"properties":{"name":""}},{"type":"Feature","geometry":{"type":"Polygon","coordinates":[[[17.122727,48.122444],[17.122863,48.122398],[17.1229,48.122508],[17.122727,48.122444]]]},"properties":{"name":""}},{"type":"Feature","geometry":{"type":"Polygon","coordinates":[[[17.122961,48.122609],[17.123112,48.122414],[17.123086,48.12236],[17.122947,48.122314],[17.122893,48.122386],[17.122961,48.122609]]]},"properties":{"name":""}},{"type":"Feature","geometry":{"type":"Polygon","coordinates":[[[17.121931,48.123596],[17.121911,48.12359],[17.121797,48.123592],[17.121717,48.123697],[17.121825,48.123733],[17.121931,48.123596]]]},"properties":{"name":""}},{"type":"Feature","geometry":{"type":"Polygon","coordinates":[[[17.122139,48.122389],[17.122046,48.122356],[17.122031,48.122359],[17.121928,48.122491],[17.122035,48.122527],[17.122139,48.122389]]]},"properties":{"name":""}},{"type":"Feature","geometry":{"type":"Polygon","coordinates":[[[17.122328,48.122599],[17.122505,48.122522],[17.122538,48.122479],[17.122505,48.122371],[17.122482,48.122364],[17.122309,48.122593],[17.122328,48.122599]]]},"properties":{"name":""}},{"type":"Feature","geometry":{"type":"Polygon","coordinates":[[[17.121896,48.12248],[17.121979,48.122371],[17.121973,48.12236],[17.121787,48.122299],[17.121771,48.122304],[17.121691,48.12241],[17.121896,48.12248]]]},"properties":{"name":""}},{"type":"Feature","geometry":{"type":"Polygon","coordinates":[[[17.122157,48.122366],[17.122062,48.122335],[17.122058,48.122323],[17.122133,48.122225],[17.122149,48.122222],[17.122243,48.122253],[17.122157,48.122366]]]},"properties":{"name":""}},{"type":"Feature","geometry":{"type":"Polygon","coordinates":[[[17.121948,48.123573],[17.12193,48.123568],[17.121924,48.123549],[17.121992,48.123461],[17.122014,48.123455],[17.122035,48.123462],[17.121948,48.123573]]]},"properties":{"name":""}},{"type":"Feature","geometry":{"type":"Polygon","coordinates":[[[17.122493,48.12235],[17.122527,48.122363],[17.122562,48.122471],[17.122855,48.122374],[17.122907,48.122301],[17.122608,48.122202],[17.122493,48.12235]]]},"properties":{"name":""}},{"type":"Feature","geometry":{"type":"Polygon","coordinates":[[[17.122259,48.122232],[17.122166,48.122199],[17.122159,48.12219],[17.122251,48.122073],[17.122267,48.122071],[17.122353,48.122099],[17.122349,48.122113],[17.122259,48.122232]]]},"properties":{"name":""}},{"type":"Feature","geometry":{"type":"Polygon","coordinates":[[[17.122367,48.122612],[17.122522,48.122544],[17.122539,48.122569],[17.122511,48.122599],[17.1225,48.122596],[17.122522,48.122655],[17.122517,48.122664],[17.122367,48.122612]]]},"properties":{"name":""}},{"type":"Feature","geometry":{"type":"Polygon","coordinates":[[[17.121776,48.122067],[17.12187,48.122101],[17.121887,48.122097],[17.121976,48.121978],[17.121971,48.121968],[17.121897,48.121943],[17.121881,48.121947],[17.121866,48.121949],[17.121776,48.122067]]]},"properties":{"name":""}},{"type":"Feature","geometry":{"type":"Polygon","coordinates":[[[17.122215,48.122713],[17.122708,48.122884],[17.12276,48.122875],[17.122818,48.122797],[17.122491,48.122687],[17.122463,48.122726],[17.122404,48.122705],[17.122429,48.122667],[17.12229,48.122617],[17.122215,48.122713]]]},"properties":{"name":""}},{"type":"Feature","geometry":{"type":"Polygon","coordinates":[[[17.121816,48.121764],[17.121847,48.121781],[17.12235,48.121952],[17.122377,48.121915],[17.12184,48.121732],[17.121816,48.121764]]]},"properties":{"name":""}},{"type":"Feature","geometry":{"type":"Polygon","coordinates":[[[17.123001,48.122174],[17.123178,48.122233],[17.123203,48.122198],[17.12304,48.122142],[17.123023,48.122145],[17.123001,48.122174]]]},"properties":{"name":""}},{"type":"Feature","geometry":{"type":"Polygon","coordinates":[[[17.12244,48.121984],[17.122961,48.12216],[17.122984,48.122132],[17.122975,48.122121],[17.122471,48.121948],[17.12244,48.121984]]]},"properties":{"name":""}},{"type":"Feature","geometry":{"type":"Polygon","coordinates":[[[17.130797,48.119605],[17.130853,48.119625],[17.130938,48.119632],[17.131021,48.119611],[17.131085,48.119569],[17.131105,48.119543],[17.131066,48.119534],[17.131033,48.11954],[17.130992,48.11957],[17.130926,48.119596],[17.130838,48.119603],[17.130811,48.119597],[17.130797,48.119605]]]},"properties":{"name":""}},{"type":"Feature","geometry":{"type":"Polygon","coordinates":[[[17.128581,48.120197],[17.128608,48.120156],[17.128235,48.120026],[17.128251,48.120011],[17.128304,48.119942],[17.128351,48.119882],[17.12838,48.119842],[17.128801,48.119977],[17.128843,48.119934],[17.127899,48.119604],[17.127734,48.119621],[17.127562,48.119843],[17.127588,48.119855],[17.128023,48.120005],[17.128097,48.12003],[17.128581,48.120197]]]},"properties":{"name":""}},{"type":"Feature","geometry":{"type":"Polygon","coordinates":[[[17.130596,48.120106],[17.130708,48.119928],[17.130718,48.11988],[17.130699,48.119836],[17.130574,48.119802],[17.130518,48.119874],[17.130525,48.119876],[17.130561,48.119888],[17.130472,48.120008],[17.13048,48.120012],[17.130449,48.120055],[17.13052,48.120081],[17.130537,48.120086],[17.130554,48.120092],[17.130596,48.120106]]]},"properties":{"name":""}},{"type":"Feature","geometry":{"type":"Polygon","coordinates":[[[17.129064,48.118938],[17.129057,48.118962],[17.12907,48.118997],[17.129104,48.119025],[17.129348,48.11911],[17.129418,48.119109],[17.129456,48.119099],[17.129483,48.11908],[17.129599,48.118928],[17.129612,48.118894],[17.1296,48.118858],[17.129566,48.118828],[17.129233,48.118714],[17.129064,48.118938]]]},"properties":{"name":""}},{"type":"Feature","geometry":{"type":"Polygon","coordinates":[[[17.12827,48.119682],[17.128508,48.119374],[17.128636,48.119354],[17.128826,48.119105],[17.128322,48.118933],[17.12825,48.118943],[17.128001,48.119264],[17.128377,48.119403],[17.128209,48.119608],[17.128033,48.119544],[17.127997,48.119383],[17.127935,48.119361],[17.127857,48.119457],[17.127931,48.119563],[17.12827,48.119682]]]},"properties":{"name":""}},{"type":"Feature","geometry":{"type":"Polygon","coordinates":[[[17.1296,48.121471],[17.129697,48.121459],[17.129735,48.121432],[17.129808,48.12128],[17.12996,48.121052],[17.130235,48.120681],[17.130277,48.120606],[17.130221,48.120588],[17.12971,48.121244],[17.129557,48.121192],[17.129495,48.121184],[17.129437,48.1212],[17.129407,48.121226],[17.129341,48.121317],[17.129335,48.121336],[17.12934,48.121358],[17.129371,48.12139],[17.1296,48.121471]]]},"properties":{"name":""}},{"type":"Feature","geometry":{"type":"Polygon","coordinates":[[[17.130508,48.120875],[17.130475,48.120867],[17.130442,48.120871],[17.130403,48.120887],[17.130369,48.120919],[17.130217,48.121127],[17.130147,48.121232],[17.13007,48.121366],[17.130018,48.121477],[17.129966,48.121614],[17.129972,48.121621],[17.130714,48.121876],[17.131176,48.121288],[17.131149,48.121279],[17.131109,48.121265],[17.131042,48.121354],[17.130947,48.121322],[17.130958,48.121308],[17.130872,48.121278],[17.131008,48.1211],[17.131101,48.121132],[17.131091,48.121146],[17.131177,48.121176],[17.131133,48.121234],[17.131126,48.121243],[17.131167,48.121256],[17.131268,48.121137],[17.130508,48.120875]]]},"properties":{"name":""}},{"type":"Feature","geometry":{"type":"Polygon","coordinates":[[[17.130632,48.121737],[17.130799,48.121515],[17.130634,48.121457],[17.130464,48.121679],[17.130632,48.121737]]]},"properties":{"name":""}},{"type":"Feature","geometry":{"type":"Polygon","coordinates":[[[17.129972,48.119837],[17.130175,48.119569],[17.130527,48.119689],[17.130329,48.119958],[17.129972,48.119837]]]},"properties":{"name":""}},{"type":"Feature","geometry":{"type":"Polygon","coordinates":[[[17.129443,48.119319],[17.130098,48.11954],[17.129638,48.120152],[17.128978,48.119928],[17.128975,48.119907],[17.129417,48.119328],[17.129443,48.119319]]]},"properties":{"name":""}},{"type":"Feature","geometry":{"type":"Polygon","coordinates":[[[17.129029,48.119999],[17.129613,48.120195],[17.129612,48.120215],[17.12898,48.121047],[17.128962,48.121053],[17.128354,48.120849],[17.128351,48.120841],[17.128983,48.120005],[17.129029,48.119999]]]},"properties":{"name":""}},{"type":"Feature","geometry":{"type":"Polygon","coordinates":[[[17.130879,48.119836],[17.130892,48.119781],[17.130865,48.119729],[17.130818,48.119691],[17.130751,48.119663],[17.130746,48.119711],[17.130755,48.119767],[17.130799,48.119809],[17.130879,48.119836]]]},"properties":{"name":""}},{"type":"Feature","geometry":{"type":"Polygon","coordinates":[[[17.122589,48.128137],[17.122601,48.128259],[17.122666,48.128994],[17.123266,48.128966],[17.123273,48.128849],[17.123276,48.128808],[17.123276,48.128762],[17.123225,48.128126],[17.123219,48.128012],[17.123315,48.128008],[17.123306,48.127809],[17.122532,48.127839],[17.122591,48.127912],[17.122604,48.128124],[17.122589,48.128137]]]},"properties":{"name":""}},{"type":"Feature","geometry":{"type":"Polygon","coordinates":[[[17.136703,48.127993],[17.136567,48.128296],[17.136817,48.128346],[17.136953,48.128043],[17.136703,48.127993]]]},"properties":{"name":""}},{"type":"Feature","geometry":{"type":"Polygon","coordinates":[[[17.136088,48.129211],[17.136317,48.129256],[17.136457,48.12894],[17.136229,48.128895],[17.136088,48.129211]]]},"properties":{"name":""}},{"type":"Feature","geometry":{"type":"Polygon","coordinates":[[[17.136142,48.128501],[17.136361,48.128545],[17.13622,48.128861],[17.135997,48.128817],[17.136142,48.128501]]]},"properties":{"name":""}},{"type":"Feature","geometry":{"type":"Polygon","coordinates":[[[17.135744,48.128766],[17.135487,48.128715],[17.135629,48.128399],[17.135895,48.128452],[17.135744,48.128766]]]},"properties":{"name":""}},{"type":"Feature","geometry":{"type":"Polygon","coordinates":[[[17.123645,48.128537],[17.123708,48.128535],[17.123786,48.128532],[17.123793,48.128629],[17.123652,48.128633],[17.123645,48.128537]]]},"properties":{"name":""}},{"type":"Feature","geometry":{"type":"Polygon","coordinates":[[[17.136098,48.126404],[17.136211,48.12618],[17.136986,48.126387],[17.137159,48.126434],[17.137037,48.126658],[17.136098,48.126404]]]},"properties":{"name":""}},{"type":"Feature","geometry":{"type":"Polygon","coordinates":[[[17.13661,48.124186],[17.136706,48.123966],[17.136942,48.124012],[17.136909,48.124087],[17.136846,48.124232],[17.13661,48.124186]]]},"properties":{"name":""}},{"type":"Feature","geometry":{"type":"Polygon","coordinates":[[[17.136424,48.124773],[17.136481,48.124543],[17.137028,48.124603],[17.136972,48.124833],[17.136424,48.124773]]]},"properties":{"name":""}},{"type":"Feature","geometry":{"type":"Polygon","coordinates":[[[17.125016,48.125415],[17.125287,48.125404],[17.12527,48.125219],[17.124999,48.12523],[17.125016,48.125415]]]},"properties":{"name":""}},{"type":"Feature","geometry":{"type":"Polygon","coordinates":[[[17.133933,48.12007],[17.134103,48.120123],[17.134234,48.11994],[17.134064,48.119886],[17.133933,48.12007]]]},"properties":{"name":""}},{"type":"Feature","geometry":{"type":"Polygon","coordinates":[[[17.13415,48.120204],[17.133908,48.120523],[17.133667,48.120441],[17.133909,48.120123],[17.13415,48.120204]]]},"properties":{"name":""}},{"type":"Feature","geometry":{"type":"Polygon","coordinates":[[[17.133257,48.118642],[17.132394,48.118313],[17.132988,48.117517],[17.133208,48.117514],[17.133468,48.117566],[17.133766,48.117731],[17.133883,48.117884],[17.133257,48.118642]]]},"properties":{"name":""}},{"type":"Feature","geometry":{"type":"Polygon","coordinates":[[[17.122235,48.118726],[17.123013,48.119057],[17.122677,48.119306],[17.122365,48.119563],[17.12203,48.119391],[17.121831,48.119237],[17.122235,48.118726]]]},"properties":{"name":""}},{"type":"Feature","geometry":{"type":"Polygon","coordinates":[[[17.126237,48.120001],[17.125911,48.120373],[17.126468,48.120514],[17.12676,48.120135],[17.126476,48.119922],[17.126237,48.120001]]]},"properties":{"name":""}},{"type":"Feature","geometry":{"type":"Polygon","coordinates":[[[17.128054,48.119398],[17.12811,48.119325],[17.128334,48.119402],[17.128279,48.119475],[17.128054,48.119398]]]},"properties":{"name":""}},{"type":"Feature","geometry":{"type":"Polygon","coordinates":[[[17.122928,48.128027],[17.122942,48.128014],[17.122949,48.127993],[17.122946,48.127974],[17.122934,48.127953],[17.122918,48.127938],[17.122905,48.127929],[17.122884,48.127926],[17.122865,48.127929],[17.12285,48.127937],[17.122837,48.127953],[17.122832,48.127965],[17.12283,48.127984],[17.12283,48.127995],[17.122843,48.128013],[17.122866,48.128027],[17.122889,48.128034],[17.122909,48.128034],[17.122928,48.128027]]]},"properties":{"name":""}},{"type":"Feature","geometry":{"type":"Polygon","coordinates":[[[17.122908,48.128242],[17.122897,48.128239],[17.122885,48.128242],[17.122866,48.128248],[17.122846,48.128246],[17.122815,48.128245],[17.122787,48.128252],[17.122784,48.128266],[17.122791,48.128276],[17.122804,48.128285],[17.122823,48.128286],[17.122868,48.128274],[17.122906,48.128254],[17.12291,48.128248],[17.122908,48.128242]]]},"properties":{"name":""}},{"type":"Feature","geometry":{"type":"Polygon","coordinates":[[[17.122948,48.128217],[17.122972,48.128228],[17.123001,48.128232],[17.123021,48.128229],[17.123027,48.128216],[17.123014,48.128192],[17.123002,48.128181],[17.122977,48.128177],[17.122961,48.12818],[17.12295,48.128188],[17.122944,48.128195],[17.122942,48.128206],[17.122948,48.128217]]]},"properties":{"name":""}},{"type":"Feature","geometry":{"type":"Polygon","coordinates":[[[17.122589,48.128137],[17.122601,48.128259],[17.122434,48.128266],[17.122438,48.128325],[17.122466,48.128666],[17.122496,48.129007],[17.122321,48.129013],[17.122316,48.128946],[17.122303,48.128794],[17.122292,48.128672],[17.122283,48.128564],[17.122269,48.128388],[17.122264,48.128331],[17.122248,48.128149],[17.122589,48.128137]]]},"properties":{"name":""}},{"type":"Feature","geometry":{"type":"Polygon","coordinates":[[[17.134868,48.118179],[17.134357,48.117288],[17.13528,48.118206],[17.135662,48.11841],[17.135873,48.118727],[17.136118,48.119071],[17.13664,48.119461],[17.136673,48.119807],[17.137136,48.121521],[17.137481,48.123081],[17.137359,48.123118],[17.137894,48.126072],[17.138101,48.12618],[17.137972,48.126525],[17.13789,48.127234],[17.13748,48.128522],[17.136683,48.129697],[17.136156,48.13007],[17.136109,48.130119],[17.136034,48.130196],[17.135624,48.13062],[17.135043,48.131087],[17.1346,48.130874],[17.134889,48.13073],[17.135179,48.130663],[17.135474,48.130518],[17.135536,48.130413],[17.135527,48.13036],[17.135575,48.130219],[17.135739,48.130077],[17.135719,48.129873],[17.135658,48.129827],[17.135841,48.129809],[17.136122,48.12949],[17.136243,48.129377],[17.136781,48.128579],[17.137371,48.127266],[17.137409,48.127039],[17.137388,48.126311],[17.137382,48.126103],[17.137181,48.124721],[17.137028,48.123418],[17.136876,48.123224],[17.136405,48.120715],[17.135992,48.119718],[17.135598,48.119046],[17.134868,48.118179]]]},"properties":{"name":""}},{"type":"Feature","geometry":{"type":"Polygon","coordinates":[[[17.136073,48.128094],[17.136321,48.128143],[17.136181,48.128456],[17.135933,48.128406],[17.136073,48.128094]]]},"properties":{"name":""}},{"type":"Feature","geometry":{"type":"Polygon","coordinates":[[[17.130722,48.122987],[17.130826,48.12285],[17.130704,48.122809],[17.1306,48.122946],[17.130722,48.122987]]]},"properties":{"name":""}},{"type":"Feature","geometry":{"type":"Polygon","coordinates":[[[17.122995,48.128017],[17.123112,48.128013],[17.123028,48.127976],[17.123017,48.127973],[17.123006,48.127976],[17.122996,48.127996],[17.122995,48.128017]]]},"properties":{"name":""}},{"type":"Feature","geometry":{"type":"Polygon","coordinates":[[[17.124271,48.124446],[17.124388,48.124293],[17.124717,48.124411],[17.124601,48.12456],[17.124271,48.124446]]]},"properties":{"name":""}},{"type":"Feature","geometry":{"type":"Polygon","coordinates":[[[17.124338,48.121939],[17.124293,48.121923],[17.12418,48.122066],[17.124217,48.122079],[17.124582,48.122201],[17.124688,48.122062],[17.124338,48.121939]]]},"properties":{"name":""}},{"type":"Feature","geometry":{"type":"Polygon","coordinates":[[[17.128025,48.126512],[17.128011,48.126523],[17.127993,48.126529],[17.127973,48.126531],[17.127954,48.12653],[17.127937,48.126524],[17.127923,48.126515],[17.127914,48.126503],[17.127911,48.126491],[17.127914,48.126478],[17.127923,48.126466],[17.127936,48.126457],[17.127954,48.126451],[17.127975,48.126449],[17.127996,48.126452],[17.128014,48.12646],[17.128027,48.126471],[17.128034,48.126484],[17.128033,48.126499],[17.128025,48.126512]]]},"properties":{"name":""}},{"type":"Feature","geometry":{"type":"Polygon","coordinates":[[[17.128474,48.126489],[17.128469,48.126479],[17.12847,48.126469],[17.128474,48.12646],[17.128483,48.126452],[17.128497,48.126446],[17.128513,48.126443],[17.128529,48.126444],[17.128544,48.126449],[17.128556,48.126457],[17.128563,48.126467],[17.128564,48.126478],[17.12856,48.126489],[17.12855,48.126498],[17.128538,48.126503],[17.128523,48.126506],[17.128508,48.126506],[17.128494,48.126503],[17.128482,48.126497],[17.128474,48.126489]]]},"properties":{"name":""}},{"type":"Feature","geometry":{"type":"Polygon","coordinates":[[[17.135244,48.128239],[17.135071,48.128642],[17.135455,48.128716],[17.135628,48.128313],[17.135244,48.128239]]]},"properties":{"name":""}},{"type":"Feature","geometry":{"type":"Polygon","coordinates":[[[17.125491,48.127869],[17.125638,48.127866],[17.12563,48.127794],[17.125602,48.12778],[17.125483,48.127785],[17.125491,48.127869]]]},"properties":{"name":""}},{"type":"Feature","geometry":{"type":"Polygon","coordinates":[[[17.125297,48.127873],[17.125436,48.12787],[17.125429,48.127788],[17.125323,48.127796],[17.125293,48.127814],[17.125297,48.127873]]]},"properties":{"name":""}},{"type":"Feature","geometry":{"type":"Polygon","coordinates":[[[17.125007,48.125621],[17.125314,48.125612],[17.125311,48.12556],[17.125003,48.125569],[17.125007,48.125621]]]},"properties":{"name":""}},{"type":"Feature","geometry":{"type":"Polygon","coordinates":[[[17.121797,48.130017],[17.122039,48.130007],[17.12209,48.130005],[17.122079,48.129856],[17.122001,48.129878],[17.121781,48.129879],[17.121797,48.130017]]]},"properties":{"name":""}},{"type":"Feature","geometry":{"type":"Polygon","coordinates":[[[17.13422,48.126989],[17.134192,48.127004],[17.134022,48.127241],[17.134385,48.127392],[17.134623,48.127169],[17.134966,48.126828],[17.135072,48.12651],[17.135034,48.126456],[17.13497,48.126435],[17.134871,48.126526],[17.134532,48.126719],[17.134293,48.126909],[17.13422,48.126989]]]},"properties":{"name":""}},{"type":"Feature","geometry":{"type":"Polygon","coordinates":[[[17.134009,48.125734],[17.134085,48.12576],[17.134183,48.125794],[17.134185,48.125796],[17.133961,48.125844],[17.133929,48.125833],[17.133893,48.125879],[17.133944,48.125896],[17.133978,48.125907],[17.134773,48.126177],[17.134808,48.12619],[17.13481,48.126191],[17.134815,48.126191],[17.134846,48.126258],[17.134866,48.126264],[17.134856,48.126277],[17.134885,48.126335],[17.134881,48.126336],[17.134863,48.126353],[17.134931,48.126375],[17.135051,48.126356],[17.135102,48.126295],[17.135155,48.126026],[17.135101,48.125961],[17.134094,48.12562],[17.134093,48.125622],[17.134009,48.125734]]]},"properties":{"name":""}},{"type":"Feature","geometry":{"type":"Polygon","coordinates":[[[17.132855,48.125348],[17.132839,48.12533],[17.132867,48.125291],[17.132887,48.125274],[17.132915,48.125258],[17.132962,48.125247],[17.133019,48.125254],[17.133506,48.125419],[17.133538,48.12543],[17.133499,48.125485],[17.133524,48.125494],[17.133522,48.125497],[17.133481,48.125553],[17.133044,48.125409],[17.133045,48.125408],[17.133003,48.125395],[17.133002,48.125396],[17.132855,48.125348]]]},"properties":{"name":""}},{"type":"Feature","geometry":{"type":"Polygon","coordinates":[[[17.131384,48.126153],[17.13138,48.126199],[17.131619,48.126508],[17.131662,48.126516],[17.131996,48.126078],[17.13196,48.126035],[17.131445,48.126117],[17.131384,48.126153]]]},"properties":{"name":""}},{"type":"Feature","geometry":{"type":"Polygon","coordinates":[[[17.132361,48.125594],[17.132082,48.125956],[17.131333,48.126078],[17.131264,48.126055],[17.131309,48.125997],[17.131272,48.125941],[17.132365,48.124524],[17.132414,48.12447],[17.132473,48.124427],[17.132538,48.124401],[17.132613,48.124382],[17.132703,48.124378],[17.132738,48.124328],[17.132858,48.124361],[17.132919,48.124398],[17.132946,48.12444],[17.132955,48.124485],[17.132931,48.124582],[17.132859,48.124724],[17.132564,48.124621],[17.132535,48.124659],[17.132418,48.12462],[17.131848,48.125371],[17.131904,48.12539],[17.131876,48.125428],[17.132098,48.125505],[17.132361,48.125594]]]},"properties":{"name":""}},{"type":"Feature","geometry":{"type":"Polygon","coordinates":[[[17.135436,48.125919],[17.135337,48.125963],[17.134136,48.125564],[17.134138,48.125561],[17.134185,48.1255],[17.134201,48.125481],[17.134252,48.125414],[17.134267,48.125395],[17.134272,48.125387],[17.134139,48.125341],[17.134098,48.125326],[17.134116,48.125303],[17.134121,48.125297],[17.133978,48.125247],[17.133949,48.125238],[17.133939,48.125235],[17.133917,48.125264],[17.133827,48.125233],[17.133798,48.125223],[17.133787,48.12522],[17.133766,48.125249],[17.133675,48.125219],[17.133646,48.125209],[17.133635,48.125205],[17.133526,48.125352],[17.133058,48.125199],[17.133032,48.125183],[17.133017,48.125165],[17.133002,48.125128],[17.133019,48.125092],[17.133112,48.124967],[17.133132,48.124926],[17.133133,48.124876],[17.133166,48.124799],[17.135436,48.125919]]]},"properties":{"name":""}},{"type":"Feature","geometry":{"type":"Polygon","coordinates":[[[17.13274,48.126097],[17.132719,48.126144],[17.132594,48.126308],[17.132529,48.126337],[17.132447,48.126333],[17.131998,48.12618],[17.132129,48.126002],[17.13261,48.125898],[17.132646,48.125899],[17.132668,48.125919],[17.132731,48.126055],[17.13274,48.126097]]]},"properties":{"name":""}},{"type":"Feature","geometry":{"type":"Polygon","coordinates":[[[17.132831,48.126139],[17.132776,48.126179],[17.132722,48.126228],[17.132647,48.126324],[17.132653,48.126377],[17.132708,48.12642],[17.133155,48.12657],[17.133202,48.126498],[17.133165,48.126485],[17.133142,48.126514],[17.133005,48.126467],[17.133027,48.126438],[17.132897,48.126395],[17.132919,48.126366],[17.13279,48.126322],[17.132881,48.1262],[17.132966,48.126229],[17.133026,48.126215],[17.132986,48.126137],[17.133025,48.126113],[17.132983,48.126089],[17.132956,48.126081],[17.132931,48.126086],[17.132899,48.126102],[17.132857,48.126122],[17.132831,48.126139]]]},"properties":{"name":""}},{"type":"Feature","geometry":{"type":"Polygon","coordinates":[[[17.13205,48.126625],[17.132199,48.126445],[17.132465,48.126412],[17.132417,48.126367],[17.131976,48.126218],[17.131735,48.126522],[17.131752,48.126558],[17.131975,48.126632],[17.13205,48.126625]]]},"properties":{"name":""}},{"type":"Feature","geometry":{"type":"Polygon","coordinates":[[[17.132253,48.126931],[17.13229,48.126891],[17.13227,48.126829],[17.132527,48.126493],[17.132612,48.126452],[17.132676,48.126457],[17.133134,48.126612],[17.13307,48.126741],[17.133028,48.126726],[17.132989,48.126714],[17.132911,48.126687],[17.132891,48.126714],[17.132751,48.126666],[17.132488,48.12701],[17.132253,48.126931]]]},"properties":{"name":""}},{"type":"Feature","geometry":{"type":"Polygon","coordinates":[[[17.132046,48.127012],[17.132012,48.127001],[17.131933,48.126903],[17.132261,48.126493],[17.132427,48.126475],[17.132457,48.12649],[17.132046,48.127012]]]},"properties":{"name":""}},{"type":"Feature","geometry":{"type":"Polygon","coordinates":[[[17.130206,48.129683],[17.130399,48.130023],[17.131018,48.130044],[17.13143,48.130036],[17.13191,48.13008],[17.132169,48.130092],[17.132473,48.130236],[17.133023,48.130334],[17.13359,48.130499],[17.134219,48.130734],[17.134201,48.130571],[17.134161,48.130208],[17.134019,48.130093],[17.133785,48.130338],[17.133278,48.130207],[17.133554,48.129838],[17.132981,48.12969],[17.132602,48.130034],[17.131276,48.129693],[17.130835,48.129746],[17.130206,48.129683]]]},"properties":{"name":""}},{"type":"Feature","geometry":{"type":"Polygon","coordinates":[[[17.131203,48.126135],[17.131259,48.126162],[17.131617,48.126622],[17.131061,48.127191],[17.131568,48.127364],[17.13184,48.127011],[17.131938,48.127041],[17.131985,48.127082],[17.131476,48.127754],[17.131508,48.127769],[17.131519,48.127784],[17.131511,48.127813],[17.131343,48.128019],[17.130993,48.128392],[17.130936,48.128474],[17.131028,48.129113],[17.131089,48.129641],[17.131825,48.129603],[17.13177,48.129132],[17.132271,48.129167],[17.132508,48.129254],[17.134234,48.129801],[17.134114,48.129956],[17.133962,48.129904],[17.133683,48.129978],[17.134019,48.130093],[17.133785,48.130338],[17.133278,48.130207],[17.132602,48.130034],[17.131276,48.129693],[17.130835,48.129746],[17.130206,48.129683],[17.130158,48.129522],[17.13021,48.129455],[17.13019,48.12935],[17.130197,48.129237],[17.130177,48.128956],[17.130209,48.128615],[17.130326,48.12797],[17.13048,48.12747],[17.130711,48.126864],[17.130911,48.126453],[17.131018,48.126326],[17.131065,48.126308],[17.131203,48.126135]]]},"properties":{"name":""}},{"type":"Feature","geometry":{"type":"Polygon","coordinates":[[[17.132575,48.124798],[17.132631,48.124816],[17.132639,48.124787],[17.13263,48.124764],[17.132599,48.124743],[17.132551,48.124739],[17.132512,48.124749],[17.132491,48.124767],[17.132551,48.124788],[17.132125,48.125342],[17.132069,48.125322],[17.13206,48.125349],[17.13207,48.125374],[17.132101,48.125395],[17.13214,48.125402],[17.132175,48.125394],[17.132212,48.125372],[17.132204,48.125368],[17.132152,48.125354],[17.132575,48.124798]]]},"properties":{"name":""}},{"type":"Feature","geometry":{"type":"Polygon","coordinates":[[[17.132384,48.12543],[17.132439,48.12545],[17.132427,48.125464],[17.132409,48.125474],[17.132379,48.125481],[17.132361,48.12548],[17.132327,48.125473],[17.132306,48.125463],[17.132293,48.125449],[17.132288,48.125435],[17.132288,48.125414],[17.132295,48.1254],[17.132355,48.125422],[17.132781,48.124865],[17.13272,48.124845],[17.132746,48.124826],[17.132775,48.124818],[17.132825,48.124822],[17.132858,48.124841],[17.132869,48.124865],[17.132862,48.124892],[17.132807,48.124874],[17.132384,48.12543]]]},"properties":{"name":""}},{"type":"Feature","geometry":{"type":"Polygon","coordinates":[[[17.128387,48.121411],[17.128428,48.121402],[17.128449,48.121371],[17.128437,48.121341],[17.12839,48.121325],[17.128345,48.121335],[17.128322,48.121366],[17.128336,48.121396],[17.128387,48.121411]]]},"properties":{"name":""}},{"type":"Feature","geometry":{"type":"Polygon","coordinates":[[[17.12266,48.129831],[17.123107,48.129814],[17.123122,48.129991],[17.122898,48.129999],[17.122674,48.130007],[17.12266,48.129831]]]},"properties":{"name":""}},{"type":"Feature","geometry":{"type":"Polygon","coordinates":[[[17.12853,48.105253],[17.128228,48.10539],[17.12773,48.105927],[17.127856,48.105936],[17.127985,48.105948],[17.127486,48.106281],[17.126948,48.107206],[17.126596,48.108508],[17.1267,48.109244],[17.126752,48.109355],[17.126937,48.109715],[17.127225,48.110049],[17.130467,48.113348],[17.134357,48.117288],[17.134868,48.118179],[17.135177,48.119508],[17.135166,48.12004],[17.135072,48.120025],[17.135086,48.119574],[17.135079,48.119497],[17.135031,48.119092],[17.134909,48.118615],[17.134784,48.118306],[17.134593,48.117952],[17.134408,48.117678],[17.134235,48.117447],[17.133689,48.116852],[17.13287,48.116011],[17.131525,48.114622],[17.131052,48.114129],[17.130526,48.113592],[17.129888,48.112936],[17.128797,48.111816],[17.128192,48.111187],[17.127468,48.110438],[17.126827,48.109774],[17.125892,48.1088],[17.125936,48.108821],[17.125975,48.108838],[17.12602,48.108823],[17.126079,48.108502],[17.126262,48.107764],[17.126266,48.107723],[17.126424,48.107119],[17.126545,48.106764],[17.126722,48.106356],[17.127284,48.105894],[17.128236,48.105232],[17.12853,48.105253]]]},"properties":{"name":""}},{"type":"Feature","geometry":{"type":"Polygon","coordinates":[[[17.131799,48.119904],[17.132035,48.119978],[17.132079,48.120033],[17.132101,48.120056],[17.132034,48.120144],[17.13187,48.120089],[17.13169,48.120033],[17.131799,48.119904]]]},"properties":{"name":""}},{"type":"Feature","geometry":{"type":"Polygon","coordinates":[[[17.13187,48.120089],[17.131722,48.120286],[17.131886,48.120341],[17.132034,48.120144],[17.13187,48.120089]]]},"properties":{"name":""}},{"type":"Feature","geometry":{"type":"Polygon","coordinates":[[[17.132157,48.12004],[17.132194,48.120054],[17.132272,48.120123],[17.132052,48.120398],[17.131916,48.120354],[17.132157,48.12004]]]},"properties":{"name":""}},{"type":"Feature","geometry":{"type":"Polygon","coordinates":[[[17.124499,48.124706],[17.124701,48.124704],[17.124699,48.124626],[17.124498,48.124628],[17.124499,48.124706]]]},"properties":{"name":""}},{"type":"Feature","geometry":{"type":"Polygon","coordinates":[[[17.129553,48.126634],[17.129616,48.126656],[17.12944,48.126882],[17.129347,48.126949],[17.12933,48.126918],[17.129553,48.126634]]]},"properties":{"name":""}},{"type":"Feature","geometry":{"type":"Polygon","coordinates":[[[17.131874,48.127339],[17.131653,48.127641],[17.131643,48.127685],[17.131673,48.127731],[17.131732,48.127763],[17.131881,48.127814],[17.131927,48.127754],[17.131945,48.12776],[17.131954,48.127757],[17.131939,48.12775],[17.131961,48.127721],[17.131948,48.127717],[17.132406,48.127115],[17.132122,48.127019],[17.132063,48.12708],[17.132127,48.127142],[17.131981,48.127338],[17.131874,48.127339]]]},"properties":{"name":""}},{"type":"Feature","geometry":{"type":"Polygon","coordinates":[[[17.133485,48.126734],[17.133466,48.126724],[17.133134,48.126612],[17.13307,48.126741],[17.13305,48.126768],[17.13315,48.126802],[17.133217,48.126715],[17.133389,48.126774],[17.133283,48.126918],[17.133304,48.126926],[17.133291,48.126944],[17.133269,48.126937],[17.132939,48.127364],[17.132946,48.127366],[17.132944,48.127369],[17.132915,48.12736],[17.132905,48.127374],[17.132945,48.127387],[17.132868,48.127488],[17.132896,48.127503],[17.132991,48.127489],[17.133515,48.126809],[17.133519,48.126763],[17.133485,48.126734]]]},"properties":{"name":""}},{"type":"Feature","geometry":{"type":"Polygon","coordinates":[[[17.132793,48.127554],[17.132554,48.127868],[17.132578,48.127877],[17.132621,48.127821],[17.132667,48.127837],[17.132625,48.127893],[17.132621,48.127891],[17.132613,48.127903],[17.132616,48.127904],[17.132611,48.127911],[17.132565,48.127895],[17.13254,48.127887],[17.132518,48.127916],[17.132506,48.127912],[17.132437,48.128001],[17.132493,48.12802],[17.132544,48.128026],[17.132594,48.128001],[17.13287,48.127643],[17.132859,48.127594],[17.132793,48.127554]]]},"properties":{"name":""}},{"type":"Feature","geometry":{"type":"Polygon","coordinates":[[[17.133619,48.126761],[17.133967,48.126878],[17.13422,48.126989],[17.134293,48.126909],[17.134532,48.126719],[17.134871,48.126526],[17.13497,48.126435],[17.134199,48.126172],[17.134095,48.126173],[17.134028,48.126216],[17.133619,48.126761]]]},"properties":{"name":""}},{"type":"Feature","geometry":{"type":"Polygon","coordinates":[[[17.133946,48.126086],[17.133786,48.126025],[17.133513,48.12638],[17.13338,48.126558],[17.133202,48.126498],[17.133155,48.12657],[17.133516,48.126693],[17.133586,48.12669],[17.133623,48.126665],[17.133989,48.12619],[17.133998,48.126151],[17.133946,48.126086]]]},"properties":{"name":""}},{"type":"Feature","geometry":{"type":"Polygon","coordinates":[[[17.133769,48.128093],[17.133806,48.128091],[17.133893,48.128118],[17.133634,48.128463],[17.133446,48.128398],[17.133769,48.128093]]]},"properties":{"name":""}},{"type":"Feature","geometry":{"type":"Polygon","coordinates":[[[17.133962,48.128029],[17.134162,48.127839],[17.134216,48.127864],[17.134233,48.12785],[17.134296,48.127879],[17.13428,48.127894],[17.134333,48.127919],[17.13414,48.128104],[17.134085,48.128077],[17.134077,48.128085],[17.134058,48.128118],[17.134081,48.128149],[17.134403,48.128258],[17.134457,48.128251],[17.134486,48.128229],[17.134507,48.128195],[17.134569,48.128215],[17.134549,48.128245],[17.134549,48.128268],[17.134565,48.128294],[17.134591,48.128307],[17.134639,48.128321],[17.134609,48.128361],[17.134525,48.128333],[17.134238,48.12871],[17.133411,48.128431],[17.132735,48.1291],[17.132654,48.129195],[17.13265,48.129239],[17.133075,48.129369],[17.132869,48.129193],[17.133051,48.128861],[17.133262,48.128663],[17.133351,48.128601],[17.133672,48.128742],[17.133912,48.128667],[17.13404,48.128705],[17.134155,48.128726],[17.134167,48.128784],[17.134384,48.128726],[17.13436,48.1286],[17.134654,48.128463],[17.134717,48.128344],[17.134778,48.128214],[17.134596,48.128087],[17.134468,48.127964],[17.134429,48.127855],[17.134231,48.127701],[17.134222,48.127681],[17.133864,48.128025],[17.133883,48.12805],[17.133911,48.128063],[17.133958,48.128076],[17.133994,48.128071],[17.134016,48.128056],[17.133962,48.128029]]]},"properties":{"name":""}},{"type":"Feature","geometry":{"type":"Polygon","coordinates":[[[17.136872,48.123693],[17.137001,48.124067],[17.137014,48.124212],[17.137013,48.124515],[17.137111,48.125023],[17.137215,48.125687],[17.137273,48.126163],[17.137245,48.126281],[17.137032,48.126299],[17.136986,48.126387],[17.137159,48.126434],[17.137269,48.126349],[17.137388,48.126311],[17.137382,48.126103],[17.137181,48.124721],[17.137028,48.123418],[17.136872,48.123693]]]},"properties":{"name":""}},{"type":"Feature","geometry":{"type":"Polygon","coordinates":[[[17.137133,48.125512],[17.137088,48.12516],[17.137017,48.125076],[17.13696,48.125028],[17.136912,48.124997],[17.136806,48.124961],[17.136633,48.124949],[17.136539,48.124954],[17.136464,48.124969],[17.136386,48.125007],[17.136314,48.125057],[17.136033,48.125517],[17.136274,48.125566],[17.136454,48.125575],[17.137133,48.125512]]]},"properties":{"name":""}},{"type":"Feature","geometry":{"type":"Polygon","coordinates":[[[17.135692,48.128817],[17.135928,48.128865],[17.135785,48.129176],[17.135549,48.129128],[17.135692,48.128817]]]},"properties":{"name":""}},{"type":"Feature","geometry":{"type":"Polygon","coordinates":[[[17.129078,48.129818],[17.129256,48.129703],[17.129344,48.12939],[17.129054,48.129348],[17.129049,48.129486],[17.128978,48.129506],[17.128947,48.129792],[17.129078,48.129818]]]},"properties":{"name":""}},{"type":"Feature","geometry":{"type":"Polygon","coordinates":[[[17.128412,48.128075],[17.128634,48.128175],[17.128929,48.128273],[17.129033,48.128248],[17.129075,48.128162],[17.129044,48.128093],[17.128773,48.128097],[17.128412,48.128075]]]},"properties":{"name":""}},{"type":"Feature","geometry":{"type":"Polygon","coordinates":[[[17.130073,48.131287],[17.130684,48.131327],[17.130832,48.13133],[17.13096,48.131317],[17.130993,48.131241],[17.131017,48.131128],[17.130102,48.131063],[17.130073,48.131287]]]},"properties":{"name":""}},{"type":"Feature","geometry":{"type":"Polygon","coordinates":[[[17.131591,48.131169],[17.131143,48.131141],[17.13113,48.13122],[17.131101,48.131303],[17.131348,48.131255],[17.131486,48.131218],[17.131591,48.131169]]]},"properties":{"name":""}},{"type":"Feature","geometry":{"type":"Polygon","coordinates":[[[17.131744,48.130888],[17.131704,48.130797],[17.13162,48.130709],[17.131487,48.130624],[17.13103,48.1306],[17.130689,48.130589],[17.130868,48.130676],[17.131032,48.130825],[17.131744,48.130888]]]},"properties":{"name":""}},{"type":"Feature","geometry":{"type":"Polygon","coordinates":[[[17.130862,48.13082],[17.130773,48.130756],[17.130634,48.130688],[17.130464,48.13064],[17.130291,48.130626],[17.13014,48.130624],[17.130129,48.130781],[17.130862,48.13082]]]},"properties":{"name":""}},{"type":"Feature","geometry":{"type":"Polygon","coordinates":[[[17.130942,48.130491],[17.130652,48.130398],[17.130432,48.130285],[17.130322,48.130174],[17.130142,48.130175],[17.13015,48.130495],[17.130942,48.130491]]]},"properties":{"name":""}},{"type":"Feature","geometry":{"type":"Polygon","coordinates":[[[17.129858,48.130065],[17.129858,48.130038],[17.129831,48.130013],[17.129788,48.130013],[17.129748,48.130027],[17.129719,48.130074],[17.129858,48.130065]]]},"properties":{"name":""}},{"type":"Feature","geometry":{"type":"Polygon","coordinates":[[[17.130255,48.130057],[17.130142,48.129905],[17.130145,48.130061],[17.130255,48.130057]]]},"properties":{"name":""}},{"type":"Feature","geometry":{"type":"Polygon","coordinates":[[[17.12988,48.130493],[17.129874,48.130185],[17.129601,48.130193],[17.129405,48.130322],[17.129059,48.130525],[17.12988,48.130493]]]},"properties":{"name":""}},{"type":"Feature","geometry":{"type":"Polygon","coordinates":[[[17.129877,48.130764],[17.129884,48.130631],[17.128849,48.130671],[17.128758,48.130738],[17.129877,48.130764]]]},"properties":{"name":""}},{"type":"Feature","geometry":{"type":"Polygon","coordinates":[[[17.129753,48.131362],[17.128603,48.131282],[17.128667,48.13136],[17.128802,48.131463],[17.129103,48.131569],[17.129245,48.131581],[17.129681,48.131564],[17.129753,48.131362]]]},"properties":{"name":""}},{"type":"Feature","geometry":{"type":"Polygon","coordinates":[[[17.128404,48.131162],[17.128404,48.13109],[17.128409,48.131008],[17.126696,48.131039],[17.125513,48.131086],[17.124167,48.131144],[17.125523,48.131111],[17.12653,48.131088],[17.126965,48.1311],[17.127757,48.131134],[17.128404,48.131162]]]},"properties":{"name":""}},{"type":"Feature","geometry":{"type":"Polygon","coordinates":[[[17.129788,48.13126],[17.129835,48.131054],[17.129268,48.131031],[17.128546,48.131009],[17.128544,48.131089],[17.128552,48.131175],[17.129788,48.13126]]]},"properties":{"name":""}},{"type":"Feature","geometry":{"type":"Polygon","coordinates":[[[17.130259,48.125347],[17.130243,48.12534],[17.130234,48.125332],[17.130224,48.125318],[17.130219,48.125304],[17.13022,48.125291],[17.13023,48.125278],[17.130241,48.12527],[17.13026,48.125262],[17.130284,48.12526],[17.130305,48.125263],[17.130323,48.12527],[17.130338,48.125281],[17.13035,48.125293],[17.130353,48.125307],[17.13035,48.125321],[17.13034,48.125331],[17.130327,48.125339],[17.130313,48.125345],[17.130294,48.125349],[17.130276,48.12535],[17.130259,48.125347]]]},"properties":{"name":""}},{"type":"Feature","geometry":{"type":"Polygon","coordinates":[[[17.130211,48.125531],[17.130039,48.125467],[17.130145,48.12533],[17.13032,48.125394],[17.130211,48.125531]]]},"properties":{"name":""}},{"type":"Feature","geometry":{"type":"Polygon","coordinates":[[[17.096981,48.131365],[17.096946,48.131036],[17.097218,48.131023],[17.097248,48.131304],[17.097253,48.131352],[17.096981,48.131365]]]},"properties":{"name":""}},{"type":"Feature","geometry":{"type":"Polygon","coordinates":[[[17.097248,48.131634],[17.097011,48.131643],[17.096989,48.131394],[17.097226,48.131385],[17.097248,48.131634]]]},"properties":{"name":""}},{"type":"Feature","geometry":{"type":"Polygon","coordinates":[[[17.087124,48.14453],[17.087527,48.14436],[17.087727,48.144356],[17.087877,48.144317],[17.088103,48.144236],[17.088117,48.144269],[17.08817,48.144259],[17.088109,48.144113],[17.088376,48.144062],[17.088421,48.144211],[17.088508,48.144414],[17.088757,48.144303],[17.088911,48.144239],[17.089276,48.144125],[17.089704,48.144012],[17.090036,48.143922],[17.089886,48.143578],[17.089951,48.143547],[17.08981,48.14305],[17.089506,48.143109],[17.089344,48.14263],[17.089292,48.142638],[17.089301,48.142663],[17.089288,48.142665],[17.089319,48.142747],[17.089164,48.142771],[17.088907,48.142813],[17.088899,48.142792],[17.088843,48.1428],[17.088793,48.142654],[17.088743,48.142661],[17.088386,48.142707],[17.088359,48.142706],[17.088335,48.142702],[17.088315,48.142694],[17.088299,48.142683],[17.088288,48.142668],[17.088274,48.142634],[17.088361,48.142614],[17.088376,48.1426],[17.08837,48.142594],[17.088345,48.142612],[17.087964,48.142684],[17.087917,48.142674],[17.087894,48.142671],[17.087861,48.142674],[17.087797,48.142685],[17.087671,48.142719],[17.086937,48.142909],[17.086941,48.142934],[17.085983,48.143103],[17.08637,48.143655],[17.086308,48.143744],[17.086237,48.143782],[17.086413,48.144103],[17.086428,48.144118],[17.086549,48.144225],[17.086709,48.144363],[17.086926,48.144497],[17.086982,48.144565],[17.087124,48.14453]]]},"properties":{"name":"Ortodoxn\u00fd \u017eidovsk\u00fd cintor\u00edn"}},{"type":"Feature","geometry":{"type":"Polygon","coordinates":[[[17.098942,48.142179],[17.099039,48.142549],[17.099311,48.142517],[17.099214,48.142147],[17.098942,48.142179]]]},"properties":{"name":""}},{"type":"Feature","geometry":{"type":"Polygon","coordinates":[[[17.099171,48.142114],[17.099153,48.142115],[17.099137,48.14211],[17.099115,48.142093],[17.099104,48.142081],[17.099094,48.142053],[17.099096,48.142043],[17.099107,48.142032],[17.099123,48.14203],[17.099149,48.142036],[17.099176,48.142055],[17.099184,48.14207],[17.09919,48.142087],[17.099186,48.142106],[17.099171,48.142114]]]},"properties":{"name":""}},{"type":"Feature","geometry":{"type":"Polygon","coordinates":[[[17.101793,48.142473],[17.102139,48.142506],[17.102173,48.142373],[17.102242,48.14209],[17.102364,48.141584],[17.102015,48.141421],[17.101329,48.141542],[17.101538,48.14172],[17.101664,48.141888],[17.101744,48.142204],[17.101766,48.142346],[17.101793,48.142473]]]},"properties":{"name":""}},{"type":"Feature","geometry":{"type":"Polygon","coordinates":[[[17.101208,48.143133],[17.101272,48.143155],[17.101533,48.14319],[17.101572,48.143175],[17.101595,48.14315],[17.101674,48.142612],[17.101665,48.142591],[17.101633,48.142584],[17.101606,48.142589],[17.10152,48.142697],[17.101489,48.142723],[17.101423,48.142745],[17.101376,48.142745],[17.101293,48.142735],[17.101257,48.142738],[17.101222,48.142751],[17.101207,48.142778],[17.101173,48.142922],[17.101159,48.143046],[17.101171,48.143092],[17.101208,48.143133]]]},"properties":{"name":""}},{"type":"Feature","geometry":{"type":"Polygon","coordinates":[[[17.101287,48.142697],[17.101333,48.142715],[17.101378,48.142723],[17.101416,48.142721],[17.101461,48.142708],[17.101497,48.142679],[17.101685,48.142424],[17.101631,48.1421],[17.101571,48.141918],[17.101491,48.14179],[17.101445,48.141743],[17.101368,48.141652],[17.101281,48.141589],[17.101181,48.141545],[17.10085,48.141475],[17.100615,48.141454],[17.10063,48.141646],[17.100749,48.141672],[17.101114,48.141791],[17.101228,48.141894],[17.101301,48.141989],[17.101332,48.14207],[17.101348,48.142185],[17.101334,48.14231],[17.101262,48.142613],[17.101256,48.142651],[17.101287,48.142697]]]},"properties":{"name":""}},{"type":"Feature","geometry":{"type":"Polygon","coordinates":[[[17.078701,48.138488],[17.078534,48.13831],[17.085265,48.136914],[17.086067,48.135897],[17.085947,48.135209],[17.085552,48.135267],[17.085492,48.135129],[17.085189,48.134335],[17.085365,48.133924],[17.085743,48.133717],[17.086009,48.133733],[17.08627,48.13385],[17.086658,48.134924],[17.086879,48.135],[17.086908,48.135185],[17.086937,48.135358],[17.086703,48.136105],[17.086793,48.136575],[17.09253,48.135605],[17.092598,48.135773],[17.093166,48.135697],[17.094694,48.135429],[17.095423,48.135467],[17.097337,48.135725],[17.098112,48.135847],[17.098427,48.135897],[17.099524,48.135879],[17.10105,48.135827],[17.101296,48.135848],[17.101735,48.136069],[17.101708,48.136194],[17.101211,48.136158],[17.100298,48.136251],[17.099953,48.136353],[17.099071,48.136376],[17.098242,48.136392],[17.09818,48.136557],[17.098026,48.136557],[17.097312,48.136338],[17.096858,48.136217],[17.095706,48.136029],[17.094075,48.136126],[17.085363,48.137604],[17.080972,48.138542],[17.07987,48.138778],[17.077896,48.138875],[17.077795,48.138728],[17.077055,48.138905],[17.076703,48.138836],[17.074862,48.138304],[17.074368,48.138201],[17.073913,48.138047],[17.073741,48.137801],[17.073526,48.134507],[17.073531,48.133379],[17.073544,48.132119],[17.07344,48.130624],[17.073377,48.128943],[17.073243,48.128636],[17.073392,48.127947],[17.073405,48.127474],[17.073456,48.127258],[17.073294,48.126712],[17.072668,48.12576],[17.071813,48.124927],[17.071714,48.12482],[17.071391,48.124632],[17.070522,48.124149],[17.069841,48.123877],[17.069461,48.123829],[17.069324,48.123785],[17.069265,48.123749],[17.069216,48.123719],[17.069058,48.123502],[17.065489,48.1231],[17.063648,48.122768],[17.063462,48.122748],[17.062637,48.122659],[17.062265,48.122626],[17.061783,48.122631],[17.061688,48.122612],[17.061729,48.122566],[17.061851,48.122335],[17.061951,48.122338],[17.062347,48.122203],[17.062453,48.122214],[17.06237,48.122319],[17.062375,48.122383],[17.062388,48.122413],[17.062466,48.122428],[17.062583,48.122439],[17.062749,48.122444],[17.062919,48.122448],[17.063151,48.122455],[17.063401,48.122462],[17.063613,48.122422],[17.066942,48.122843],[17.068174,48.123009],[17.06851,48.123079],[17.068858,48.123147],[17.068887,48.123081],[17.06894,48.123001],[17.069548,48.123086],[17.069671,48.123104],[17.069605,48.123218],[17.069738,48.123268],[17.070594,48.123504],[17.071301,48.123867],[17.072159,48.124406],[17.072786,48.124956],[17.073095,48.125265],[17.073481,48.125781],[17.073833,48.126446],[17.074116,48.127362],[17.074133,48.127465],[17.074158,48.127701],[17.074181,48.128758],[17.074309,48.128847],[17.074212,48.129081],[17.074154,48.12934],[17.074123,48.12956],[17.074102,48.129887],[17.07409,48.130693],[17.074097,48.131662],[17.074121,48.132951],[17.074096,48.134555],[17.074147,48.135388],[17.074216,48.136423],[17.074304,48.137568],[17.074356,48.13793],[17.074452,48.13798],[17.074588,48.138032],[17.074733,48.138074],[17.074801,48.13809],[17.074869,48.138106],[17.074894,48.137798],[17.075217,48.137774],[17.075253,48.138101],[17.07705,48.13824],[17.078701,48.138488]]]},"properties":{"name":""}},{"type":"Feature","geometry":{"type":"Polygon","coordinates":[[[17.099115,48.14484],[17.099307,48.144788],[17.099171,48.144564],[17.09898,48.144615],[17.099115,48.14484]]]},"properties":{"name":""}},{"type":"Feature","geometry":{"type":"Polygon","coordinates":[[[17.098537,48.131062],[17.098592,48.131003],[17.098679,48.130963],[17.098782,48.130949],[17.098885,48.130964],[17.098969,48.131006],[17.099023,48.131066],[17.099016,48.13144],[17.098962,48.131501],[17.098875,48.131542],[17.098771,48.131555],[17.098668,48.13154],[17.098582,48.131498],[17.09853,48.131436],[17.098537,48.131062]]]},"properties":{"name":""}},{"type":"Feature","geometry":{"type":"Polygon","coordinates":[[[17.097987,48.142689],[17.09844,48.142786],[17.098422,48.142709],[17.09841,48.142652],[17.098386,48.142541],[17.09835,48.142484],[17.098315,48.142449],[17.09826,48.142416],[17.098121,48.142386],[17.098024,48.142392],[17.097988,48.142392],[17.097862,48.142403],[17.097837,48.142405],[17.097795,48.14241],[17.097758,48.142415],[17.09753,48.142456],[17.09735,48.142504],[17.097337,48.142509],[17.097269,48.142533],[17.097263,48.142554],[17.097259,48.142575],[17.09729,48.142578],[17.097291,48.142576],[17.09731,48.142578],[17.09731,48.142582],[17.097324,48.142583],[17.097325,48.142581],[17.097375,48.142586],[17.097475,48.1426],[17.097987,48.142689]]]},"properties":{"name":""}},{"type":"Feature","geometry":{"type":"Polygon","coordinates":[[[17.101284,48.139991],[17.101564,48.139981],[17.101588,48.140028],[17.10162,48.140062],[17.101615,48.140071],[17.101583,48.140063],[17.101287,48.139996],[17.101284,48.139991]]]},"properties":{"name":""}},{"type":"Feature","geometry":{"type":"Polygon","coordinates":[[[17.103645,48.144648],[17.103634,48.144905],[17.103585,48.144994],[17.103539,48.145032],[17.103453,48.145055],[17.103335,48.145038],[17.103255,48.144976],[17.10327,48.144819],[17.103218,48.144802],[17.103243,48.144712],[17.103331,48.144652],[17.103477,48.144645],[17.103645,48.144648]]]},"properties":{"name":""}},{"type":"Feature","geometry":{"type":"Polygon","coordinates":[[[17.102413,48.140045],[17.10247,48.139984],[17.102562,48.139943],[17.102765,48.139928],[17.103901,48.139897],[17.104041,48.139924],[17.1041,48.139969],[17.104142,48.140119],[17.104024,48.140116],[17.103946,48.140115],[17.103618,48.14011],[17.103616,48.140181],[17.103685,48.140182],[17.103685,48.140241],[17.103765,48.140242],[17.103764,48.140297],[17.103905,48.140298],[17.103905,48.140292],[17.104082,48.140294],[17.104071,48.140472],[17.103935,48.140522],[17.103846,48.140529],[17.103665,48.140512],[17.10258,48.140203],[17.102423,48.140124],[17.102413,48.140045]]]},"properties":{"name":""}},{"type":"Feature","geometry":{"type":"Polygon","coordinates":[[[17.102307,48.140123],[17.102288,48.140026],[17.102366,48.13993],[17.101865,48.139957],[17.101847,48.13998],[17.101951,48.140024],[17.102307,48.140123]]]},"properties":{"name":""}},{"type":"Feature","geometry":{"type":"Polygon","coordinates":[[[17.098206,48.141947],[17.09817,48.141953],[17.09809,48.141921],[17.098045,48.141798],[17.098043,48.141791],[17.098042,48.141787],[17.098017,48.14172],[17.098014,48.141711],[17.098013,48.141706],[17.097973,48.141596],[17.098076,48.14158],[17.098161,48.141562],[17.098194,48.141657],[17.09825,48.14165],[17.098292,48.141643],[17.098408,48.141628],[17.098485,48.141615],[17.098512,48.141616],[17.098536,48.14162],[17.098563,48.141633],[17.098581,48.141648],[17.098592,48.141666],[17.098594,48.141688],[17.098588,48.141703],[17.098582,48.141712],[17.098386,48.141902],[17.098372,48.141863],[17.098346,48.141866],[17.098323,48.141872],[17.09828,48.141902],[17.09823,48.141909],[17.098195,48.141915],[17.098206,48.141947]]]},"properties":{"name":""}},{"type":"Feature","geometry":{"type":"Polygon","coordinates":[[[17.092514,48.140651],[17.09538,48.140084],[17.09652,48.139955],[17.097401,48.139874],[17.099368,48.139791],[17.100575,48.139741],[17.103283,48.139645],[17.103935,48.139617],[17.104965,48.139625],[17.104982,48.139628],[17.105056,48.139652],[17.104977,48.139662],[17.104304,48.139663],[17.103652,48.139677],[17.103272,48.139693],[17.101492,48.139759],[17.098522,48.139901],[17.097106,48.139987],[17.095407,48.140142],[17.094808,48.140254],[17.093975,48.140402],[17.093626,48.14049],[17.093428,48.140551],[17.092766,48.140864],[17.09271,48.140866],[17.0926,48.140905],[17.092554,48.140906],[17.092526,48.14089],[17.0925,48.14085],[17.092514,48.140651]]]},"properties":{"name":""}},{"type":"Feature","geometry":{"type":"Polygon","coordinates":[[[17.098259,48.14074],[17.097597,48.140833],[17.09757,48.140991],[17.097425,48.141019],[17.097277,48.140977],[17.097253,48.140921],[17.097175,48.14085],[17.096977,48.140846],[17.097041,48.141048],[17.096838,48.141062],[17.096891,48.14118],[17.096971,48.141239],[17.096412,48.141317],[17.095091,48.141631],[17.0942,48.141842],[17.093869,48.141507],[17.093662,48.14159],[17.093702,48.141645],[17.093598,48.141688],[17.093723,48.141879],[17.093333,48.142007],[17.093347,48.142205],[17.092885,48.142458],[17.092797,48.142275],[17.092569,48.142324],[17.092455,48.142061],[17.092112,48.142128],[17.091567,48.142134],[17.090759,48.142276],[17.090581,48.14231],[17.090452,48.14233],[17.089969,48.142362],[17.089283,48.142437],[17.0893,48.142489],[17.089344,48.14263],[17.089506,48.143109],[17.08981,48.14305],[17.089951,48.143547],[17.089886,48.143578],[17.090036,48.143922],[17.091006,48.14377],[17.090945,48.143457],[17.091744,48.143371],[17.091916,48.143489],[17.092283,48.14348],[17.09257,48.14365],[17.093313,48.143566],[17.093504,48.143668],[17.09353,48.143994],[17.093351,48.144443],[17.093557,48.144617],[17.094163,48.144066],[17.094002,48.143876],[17.093782,48.143851],[17.093546,48.142766],[17.094678,48.142548],[17.094845,48.142248],[17.0954,48.142253],[17.095577,48.142195],[17.095734,48.142124],[17.095848,48.141936],[17.095859,48.141832],[17.096035,48.141843],[17.09676,48.141711],[17.09708,48.141638],[17.097396,48.141478],[17.097646,48.141266],[17.098158,48.141196],[17.098488,48.141108],[17.098574,48.141084],[17.098831,48.141092],[17.099056,48.141181],[17.099482,48.141103],[17.100488,48.141034],[17.101022,48.141157],[17.101972,48.141109],[17.102144,48.141128],[17.102284,48.141206],[17.102613,48.141275],[17.102736,48.141313],[17.103086,48.141442],[17.103123,48.141403],[17.103298,48.14147],[17.103261,48.141517],[17.103369,48.14154],[17.103428,48.141549],[17.103621,48.141571],[17.102862,48.141161],[17.101958,48.140962],[17.10081,48.140824],[17.100335,48.140787],[17.098869,48.140913],[17.098398,48.140953],[17.098264,48.140898],[17.098259,48.14074]]]},"properties":{"name":""}},{"type":"Feature","geometry":{"type":"Polygon","coordinates":[[[17.081644,48.143682],[17.08236,48.143523],[17.083197,48.143358],[17.083219,48.143407],[17.083691,48.143399],[17.084959,48.143103],[17.084935,48.143061],[17.08542,48.142946],[17.085691,48.142876],[17.087809,48.142463],[17.088399,48.142351],[17.090285,48.141993],[17.090473,48.141995],[17.090498,48.141995],[17.090726,48.141951],[17.091034,48.141966],[17.091731,48.141923],[17.091769,48.142015],[17.091502,48.142035],[17.090816,48.14214],[17.090721,48.142167],[17.09058,48.142208],[17.090565,48.14221],[17.089807,48.142322],[17.089748,48.14233],[17.089158,48.142385],[17.088932,48.142413],[17.088134,48.142516],[17.086873,48.142834],[17.0858,48.14297],[17.085552,48.143037],[17.085307,48.143139],[17.085081,48.143228],[17.083751,48.143432],[17.082898,48.143486],[17.082602,48.143532],[17.082275,48.143611],[17.081652,48.143733],[17.081644,48.143682]]]},"properties":{"name":""}},{"type":"Feature","geometry":{"type":"Polygon","coordinates":[[[17.086288,48.143937],[17.085393,48.144366],[17.085596,48.144739],[17.085814,48.144733],[17.085993,48.145186],[17.086138,48.145401],[17.086345,48.145295],[17.086187,48.14488],[17.086385,48.144776],[17.086669,48.144669],[17.086982,48.144565],[17.087124,48.14453],[17.087527,48.14436],[17.087727,48.144356],[17.087861,48.144559],[17.088191,48.144457],[17.088508,48.144414],[17.088757,48.144303],[17.088911,48.144239],[17.089276,48.144125],[17.089704,48.144012],[17.090036,48.143922],[17.089886,48.143578],[17.089951,48.143547],[17.08981,48.14305],[17.089506,48.143109],[17.08931,48.143297],[17.089002,48.143396],[17.088749,48.143329],[17.088468,48.143386],[17.08787,48.143433],[17.087176,48.143441],[17.086288,48.143937]]]},"properties":{"name":""}},{"type":"Feature","geometry":{"type":"Polygon","coordinates":[[[17.102539,48.14193],[17.102506,48.141989],[17.102479,48.141986],[17.102115,48.143436],[17.102238,48.143478],[17.102172,48.143615],[17.102003,48.143573],[17.101807,48.143722],[17.10096,48.144119],[17.100214,48.144184],[17.100166,48.144255],[17.100048,48.144255],[17.099984,48.144223],[17.099973,48.144169],[17.100032,48.144109],[17.099911,48.143956],[17.099898,48.14394],[17.09981,48.143718],[17.099796,48.143683],[17.099732,48.14345],[17.099712,48.143051],[17.099226,48.14285],[17.098782,48.142945],[17.098823,48.14306],[17.098976,48.143043],[17.099222,48.143104],[17.099362,48.143382],[17.099431,48.143693],[17.099413,48.143857],[17.099447,48.144094],[17.099748,48.144327],[17.099995,48.144449],[17.100458,48.144545],[17.100839,48.144602],[17.101102,48.144551],[17.101373,48.144495],[17.101396,48.144393],[17.101503,48.144356],[17.101816,48.144255],[17.101896,48.14423],[17.102253,48.144172],[17.102351,48.144183],[17.102394,48.144188],[17.102427,48.144123],[17.102437,48.144104],[17.102454,48.144072],[17.102463,48.144055],[17.102484,48.144013],[17.102776,48.143659],[17.102982,48.143561],[17.103106,48.143543],[17.103138,48.143471],[17.103253,48.143455],[17.103288,48.143335],[17.103454,48.143346],[17.10346,48.143246],[17.103454,48.143117],[17.103363,48.142945],[17.103054,48.142907],[17.102999,48.1429],[17.102901,48.142887],[17.102888,48.142936],[17.102685,48.142911],[17.102569,48.142898],[17.102608,48.142678],[17.102936,48.142673],[17.103057,48.142705],[17.103245,48.142698],[17.103256,48.142616],[17.103355,48.142481],[17.103331,48.142441],[17.103377,48.142367],[17.103296,48.142338],[17.103283,48.14223],[17.103291,48.142201],[17.10324,48.142022],[17.103164,48.1418],[17.103148,48.141757],[17.103036,48.141646],[17.102868,48.141594],[17.10282,48.141501],[17.10267,48.14138],[17.102551,48.141311],[17.102406,48.141268],[17.102229,48.141235],[17.102213,48.141295],[17.102452,48.141414],[17.102431,48.141436],[17.102508,48.141473],[17.102471,48.14149],[17.102585,48.141552],[17.102513,48.141819],[17.102547,48.141811],[17.102583,48.141812],[17.102615,48.141822],[17.102639,48.14184],[17.102651,48.141862],[17.102649,48.141886],[17.102634,48.141907],[17.102608,48.141923],[17.102574,48.141931],[17.102539,48.14193]]]},"properties":{"name":""}},{"type":"Feature","geometry":{"type":"Polygon","coordinates":[[[17.091738,48.141297],[17.09166,48.141119],[17.091639,48.141041],[17.091563,48.140903],[17.091538,48.140841],[17.092376,48.140673],[17.092383,48.140758],[17.092461,48.14086],[17.092462,48.140938],[17.092468,48.140957],[17.09216,48.141114],[17.091804,48.141306],[17.091791,48.141312],[17.091771,48.141313],[17.091751,48.141308],[17.091738,48.141297]]]},"properties":{"name":""}},{"type":"Feature","geometry":{"type":"Polygon","coordinates":[[[17.100367,48.143773],[17.100261,48.143077],[17.10026,48.143057],[17.100186,48.142583],[17.100346,48.142557],[17.100365,48.142624],[17.100381,48.142633],[17.100556,48.142602],[17.100721,48.142576],[17.100727,48.142563],[17.100702,48.142496],[17.100774,48.142484],[17.100848,48.142466],[17.100873,48.142559],[17.100879,48.142583],[17.100885,48.142608],[17.100977,48.142997],[17.101001,48.143103],[17.10107,48.143397],[17.101146,48.143715],[17.101001,48.143725],[17.100994,48.14375],[17.100984,48.143782],[17.100964,48.143801],[17.100934,48.143816],[17.10089,48.14383],[17.100851,48.143844],[17.100817,48.143853],[17.100765,48.143857],[17.100689,48.14386],[17.100642,48.143853],[17.100588,48.143839],[17.10056,48.143823],[17.100522,48.1438],[17.100503,48.143762],[17.100367,48.143773]]]},"properties":{"name":"Barokov\u00e1 z\u00e1hrada"}},{"type":"Feature","geometry":{"type":"Polygon","coordinates":[[[17.090581,48.14231],[17.090599,48.142322],[17.090645,48.142357],[17.090664,48.142372],[17.090689,48.142392],[17.090696,48.14243],[17.09071,48.142482],[17.090739,48.142605],[17.090749,48.142693],[17.09069,48.142702],[17.090665,48.142702],[17.090571,48.142722],[17.090587,48.142754],[17.090602,48.142787],[17.090613,48.142787],[17.089793,48.142977],[17.08981,48.14305],[17.089506,48.143109],[17.089344,48.14263],[17.0893,48.142489],[17.089283,48.142437],[17.089969,48.142362],[17.090452,48.14233],[17.090581,48.14231]]]},"properties":{"name":"Mikul\u00e1\u0161sky cintor\u00edn"}},{"type":"Feature","geometry":{"type":"Polygon","coordinates":[[[17.096169,48.141972],[17.096287,48.14196],[17.096289,48.141965],[17.096335,48.142096],[17.09637,48.142187],[17.09635,48.142208],[17.096315,48.14229],[17.096332,48.142474],[17.096347,48.142551],[17.096041,48.142596],[17.095983,48.142423],[17.095916,48.142316],[17.095825,48.142249],[17.095645,48.142249],[17.095577,48.142195],[17.095734,48.142124],[17.095834,48.14207],[17.095916,48.141952],[17.095945,48.14193],[17.096033,48.141897],[17.096121,48.141923],[17.096169,48.141972]]]},"properties":{"name":""}},{"type":"Feature","geometry":{"type":"Polygon","coordinates":[[[17.100424,48.14303],[17.100421,48.143013],[17.100499,48.143006],[17.100503,48.143024],[17.100424,48.14303]]]},"properties":{"name":""}},{"type":"Feature","geometry":{"type":"Polygon","coordinates":[[[17.100758,48.143009],[17.100755,48.142993],[17.100814,48.142989],[17.100817,48.143006],[17.100758,48.143009]]]},"properties":{"name":""}},{"type":"Feature","geometry":{"type":"Polygon","coordinates":[[[17.100487,48.143324],[17.100473,48.143245],[17.100514,48.143241],[17.100527,48.14332],[17.100487,48.143324]]]},"properties":{"name":""}},{"type":"Feature","geometry":{"type":"Polygon","coordinates":[[[17.100821,48.143212],[17.100859,48.14321],[17.100873,48.143289],[17.100834,48.143292],[17.100821,48.143212]]]},"properties":{"name":""}},{"type":"Feature","geometry":{"type":"Polygon","coordinates":[[[17.100534,48.143626],[17.100527,48.143595],[17.100586,48.143591],[17.100592,48.143622],[17.100534,48.143626]]]},"properties":{"name":""}},{"type":"Feature","geometry":{"type":"Polygon","coordinates":[[[17.10087,48.143572],[17.100924,48.143568],[17.10093,48.143598],[17.100874,48.143603],[17.10087,48.143572]]]},"properties":{"name":""}},{"type":"Feature","geometry":{"type":"Polygon","coordinates":[[[17.101003,48.141466],[17.10101,48.141391],[17.101333,48.14134],[17.101473,48.141317],[17.101635,48.141294],[17.101917,48.141279],[17.101942,48.141359],[17.101809,48.141396],[17.10147,48.141448],[17.101331,48.141469],[17.101211,48.141498],[17.101003,48.141466]]]},"properties":{"name":""}},{"type":"Feature","geometry":{"type":"Polygon","coordinates":[[[17.097527,48.142192],[17.097538,48.142204],[17.097556,48.142214],[17.097576,48.142221],[17.097617,48.142225],[17.097668,48.142219],[17.098071,48.142151],[17.098057,48.142103],[17.098079,48.142098],[17.098068,48.142064],[17.097987,48.142029],[17.097572,48.142099],[17.09754,48.142114],[17.097518,48.142138],[17.097515,48.142151],[17.097514,48.142165],[17.097519,48.142179],[17.097527,48.142192]]]},"properties":{"name":""}},{"type":"Feature","geometry":{"type":"Polygon","coordinates":[[[17.09809,48.141921],[17.09817,48.141953],[17.098206,48.141947],[17.098195,48.141915],[17.098191,48.141905],[17.098204,48.141896],[17.098166,48.141789],[17.098147,48.141782],[17.098045,48.141798],[17.09809,48.141921]]]},"properties":{"name":""}},{"type":"Feature","geometry":{"type":"Polygon","coordinates":[[[17.098013,48.141706],[17.098115,48.14169],[17.098076,48.14158],[17.097973,48.141596],[17.098013,48.141706]]]},"properties":{"name":""}},{"type":"Feature","geometry":{"type":"Polygon","coordinates":[[[17.099176,48.14184],[17.09907,48.141832],[17.099065,48.141834],[17.09906,48.14184],[17.09906,48.141848],[17.099181,48.141965],[17.099198,48.141976],[17.099217,48.141981],[17.099235,48.141983],[17.099255,48.14198],[17.099273,48.141972],[17.099283,48.14196],[17.09932,48.141892],[17.09932,48.141885],[17.099314,48.141871],[17.099308,48.141866],[17.099288,48.141858],[17.099237,48.141851],[17.099176,48.14184]]]},"properties":{"name":""}},{"type":"Feature","geometry":{"type":"Polygon","coordinates":[[[17.099459,48.141988],[17.099423,48.141992],[17.099402,48.141991],[17.099379,48.141984],[17.099362,48.141971],[17.09935,48.141954],[17.099353,48.141935],[17.099363,48.141914],[17.099384,48.1419],[17.099415,48.141893],[17.09944,48.141893],[17.099468,48.141903],[17.099489,48.141917],[17.099498,48.141932],[17.099499,48.141944],[17.099453,48.141947],[17.099459,48.141988]]]},"properties":{"name":""}},{"type":"Feature","geometry":{"type":"Polygon","coordinates":[[[17.102731,48.132065],[17.102923,48.13212],[17.102951,48.132129],[17.103092,48.132191],[17.103171,48.132238],[17.103201,48.132253],[17.103213,48.132254],[17.103221,48.132249],[17.103228,48.132239],[17.103239,48.132187],[17.103254,48.132149],[17.103276,48.132118],[17.103296,48.132089],[17.103345,48.13205],[17.103357,48.132038],[17.103346,48.132032],[17.103305,48.132029],[17.103228,48.132025],[17.102808,48.132042],[17.102722,48.132045],[17.102709,48.132049],[17.102708,48.132055],[17.102718,48.132061],[17.102731,48.132065]]]},"properties":{"name":""}},{"type":"Feature","geometry":{"type":"Polygon","coordinates":[[[17.099706,48.141787],[17.099692,48.141805],[17.099669,48.14182],[17.099639,48.141833],[17.099572,48.141845],[17.099484,48.141844],[17.099424,48.141838],[17.099361,48.141831],[17.099286,48.141821],[17.099188,48.141805],[17.099125,48.14179],[17.099071,48.141776],[17.099056,48.141766],[17.099059,48.141753],[17.099079,48.141743],[17.099248,48.141693],[17.099293,48.141688],[17.099388,48.141679],[17.099455,48.141677],[17.099515,48.141678],[17.099531,48.141803],[17.099705,48.141775],[17.099706,48.141787]]]},"properties":{"name":""}},{"type":"Feature","geometry":{"type":"Polygon","coordinates":[[[17.101744,48.14325],[17.101752,48.143219],[17.101783,48.143099],[17.101685,48.143089],[17.101678,48.143083],[17.101691,48.143029],[17.101818,48.143042],[17.101763,48.143253],[17.101744,48.14325]]]},"properties":{"name":""}},{"type":"Feature","geometry":{"type":"Polygon","coordinates":[[[17.101691,48.143004],[17.10174,48.143009],[17.101801,48.142756],[17.101752,48.142751],[17.101691,48.143004]]]},"properties":{"name":""}},{"type":"Feature","geometry":{"type":"Polygon","coordinates":[[[17.101767,48.142728],[17.101886,48.142741],[17.101916,48.142612],[17.101926,48.142568],[17.101893,48.142566],[17.101855,48.142568],[17.101821,48.142578],[17.101802,48.142597],[17.101767,48.142728]]]},"properties":{"name":""}},{"type":"Feature","geometry":{"type":"Polygon","coordinates":[[[17.101926,48.142568],[17.102108,48.142587],[17.102092,48.142657],[17.101941,48.142639],[17.101933,48.142638],[17.101937,48.142623],[17.102,48.14263],[17.102002,48.142621],[17.101916,48.142612],[17.101926,48.142568]]]},"properties":{"name":""}},{"type":"Feature","geometry":{"type":"Polygon","coordinates":[[[17.096893,48.133102],[17.096921,48.133126],[17.096952,48.133155],[17.096982,48.133166],[17.097013,48.133178],[17.097049,48.133189],[17.097088,48.133196],[17.097126,48.133194],[17.097158,48.133185],[17.097175,48.133176],[17.097183,48.133162],[17.097187,48.133153],[17.097188,48.133132],[17.09719,48.133109],[17.097188,48.13309],[17.097195,48.133068],[17.097197,48.133048],[17.097192,48.133028],[17.09718,48.133012],[17.097156,48.132999],[17.097135,48.132995],[17.097105,48.132992],[17.097074,48.132993],[17.097044,48.132995],[17.097007,48.132996],[17.096972,48.132996],[17.096942,48.132996],[17.096902,48.132996],[17.096877,48.132997],[17.096846,48.132998],[17.096825,48.133004],[17.096806,48.133012],[17.096796,48.133027],[17.096798,48.133042],[17.096808,48.133057],[17.096841,48.133074],[17.096893,48.133102]]]},"properties":{"name":""}},{"type":"Feature","geometry":{"type":"Polygon","coordinates":[[[17.097709,48.1338],[17.097709,48.133826],[17.097576,48.133751],[17.097078,48.133313],[17.097075,48.133294],[17.097091,48.133278],[17.097112,48.133266],[17.097149,48.13326],[17.097198,48.133258],[17.097384,48.133248],[17.097841,48.133237],[17.097847,48.133325],[17.097815,48.133328],[17.097673,48.133333],[17.097669,48.133357],[17.097594,48.133356],[17.097623,48.133743],[17.097704,48.133744],[17.097709,48.1338]]]},"properties":{"name":""}},{"type":"Feature","geometry":{"type":"Polygon","coordinates":[[[17.097381,48.133195],[17.097378,48.13317],[17.097728,48.133158],[17.097729,48.133186],[17.097381,48.133195]]]},"properties":{"name":""}},{"type":"Feature","geometry":{"type":"Polygon","coordinates":[[[17.096806,48.132632],[17.097102,48.132456],[17.097396,48.132346],[17.098969,48.132282],[17.098973,48.132333],[17.09877,48.132381],[17.097316,48.13243],[17.097339,48.132849],[17.097344,48.132918],[17.096868,48.132922],[17.09686,48.13267],[17.096806,48.132632]]]},"properties":{"name":""}},{"type":"Feature","geometry":{"type":"Polygon","coordinates":[[[17.097344,48.132918],[17.097483,48.132914],[17.097478,48.132845],[17.097339,48.132849],[17.097344,48.132918]]]},"properties":{"name":""}},{"type":"Feature","geometry":{"type":"Polygon","coordinates":[[[17.097562,48.132907],[17.097556,48.132841],[17.097867,48.132829],[17.097873,48.132895],[17.097562,48.132907]]]},"properties":{"name":""}},{"type":"Feature","geometry":{"type":"Polygon","coordinates":[[[17.097968,48.132894],[17.097964,48.132828],[17.098172,48.132822],[17.098177,48.132887],[17.097968,48.132894]]]},"properties":{"name":""}},{"type":"Feature","geometry":{"type":"Polygon","coordinates":[[[17.098246,48.132886],[17.098242,48.132821],[17.098451,48.132814],[17.098455,48.13288],[17.098246,48.132886]]]},"properties":{"name":""}},{"type":"Feature","geometry":{"type":"Polygon","coordinates":[[[17.098516,48.132875],[17.09851,48.132809],[17.098852,48.132796],[17.098858,48.132862],[17.098516,48.132875]]]},"properties":{"name":""}},{"type":"Feature","geometry":{"type":"Polygon","coordinates":[[[17.099534,48.132844],[17.09953,48.132793],[17.099841,48.132781],[17.099845,48.132831],[17.099534,48.132844]]]},"properties":{"name":""}},{"type":"Feature","geometry":{"type":"Polygon","coordinates":[[[17.099922,48.132827],[17.099918,48.132776],[17.100229,48.132764],[17.100233,48.132814],[17.099922,48.132827]]]},"properties":{"name":""}},{"type":"Feature","geometry":{"type":"Polygon","coordinates":[[[17.100318,48.132813],[17.100313,48.132763],[17.100648,48.13275],[17.100653,48.1328],[17.100318,48.132813]]]},"properties":{"name":""}},{"type":"Feature","geometry":{"type":"Polygon","coordinates":[[[17.099361,48.132849],[17.099356,48.132792],[17.099444,48.132789],[17.099449,48.132846],[17.099361,48.132849]]]},"properties":{"name":""}},{"type":"Feature","geometry":{"type":"Polygon","coordinates":[[[17.101508,48.13266],[17.101509,48.132692],[17.101506,48.132722],[17.101488,48.132753],[17.101457,48.132778],[17.101498,48.132787],[17.101519,48.132799],[17.101529,48.132822],[17.101537,48.132864],[17.101542,48.132957],[17.10156,48.13297],[17.101585,48.132978],[17.101987,48.13297],[17.101989,48.132997],[17.102003,48.133191],[17.102482,48.133177],[17.102519,48.133175],[17.102553,48.133168],[17.102592,48.133159],[17.102621,48.13315],[17.102648,48.133137],[17.102679,48.133117],[17.102836,48.132983],[17.10285,48.132962],[17.102848,48.132943],[17.102842,48.132928],[17.102829,48.132911],[17.102725,48.132873],[17.102692,48.132864],[17.102642,48.132895],[17.102013,48.132736],[17.101508,48.13266]]]},"properties":{"name":""}},{"type":"Feature","geometry":{"type":"Polygon","coordinates":[[[17.102259,48.132185],[17.102384,48.132475],[17.102394,48.132503],[17.102389,48.132536],[17.102371,48.132559],[17.102329,48.132579],[17.10228,48.132591],[17.102223,48.132597],[17.102179,48.132598],[17.102112,48.132599],[17.102042,48.132592],[17.10196,48.132578],[17.101849,48.132564],[17.101745,48.132552],[17.101632,48.13254],[17.101221,48.132491],[17.101187,48.132481],[17.101163,48.13247],[17.101154,48.13245],[17.101138,48.132238],[17.102259,48.132185]]]},"properties":{"name":""}},{"type":"Feature","geometry":{"type":"Polygon","coordinates":[[[17.103918,48.133314],[17.10365,48.133131],[17.103492,48.133028],[17.103259,48.132925],[17.103055,48.132843],[17.102908,48.132793],[17.102754,48.132745],[17.102687,48.132721],[17.102636,48.132702],[17.102596,48.132673],[17.102581,48.132636],[17.102581,48.132593],[17.102593,48.132551],[17.102613,48.132488],[17.102637,48.132431],[17.102586,48.132444],[17.102524,48.132445],[17.10248,48.132424],[17.102466,48.132397],[17.102389,48.132183],[17.102543,48.132187],[17.102761,48.132253],[17.102761,48.132306],[17.102922,48.132323],[17.103019,48.132396],[17.103285,48.132606],[17.103764,48.13312],[17.103918,48.133314]]]},"properties":{"name":""}},{"type":"Feature","geometry":{"type":"Polygon","coordinates":[[[17.102484,48.133298],[17.102496,48.133265],[17.102573,48.133243],[17.102638,48.13322],[17.102679,48.133199],[17.102751,48.133135],[17.102899,48.133005],[17.102925,48.132988],[17.102957,48.132978],[17.102991,48.132981],[17.10304,48.132993],[17.103381,48.133148],[17.103619,48.133294],[17.103661,48.133318],[17.10368,48.13335],[17.103682,48.133389],[17.103666,48.133447],[17.103629,48.133522],[17.10361,48.133546],[17.103579,48.13356],[17.10353,48.133566],[17.103052,48.133569],[17.102707,48.133576],[17.102683,48.13329],[17.102484,48.133298]]]},"properties":{"name":""}},{"type":"Feature","geometry":{"type":"Polygon","coordinates":[[[17.10308,48.134112],[17.103436,48.134099],[17.103463,48.134097],[17.103488,48.13409],[17.103502,48.13408],[17.103508,48.134065],[17.103518,48.133897],[17.103529,48.133825],[17.103577,48.133678],[17.10358,48.133665],[17.10358,48.133653],[17.103572,48.133641],[17.103562,48.13363],[17.10355,48.133621],[17.103527,48.133613],[17.103504,48.133609],[17.103471,48.133608],[17.103054,48.13362],[17.103054,48.13365],[17.10308,48.134112]]]},"properties":{"name":""}},{"type":"Feature","geometry":{"type":"Polygon","coordinates":[[[17.098574,48.132261],[17.098574,48.132212],[17.098134,48.132221],[17.097855,48.132239],[17.097613,48.132265],[17.097448,48.132304],[17.098212,48.132274],[17.098574,48.132261]]]},"properties":{"name":""}},{"type":"Feature","geometry":{"type":"Polygon","coordinates":[[[17.099364,48.132234],[17.099361,48.132186],[17.100181,48.132156],[17.100741,48.132131],[17.100771,48.132131],[17.1008,48.132135],[17.100825,48.132142],[17.100841,48.132149],[17.100866,48.132153],[17.100869,48.13217],[17.100134,48.132201],[17.099364,48.132234]]]},"properties":{"name":""}},{"type":"Feature","geometry":{"type":"Polygon","coordinates":[[[17.101138,48.132156],[17.101147,48.132138],[17.101174,48.132119],[17.101209,48.132106],[17.101967,48.132084],[17.102257,48.132081],[17.102372,48.132088],[17.102394,48.132098],[17.10239,48.13211],[17.102357,48.132112],[17.101898,48.132126],[17.101834,48.13213],[17.101189,48.132154],[17.101138,48.132156]]]},"properties":{"name":""}},{"type":"Feature","geometry":{"type":"Polygon","coordinates":[[[17.096078,48.132913],[17.096098,48.132925],[17.096141,48.132899],[17.096303,48.132799],[17.096458,48.132699],[17.096715,48.13254],[17.096901,48.132425],[17.096949,48.132394],[17.097025,48.13236],[17.097118,48.132322],[17.09719,48.132292],[17.097306,48.132249],[17.097268,48.132247],[17.096388,48.132261],[17.096432,48.132277],[17.096467,48.132295],[17.096505,48.132321],[17.096542,48.132351],[17.096567,48.132384],[17.096582,48.13242],[17.096591,48.13246],[17.096591,48.132497],[17.096584,48.132529],[17.096568,48.132562],[17.09654,48.132603],[17.096492,48.132645],[17.096078,48.132913]]]},"properties":{"name":""}},{"type":"Feature","geometry":{"type":"Polygon","coordinates":[[[17.095314,48.132253],[17.096025,48.132279],[17.096266,48.132293],[17.096316,48.132303],[17.096364,48.132319],[17.096407,48.132341],[17.09644,48.132365],[17.09647,48.132398],[17.096489,48.13243],[17.096492,48.132468],[17.096489,48.132508],[17.09648,48.132539],[17.096459,48.132574],[17.096424,48.132609],[17.096378,48.132645],[17.096335,48.132672],[17.096272,48.132704],[17.096205,48.132726],[17.096142,48.132742],[17.096091,48.132752],[17.096044,48.132754],[17.096001,48.132755],[17.09599,48.132735],[17.095842,48.132707],[17.095778,48.132669],[17.09571,48.132625],[17.095552,48.132495],[17.095314,48.132253]]]},"properties":{"name":""}},{"type":"Feature","geometry":{"type":"Polygon","coordinates":[[[17.098509,48.141542],[17.098332,48.141573],[17.098309,48.141572],[17.098295,48.141567],[17.098292,48.141564],[17.098287,48.141561],[17.098281,48.141555],[17.098277,48.141548],[17.098276,48.14154],[17.098277,48.141536],[17.098278,48.141534],[17.098278,48.141531],[17.098281,48.141527],[17.098288,48.14152],[17.09829,48.141518],[17.098292,48.141517],[17.098309,48.14151],[17.098486,48.14148],[17.098496,48.14148],[17.098521,48.141484],[17.098528,48.141488],[17.098535,48.141494],[17.098541,48.141504],[17.098544,48.141512],[17.098541,48.141522],[17.09854,48.141524],[17.098527,48.141536],[17.098509,48.141542]]]},"properties":{"name":""}},{"type":"Feature","geometry":{"type":"Polygon","coordinates":[[[17.09828,48.141902],[17.098323,48.141872],[17.098287,48.141767],[17.09823,48.141752],[17.09828,48.141902]]]},"properties":{"name":""}},{"type":"Feature","geometry":{"type":"Polygon","coordinates":[[[17.098299,48.14166],[17.098409,48.141641],[17.09843,48.141638],[17.098454,48.141642],[17.098475,48.141651],[17.09849,48.141663],[17.0985,48.141676],[17.098512,48.141675],[17.0985,48.141658],[17.098479,48.141642],[17.098456,48.141635],[17.098434,48.14163],[17.098408,48.141628],[17.098292,48.141643],[17.098299,48.14166]]]},"properties":{"name":""}},{"type":"Feature","geometry":{"type":"Polygon","coordinates":[[[17.09834,48.141766],[17.098339,48.14176],[17.098459,48.141744],[17.098489,48.141731],[17.098502,48.141723],[17.098511,48.141711],[17.098511,48.141697],[17.098518,48.141696],[17.098519,48.141712],[17.098504,48.141729],[17.098481,48.141743],[17.098446,48.141753],[17.09834,48.141766]]]},"properties":{"name":""}},{"type":"Feature","geometry":{"type":"Polygon","coordinates":[[[17.09834,48.141766],[17.098446,48.141753],[17.098481,48.141743],[17.098504,48.141729],[17.098519,48.141712],[17.098518,48.141696],[17.098558,48.141689],[17.098554,48.141667],[17.098512,48.141675],[17.0985,48.141658],[17.098479,48.141642],[17.098456,48.141635],[17.098434,48.14163],[17.098408,48.141628],[17.098485,48.141615],[17.098512,48.141616],[17.098536,48.14162],[17.098563,48.141633],[17.098581,48.141648],[17.098592,48.141666],[17.098594,48.141688],[17.098588,48.141703],[17.098582,48.141712],[17.098386,48.141902],[17.098372,48.141863],[17.09834,48.141766]]]},"properties":{"name":""}},{"type":"Feature","geometry":{"type":"Polygon","coordinates":[[[17.098194,48.141657],[17.098206,48.14169],[17.09825,48.14165],[17.098194,48.141657]]]},"properties":{"name":""}},{"type":"Feature","geometry":{"type":"Polygon","coordinates":[[[17.097622,48.142294],[17.097631,48.142286],[17.097645,48.142277],[17.097677,48.142271],[17.097905,48.142235],[17.097908,48.142245],[17.097623,48.14231],[17.097622,48.142294]]]},"properties":{"name":""}},{"type":"Feature","geometry":{"type":"Polygon","coordinates":[[[17.103126,48.144484],[17.103124,48.144483],[17.103124,48.144481],[17.103124,48.144481],[17.103127,48.14448],[17.103152,48.144478],[17.103178,48.144476],[17.103212,48.144474],[17.103227,48.144472],[17.103255,48.144472],[17.103289,48.14447],[17.103298,48.144469],[17.103306,48.144464],[17.103312,48.144457],[17.103323,48.144444],[17.103339,48.144424],[17.103342,48.14442],[17.103349,48.144414],[17.103371,48.144416],[17.103388,48.144419],[17.103393,48.144431],[17.103357,48.144486],[17.103349,48.144493],[17.103332,48.144498],[17.103285,48.144496],[17.103233,48.144492],[17.103126,48.144484]]]},"properties":{"name":""}},{"type":"Feature","geometry":{"type":"Polygon","coordinates":[[[17.099804,48.135079],[17.099869,48.135271],[17.100285,48.135566],[17.100642,48.135632],[17.101033,48.135624],[17.101296,48.135848],[17.101735,48.136069],[17.101856,48.135974],[17.102094,48.136141],[17.102423,48.136262],[17.102377,48.136095],[17.102137,48.135813],[17.101274,48.135383],[17.101637,48.135168],[17.101633,48.13512],[17.101176,48.135143],[17.100619,48.135172],[17.100399,48.135061],[17.09989,48.134937],[17.099804,48.135079]]]},"properties":{"name":""}},{"type":"Feature","geometry":{"type":"Polygon","coordinates":[[[17.101206,48.142574],[17.100885,48.142608],[17.100977,48.142997],[17.101011,48.142996],[17.101025,48.143048],[17.10109,48.143042],[17.10112,48.142823],[17.101206,48.142574]]]},"properties":{"name":""}},{"type":"Feature","geometry":{"type":"Polygon","coordinates":[[[17.100911,48.142124],[17.100897,48.142128],[17.100994,48.142285],[17.101075,48.142482],[17.101164,48.14253],[17.101219,48.14252],[17.101267,48.142295],[17.101273,48.142146],[17.101239,48.142017],[17.101208,48.141969],[17.10121,48.141988],[17.101188,48.142164],[17.101052,48.142194],[17.100911,48.142124]]]},"properties":{"name":""}},{"type":"Feature","geometry":{"type":"Polygon","coordinates":[[[17.100727,48.141954],[17.100776,48.142015],[17.100847,48.142116],[17.100949,48.142289],[17.101018,48.142438],[17.10096,48.142542],[17.100873,48.142559],[17.100848,48.142466],[17.100774,48.142484],[17.100749,48.142421],[17.100594,48.142019],[17.100572,48.141963],[17.100727,48.141954]]]},"properties":{"name":""}},{"type":"Feature","geometry":{"type":"Polygon","coordinates":[[[17.100567,48.141723],[17.100558,48.141734],[17.10056,48.14175],[17.10057,48.141764],[17.100588,48.141775],[17.100721,48.141902],[17.100797,48.141995],[17.100846,48.14199],[17.100924,48.141984],[17.100989,48.141976],[17.101208,48.141969],[17.101181,48.141924],[17.101153,48.141902],[17.101098,48.141856],[17.101003,48.141799],[17.100888,48.141757],[17.100796,48.141733],[17.100717,48.141721],[17.100654,48.14172],[17.100567,48.141723]]]},"properties":{"name":""}},{"type":"Feature","geometry":{"type":"Polygon","coordinates":[[[17.100511,48.141444],[17.100515,48.1415],[17.100438,48.141505],[17.100403,48.141509],[17.1004,48.141514],[17.100306,48.141517],[17.100309,48.141537],[17.100266,48.141539],[17.100243,48.14152],[17.100229,48.141516],[17.10023,48.141513],[17.100286,48.14143],[17.100303,48.141424],[17.100511,48.141444]]]},"properties":{"name":""}},{"type":"Feature","geometry":{"type":"Polygon","coordinates":[[[17.100467,48.141392],[17.100495,48.141388],[17.100515,48.141378],[17.100527,48.141366],[17.10044,48.141309],[17.100414,48.141299],[17.100381,48.141302],[17.100352,48.14132],[17.100332,48.141339],[17.100324,48.141363],[17.100347,48.141376],[17.100467,48.141392]]]},"properties":{"name":""}},{"type":"Feature","geometry":{"type":"Polygon","coordinates":[[[17.099802,48.143057],[17.099947,48.142997],[17.099894,48.142663],[17.099712,48.142778],[17.099588,48.142745],[17.099481,48.142891],[17.099702,48.142982],[17.099797,48.14299],[17.099802,48.143057]]]},"properties":{"name":""}},{"type":"Feature","geometry":{"type":"Polygon","coordinates":[[[17.10096,48.144119],[17.100996,48.144247],[17.100172,48.144361],[17.099995,48.144449],[17.099748,48.144327],[17.099447,48.144094],[17.099413,48.143857],[17.099431,48.143693],[17.099362,48.143382],[17.099222,48.143104],[17.098976,48.143043],[17.098823,48.14306],[17.098782,48.142945],[17.099226,48.14285],[17.099712,48.143051],[17.099732,48.14345],[17.099796,48.143683],[17.09981,48.143718],[17.099898,48.14394],[17.099911,48.143956],[17.100032,48.144109],[17.099973,48.144169],[17.099984,48.144223],[17.100048,48.144255],[17.100166,48.144255],[17.100214,48.144184],[17.10096,48.144119]]]},"properties":{"name":""}},{"type":"Feature","geometry":{"type":"Polygon","coordinates":[[[17.101744,48.142204],[17.102242,48.14209],[17.102364,48.141584],[17.102015,48.141421],[17.101329,48.141542],[17.101538,48.14172],[17.101664,48.141888],[17.101744,48.142204]]]},"properties":{"name":""}},{"type":"Feature","geometry":{"type":"Polygon","coordinates":[[[17.101382,48.143692],[17.10126,48.14365],[17.101257,48.143593],[17.101276,48.143556],[17.101339,48.143537],[17.101512,48.14356],[17.101567,48.143575],[17.10156,48.14361],[17.101496,48.143651],[17.101382,48.143692]]]},"properties":{"name":""}},{"type":"Feature","geometry":{"type":"Polygon","coordinates":[[[17.100367,48.143773],[17.10008,48.143795],[17.099962,48.1431],[17.100261,48.143077],[17.100367,48.143773]]]},"properties":{"name":""}},{"type":"Feature","geometry":{"type":"Polygon","coordinates":[[[17.100516,48.141292],[17.100506,48.141301],[17.10051,48.141314],[17.100557,48.141343],[17.100614,48.141315],[17.100666,48.141308],[17.100694,48.141294],[17.100699,48.141276],[17.100679,48.141271],[17.100656,48.141254],[17.100516,48.141292]]]},"properties":{"name":""}},{"type":"Feature","geometry":{"type":"Polygon","coordinates":[[[17.098689,48.141604],[17.098616,48.141421],[17.098606,48.141394],[17.098685,48.14138],[17.098797,48.141361],[17.098769,48.141277],[17.098738,48.141191],[17.098834,48.141211],[17.098953,48.14125],[17.098985,48.141285],[17.099003,48.141329],[17.098958,48.141367],[17.098689,48.141604]]]},"properties":{"name":""}},{"type":"Feature","geometry":{"type":"Polygon","coordinates":[[[17.096035,48.133055],[17.096026,48.133065],[17.096048,48.133084],[17.096462,48.13335],[17.096475,48.13335],[17.09648,48.133346],[17.096479,48.13334],[17.096035,48.133055]]]},"properties":{"name":""}},{"type":"Feature","geometry":{"type":"Polygon","coordinates":[[[17.096068,48.133016],[17.096248,48.133139],[17.096239,48.133089],[17.096231,48.133033],[17.096244,48.132959],[17.096266,48.132905],[17.096259,48.132902],[17.096203,48.132939],[17.096068,48.133016]]]},"properties":{"name":""}},{"type":"Feature","geometry":{"type":"Polygon","coordinates":[[[17.095776,48.132792],[17.095949,48.132928],[17.096035,48.132859],[17.096087,48.132826],[17.095963,48.132827],[17.095875,48.13282],[17.095776,48.132792]]]},"properties":{"name":""}},{"type":"Feature","geometry":{"type":"Polygon","coordinates":[[[17.093884,48.130717],[17.093994,48.130881],[17.09393,48.130864],[17.093848,48.130845],[17.093737,48.130833],[17.093642,48.130833],[17.093537,48.130844],[17.093412,48.130871],[17.093254,48.130921],[17.09318,48.130954],[17.093134,48.130979],[17.093053,48.131045],[17.092991,48.131146],[17.092978,48.131222],[17.092998,48.131319],[17.093058,48.131399],[17.093182,48.13149],[17.092117,48.131291],[17.092054,48.131267],[17.091971,48.13126],[17.091822,48.131226],[17.091972,48.131217],[17.092158,48.131205],[17.092348,48.131168],[17.092715,48.131063],[17.093383,48.130866],[17.093649,48.130786],[17.093884,48.130717]]]},"properties":{"name":""}},{"type":"Feature","geometry":{"type":"Polygon","coordinates":[[[17.094383,48.130957],[17.094069,48.130452],[17.095271,48.131464],[17.095547,48.131609],[17.0959,48.131744],[17.095629,48.13174],[17.095415,48.131721],[17.094347,48.131631],[17.093508,48.131526],[17.093297,48.131471],[17.093235,48.131434],[17.093158,48.13139],[17.093125,48.131347],[17.093078,48.13127],[17.093078,48.131176],[17.09311,48.131108],[17.09316,48.131059],[17.093238,48.131],[17.093355,48.130955],[17.093456,48.130925],[17.093574,48.130903],[17.093677,48.130894],[17.093782,48.1309],[17.093872,48.130918],[17.093983,48.130954],[17.094065,48.131025],[17.094383,48.130957]]]},"properties":{"name":""}},{"type":"Feature","geometry":{"type":"Polygon","coordinates":[[[17.10057,48.141797],[17.100469,48.141727],[17.100448,48.141716],[17.10034,48.141721],[17.100358,48.141901],[17.100551,48.14189],[17.100572,48.141944],[17.10071,48.141933],[17.10057,48.141797]]]},"properties":{"name":""}},{"type":"Feature","geometry":{"type":"Polygon","coordinates":[[[17.101027,48.14307],[17.101087,48.143063],[17.101086,48.143256],[17.101122,48.143477],[17.101177,48.143714],[17.101146,48.143715],[17.10107,48.143397],[17.101001,48.143103],[17.101036,48.143098],[17.101027,48.14307]]]},"properties":{"name":""}},{"type":"Feature","geometry":{"type":"Polygon","coordinates":[[[17.099807,48.143111],[17.099899,48.143105],[17.100002,48.143805],[17.099917,48.143811],[17.09985,48.143618],[17.09982,48.143301],[17.099807,48.143111]]]},"properties":{"name":""}},{"type":"Feature","geometry":{"type":"Polygon","coordinates":[[[17.099013,48.142045],[17.09899,48.141933],[17.098952,48.141884],[17.09892,48.141864],[17.09888,48.141858],[17.098836,48.141858],[17.098673,48.141967],[17.098747,48.142014],[17.098823,48.142025],[17.098838,48.142075],[17.099013,48.142045]]]},"properties":{"name":""}},{"type":"Feature","geometry":{"type":"Polygon","coordinates":[[[17.100323,48.14384],[17.100422,48.143861],[17.100524,48.143897],[17.10057,48.143926],[17.10057,48.14396],[17.100538,48.143975],[17.100387,48.143997],[17.100297,48.143982],[17.100225,48.14394],[17.100198,48.143894],[17.100225,48.143859],[17.100275,48.143841],[17.100323,48.14384]]]},"properties":{"name":""}},{"type":"Feature","geometry":{"type":"Polygon","coordinates":[[[17.099481,48.131655],[17.099483,48.131661],[17.099489,48.131663],[17.099592,48.131657],[17.099599,48.131654],[17.099599,48.131649],[17.09957,48.13163],[17.099549,48.131623],[17.099531,48.131622],[17.099513,48.131627],[17.099481,48.131655]]]},"properties":{"name":""}},{"type":"Feature","geometry":{"type":"Polygon","coordinates":[[[17.097226,48.131385],[17.0974,48.131378],[17.097422,48.131627],[17.097248,48.131634],[17.097226,48.131385]]]},"properties":{"name":""}},{"type":"Feature","geometry":{"type":"Polygon","coordinates":[[[17.090885,48.141355],[17.090868,48.141304],[17.090872,48.141296],[17.090939,48.141272],[17.091021,48.141243],[17.091087,48.14122],[17.09107,48.141312],[17.090992,48.141334],[17.090885,48.141355]]]},"properties":{"name":""}},{"type":"Feature","geometry":{"type":"Polygon","coordinates":[[[17.09109,48.141308],[17.091107,48.141213],[17.091167,48.141194],[17.091246,48.141169],[17.091303,48.141151],[17.091373,48.141254],[17.09109,48.141308]]]},"properties":{"name":""}},{"type":"Feature","geometry":{"type":"Polygon","coordinates":[[[17.091323,48.141146],[17.09134,48.141142],[17.091357,48.141138],[17.09141,48.141248],[17.091387,48.141252],[17.091323,48.141146]]]},"properties":{"name":""}},{"type":"Feature","geometry":{"type":"Polygon","coordinates":[[[17.095076,48.131167],[17.095074,48.131178],[17.095161,48.131256],[17.095266,48.131344],[17.095434,48.131465],[17.09559,48.13156],[17.095688,48.131604],[17.095711,48.131614],[17.095723,48.131616],[17.095732,48.131611],[17.095656,48.131568],[17.0955,48.131463],[17.095292,48.131296],[17.095176,48.1312],[17.095126,48.131173],[17.095097,48.131166],[17.095076,48.131167]]]},"properties":{"name":""}},{"type":"Feature","geometry":{"type":"Polygon","coordinates":[[[17.098776,48.140108],[17.099137,48.140093],[17.099156,48.140103],[17.099161,48.140182],[17.099134,48.140214],[17.099076,48.140236],[17.098981,48.140256],[17.098881,48.140261],[17.098828,48.140252],[17.098787,48.140224],[17.098773,48.140195],[17.098767,48.140164],[17.098776,48.140108]]]},"properties":{"name":""}},{"type":"Feature","geometry":{"type":"Polygon","coordinates":[[[17.094602,48.140946],[17.094661,48.140946],[17.094742,48.141027],[17.094634,48.141099],[17.094604,48.141084],[17.094602,48.140946]]]},"properties":{"name":""}},{"type":"Feature","geometry":{"type":"Polygon","coordinates":[[[17.094649,48.141145],[17.094646,48.141124],[17.094727,48.14107],[17.094766,48.141078],[17.094783,48.141068],[17.09481,48.14107],[17.094822,48.141088],[17.094649,48.141145]]]},"properties":{"name":""}},{"type":"Feature","geometry":{"type":"Polygon","coordinates":[[[17.094668,48.140848],[17.094668,48.140894],[17.094706,48.14093],[17.094729,48.140931],[17.094668,48.140848]]]},"properties":{"name":""}},{"type":"Feature","geometry":{"type":"Polygon","coordinates":[[[17.094737,48.140972],[17.094754,48.140963],[17.094783,48.141003],[17.094772,48.141005],[17.094737,48.140972]]]},"properties":{"name":""}},{"type":"Feature","geometry":{"type":"Polygon","coordinates":[[[17.0942,48.141842],[17.093869,48.141507],[17.094191,48.141384],[17.094886,48.141137],[17.095067,48.141579],[17.095091,48.141631],[17.0942,48.141842]]]},"properties":{"name":""}},{"type":"Feature","geometry":{"type":"Polygon","coordinates":[[[17.116157,48.14214],[17.11587,48.142656],[17.115734,48.142897],[17.115698,48.142957],[17.115577,48.143176],[17.115551,48.143217],[17.115106,48.143032],[17.115142,48.143037],[17.11517,48.143021],[17.115186,48.142932],[17.115189,48.142854],[17.115172,48.14268],[17.115175,48.142652],[17.115192,48.142521],[17.11526,48.14241],[17.115291,48.142365],[17.115341,48.14229],[17.115177,48.142178],[17.115149,48.142158],[17.115508,48.14193],[17.116157,48.14214]]]},"properties":{"name":"Park G\u00e1bora Barossa"}},{"type":"Feature","geometry":{"type":"Polygon","coordinates":[[[17.123146,48.136529],[17.12324,48.136371],[17.124149,48.136254],[17.123976,48.13591],[17.123879,48.135859],[17.123672,48.135857],[17.123702,48.135982],[17.123405,48.136015],[17.123088,48.136117],[17.122219,48.136159],[17.12183,48.136113],[17.121759,48.136039],[17.121372,48.13603],[17.12132,48.13579],[17.121774,48.135759],[17.12179,48.13582],[17.122006,48.135808],[17.121996,48.135717],[17.120197,48.135805],[17.119816,48.135817],[17.118957,48.13585],[17.11859,48.135907],[17.117918,48.135928],[17.117218,48.135982],[17.117227,48.136164],[17.11763,48.136106],[17.11787,48.136065],[17.117894,48.136183],[17.117587,48.136237],[17.11756,48.136655],[17.117856,48.136889],[17.11858,48.136869],[17.119185,48.136846],[17.120508,48.136778],[17.122548,48.136595],[17.123146,48.136529]]]},"properties":{"name":""}},{"type":"Feature","geometry":{"type":"Polygon","coordinates":[[[17.107898,48.13619],[17.10794,48.136652],[17.109631,48.136295],[17.11483,48.135191],[17.114992,48.135159],[17.115014,48.135145],[17.115028,48.135128],[17.115032,48.135107],[17.114754,48.134091],[17.114716,48.133943],[17.114602,48.13346],[17.114535,48.133257],[17.114407,48.132959],[17.114321,48.132815],[17.114231,48.13271],[17.114154,48.132638],[17.114062,48.132567],[17.113845,48.132441],[17.113679,48.132377],[17.113459,48.132319],[17.113324,48.132291],[17.113173,48.132267],[17.113047,48.132259],[17.112861,48.132263],[17.1127,48.13227],[17.112564,48.132283],[17.112488,48.132292],[17.112375,48.132312],[17.111876,48.132441],[17.110876,48.132791],[17.109284,48.133377],[17.108763,48.133574],[17.107767,48.134003],[17.107475,48.134036],[17.107184,48.134036],[17.106912,48.133997],[17.106098,48.134564],[17.105948,48.134649],[17.105628,48.134627],[17.105479,48.134631],[17.105311,48.134651],[17.105229,48.13464],[17.105145,48.134607],[17.105021,48.134512],[17.105007,48.13476],[17.105004,48.134988],[17.104919,48.135301],[17.104831,48.135363],[17.104839,48.135697],[17.104802,48.136527],[17.107136,48.136698],[17.10709,48.136205],[17.10714,48.136201],[17.107898,48.13619]]]},"properties":{"name":"Sad Janka Kr\u00e1\u013ea"}},{"type":"Feature","geometry":{"type":"Polygon","coordinates":[[[17.114034,48.131723],[17.114046,48.131745],[17.114055,48.131766],[17.11406,48.131794],[17.114086,48.132248],[17.114078,48.13228],[17.114061,48.132302],[17.114037,48.132329],[17.114004,48.132343],[17.113955,48.132349],[17.11391,48.132348],[17.11386,48.13234],[17.113789,48.132315],[17.113706,48.132287],[17.113555,48.132242],[17.11336,48.132201],[17.113166,48.132168],[17.112987,48.132163],[17.112804,48.132164],[17.112735,48.132155],[17.112487,48.13216],[17.112472,48.132153],[17.112444,48.132126],[17.112427,48.132091],[17.112415,48.131917],[17.112486,48.131915],[17.112481,48.131839],[17.112907,48.131827],[17.112904,48.131764],[17.114034,48.131723]]]},"properties":{"name":""}},{"type":"Feature","geometry":{"type":"Polygon","coordinates":[[[17.115724,48.141772],[17.115734,48.141787],[17.115744,48.141802],[17.115756,48.14182],[17.116103,48.141936],[17.116133,48.141932],[17.116158,48.141928],[17.116423,48.141589],[17.116439,48.141569],[17.116521,48.141469],[17.116497,48.141421],[17.116438,48.141392],[17.116374,48.141392],[17.116258,48.141411],[17.11621,48.141445],[17.116182,48.141465],[17.115724,48.141772]]]},"properties":{"name":""}},{"type":"Feature","geometry":{"type":"Polygon","coordinates":[[[17.119385,48.133741],[17.1202,48.134027],[17.12081,48.133174],[17.119986,48.132905],[17.119385,48.133741]]]},"properties":{"name":""}},{"type":"Feature","geometry":{"type":"Polygon","coordinates":[[[17.105692,48.140293],[17.105698,48.140199],[17.105726,48.140199],[17.105755,48.140196],[17.105787,48.140189],[17.105818,48.140178],[17.105857,48.140156],[17.105877,48.140138],[17.105896,48.140113],[17.105905,48.140089],[17.105908,48.140069],[17.106232,48.140078],[17.106216,48.140308],[17.106154,48.140387],[17.106071,48.140361],[17.106034,48.140406],[17.105692,48.140293]]]},"properties":{"name":""}},{"type":"Feature","geometry":{"type":"Polygon","coordinates":[[[17.11909,48.143262],[17.119734,48.143469],[17.120442,48.143695],[17.120544,48.143728],[17.120659,48.143572],[17.120561,48.14354],[17.119854,48.143309],[17.119288,48.143128],[17.119207,48.143102],[17.11909,48.143262]]]},"properties":{"name":"Park na Jakubovom n\u00e1mest\u00ed"}},{"type":"Feature","geometry":{"type":"Polygon","coordinates":[[[17.109821,48.136662],[17.110286,48.136602],[17.110218,48.136365],[17.109752,48.136425],[17.109821,48.136662]]]},"properties":{"name":""}},{"type":"Feature","geometry":{"type":"Polygon","coordinates":[[[17.105605,48.143517],[17.105623,48.143483],[17.105898,48.143548],[17.105893,48.14356],[17.105917,48.143564],[17.105955,48.143365],[17.10606,48.143391],[17.106067,48.143376],[17.10591,48.14334],[17.105743,48.143302],[17.10574,48.14331],[17.10564,48.143293],[17.105529,48.143276],[17.10552,48.143298],[17.105512,48.143296],[17.105488,48.14334],[17.105527,48.14335],[17.105528,48.143354],[17.105489,48.143421],[17.105484,48.143424],[17.105441,48.143414],[17.105416,48.143458],[17.105422,48.143459],[17.10541,48.14348],[17.105499,48.143507],[17.105515,48.143487],[17.105605,48.143517]]]},"properties":{"name":"Lisztova z\u00e1hrada"}},{"type":"Feature","geometry":{"type":"Polygon","coordinates":[[[17.121382,48.135968],[17.121743,48.135938],[17.12172,48.135836],[17.121708,48.135782],[17.12135,48.135811],[17.121382,48.135968]]]},"properties":{"name":""}},{"type":"Feature","geometry":{"type":"Polygon","coordinates":[[[17.110546,48.139906],[17.111987,48.140144],[17.112138,48.140036],[17.11209,48.139947],[17.112087,48.139921],[17.112071,48.139795],[17.111269,48.139767],[17.110589,48.139743],[17.110621,48.139781],[17.11063,48.139814],[17.110629,48.139829],[17.110627,48.139851],[17.110599,48.13988],[17.110546,48.139906]]]},"properties":{"name":""}},{"type":"Feature","geometry":{"type":"Polygon","coordinates":[[[17.116346,48.143843],[17.116391,48.143848],[17.116798,48.143889],[17.116838,48.143717],[17.116386,48.14367],[17.116346,48.143843]]]},"properties":{"name":""}},{"type":"Feature","geometry":{"type":"Polygon","coordinates":[[[17.115318,48.135069],[17.11539,48.135063],[17.115562,48.135035],[17.115718,48.135016],[17.115849,48.135009],[17.116005,48.135015],[17.116174,48.135035],[17.116301,48.135066],[17.116443,48.135109],[17.11658,48.135164],[17.116702,48.135226],[17.116736,48.135245],[17.116769,48.135257],[17.116797,48.135264],[17.116831,48.135266],[17.116856,48.135261],[17.116893,48.13526],[17.116967,48.135259],[17.117014,48.135258],[17.117087,48.135257],[17.117123,48.135256],[17.117147,48.135704],[17.11716,48.135725],[17.117187,48.13574],[17.117219,48.135743],[17.11797,48.135696],[17.118062,48.135696],[17.118144,48.135705],[17.11823,48.135728],[17.118282,48.135746],[17.11831,48.135751],[17.119906,48.135675],[17.119939,48.135559],[17.119393,48.135581],[17.117535,48.135657],[17.117497,48.135269],[17.117184,48.13208],[17.116993,48.132045],[17.117006,48.13221],[17.117117,48.133433],[17.117079,48.133433],[17.11703,48.133432],[17.116972,48.133433],[17.116917,48.133433],[17.116882,48.133433],[17.116871,48.133372],[17.116833,48.133301],[17.116776,48.133234],[17.116719,48.133194],[17.116631,48.133131],[17.116553,48.133136],[17.116467,48.133134],[17.115613,48.133047],[17.115282,48.133366],[17.114989,48.133655],[17.114943,48.133713],[17.114917,48.133772],[17.114897,48.13385],[17.114907,48.13394],[17.115191,48.13502],[17.115214,48.135044],[17.115255,48.135059],[17.115318,48.135069]]]},"properties":{"name":""}},{"type":"Feature","geometry":{"type":"Polygon","coordinates":[[[17.112024,48.141116],[17.112379,48.141336],[17.112431,48.141341],[17.112463,48.14132],[17.112441,48.141199],[17.112417,48.141178],[17.112024,48.141116]]]},"properties":{"name":"Park M\u00e1rie \u010eur\u00ed\u010dkovej"}},{"type":"Feature","geometry":{"type":"Polygon","coordinates":[[[17.109738,48.142138],[17.109715,48.142136],[17.10969,48.142135],[17.109621,48.142109],[17.109628,48.142103],[17.109644,48.142093],[17.109671,48.142084],[17.10972,48.142071],[17.109754,48.142068],[17.109787,48.142071],[17.109738,48.142138]]]},"properties":{"name":""}},{"type":"Feature","geometry":{"type":"Polygon","coordinates":[[[17.109589,48.142301],[17.109571,48.142285],[17.109557,48.142264],[17.109549,48.142237],[17.109546,48.142214],[17.109548,48.142199],[17.109554,48.142184],[17.109623,48.142211],[17.109643,48.142229],[17.109661,48.142243],[17.109589,48.142301]]]},"properties":{"name":""}},{"type":"Feature","geometry":{"type":"Polygon","coordinates":[[[17.108982,48.141668],[17.108966,48.141674],[17.108952,48.141682],[17.108941,48.141692],[17.108933,48.141703],[17.108929,48.141715],[17.108928,48.141728],[17.10893,48.14174],[17.109054,48.141779],[17.109105,48.141707],[17.108982,48.141668]]]},"properties":{"name":""}},{"type":"Feature","geometry":{"type":"Polygon","coordinates":[[[17.107127,48.141448],[17.107096,48.14149],[17.107556,48.141669],[17.107834,48.14177],[17.107957,48.141812],[17.10801,48.141828],[17.108086,48.141733],[17.108035,48.141716],[17.108015,48.141743],[17.107924,48.141713],[17.107127,48.141448]]]},"properties":{"name":""}},{"type":"Feature","geometry":{"type":"Polygon","coordinates":[[[17.106985,48.141443],[17.107032,48.141383],[17.106597,48.141237],[17.106236,48.141115],[17.106084,48.141065],[17.106075,48.141083],[17.106218,48.141141],[17.106525,48.141266],[17.106577,48.141286],[17.106985,48.141443]]]},"properties":{"name":""}},{"type":"Feature","geometry":{"type":"Polygon","coordinates":[[[17.108866,48.141719],[17.108769,48.141688],[17.10879,48.141685],[17.108808,48.141679],[17.108822,48.141669],[17.108832,48.141656],[17.108834,48.141642],[17.108831,48.141628],[17.108821,48.141616],[17.108918,48.141647],[17.10892,48.141659],[17.108919,48.141672],[17.108914,48.141683],[17.108906,48.141694],[17.108895,48.141704],[17.108882,48.141713],[17.108866,48.141719]]]},"properties":{"name":""}},{"type":"Feature","geometry":{"type":"Polygon","coordinates":[[[17.110699,48.142764],[17.110927,48.142859],[17.111007,48.142891],[17.111025,48.142872],[17.111234,48.142655],[17.111157,48.142618],[17.110995,48.142537],[17.110931,48.14251],[17.110797,48.142658],[17.110699,48.142764]]]},"properties":{"name":""}},{"type":"Feature","geometry":{"type":"Polygon","coordinates":[[[17.104866,48.137003],[17.104873,48.136741],[17.104843,48.136623],[17.105855,48.136701],[17.106583,48.136764],[17.107172,48.136803],[17.10736,48.136806],[17.10764,48.136787],[17.107721,48.136777],[17.107946,48.136747],[17.107974,48.136743],[17.108094,48.136728],[17.10833,48.136674],[17.108408,48.136657],[17.108417,48.136642],[17.109432,48.136422],[17.10963,48.13638],[17.109664,48.136372],[17.110321,48.136242],[17.111486,48.136002],[17.112434,48.135804],[17.113003,48.135679],[17.113219,48.135707],[17.113345,48.135766],[17.113511,48.135911],[17.113554,48.136021],[17.11359,48.136015],[17.113629,48.13601],[17.113636,48.136024],[17.11365,48.136061],[17.113576,48.136075],[17.113626,48.136197],[17.113677,48.136223],[17.114088,48.136153],[17.114512,48.136082],[17.114879,48.136017],[17.115194,48.135949],[17.115313,48.136011],[17.115406,48.136049],[17.115485,48.136053],[17.115595,48.136024],[17.115669,48.135959],[17.115775,48.135943],[17.115856,48.135948],[17.116111,48.135963],[17.116893,48.13601],[17.116933,48.136556],[17.116959,48.136917],[17.113652,48.136981],[17.111744,48.137031],[17.109622,48.137066],[17.108304,48.137061],[17.107264,48.137045],[17.104866,48.137003]]]},"properties":{"name":"Tyr\u0161ovo n\u00e1bre\u017eie"}},{"type":"Feature","geometry":{"type":"Polygon","coordinates":[[[17.10457,48.133804],[17.104399,48.133477],[17.104212,48.133207],[17.103938,48.13291],[17.104122,48.132936],[17.104362,48.132901],[17.104573,48.132839],[17.104564,48.132993],[17.104504,48.133217],[17.10451,48.133481],[17.104574,48.13368],[17.10457,48.133804]]]},"properties":{"name":""}},{"type":"Feature","geometry":{"type":"Polygon","coordinates":[[[17.104903,48.133776],[17.104914,48.133594],[17.104993,48.133454],[17.105011,48.133409],[17.10503,48.133192],[17.10503,48.133119],[17.105026,48.133056],[17.104974,48.133069],[17.104949,48.132889],[17.104954,48.132792],[17.10504,48.132831],[17.105076,48.132857],[17.105134,48.13289],[17.105199,48.132919],[17.105253,48.132937],[17.105323,48.132957],[17.105393,48.132969],[17.105459,48.132973],[17.105483,48.132968],[17.10556,48.132966],[17.105628,48.132955],[17.105463,48.133096],[17.105395,48.133168],[17.105316,48.133242],[17.105248,48.133307],[17.105188,48.133359],[17.105096,48.133464],[17.105035,48.133566],[17.10499,48.13364],[17.104903,48.133776]]]},"properties":{"name":""}},{"type":"Feature","geometry":{"type":"Polygon","coordinates":[[[17.114397,48.141705],[17.114436,48.141649],[17.114447,48.141633],[17.114465,48.141638],[17.114502,48.141588],[17.114557,48.141606],[17.114616,48.141624],[17.11458,48.141673],[17.114598,48.141679],[17.114596,48.141683],[17.114546,48.141752],[17.114541,48.141759],[17.114535,48.141766],[17.114521,48.141787],[17.11448,48.141796],[17.114445,48.141785],[17.114423,48.141779],[17.114386,48.141767],[17.114375,48.141737],[17.114387,48.141721],[17.114397,48.141705]]]},"properties":{"name":""}},{"type":"Feature","geometry":{"type":"Polygon","coordinates":[[[17.113905,48.141413],[17.113924,48.141415],[17.113938,48.141422],[17.113946,48.141447],[17.113749,48.141482],[17.113762,48.141449],[17.113794,48.141433],[17.113905,48.141413]]]},"properties":{"name":""}},{"type":"Feature","geometry":{"type":"Polygon","coordinates":[[[17.12275,48.139623],[17.122702,48.139319],[17.120749,48.139459],[17.119955,48.139512],[17.117836,48.139577],[17.117654,48.139627],[17.117509,48.139631],[17.117499,48.14001],[17.118105,48.139982],[17.118252,48.140066],[17.119171,48.140294],[17.119096,48.139881],[17.120063,48.139828],[17.12275,48.139623]]]},"properties":{"name":""}},{"type":"Feature","geometry":{"type":"Polygon","coordinates":[[[17.109727,48.14173],[17.109798,48.141654],[17.109864,48.141582],[17.110068,48.141667],[17.10993,48.141813],[17.109727,48.14173]]]},"properties":{"name":""}},{"type":"Feature","geometry":{"type":"Polygon","coordinates":[[[17.10775,48.139762],[17.10776,48.13964],[17.106272,48.139589],[17.106268,48.139666],[17.106976,48.13973],[17.10775,48.139762]]]},"properties":{"name":""}},{"type":"Feature","geometry":{"type":"Polygon","coordinates":[[[17.107972,48.139772],[17.107984,48.139649],[17.109183,48.139691],[17.109216,48.139731],[17.109205,48.139816],[17.107972,48.139772]]]},"properties":{"name":""}},{"type":"Feature","geometry":{"type":"Polygon","coordinates":[[[17.106188,48.139634],[17.106196,48.139575],[17.105683,48.139569],[17.105682,48.139613],[17.106013,48.139615],[17.106188,48.139634]]]},"properties":{"name":""}},{"type":"Feature","geometry":{"type":"Polygon","coordinates":[[[17.12153,48.144549],[17.121645,48.144578],[17.121936,48.144652],[17.122024,48.144498],[17.121617,48.144395],[17.12153,48.144549]]]},"properties":{"name":""}},{"type":"Feature","geometry":{"type":"Polygon","coordinates":[[[17.113791,48.144651],[17.113723,48.144607],[17.113701,48.144617],[17.113584,48.144534],[17.113544,48.144579],[17.113546,48.144641],[17.113575,48.144696],[17.113622,48.144727],[17.113686,48.144744],[17.113768,48.144752],[17.113825,48.144738],[17.113898,48.144698],[17.113882,48.144664],[17.113834,48.14469],[17.113791,48.144651]]]},"properties":{"name":""}},{"type":"Feature","geometry":{"type":"Polygon","coordinates":[[[17.116346,48.143843],[17.116234,48.143831],[17.116114,48.143818],[17.116177,48.143569],[17.116401,48.143605],[17.116386,48.14367],[17.116346,48.143843]]]},"properties":{"name":""}},{"type":"Feature","geometry":{"type":"Polygon","coordinates":[[[17.108141,48.141152],[17.108254,48.141032],[17.108379,48.140877],[17.108384,48.140823],[17.108167,48.140811],[17.108099,48.140807],[17.108013,48.140807],[17.108005,48.140983],[17.108037,48.140983],[17.108095,48.140985],[17.108082,48.141013],[17.107997,48.14109],[17.108141,48.141152]]]},"properties":{"name":""}},{"type":"Feature","geometry":{"type":"Polygon","coordinates":[[[17.116554,48.132482],[17.116543,48.132418],[17.11654,48.132378],[17.116421,48.132382],[17.116411,48.132383],[17.116411,48.132314],[17.116435,48.132163],[17.11658,48.132028],[17.116623,48.132027],[17.116637,48.132218],[17.116647,48.132218],[17.116665,48.132244],[17.116685,48.13225],[17.116701,48.132476],[17.116665,48.132478],[17.116554,48.132482]]]},"properties":{"name":""}},{"type":"Feature","geometry":{"type":"Polygon","coordinates":[[[17.114782,48.133276],[17.114842,48.133284],[17.114909,48.133287],[17.114983,48.133285],[17.115058,48.133266],[17.11512,48.13325],[17.115237,48.133199],[17.115419,48.133028],[17.115266,48.13301],[17.115089,48.133006],[17.114876,48.133015],[17.11476,48.133035],[17.114682,48.133094],[17.114658,48.133136],[17.114664,48.13319],[17.114678,48.133216],[17.114782,48.133276]]]},"properties":{"name":""}},{"type":"Feature","geometry":{"type":"Polygon","coordinates":[[[17.120179,48.131419],[17.120406,48.131411],[17.120412,48.131425],[17.120375,48.131446],[17.12035,48.131476],[17.12031,48.131561],[17.120278,48.13151],[17.12025,48.131484],[17.120218,48.131451],[17.120189,48.131436],[17.120179,48.131419]]]},"properties":{"name":""}},{"type":"Feature","geometry":{"type":"Polygon","coordinates":[[[17.110494,48.132062],[17.110427,48.132039],[17.11035,48.132022],[17.110244,48.132004],[17.110102,48.131988],[17.10992,48.131984],[17.109698,48.131994],[17.109704,48.132065],[17.109828,48.132058],[17.109952,48.132052],[17.110051,48.132052],[17.110131,48.132055],[17.110216,48.132062],[17.110315,48.132078],[17.110409,48.132095],[17.110472,48.132108],[17.110494,48.132062]]]},"properties":{"name":""}},{"type":"Feature","geometry":{"type":"Polygon","coordinates":[[[17.120306,48.131888],[17.120256,48.131793],[17.120208,48.131597],[17.120173,48.131526],[17.120071,48.131441],[17.119981,48.13143],[17.117415,48.131532],[17.116961,48.131552],[17.116964,48.131597],[17.116984,48.131953],[17.116993,48.132045],[17.117184,48.13208],[17.117148,48.131928],[17.117554,48.131664],[17.119643,48.131566],[17.11995,48.131718],[17.120306,48.131888]]]},"properties":{"name":""}},{"type":"Feature","geometry":{"type":"Polygon","coordinates":[[[17.110384,48.131932],[17.110506,48.131962],[17.110614,48.131993],[17.110719,48.132033],[17.110801,48.132075],[17.110854,48.132096],[17.110913,48.132107],[17.110957,48.132105],[17.110991,48.132097],[17.111039,48.132082],[17.111082,48.132057],[17.111096,48.132043],[17.111101,48.132027],[17.11108,48.132037],[17.111055,48.132044],[17.111014,48.132054],[17.110953,48.132057],[17.110893,48.13205],[17.110834,48.132036],[17.110751,48.13201],[17.110643,48.131977],[17.110559,48.131956],[17.110478,48.131937],[17.110388,48.131923],[17.11038,48.131923],[17.110378,48.131929],[17.110384,48.131932]]]},"properties":{"name":""}},{"type":"Feature","geometry":{"type":"Polygon","coordinates":[[[17.111255,48.141748],[17.111214,48.141785],[17.111509,48.14191],[17.111504,48.141899],[17.111255,48.141748]]]},"properties":{"name":""}},{"type":"Feature","geometry":{"type":"Polygon","coordinates":[[[17.110647,48.141664],[17.110597,48.141718],[17.110557,48.141703],[17.110505,48.141682],[17.110415,48.141784],[17.110399,48.141778],[17.110388,48.141788],[17.110343,48.141769],[17.110271,48.141672],[17.110261,48.141543],[17.110582,48.141592],[17.110631,48.141602],[17.110677,48.141612],[17.110958,48.141659],[17.110877,48.141759],[17.110647,48.141664]]]},"properties":{"name":""}},{"type":"Feature","geometry":{"type":"Polygon","coordinates":[[[17.114256,48.141333],[17.114183,48.141327],[17.114168,48.141312],[17.114266,48.140746],[17.114348,48.140758],[17.114267,48.14125],[17.114256,48.141333]]]},"properties":{"name":""}},{"type":"Feature","geometry":{"type":"Polygon","coordinates":[[[17.105495,48.134528],[17.105465,48.134567],[17.105417,48.134597],[17.105357,48.134615],[17.105291,48.134619],[17.105228,48.134608],[17.105173,48.134584],[17.105133,48.134549],[17.105113,48.134507],[17.105114,48.134463],[17.105136,48.134423],[17.105176,48.13439],[17.10523,48.134367],[17.105292,48.134357],[17.105356,48.134361],[17.105414,48.134378],[17.105462,48.134406],[17.105493,48.134444],[17.105504,48.134486],[17.105495,48.134528]]]},"properties":{"name":""}},{"type":"Feature","geometry":{"type":"Polygon","coordinates":[[[17.104831,48.135363],[17.104919,48.135301],[17.105004,48.134988],[17.105007,48.13476],[17.105021,48.134512],[17.105037,48.134287],[17.105075,48.134167],[17.105148,48.13394],[17.105279,48.133694],[17.105403,48.13353],[17.105767,48.13312],[17.106073,48.13283],[17.105982,48.132787],[17.105656,48.133059],[17.105479,48.133226],[17.10521,48.133503],[17.105118,48.133646],[17.10503,48.133823],[17.104947,48.134025],[17.104879,48.134275],[17.104859,48.134572],[17.104809,48.135249],[17.104804,48.135365],[17.104831,48.135363]]]},"properties":{"name":""}},{"type":"Feature","geometry":{"type":"Polygon","coordinates":[[[17.107298,48.132163],[17.107343,48.132139],[17.107394,48.13213],[17.10748,48.13212],[17.107534,48.132119],[17.107543,48.132169],[17.107362,48.132278],[17.107349,48.13227],[17.107326,48.132258],[17.107298,48.132245],[17.107259,48.132236],[17.107219,48.132232],[17.107254,48.132196],[17.107298,48.132163]]]},"properties":{"name":""}},{"type":"Feature","geometry":{"type":"Polygon","coordinates":[[[17.105761,48.13269],[17.10585,48.132736],[17.105775,48.132798],[17.10573,48.132828],[17.105643,48.132854],[17.105523,48.132874],[17.105385,48.132887],[17.105274,48.13287],[17.105187,48.132834],[17.105113,48.132789],[17.105036,48.132729],[17.104987,48.132576],[17.104987,48.132468],[17.105017,48.132346],[17.105031,48.13222],[17.105094,48.132226],[17.105164,48.132238],[17.105209,48.13226],[17.105244,48.132283],[17.105271,48.132309],[17.105271,48.132386],[17.105312,48.132385],[17.105318,48.132502],[17.105327,48.132682],[17.105335,48.132715],[17.105353,48.132739],[17.105382,48.132762],[17.105416,48.132776],[17.105452,48.132785],[17.105494,48.132786],[17.105556,48.132783],[17.105611,48.132772],[17.10565,48.132759],[17.105678,48.132745],[17.105709,48.132729],[17.105738,48.13271],[17.105761,48.13269]]]},"properties":{"name":""}},{"type":"Feature","geometry":{"type":"Polygon","coordinates":[[[17.107298,48.131881],[17.107298,48.131896],[17.107262,48.131913],[17.107046,48.131985],[17.106922,48.132038],[17.106806,48.132088],[17.106759,48.132113],[17.106695,48.13215],[17.106617,48.132187],[17.10661,48.132171],[17.106605,48.132082],[17.106587,48.132063],[17.106517,48.131971],[17.106467,48.131939],[17.106486,48.131926],[17.106709,48.131909],[17.107298,48.131881]]]},"properties":{"name":""}},{"type":"Feature","geometry":{"type":"Polygon","coordinates":[[[17.105074,48.132017],[17.105074,48.131987],[17.106078,48.131944],[17.106176,48.131944],[17.106255,48.131952],[17.10633,48.131966],[17.106362,48.131982],[17.106397,48.132007],[17.106426,48.132033],[17.106456,48.132063],[17.106477,48.13209],[17.106475,48.132119],[17.106438,48.132087],[17.10639,48.132069],[17.106352,48.132058],[17.106253,48.132054],[17.106251,48.13199],[17.105074,48.132017]]]},"properties":{"name":""}},{"type":"Feature","geometry":{"type":"Polygon","coordinates":[[[17.106109,48.132798],[17.106023,48.132753],[17.106127,48.132667],[17.106212,48.132709],[17.106109,48.132798]]]},"properties":{"name":""}},{"type":"Feature","geometry":{"type":"Polygon","coordinates":[[[17.106258,48.132669],[17.106177,48.132624],[17.106562,48.132313],[17.106633,48.132264],[17.106704,48.132223],[17.106776,48.132181],[17.106848,48.132138],[17.106907,48.132107],[17.106971,48.132076],[17.107054,48.132045],[17.106936,48.132106],[17.106863,48.132148],[17.106798,48.132193],[17.1067,48.13227],[17.106657,48.132304],[17.106617,48.132339],[17.106527,48.132421],[17.106258,48.132669]]]},"properties":{"name":""}},{"type":"Feature","geometry":{"type":"Polygon","coordinates":[[[17.104591,48.13202],[17.104589,48.131976],[17.103721,48.132013],[17.10365,48.13202],[17.103579,48.13203],[17.10352,48.132049],[17.103467,48.132075],[17.10341,48.132116],[17.103378,48.13215],[17.103356,48.132192],[17.10335,48.132246],[17.10336,48.132295],[17.103386,48.132348],[17.103425,48.132389],[17.103665,48.132599],[17.103817,48.132728],[17.10388,48.132767],[17.103945,48.132797],[17.104004,48.132819],[17.104069,48.132831],[17.104158,48.132837],[17.104254,48.132837],[17.104311,48.132832],[17.104389,48.13281],[17.104439,48.132793],[17.104505,48.132763],[17.104542,48.132736],[17.104571,48.132688],[17.104613,48.132528],[17.104631,48.132296],[17.104599,48.132296],[17.104601,48.132203],[17.104534,48.132204],[17.104488,48.132223],[17.104456,48.132242],[17.104425,48.132268],[17.104409,48.132292],[17.104366,48.132405],[17.10432,48.132525],[17.104314,48.132598],[17.10431,48.132652],[17.104294,48.132689],[17.104281,48.132706],[17.10426,48.132721],[17.104213,48.132737],[17.104185,48.132744],[17.104156,48.132747],[17.104123,48.132749],[17.104089,48.132749],[17.104053,48.132744],[17.104016,48.132736],[17.103953,48.132714],[17.103894,48.132681],[17.103449,48.132355],[17.103427,48.132321],[17.10342,48.13228],[17.103427,48.132229],[17.103452,48.132187],[17.103485,48.132159],[17.103513,48.132135],[17.103546,48.132111],[17.103594,48.13209],[17.103616,48.132079],[17.103669,48.132068],[17.103718,48.13206],[17.104591,48.13202]]]},"properties":{"name":""}},{"type":"Feature","geometry":{"type":"Polygon","coordinates":[[[17.108241,48.144694],[17.10832,48.144559],[17.10853,48.14462],[17.10845,48.14475],[17.108241,48.144694]]]},"properties":{"name":"Rajsk\u00fd dvor"}},{"type":"Feature","geometry":{"type":"Polygon","coordinates":[[[17.116959,48.136917],[17.117856,48.136889],[17.11756,48.136655],[17.117587,48.136237],[17.117894,48.136183],[17.11787,48.136065],[17.11763,48.136106],[17.117227,48.136164],[17.117218,48.135982],[17.116893,48.13601],[17.116933,48.136556],[17.116959,48.136917]]]},"properties":{"name":""}},{"type":"Feature","geometry":{"type":"Polygon","coordinates":[[[17.109846,48.135399],[17.109821,48.135401],[17.109794,48.135401],[17.109766,48.135398],[17.109739,48.13539],[17.109685,48.135462],[17.109725,48.135473],[17.109786,48.135481],[17.109839,48.13548],[17.109891,48.135474],[17.109846,48.135399]]]},"properties":{"name":""}},{"type":"Feature","geometry":{"type":"Polygon","coordinates":[[[17.109482,48.135136],[17.109594,48.13516],[17.109607,48.135143],[17.109623,48.135127],[17.109644,48.135112],[17.109669,48.135099],[17.109624,48.135023],[17.109574,48.135045],[17.109533,48.135073],[17.109503,48.135104],[17.109482,48.135136]]]},"properties":{"name":""}},{"type":"Feature","geometry":{"type":"Polygon","coordinates":[[[17.109239,48.135374],[17.109243,48.135393],[17.109257,48.13541],[17.109278,48.135423],[17.109304,48.13543],[17.109332,48.135432],[17.109359,48.135427],[17.109383,48.135417],[17.1094,48.135402],[17.10941,48.135385],[17.10941,48.135366],[17.109401,48.135348],[17.109385,48.135333],[17.109361,48.135322],[17.109334,48.135317],[17.109305,48.135318],[17.109279,48.135326],[17.109257,48.135339],[17.109244,48.135355],[17.109239,48.135374]]]},"properties":{"name":""}},{"type":"Feature","geometry":{"type":"Polygon","coordinates":[[[17.109977,48.1353],[17.109969,48.135323],[17.109956,48.135341],[17.109936,48.135362],[17.109912,48.135377],[17.109955,48.135458],[17.109992,48.135439],[17.110037,48.135406],[17.110046,48.135397],[17.110063,48.135377],[17.110085,48.13534],[17.110094,48.135314],[17.109977,48.1353]]]},"properties":{"name":""}},{"type":"Feature","geometry":{"type":"Polygon","coordinates":[[[17.109037,48.13396],[17.109051,48.133956],[17.109066,48.133956],[17.10908,48.13396],[17.109092,48.133967],[17.109099,48.133977],[17.1091,48.133988],[17.109094,48.133998],[17.109082,48.134006],[17.109066,48.13401],[17.10905,48.13401],[17.109035,48.134005],[17.109023,48.133997],[17.109018,48.133986],[17.109019,48.133976],[17.109026,48.133967],[17.109037,48.13396]]]},"properties":{"name":""}},{"type":"Feature","geometry":{"type":"Polygon","coordinates":[[[17.106233,48.135754],[17.106417,48.135701],[17.106672,48.136099],[17.106488,48.136152],[17.106233,48.135754]]]},"properties":{"name":""}},{"type":"Feature","geometry":{"type":"Polygon","coordinates":[[[17.109492,48.135267],[17.109594,48.135239],[17.109587,48.135197],[17.109474,48.135172],[17.109471,48.135197],[17.109473,48.135219],[17.10948,48.135244],[17.109492,48.135267]]]},"properties":{"name":""}},{"type":"Feature","geometry":{"type":"Polygon","coordinates":[[[17.10969,48.135008],[17.109732,48.135084],[17.109768,48.135085],[17.109809,48.135091],[17.10988,48.135022],[17.109838,48.135011],[17.109783,48.135004],[17.10974,48.135004],[17.10969,48.135008]]]},"properties":{"name":""}},{"type":"Feature","geometry":{"type":"Polygon","coordinates":[[[17.109656,48.135338],[17.109567,48.135364],[17.109562,48.135367],[17.109558,48.13537],[17.109557,48.135375],[17.109562,48.135381],[17.10959,48.13541],[17.109639,48.135442],[17.109696,48.135369],[17.109656,48.135338]]]},"properties":{"name":""}},{"type":"Feature","geometry":{"type":"Polygon","coordinates":[[[17.119306,48.142703],[17.119392,48.142579],[17.119297,48.14255],[17.119268,48.142589],[17.119295,48.142597],[17.119273,48.142626],[17.119276,48.142626],[17.119266,48.142639],[17.119278,48.142642],[17.119257,48.142672],[17.119244,48.142668],[17.119236,48.142681],[17.119306,48.142703]]]},"properties":{"name":""}},{"type":"Feature","geometry":{"type":"Polygon","coordinates":[[[17.119106,48.142773],[17.119127,48.14278],[17.119114,48.142798],[17.119149,48.14281],[17.119115,48.142856],[17.119121,48.142857],[17.119085,48.142907],[17.119132,48.142922],[17.119155,48.142916],[17.119254,48.142775],[17.119136,48.14274],[17.119083,48.142722],[17.119066,48.142716],[17.119061,48.142724],[17.118927,48.142682],[17.118906,48.142707],[17.118984,48.142733],[17.118985,48.142731],[17.118996,48.142735],[17.119014,48.142741],[17.119032,48.142746],[17.11903,48.142749],[17.119106,48.142773]]]},"properties":{"name":""}},{"type":"Feature","geometry":{"type":"Polygon","coordinates":[[[17.118224,48.142511],[17.118341,48.142547],[17.118672,48.142082],[17.118754,48.142068],[17.118776,48.142041],[17.118733,48.142029],[17.11863,48.141995],[17.118652,48.141965],[17.118633,48.141959],[17.118541,48.142078],[17.118545,48.14208],[17.118541,48.142086],[17.118535,48.142086],[17.118509,48.142118],[17.118515,48.142119],[17.118513,48.142126],[17.118507,48.142125],[17.118483,48.142157],[17.118489,48.142158],[17.118483,48.142166],[17.118476,48.142164],[17.118454,48.142194],[17.118459,48.142198],[17.118455,48.142201],[17.11845,48.1422],[17.118426,48.142234],[17.118431,48.142237],[17.118427,48.142241],[17.118422,48.142238],[17.118397,48.142274],[17.118403,48.142276],[17.118398,48.142282],[17.118393,48.14228],[17.118368,48.142314],[17.118374,48.142315],[17.118371,48.14232],[17.118363,48.142319],[17.118341,48.142351],[17.118347,48.142353],[17.11834,48.142361],[17.118335,48.142359],[17.118313,48.14239],[17.118319,48.142392],[17.118312,48.142399],[17.118309,48.142398],[17.118265,48.142451],[17.118271,48.142453],[17.118224,48.142511]]]},"properties":{"name":""}},{"type":"Feature","geometry":{"type":"Polygon","coordinates":[[[17.119013,48.142033],[17.1189,48.14219],[17.118897,48.142188],[17.118892,48.142192],[17.118896,48.142193],[17.118867,48.142232],[17.118863,48.142232],[17.11886,48.142237],[17.118862,48.142238],[17.118834,48.142277],[17.11883,48.142275],[17.118828,48.14228],[17.118831,48.142281],[17.118802,48.142319],[17.118799,48.142318],[17.118795,48.142322],[17.118799,48.142324],[17.118771,48.142363],[17.118767,48.142361],[17.118762,48.142368],[17.118765,48.142369],[17.118738,48.142406],[17.118735,48.142404],[17.118731,48.14241],[17.118734,48.142411],[17.118706,48.14245],[17.118702,48.142448],[17.118698,48.142454],[17.118702,48.142455],[17.118675,48.142494],[17.118671,48.142493],[17.118667,48.142497],[17.118672,48.142498],[17.118634,48.142544],[17.11863,48.142544],[17.118626,48.142549],[17.118631,48.142551],[17.118609,48.142581],[17.118605,48.14258],[17.118599,48.142584],[17.118604,48.142585],[17.118576,48.142625],[17.118573,48.142623],[17.118569,48.142629],[17.118572,48.142632],[17.118541,48.142675],[17.118635,48.142707],[17.118641,48.142709],[17.118663,48.142716],[17.118683,48.142722],[17.118689,48.142723],[17.11878,48.142754],[17.118784,48.142757],[17.118747,48.1428],[17.118659,48.142771],[17.118629,48.142761],[17.118597,48.14275],[17.118477,48.14271],[17.118465,48.142662],[17.118953,48.142017],[17.119013,48.142033]]]},"properties":{"name":""}},{"type":"Feature","geometry":{"type":"Polygon","coordinates":[[[17.117898,48.143805],[17.11792,48.143812],[17.117934,48.14379],[17.117898,48.143779],[17.117888,48.143792],[17.117765,48.143753],[17.117972,48.143464],[17.117966,48.143462],[17.118019,48.143385],[17.118027,48.143387],[17.118074,48.143322],[17.118067,48.143321],[17.11807,48.143314],[17.118016,48.143297],[17.117669,48.14377],[17.117887,48.143824],[17.117898,48.143805]]]},"properties":{"name":""}},{"type":"Feature","geometry":{"type":"Polygon","coordinates":[[[17.118202,48.143139],[17.118384,48.142886],[17.118508,48.142927],[17.118501,48.142936],[17.118642,48.142981],[17.118651,48.14297],[17.118668,48.142945],[17.118654,48.142941],[17.118665,48.142927],[17.118361,48.142826],[17.118068,48.143226],[17.118037,48.143269],[17.11809,48.143286],[17.118095,48.143279],[17.118103,48.143282],[17.118149,48.143217],[17.118141,48.143215],[17.118194,48.143137],[17.118202,48.143139]]]},"properties":{"name":""}},{"type":"Feature","geometry":{"type":"Polygon","coordinates":[[[17.117943,48.143837],[17.118418,48.143954],[17.118714,48.14354],[17.11867,48.143526],[17.118666,48.143532],[17.118662,48.143532],[17.118649,48.143547],[17.118652,48.14355],[17.118649,48.143555],[17.118645,48.143553],[17.118612,48.143603],[17.118604,48.143601],[17.118584,48.143628],[17.118575,48.143627],[17.118559,48.14365],[17.118407,48.143863],[17.118382,48.143898],[17.118169,48.14383],[17.118148,48.143859],[17.118029,48.143821],[17.117968,48.143801],[17.117943,48.143837]]]},"properties":{"name":""}},{"type":"Feature","geometry":{"type":"Polygon","coordinates":[[[17.118774,48.142979],[17.118707,48.142958],[17.118688,48.142982],[17.11868,48.142993],[17.118823,48.143039],[17.118834,48.143023],[17.118989,48.143073],[17.118909,48.143186],[17.118922,48.14319],[17.118913,48.143202],[17.118901,48.143197],[17.118875,48.143232],[17.118863,48.143228],[17.118772,48.14335],[17.11878,48.143353],[17.118761,48.14338],[17.118765,48.143383],[17.118732,48.143431],[17.118736,48.143434],[17.118732,48.143441],[17.118726,48.14344],[17.118715,48.143456],[17.118718,48.143459],[17.118715,48.143464],[17.118757,48.143477],[17.118869,48.143312],[17.119061,48.143051],[17.118786,48.142965],[17.118774,48.142979]]]},"properties":{"name":""}},{"type":"Feature","geometry":{"type":"Polygon","coordinates":[[[17.116975,48.144194],[17.11701,48.144087],[17.117076,48.144098],[17.117085,48.144076],[17.1171,48.144079],[17.117104,48.144066],[17.117111,48.144045],[17.117095,48.144043],[17.11714,48.143915],[17.117075,48.143904],[17.117116,48.143783],[17.117289,48.143824],[17.117314,48.14383],[17.11743,48.14386],[17.117448,48.14383],[17.117331,48.1438],[17.117306,48.143794],[17.117086,48.143738],[17.117077,48.143729],[17.116979,48.144025],[17.116968,48.144058],[17.116924,48.144177],[17.116927,48.144181],[17.116975,48.144194]]]},"properties":{"name":""}},{"type":"Feature","geometry":{"type":"Polygon","coordinates":[[[17.117448,48.142071],[17.117436,48.14207],[17.117449,48.142031],[17.117511,48.142042],[17.117408,48.142346],[17.117381,48.142355],[17.117341,48.142343],[17.117369,48.142303],[17.117368,48.142291],[17.11735,48.142275],[17.11738,48.142232],[17.117389,48.142235],[17.117404,48.14219],[17.117405,48.142184],[17.117396,48.142182],[17.117405,48.142156],[17.117416,48.142156],[17.117417,48.14215],[17.11741,48.142146],[17.117417,48.142121],[17.117428,48.142122],[17.117431,48.142117],[17.117448,48.142071]]]},"properties":{"name":""}},{"type":"Feature","geometry":{"type":"Polygon","coordinates":[[[17.118134,48.144343],[17.118136,48.14434],[17.118144,48.144342],[17.118267,48.144169],[17.118261,48.144168],[17.118279,48.14414],[17.118285,48.144142],[17.118336,48.144068],[17.118344,48.144056],[17.118321,48.144051],[17.118323,48.144046],[17.118052,48.143979],[17.118027,48.144021],[17.118059,48.144027],[17.118063,48.144019],[17.118185,48.144047],[17.118178,48.144057],[17.118257,48.144076],[17.118241,48.144101],[17.118252,48.144104],[17.118221,48.144148],[17.118203,48.144175],[17.118194,48.144173],[17.118085,48.144324],[17.118134,48.144343]]]},"properties":{"name":""}},{"type":"Feature","geometry":{"type":"Polygon","coordinates":[[[17.118121,48.144362],[17.118127,48.144365],[17.118078,48.144433],[17.118058,48.144435],[17.118025,48.144426],[17.11807,48.14436],[17.118062,48.144356],[17.118068,48.144347],[17.118121,48.144362]]]},"properties":{"name":""}},{"type":"Feature","geometry":{"type":"Polygon","coordinates":[[[17.117253,48.142618],[17.117243,48.142615],[17.117215,48.142698],[17.117172,48.142821],[17.117181,48.142823],[17.117219,48.142828],[17.117242,48.142815],[17.117279,48.142708],[17.117303,48.142642],[17.117297,48.14263],[17.11729,48.142624],[17.117253,48.142618]]]},"properties":{"name":""}},{"type":"Feature","geometry":{"type":"Polygon","coordinates":[[[17.117261,48.142484],[17.117274,48.142468],[17.117301,48.142477],[17.117333,48.142487],[17.117343,48.142496],[17.11735,48.142509],[17.117323,48.142583],[17.11731,48.14259],[17.117297,48.142594],[17.117262,48.142588],[17.117252,48.142587],[17.117279,48.142509],[17.117275,48.142493],[17.117261,48.142484]]]},"properties":{"name":""}},{"type":"Feature","geometry":{"type":"Polygon","coordinates":[[[17.116412,48.142717],[17.116421,48.142703],[17.116425,48.142699],[17.116428,48.142699],[17.116429,48.142697],[17.116548,48.142733],[17.116579,48.142743],[17.116577,48.142745],[17.116574,48.142752],[17.116548,48.142784],[17.116519,48.142774],[17.11643,48.142746],[17.116431,48.142727],[17.116412,48.142717]]]},"properties":{"name":""}},{"type":"Feature","geometry":{"type":"Polygon","coordinates":[[[17.116282,48.142688],[17.116271,48.142696],[17.116098,48.142638],[17.116194,48.142472],[17.116238,48.142485],[17.116256,48.142488],[17.116247,48.142501],[17.116183,48.142615],[17.116331,48.142664],[17.116329,48.142667],[17.116331,48.142668],[17.116327,48.142672],[17.116317,48.142685],[17.116282,48.142688]]]},"properties":{"name":""}},{"type":"Feature","geometry":{"type":"Polygon","coordinates":[[[17.117129,48.142972],[17.117142,48.142972],[17.117172,48.142967],[17.117193,48.142953],[17.117221,48.142872],[17.117215,48.142862],[17.117204,48.142856],[17.117171,48.142852],[17.117162,48.142851],[17.117148,48.142885],[17.117137,48.142893],[17.117115,48.1429],[17.117087,48.142896],[17.117078,48.142907],[17.116896,48.142848],[17.11689,48.142856],[17.116867,48.142888],[17.117129,48.142972]]]},"properties":{"name":""}},{"type":"Feature","geometry":{"type":"Polygon","coordinates":[[[17.116759,48.142303],[17.116647,48.142266],[17.116638,48.142263],[17.116627,48.14226],[17.116366,48.142175],[17.116291,48.142303],[17.116283,48.142318],[17.11632,48.142329],[17.116298,48.142367],[17.116261,48.142356],[17.116246,48.142382],[17.116235,48.142402],[17.116231,48.142407],[17.116292,48.142426],[17.116297,48.142429],[17.116427,48.142473],[17.116442,48.142477],[17.116474,48.142431],[17.116461,48.142426],[17.116478,48.142403],[17.116451,48.142393],[17.116409,48.142381],[17.116406,48.142375],[17.116472,48.142277],[17.116599,48.142314],[17.116724,48.142352],[17.116759,48.142303]]]},"properties":{"name":""}},{"type":"Feature","geometry":{"type":"Polygon","coordinates":[[[17.116548,48.142784],[17.116574,48.142752],[17.116577,48.142745],[17.116715,48.14279],[17.116712,48.142796],[17.116692,48.142821],[17.116676,48.142825],[17.116548,48.142784]]]},"properties":{"name":""}},{"type":"Feature","geometry":{"type":"Polygon","coordinates":[[[17.11689,48.142848],[17.116884,48.142853],[17.116862,48.142884],[17.11674,48.142846],[17.116733,48.142832],[17.116751,48.14281],[17.116756,48.142803],[17.11689,48.142848]]]},"properties":{"name":""}},{"type":"Feature","geometry":{"type":"Polygon","coordinates":[[[17.117785,48.141925],[17.117719,48.141915],[17.117547,48.142413],[17.117889,48.142527],[17.117972,48.142461],[17.117975,48.142455],[17.117924,48.14244],[17.117923,48.142444],[17.117914,48.142442],[17.117917,48.142438],[17.117866,48.142421],[17.117864,48.142424],[17.117856,48.142422],[17.117858,48.142419],[17.117809,48.142402],[17.117807,48.142405],[17.117798,48.142403],[17.117802,48.142399],[17.117749,48.142383],[17.117746,48.142385],[17.117741,48.142384],[17.117744,48.14238],[17.117691,48.142364],[17.117689,48.142368],[17.117636,48.14235],[17.117653,48.142323],[17.117672,48.14227],[17.117665,48.142268],[17.117668,48.142263],[17.117673,48.142264],[17.117686,48.142227],[17.117679,48.142224],[17.117681,48.142216],[17.11769,48.142217],[17.117701,48.142185],[17.117693,48.142183],[17.117696,48.142178],[17.117703,48.142178],[17.117715,48.142143],[17.117708,48.142141],[17.11771,48.142137],[17.117716,48.142137],[17.117729,48.1421],[17.117724,48.142099],[17.117725,48.142094],[17.117731,48.142095],[17.117748,48.142056],[17.117741,48.142056],[17.117742,48.142051],[17.11775,48.142052],[17.117761,48.142017],[17.117754,48.142016],[17.117756,48.14201],[17.117763,48.142011],[17.117776,48.141976],[17.117769,48.141974],[17.117771,48.141968],[17.117777,48.141969],[17.11779,48.141932],[17.117782,48.14193],[17.117785,48.141925]]]},"properties":{"name":""}},{"type":"Feature","geometry":{"type":"Polygon","coordinates":[[[17.112299,48.139784],[17.112299,48.139965],[17.112469,48.139963],[17.112469,48.139932],[17.112469,48.139791],[17.112299,48.139784]]]},"properties":{"name":""}},{"type":"Feature","geometry":{"type":"Polygon","coordinates":[[[17.120314,48.132064],[17.120081,48.131988],[17.119851,48.132306],[17.120085,48.132382],[17.120314,48.132064]]]},"properties":{"name":""}},{"type":"Feature","geometry":{"type":"Polygon","coordinates":[[[17.120518,48.143669],[17.120569,48.143686],[17.120592,48.143655],[17.120539,48.143638],[17.120518,48.143669]]]},"properties":{"name":"Permakult\u00fara"}},{"type":"Feature","geometry":{"type":"Polygon","coordinates":[[[17.105242,48.142605],[17.105242,48.142578],[17.105236,48.142447],[17.105234,48.142282],[17.105398,48.142267],[17.105504,48.142257],[17.105566,48.14259],[17.105459,48.142594],[17.105242,48.142605]]]},"properties":{"name":""}},{"type":"Feature","geometry":{"type":"Polygon","coordinates":[[[17.112184,48.140141],[17.112176,48.14015],[17.112173,48.140161],[17.112175,48.140171],[17.112182,48.14018],[17.112192,48.140186],[17.112206,48.140191],[17.11222,48.140192],[17.112234,48.14019],[17.112247,48.140186],[17.112257,48.140179],[17.112263,48.14017],[17.112266,48.140161],[17.112263,48.14015],[17.112255,48.140141],[17.112243,48.140134],[17.112227,48.14013],[17.112211,48.14013],[17.112196,48.140134],[17.112184,48.140141]]]},"properties":{"name":""}},{"type":"Feature","geometry":{"type":"Polygon","coordinates":[[[17.112695,48.140227],[17.112686,48.140231],[17.11268,48.140236],[17.112677,48.140243],[17.112677,48.14025],[17.112681,48.140256],[17.112687,48.140261],[17.112696,48.140265],[17.112706,48.140266],[17.112716,48.140265],[17.112725,48.140262],[17.112732,48.140258],[17.112737,48.140252],[17.112739,48.140245],[17.112737,48.140239],[17.112732,48.140233],[17.112724,48.140228],[17.112715,48.140225],[17.112704,48.140225],[17.112695,48.140227]]]},"properties":{"name":""}},{"type":"Feature","geometry":{"type":"Polygon","coordinates":[[[17.112711,48.140118],[17.112703,48.140122],[17.112697,48.140127],[17.112694,48.140134],[17.112694,48.140141],[17.112698,48.140147],[17.112704,48.140152],[17.112713,48.140156],[17.112723,48.140157],[17.112733,48.140157],[17.112742,48.140154],[17.112749,48.140149],[17.112754,48.140143],[17.112755,48.140136],[17.112754,48.14013],[17.112749,48.140124],[17.112741,48.140119],[17.112732,48.140116],[17.112721,48.140116],[17.112711,48.140118]]]},"properties":{"name":""}},{"type":"Feature","geometry":{"type":"Polygon","coordinates":[[[17.105322,48.141485],[17.105372,48.141518],[17.105646,48.141657],[17.105692,48.141679],[17.105702,48.141672],[17.105738,48.141688],[17.105638,48.141755],[17.105535,48.141831],[17.105523,48.141823],[17.105442,48.141823],[17.105345,48.141757],[17.10531,48.141735],[17.105279,48.141714],[17.105135,48.141616],[17.105234,48.141546],[17.105322,48.141485]]]},"properties":{"name":"Rudnayovo n\u00e1mestie"}},{"type":"Feature","geometry":{"type":"Polygon","coordinates":[[[17.105629,48.14214],[17.105765,48.142128],[17.105839,48.142135],[17.105847,48.14201],[17.105793,48.141989],[17.105759,48.141978],[17.105701,48.14196],[17.105699,48.141966],[17.105629,48.14214]]]},"properties":{"name":""}},{"type":"Feature","geometry":{"type":"Polygon","coordinates":[[[17.112389,48.131781],[17.112411,48.13176],[17.112443,48.131739],[17.112478,48.131721],[17.112522,48.131704],[17.112562,48.131694],[17.112617,48.131689],[17.113728,48.131649],[17.113826,48.131654],[17.113916,48.131667],[17.113985,48.131685],[17.114012,48.131701],[17.112528,48.131755],[17.112488,48.131761],[17.112445,48.13177],[17.112405,48.131781],[17.112389,48.131781]]]},"properties":{"name":""}},{"type":"Feature","geometry":{"type":"Polygon","coordinates":[[[17.113981,48.13161],[17.114204,48.131602],[17.114207,48.131608],[17.114185,48.131618],[17.114159,48.131636],[17.114139,48.131656],[17.114124,48.131675],[17.114111,48.131693],[17.114099,48.131694],[17.114088,48.131679],[17.114073,48.131664],[17.114047,48.131645],[17.114011,48.131625],[17.113978,48.131615],[17.113981,48.13161]]]},"properties":{"name":""}},{"type":"Feature","geometry":{"type":"Polygon","coordinates":[[[17.114192,48.131695],[17.114206,48.131678],[17.114234,48.131659],[17.114276,48.131641],[17.114332,48.131626],[17.114385,48.131622],[17.116581,48.131558],[17.116581,48.131596],[17.114192,48.131695]]]},"properties":{"name":""}},{"type":"Feature","geometry":{"type":"Polygon","coordinates":[[[17.114708,48.133347],[17.114705,48.133337],[17.114716,48.133331],[17.114751,48.133342],[17.114811,48.133351],[17.114876,48.133356],[17.114936,48.133358],[17.114995,48.133355],[17.115039,48.133352],[17.11507,48.133348],[17.115087,48.133353],[17.114908,48.133522],[17.114884,48.133535],[17.114852,48.133544],[17.114821,48.133543],[17.11479,48.133537],[17.114764,48.133524],[17.11475,48.133506],[17.114708,48.133347]]]},"properties":{"name":""}},{"type":"Feature","geometry":{"type":"Polygon","coordinates":[[[17.115776,48.132398],[17.115775,48.13237],[17.116259,48.132352],[17.116278,48.132358],[17.11629,48.132365],[17.116302,48.132374],[17.116303,48.132383],[17.116302,48.132394],[17.116297,48.132402],[17.116292,48.13241],[17.116285,48.132416],[17.116274,48.132411],[17.116272,48.132367],[17.116234,48.132368],[17.116235,48.132382],[17.116214,48.132383],[17.115776,48.132398]]]},"properties":{"name":""}},{"type":"Feature","geometry":{"type":"Polygon","coordinates":[[[17.111228,48.131772],[17.111199,48.131747],[17.111197,48.131739],[17.111204,48.131733],[17.111211,48.131732],[17.112271,48.1317],[17.112283,48.131702],[17.112284,48.131707],[17.112277,48.131717],[17.112256,48.131729],[17.112231,48.13174],[17.112205,48.131749],[17.11217,48.131762],[17.112085,48.131733],[17.112053,48.13173],[17.111228,48.131772]]]},"properties":{"name":""}},{"type":"Feature","geometry":{"type":"Polygon","coordinates":[[[17.111276,48.131974],[17.111239,48.132017],[17.111218,48.132064],[17.111213,48.13211],[17.111219,48.132151],[17.111243,48.132188],[17.111281,48.132218],[17.111344,48.132254],[17.111417,48.132282],[17.111498,48.132306],[17.111569,48.132322],[17.111645,48.132329],[17.111741,48.132331],[17.111826,48.132325],[17.111905,48.132304],[17.111939,48.132292],[17.111902,48.132255],[17.111865,48.132271],[17.111866,48.132291],[17.111556,48.132304],[17.111552,48.132262],[17.111499,48.132264],[17.111451,48.132255],[17.1114,48.132233],[17.11136,48.132212],[17.111328,48.132192],[17.111306,48.132168],[17.111296,48.132134],[17.111286,48.131972],[17.111276,48.131974]]]},"properties":{"name":""}},{"type":"Feature","geometry":{"type":"Polygon","coordinates":[[[17.111376,48.131842],[17.111328,48.131835],[17.111298,48.131826],[17.11127,48.131819],[17.111255,48.131809],[17.11137,48.1318],[17.111376,48.131842]]]},"properties":{"name":""}},{"type":"Feature","geometry":{"type":"Polygon","coordinates":[[[17.111943,48.131779],[17.112014,48.131772],[17.11204,48.131772],[17.112062,48.131777],[17.112119,48.131796],[17.11208,48.131802],[17.112054,48.131806],[17.112023,48.131813],[17.111945,48.131817],[17.111943,48.131779]]]},"properties":{"name":""}},{"type":"Feature","geometry":{"type":"Polygon","coordinates":[[[17.110918,48.131759],[17.110989,48.131759],[17.11104,48.131764],[17.11107,48.13177],[17.1111,48.131781],[17.108573,48.131878],[17.107871,48.131898],[17.107452,48.131934],[17.107431,48.131932],[17.107559,48.131905],[17.107697,48.131882],[17.107808,48.131872],[17.107907,48.131862],[17.10798,48.131858],[17.110918,48.131759]]]},"properties":{"name":""}},{"type":"Feature","geometry":{"type":"Polygon","coordinates":[[[17.108579,48.131917],[17.108578,48.131904],[17.109566,48.131869],[17.109567,48.13188],[17.108579,48.131917]]]},"properties":{"name":""}},{"type":"Feature","geometry":{"type":"Polygon","coordinates":[[[17.112038,48.132179],[17.112033,48.132118],[17.112054,48.132101],[17.112063,48.132099],[17.112077,48.132101],[17.112099,48.132109],[17.112123,48.132123],[17.11214,48.132142],[17.112145,48.132159],[17.112143,48.132179],[17.112136,48.132196],[17.112123,48.132207],[17.112118,48.132212],[17.112085,48.132226],[17.112038,48.132179]]]},"properties":{"name":""}},{"type":"Feature","geometry":{"type":"Polygon","coordinates":[[[17.112228,48.131847],[17.112257,48.131858],[17.112284,48.132125],[17.112284,48.132163],[17.112271,48.13219],[17.112242,48.132218],[17.112224,48.132234],[17.112206,48.132238],[17.112193,48.132233],[17.112191,48.132224],[17.112202,48.132214],[17.112214,48.132193],[17.112219,48.132168],[17.112216,48.132137],[17.112204,48.132106],[17.112189,48.132089],[17.112162,48.132071],[17.11212,48.132051],[17.112102,48.132039],[17.112096,48.132028],[17.11209,48.132016],[17.112092,48.132002],[17.112176,48.131891],[17.112228,48.131847]]]},"properties":{"name":""}},{"type":"Feature","geometry":{"type":"Polygon","coordinates":[[[17.108463,48.132054],[17.10846,48.132021],[17.109272,48.131991],[17.109267,48.132011],[17.109252,48.132028],[17.10923,48.132041],[17.109213,48.132048],[17.109188,48.132055],[17.108975,48.132071],[17.108905,48.132041],[17.108586,48.132062],[17.108583,48.132045],[17.108463,48.132054]]]},"properties":{"name":""}},{"type":"Feature","geometry":{"type":"Polygon","coordinates":[[[17.111659,48.132438],[17.111535,48.132422],[17.111425,48.132398],[17.111355,48.132396],[17.111285,48.132402],[17.111225,48.132415],[17.111158,48.132438],[17.111103,48.132475],[17.111049,48.132523],[17.110986,48.132661],[17.111106,48.132619],[17.111309,48.13254],[17.111659,48.132438]]]},"properties":{"name":""}},{"type":"Feature","geometry":{"type":"Polygon","coordinates":[[[17.116724,48.132588],[17.116726,48.132588],[17.116755,48.132613],[17.116757,48.132616],[17.116749,48.13289],[17.116743,48.132918],[17.116737,48.132933],[17.116728,48.132947],[17.11672,48.132957],[17.116706,48.132971],[17.116693,48.13298],[17.116674,48.132989],[17.116691,48.132968],[17.116701,48.132949],[17.116708,48.132917],[17.11671,48.132883],[17.116726,48.132633],[17.116724,48.132588]]]},"properties":{"name":""}},{"type":"Feature","geometry":{"type":"Polygon","coordinates":[[[17.116622,48.132636],[17.116624,48.132661],[17.116677,48.132659],[17.116678,48.132634],[17.116622,48.132636]]]},"properties":{"name":""}},{"type":"Feature","geometry":{"type":"Polygon","coordinates":[[[17.116626,48.132689],[17.116676,48.132688],[17.116671,48.132873],[17.116634,48.132874],[17.116626,48.132689]]]},"properties":{"name":""}},{"type":"Feature","geometry":{"type":"Polygon","coordinates":[[[17.116723,48.132528],[17.116736,48.132527],[17.116742,48.132526],[17.116747,48.132525],[17.116752,48.132522],[17.116758,48.132517],[17.11676,48.132513],[17.116763,48.132508],[17.116764,48.1325],[17.11673,48.132217],[17.116714,48.132217],[17.116704,48.132217],[17.116729,48.132476],[17.116721,48.132492],[17.116723,48.132528]]]},"properties":{"name":""}},{"type":"Feature","geometry":{"type":"Polygon","coordinates":[[[17.107315,48.132401],[17.10733,48.132449],[17.107173,48.132553],[17.107097,48.132553],[17.107043,48.132506],[17.106995,48.132452],[17.107031,48.132426],[17.107206,48.132373],[17.107249,48.132326],[17.107315,48.132401]]]},"properties":{"name":""}},{"type":"Feature","geometry":{"type":"Polygon","coordinates":[[[17.107134,48.132257],[17.107102,48.13228],[17.106947,48.132333],[17.106794,48.132392],[17.106746,48.132418],[17.106695,48.132399],[17.106819,48.132308],[17.106933,48.132239],[17.107021,48.132202],[17.107092,48.132188],[17.107121,48.132199],[17.107135,48.132215],[17.107146,48.132236],[17.107134,48.132257]]]},"properties":{"name":""}},{"type":"Feature","geometry":{"type":"Polygon","coordinates":[[[17.109623,48.144764],[17.109927,48.14484],[17.110007,48.144697],[17.109704,48.144621],[17.109623,48.144764]]]},"properties":{"name":""}},{"type":"Feature","geometry":{"type":"Polygon","coordinates":[[[17.120039,48.140747],[17.120032,48.140751],[17.120023,48.140752],[17.120014,48.140752],[17.120006,48.14075],[17.119999,48.140746],[17.119995,48.140741],[17.119993,48.140735],[17.119995,48.140729],[17.119999,48.140724],[17.120005,48.14072],[17.120013,48.140718],[17.120021,48.140717],[17.12003,48.140718],[17.120037,48.140721],[17.120043,48.140725],[17.120046,48.140731],[17.120047,48.140736],[17.120044,48.140742],[17.120039,48.140747]]]},"properties":{"name":""}},{"type":"Feature","geometry":{"type":"Polygon","coordinates":[[[17.119953,48.140824],[17.119945,48.140828],[17.119937,48.140829],[17.119928,48.140829],[17.119919,48.140827],[17.119913,48.140823],[17.119908,48.140817],[17.119907,48.140812],[17.119908,48.140806],[17.119912,48.140801],[17.119919,48.140797],[17.119926,48.140794],[17.119935,48.140794],[17.119943,48.140795],[17.119951,48.140798],[17.119956,48.140802],[17.119959,48.140808],[17.11996,48.140813],[17.119958,48.140819],[17.119953,48.140824]]]},"properties":{"name":""}},{"type":"Feature","geometry":{"type":"Polygon","coordinates":[[[17.119781,48.140685],[17.119774,48.140689],[17.119765,48.14069],[17.119756,48.14069],[17.119748,48.140688],[17.119741,48.140684],[17.119737,48.140679],[17.119735,48.140673],[17.119737,48.140667],[17.119741,48.140662],[17.119747,48.140658],[17.119755,48.140656],[17.119763,48.140655],[17.119772,48.140656],[17.119779,48.140659],[17.119785,48.140663],[17.119788,48.140669],[17.119788,48.140674],[17.119786,48.14068],[17.119781,48.140685]]]},"properties":{"name":""}},{"type":"Feature","geometry":{"type":"Polygon","coordinates":[[[17.119874,48.140634],[17.119867,48.140638],[17.119858,48.14064],[17.119849,48.140639],[17.119841,48.140637],[17.119834,48.140633],[17.11983,48.140628],[17.119828,48.140622],[17.11983,48.140616],[17.119834,48.140611],[17.11984,48.140607],[17.119848,48.140605],[17.119857,48.140604],[17.119865,48.140605],[17.119872,48.140608],[17.119878,48.140613],[17.119881,48.140618],[17.119882,48.140623],[17.119879,48.140629],[17.119874,48.140634]]]},"properties":{"name":""}},{"type":"Feature","geometry":{"type":"Polygon","coordinates":[[[17.116058,48.142317],[17.115961,48.142293],[17.115838,48.142507],[17.115935,48.142532],[17.115952,48.142502],[17.116058,48.142317]]]},"properties":{"name":""}},{"type":"Feature","geometry":{"type":"Polygon","coordinates":[[[17.103645,48.133734],[17.103734,48.133444],[17.103742,48.133425],[17.103767,48.133411],[17.10381,48.133408],[17.10384,48.133418],[17.103887,48.133444],[17.103913,48.133465],[17.104031,48.133676],[17.104078,48.133766],[17.104082,48.133789],[17.104074,48.1338],[17.104048,48.133802],[17.104013,48.133801],[17.103795,48.133812],[17.103718,48.133814],[17.103679,48.133809],[17.103653,48.1338],[17.103637,48.133786],[17.103634,48.13376],[17.103645,48.133734]]]},"properties":{"name":""}},{"type":"Feature","geometry":{"type":"Polygon","coordinates":[[[17.103469,48.134689],[17.103555,48.134687],[17.103516,48.134257],[17.103433,48.134257],[17.103469,48.134689]]]},"properties":{"name":""}},{"type":"Feature","geometry":{"type":"Polygon","coordinates":[[[17.103957,48.135405],[17.103655,48.135151],[17.103634,48.135132],[17.103634,48.135106],[17.103647,48.135081],[17.103688,48.135067],[17.103739,48.135064],[17.104119,48.135046],[17.10415,48.135049],[17.104182,48.13506],[17.104197,48.135081],[17.104209,48.135111],[17.104199,48.135471],[17.104195,48.135514],[17.104185,48.135537],[17.104166,48.135547],[17.104141,48.135547],[17.104115,48.135529],[17.103957,48.135405]]]},"properties":{"name":""}},{"type":"Feature","geometry":{"type":"Polygon","coordinates":[[[17.116937,48.141268],[17.116829,48.141272],[17.116802,48.141275],[17.116779,48.141283],[17.116766,48.141272],[17.116756,48.141258],[17.116754,48.141245],[17.116756,48.141231],[17.116764,48.141216],[17.116937,48.141268]]]},"properties":{"name":""}},{"type":"Feature","geometry":{"type":"Polygon","coordinates":[[[17.116071,48.144077],[17.116062,48.144087],[17.11605,48.144093],[17.115659,48.144052],[17.115668,48.144009],[17.115752,48.144018],[17.115758,48.144017],[17.115762,48.144014],[17.116062,48.144046],[17.116062,48.14405],[17.116063,48.144053],[17.116066,48.144054],[17.116076,48.144056],[17.116074,48.144061],[17.116071,48.144077]]]},"properties":{"name":""}},{"type":"Feature","geometry":{"type":"Polygon","coordinates":[[[17.116297,48.144069],[17.116595,48.144101],[17.116595,48.144106],[17.116698,48.144117],[17.116716,48.144041],[17.116721,48.14402],[17.116748,48.144008],[17.116763,48.144009],[17.11682,48.144013],[17.116768,48.144155],[17.116757,48.144164],[17.11674,48.144167],[17.116302,48.144121],[17.116278,48.14411],[17.116275,48.144097],[17.116279,48.144082],[17.11628,48.144076],[17.116287,48.144077],[17.116295,48.144075],[17.116297,48.144069]]]},"properties":{"name":""}},{"type":"Feature","geometry":{"type":"Polygon","coordinates":[[[17.116266,48.143951],[17.116273,48.143917],[17.116315,48.14389],[17.116554,48.143911],[17.116531,48.143979],[17.116266,48.143951]]]},"properties":{"name":""}},{"type":"Feature","geometry":{"type":"Polygon","coordinates":[[[17.115895,48.143915],[17.115907,48.143851],[17.116135,48.143876],[17.116149,48.143909],[17.116143,48.14394],[17.115895,48.143915]]]},"properties":{"name":""}},{"type":"Feature","geometry":{"type":"Polygon","coordinates":[[[17.115052,48.143099],[17.115231,48.143169],[17.115248,48.143195],[17.115038,48.143112],[17.115052,48.143099]]]},"properties":{"name":""}},{"type":"Feature","geometry":{"type":"Polygon","coordinates":[[[17.11483,48.143011],[17.115011,48.143084],[17.115,48.143096],[17.114817,48.143025],[17.11483,48.143011]]]},"properties":{"name":""}},{"type":"Feature","geometry":{"type":"Polygon","coordinates":[[[17.114749,48.142998],[17.114767,48.142988],[17.114796,48.142998],[17.114783,48.143011],[17.114749,48.142998]]]},"properties":{"name":""}},{"type":"Feature","geometry":{"type":"Polygon","coordinates":[[[17.11548,48.143897],[17.1155,48.143864],[17.115546,48.143875],[17.115551,48.143866],[17.115556,48.143856],[17.11563,48.143875],[17.115624,48.143889],[17.115603,48.143927],[17.11548,48.143897]]]},"properties":{"name":""}},{"type":"Feature","geometry":{"type":"Polygon","coordinates":[[[17.115629,48.143116],[17.115668,48.143126],[17.115682,48.143102],[17.115643,48.143092],[17.115629,48.143116]]]},"properties":{"name":""}},{"type":"Feature","geometry":{"type":"Polygon","coordinates":[[[17.115973,48.143804],[17.115926,48.1438],[17.115985,48.143554],[17.116033,48.143557],[17.11603,48.143693],[17.115993,48.143689],[17.115973,48.143804]]]},"properties":{"name":""}},{"type":"Feature","geometry":{"type":"Polygon","coordinates":[[[17.115522,48.14367],[17.11534,48.143626],[17.11538,48.143552],[17.115566,48.143594],[17.115522,48.14367]]]},"properties":{"name":""}},{"type":"Feature","geometry":{"type":"Polygon","coordinates":[[[17.115281,48.143645],[17.115506,48.143699],[17.115419,48.143849],[17.115189,48.143794],[17.115064,48.143763],[17.115176,48.143617],[17.115247,48.143637],[17.115281,48.143645]]]},"properties":{"name":""}},{"type":"Feature","geometry":{"type":"Polygon","coordinates":[[[17.12083,48.140281],[17.120804,48.140126],[17.120867,48.140121],[17.120934,48.140116],[17.121216,48.140095],[17.121316,48.140087],[17.121334,48.140217],[17.121079,48.140253],[17.12083,48.140281]]]},"properties":{"name":""}},{"type":"Feature","geometry":{"type":"Polygon","coordinates":[[[17.105165,48.144255],[17.105339,48.144138],[17.105335,48.144135],[17.105351,48.14412],[17.105238,48.144059],[17.105233,48.144064],[17.10523,48.144062],[17.105067,48.144205],[17.105165,48.144255]]]},"properties":{"name":""}},{"type":"Feature","geometry":{"type":"Polygon","coordinates":[[[17.107373,48.141461],[17.107458,48.14149],[17.107501,48.141433],[17.107416,48.141405],[17.107373,48.141461]]]},"properties":{"name":""}},{"type":"Feature","geometry":{"type":"Polygon","coordinates":[[[17.108598,48.141163],[17.109003,48.141293],[17.108983,48.14132],[17.109085,48.141353],[17.109096,48.141336],[17.109131,48.141347],[17.109157,48.141262],[17.109203,48.141106],[17.109218,48.141028],[17.109235,48.140948],[17.109118,48.140934],[17.109104,48.140971],[17.108753,48.140922],[17.108717,48.141041],[17.108688,48.141037],[17.108598,48.141163]]]},"properties":{"name":""}},{"type":"Feature","geometry":{"type":"Polygon","coordinates":[[[17.12142,48.136148],[17.121781,48.136118],[17.121746,48.135962],[17.121388,48.135991],[17.12142,48.136148]]]},"properties":{"name":""}},{"type":"Feature","geometry":{"type":"Polygon","coordinates":[[[17.111651,48.141916],[17.111773,48.141988],[17.111789,48.142028],[17.111828,48.142175],[17.111808,48.142178],[17.111651,48.141916]]]},"properties":{"name":""}},{"type":"Feature","geometry":{"type":"Polygon","coordinates":[[[17.108652,48.133341],[17.108748,48.133305],[17.108844,48.133421],[17.108771,48.133446],[17.108752,48.133446],[17.108731,48.133433],[17.108652,48.133341]]]},"properties":{"name":""}},{"type":"Feature","geometry":{"type":"Polygon","coordinates":[[[17.120578,48.143244],[17.121168,48.143447],[17.12119,48.143379],[17.121215,48.143346],[17.121314,48.143208],[17.121379,48.143118],[17.120911,48.142863],[17.120727,48.143045],[17.120694,48.143088],[17.120636,48.143167],[17.120578,48.143244]]]},"properties":{"name":""}},{"type":"Feature","geometry":{"type":"Polygon","coordinates":[[[17.116745,48.136572],[17.116602,48.136569],[17.116598,48.136302],[17.116743,48.136301],[17.116745,48.136572]]]},"properties":{"name":""}},{"type":"Feature","geometry":{"type":"Polygon","coordinates":[[[17.104983,48.141396],[17.105029,48.141416],[17.105127,48.141414],[17.10514,48.141405],[17.105138,48.141386],[17.105041,48.141339],[17.104983,48.141396]]]},"properties":{"name":""}},{"type":"Feature","geometry":{"type":"Polygon","coordinates":[[[17.104997,48.141514],[17.10481,48.141652],[17.104712,48.141631],[17.104782,48.141476],[17.104854,48.141494],[17.104856,48.141481],[17.104891,48.141482],[17.104997,48.141514]]]},"properties":{"name":""}},{"type":"Feature","geometry":{"type":"Polygon","coordinates":[[[17.104503,48.141445],[17.104587,48.141447],[17.104508,48.141654],[17.104491,48.141655],[17.104503,48.141445]]]},"properties":{"name":""}},{"type":"Feature","geometry":{"type":"Polygon","coordinates":[[[17.10528,48.141674],[17.105277,48.141637],[17.105304,48.141602],[17.105367,48.141565],[17.105413,48.141563],[17.105609,48.141664],[17.105538,48.141728],[17.10549,48.14175],[17.105446,48.141761],[17.105402,48.141753],[17.10528,48.141674]]]},"properties":{"name":""}},{"type":"Feature","geometry":{"type":"Polygon","coordinates":[[[17.116549,48.143268],[17.11654,48.143255],[17.116588,48.143185],[17.116692,48.143223],[17.116744,48.143139],[17.116786,48.14315],[17.116837,48.143068],[17.116817,48.143062],[17.116695,48.143026],[17.116726,48.142982],[17.117136,48.143114],[17.117067,48.143305],[17.117051,48.143302],[17.117025,48.143305],[17.117009,48.143311],[17.116987,48.143322],[17.116972,48.143328],[17.116957,48.143339],[17.116955,48.143348],[17.116896,48.143333],[17.116904,48.143317],[17.116836,48.143301],[17.116826,48.143286],[17.116742,48.143264],[17.11672,48.143271],[17.116652,48.143255],[17.116643,48.143271],[17.116585,48.143257],[17.116549,48.143268]]]},"properties":{"name":""}},{"type":"Feature","geometry":{"type":"Polygon","coordinates":[[[17.116405,48.143323],[17.116433,48.143332],[17.116687,48.14297],[17.116658,48.142961],[17.116405,48.143323]]]},"properties":{"name":""}},{"type":"Feature","geometry":{"type":"Polygon","coordinates":[[[17.111125,48.142621],[17.111216,48.142657],[17.111025,48.142872],[17.110934,48.142836],[17.111125,48.142621]]]},"properties":{"name":""}},{"type":"Feature","geometry":{"type":"Polygon","coordinates":[[[17.104412,48.142202],[17.104257,48.142775],[17.104192,48.143017],[17.104209,48.14301],[17.104251,48.143008],[17.104294,48.142806],[17.104317,48.142685],[17.104333,48.14265],[17.104402,48.142494],[17.104388,48.142491],[17.104366,48.142478],[17.104359,48.142465],[17.104363,48.142448],[17.104375,48.142432],[17.104399,48.142423],[17.104426,48.142425],[17.104433,48.142426],[17.104528,48.142212],[17.104412,48.142202]]]},"properties":{"name":""}},{"type":"Feature","geometry":{"type":"Polygon","coordinates":[[[17.108613,48.133342],[17.10874,48.133296],[17.108683,48.133232],[17.108621,48.133165],[17.108575,48.132968],[17.108501,48.132984],[17.108423,48.132992],[17.108425,48.133001],[17.108469,48.133181],[17.108613,48.133342]]]},"properties":{"name":""}},{"type":"Feature","geometry":{"type":"Polygon","coordinates":[[[17.115354,48.13579],[17.11549,48.135831],[17.11553,48.135845],[17.115557,48.13586],[17.115581,48.135883],[17.115587,48.135907],[17.115569,48.135932],[17.115536,48.13595],[17.115492,48.135957],[17.115448,48.135953],[17.115415,48.135937],[17.11539,48.135905],[17.115378,48.135877],[17.115354,48.13579]]]},"properties":{"name":""}},{"type":"Feature","geometry":{"type":"Polygon","coordinates":[[[17.107124,48.141258],[17.107162,48.141206],[17.106403,48.140956],[17.106316,48.140926],[17.106142,48.140869],[17.106122,48.140862],[17.106105,48.140856],[17.105372,48.140612],[17.105336,48.140663],[17.106085,48.140911],[17.106277,48.140975],[17.106365,48.141005],[17.107124,48.141258]]]},"properties":{"name":""}},{"type":"Feature","geometry":{"type":"Polygon","coordinates":[[[17.108173,48.141609],[17.108211,48.141561],[17.107282,48.141249],[17.107243,48.141298],[17.108173,48.141609]]]},"properties":{"name":""}},{"type":"Feature","geometry":{"type":"Polygon","coordinates":[[[17.110397,48.131842],[17.109634,48.131866],[17.109635,48.131877],[17.110398,48.13185],[17.110397,48.131842]]]},"properties":{"name":""}},{"type":"Feature","geometry":{"type":"Polygon","coordinates":[[[17.120725,48.142395],[17.120722,48.142379],[17.120773,48.142354],[17.120871,48.142396],[17.120873,48.14241],[17.120936,48.142432],[17.120957,48.142424],[17.121092,48.142446],[17.121099,48.142502],[17.120904,48.142454],[17.120725,48.142395]]]},"properties":{"name":""}},{"type":"Feature","geometry":{"type":"Polygon","coordinates":[[[17.12153,48.142421],[17.121514,48.142325],[17.121807,48.142304],[17.12191,48.142296],[17.121911,48.142306],[17.121936,48.142443],[17.121622,48.142465],[17.12153,48.142421]]]},"properties":{"name":""}},{"type":"Feature","geometry":{"type":"Polygon","coordinates":[[[17.119417,48.142437],[17.119411,48.142443],[17.119416,48.142446],[17.119387,48.142486],[17.119381,48.142484],[17.119377,48.142488],[17.119378,48.142492],[17.119368,48.142505],[17.119349,48.142509],[17.119329,48.142504],[17.119297,48.14255],[17.119392,48.142579],[17.119477,48.142465],[17.119482,48.142453],[17.119417,48.142437]]]},"properties":{"name":""}},{"type":"Feature","geometry":{"type":"Polygon","coordinates":[[[17.119194,48.142094],[17.119587,48.142225],[17.119571,48.142247],[17.119173,48.142117],[17.119194,48.142094]]]},"properties":{"name":""}},{"type":"Feature","geometry":{"type":"Polygon","coordinates":[[[17.119834,48.141021],[17.119827,48.14096],[17.119987,48.140948],[17.119967,48.140965],[17.119949,48.140985],[17.119938,48.141002],[17.119934,48.141013],[17.119834,48.141021]]]},"properties":{"name":""}},{"type":"Feature","geometry":{"type":"Polygon","coordinates":[[[17.119629,48.141037],[17.119619,48.140976],[17.119376,48.140994],[17.119351,48.141007],[17.119344,48.141024],[17.119348,48.141038],[17.119361,48.141048],[17.119377,48.141054],[17.11939,48.141057],[17.119629,48.141037]]]},"properties":{"name":""}},{"type":"Feature","geometry":{"type":"Polygon","coordinates":[[[17.117798,48.141265],[17.117776,48.141269],[17.117888,48.141306],[17.117939,48.141273],[17.118019,48.141225],[17.118098,48.14119],[17.118194,48.141163],[17.118321,48.141142],[17.118447,48.141128],[17.118579,48.141118],[17.118574,48.141091],[17.118415,48.141107],[17.11828,48.141122],[17.118187,48.14114],[17.118109,48.141161],[17.117999,48.141205],[17.117914,48.141236],[17.117853,48.141254],[17.117826,48.14126],[17.117798,48.141265]]]},"properties":{"name":""}},{"type":"Feature","geometry":{"type":"Polygon","coordinates":[[[17.118626,48.141117],[17.118622,48.141087],[17.119231,48.141026],[17.119247,48.141031],[17.119249,48.141051],[17.119241,48.14106],[17.119233,48.141065],[17.119211,48.14107],[17.118626,48.141117]]]},"properties":{"name":""}},{"type":"Feature","geometry":{"type":"Polygon","coordinates":[[[17.119491,48.141164],[17.119493,48.141184],[17.11959,48.141179],[17.119597,48.14126],[17.119891,48.141236],[17.119872,48.141194],[17.119799,48.141144],[17.119778,48.141143],[17.119491,48.141164]]]},"properties":{"name":""}},{"type":"Feature","geometry":{"type":"Polygon","coordinates":[[[17.118227,48.141415],[17.118243,48.141386],[17.118272,48.141368],[17.118305,48.141362],[17.118984,48.141311],[17.118987,48.1412],[17.118233,48.141258],[17.118185,48.141313],[17.118179,48.141371],[17.118227,48.141415]]]},"properties":{"name":""}},{"type":"Feature","geometry":{"type":"Polygon","coordinates":[[[17.104436,48.142046],[17.104416,48.142129],[17.104427,48.142146],[17.104448,48.14216],[17.104513,48.142167],[17.104529,48.142095],[17.104491,48.142054],[17.104436,48.142046]]]},"properties":{"name":""}},{"type":"Feature","geometry":{"type":"Polygon","coordinates":[[[17.115066,48.132927],[17.114916,48.132934],[17.114819,48.132938],[17.114694,48.132945],[17.11462,48.132945],[17.114577,48.132938],[17.114536,48.132921],[17.114516,48.132896],[17.114398,48.13272],[17.114359,48.13268],[17.114523,48.132614],[17.114597,48.1327],[17.114698,48.132817],[17.115162,48.132836],[17.115066,48.132927]]]},"properties":{"name":""}},{"type":"Feature","geometry":{"type":"Polygon","coordinates":[[[17.116743,48.136301],[17.116903,48.136299],[17.116912,48.136575],[17.116745,48.136572],[17.116743,48.136301]]]},"properties":{"name":""}},{"type":"Feature","geometry":{"type":"Polygon","coordinates":[[[17.120008,48.141012],[17.120375,48.14098],[17.120371,48.140957],[17.120266,48.140945],[17.120173,48.140942],[17.120118,48.140942],[17.120049,48.140968],[17.120004,48.141005],[17.120008,48.141012]]]},"properties":{"name":""}},{"type":"Feature","geometry":{"type":"Polygon","coordinates":[[[17.121698,48.142968],[17.121557,48.142897],[17.121341,48.142769],[17.121222,48.142713],[17.121212,48.142703],[17.121219,48.142693],[17.121248,48.1427],[17.121496,48.142791],[17.121747,48.142906],[17.121698,48.142968]]]},"properties":{"name":""}},{"type":"Feature","geometry":{"type":"Polygon","coordinates":[[[17.104445,48.141318],[17.104581,48.141217],[17.104657,48.141069],[17.10464,48.141216],[17.104611,48.141324],[17.104445,48.141318]]]},"properties":{"name":""}},{"type":"Feature","geometry":{"type":"Polygon","coordinates":[[[17.115073,48.132661],[17.115187,48.132657],[17.115472,48.132647],[17.115461,48.132501],[17.115062,48.132514],[17.115073,48.132661]]]},"properties":{"name":""}},{"type":"Feature","geometry":{"type":"Polygon","coordinates":[[[17.114359,48.13268],[17.1143,48.132617],[17.114321,48.132607],[17.11429,48.132561],[17.114271,48.132517],[17.114271,48.132484],[17.114293,48.132457],[17.114349,48.132437],[17.11439,48.132434],[17.114394,48.132463],[17.114581,48.132457],[17.114597,48.1327],[17.114523,48.132614],[17.114359,48.13268]]]},"properties":{"name":""}},{"type":"Feature","geometry":{"type":"Polygon","coordinates":[[[17.120162,48.135549],[17.122157,48.135439],[17.12215,48.135297],[17.12214,48.135183],[17.121984,48.135224],[17.121242,48.135176],[17.120512,48.13519],[17.120117,48.135277],[17.120162,48.135549]]]},"properties":{"name":"Les\u00edk pri Franc\u00fazoch"}},{"type":"Feature","geometry":{"type":"Polygon","coordinates":[[[17.120576,48.144166],[17.120633,48.144084],[17.120642,48.144061],[17.119982,48.143874],[17.119837,48.144048],[17.119725,48.144191],[17.11984,48.144223],[17.119902,48.144119],[17.119967,48.144136],[17.119989,48.144099],[17.120124,48.144142],[17.120137,48.144146],[17.12016,48.144106],[17.120211,48.144019],[17.120456,48.144082],[17.120433,48.144121],[17.120576,48.144166]]]},"properties":{"name":""}},{"type":"Feature","geometry":{"type":"Polygon","coordinates":[[[17.121033,48.141044],[17.120898,48.141187],[17.121247,48.141607],[17.121497,48.141664],[17.12076,48.141719],[17.120765,48.141787],[17.120772,48.141833],[17.120689,48.141838],[17.120677,48.141792],[17.120137,48.141827],[17.120107,48.142038],[17.120559,48.142167],[17.120443,48.142303],[17.120033,48.142152],[17.119983,48.142072],[17.120002,48.141937],[17.120117,48.141656],[17.120113,48.141467],[17.120055,48.141205],[17.120121,48.141128],[17.120165,48.141108],[17.120669,48.14107],[17.120925,48.141052],[17.121033,48.141044]]]},"properties":{"name":""}},{"type":"Feature","geometry":{"type":"Polygon","coordinates":[[[17.110861,48.142684],[17.110813,48.142665],[17.110797,48.142658],[17.110931,48.14251],[17.110946,48.142516],[17.110995,48.142537],[17.110861,48.142684]]]},"properties":{"name":""}},{"type":"Feature","geometry":{"type":"Polygon","coordinates":[[[17.103813,48.140215],[17.103814,48.140162],[17.103886,48.140162],[17.103886,48.140216],[17.103813,48.140215]]]},"properties":{"name":""}},{"type":"Feature","geometry":{"type":"Polygon","coordinates":[[[17.109702,48.142257],[17.109739,48.142254],[17.109797,48.142277],[17.109794,48.14228],[17.10981,48.142287],[17.109791,48.142302],[17.109768,48.142315],[17.10974,48.142322],[17.109709,48.142329],[17.109673,48.14233],[17.109642,48.142324],[17.109702,48.142257]]]},"properties":{"name":""}},{"type":"Feature","geometry":{"type":"Polygon","coordinates":[[[17.109857,48.142099],[17.109883,48.142125],[17.109895,48.142152],[17.109896,48.142175],[17.109878,48.14221],[17.109862,48.142204],[17.109857,48.14221],[17.109804,48.142185],[17.109789,48.142166],[17.109857,48.142099]]]},"properties":{"name":""}},{"type":"Feature","geometry":{"type":"Polygon","coordinates":[[[17.116403,48.135858],[17.116357,48.135766],[17.116492,48.135804],[17.116485,48.135864],[17.116403,48.135858]]]},"properties":{"name":""}},{"type":"Feature","geometry":{"type":"Polygon","coordinates":[[[17.115785,48.135811],[17.115894,48.135733],[17.115962,48.13575],[17.115972,48.135828],[17.115785,48.135811]]]},"properties":{"name":""}},{"type":"Feature","geometry":{"type":"Polygon","coordinates":[[[17.116002,48.135832],[17.115989,48.135728],[17.116092,48.135731],[17.116091,48.135714],[17.116135,48.135726],[17.116122,48.135824],[17.116219,48.135849],[17.116219,48.135855],[17.116002,48.135832]]]},"properties":{"name":""}},{"type":"Feature","geometry":{"type":"Polygon","coordinates":[[[17.116146,48.135706],[17.116157,48.135658],[17.116304,48.135672],[17.116283,48.13572],[17.116203,48.135721],[17.116146,48.135706]]]},"properties":{"name":""}},{"type":"Feature","geometry":{"type":"Polygon","coordinates":[[[17.116513,48.135719],[17.116513,48.135691],[17.116362,48.135677],[17.116361,48.135686],[17.11649,48.135724],[17.116496,48.135714],[17.116513,48.135719]]]},"properties":{"name":""}},{"type":"Feature","geometry":{"type":"Polygon","coordinates":[[[17.116646,48.135883],[17.116512,48.13588],[17.11656,48.135811],[17.116584,48.1358],[17.11661,48.135794],[17.116655,48.135792],[17.116642,48.135823],[17.116646,48.135883]]]},"properties":{"name":""}},{"type":"Feature","geometry":{"type":"Polygon","coordinates":[[[17.121563,48.140902],[17.121578,48.140852],[17.12163,48.140861],[17.121686,48.140879],[17.121733,48.1409],[17.121773,48.140925],[17.121764,48.140947],[17.121703,48.140927],[17.121635,48.140911],[17.121563,48.140902]]]},"properties":{"name":""}},{"type":"Feature","geometry":{"type":"Polygon","coordinates":[[[17.106668,48.132414],[17.106714,48.132437],[17.106535,48.132582],[17.106153,48.132927],[17.105858,48.133193],[17.105844,48.133185],[17.106121,48.132911],[17.106338,48.132719],[17.106668,48.132414]]]},"properties":{"name":""}},{"type":"Feature","geometry":{"type":"Polygon","coordinates":[[[17.137428,48.133649],[17.136047,48.133062],[17.134823,48.133421],[17.134905,48.133214],[17.134966,48.133157],[17.134994,48.133014],[17.13533,48.132881],[17.135222,48.132249],[17.134166,48.132086],[17.132596,48.133423],[17.130905,48.133893],[17.128983,48.134444],[17.128563,48.135121],[17.12901,48.135491],[17.129606,48.135601],[17.131947,48.135292],[17.13416,48.13495],[17.137428,48.133649]]]},"properties":{"name":""}},{"type":"Feature","geometry":{"type":"Polygon","coordinates":[[[17.127557,48.134767],[17.127545,48.135491],[17.126732,48.135588],[17.126012,48.135699],[17.125003,48.135883],[17.124888,48.135702],[17.124714,48.135716],[17.124752,48.135849],[17.124701,48.135994],[17.124395,48.136145],[17.124305,48.136043],[17.124552,48.13594],[17.12462,48.135897],[17.124538,48.135562],[17.124459,48.135535],[17.124473,48.135493],[17.125751,48.135261],[17.127066,48.134909],[17.127557,48.134767]]]},"properties":{"name":""}},{"type":"Feature","geometry":{"type":"Polygon","coordinates":[[[17.124648,48.142373],[17.124514,48.142437],[17.122799,48.142556],[17.122684,48.142534],[17.12254,48.14239],[17.122558,48.142267],[17.123429,48.142203],[17.124541,48.142123],[17.124699,48.142168],[17.124744,48.142254],[17.124648,48.142373]]]},"properties":{"name":""}},{"type":"Feature","geometry":{"type":"Polygon","coordinates":[[[17.134298,48.143812],[17.134349,48.143806],[17.134508,48.144513],[17.134466,48.1445],[17.134446,48.14447],[17.134298,48.143812]]]},"properties":{"name":""}},{"type":"Feature","geometry":{"type":"Polygon","coordinates":[[[17.132827,48.143962],[17.132857,48.14396],[17.133015,48.144663],[17.133005,48.144658],[17.132985,48.144639],[17.132827,48.143962]]]},"properties":{"name":""}},{"type":"Feature","geometry":{"type":"Polygon","coordinates":[[[17.132879,48.143946],[17.133215,48.143912],[17.133206,48.143896],[17.133171,48.143884],[17.133114,48.143881],[17.132895,48.143905],[17.132866,48.143911],[17.132879,48.143946]]]},"properties":{"name":""}},{"type":"Feature","geometry":{"type":"Polygon","coordinates":[[[17.133764,48.143854],[17.13417,48.143813],[17.134163,48.143802],[17.134141,48.143789],[17.1341,48.143783],[17.13383,48.14381],[17.133794,48.143819],[17.133773,48.143834],[17.133764,48.143854]]]},"properties":{"name":""}},{"type":"Feature","geometry":{"type":"Polygon","coordinates":[[[17.134301,48.143799],[17.134699,48.143757],[17.134684,48.14374],[17.134661,48.14373],[17.13464,48.143726],[17.134352,48.143755],[17.13432,48.143771],[17.134304,48.143793],[17.134301,48.143799]]]},"properties":{"name":""}},{"type":"Feature","geometry":{"type":"Polygon","coordinates":[[[17.133294,48.143904],[17.133685,48.143863],[17.133673,48.143847],[17.133648,48.143836],[17.133616,48.143831],[17.133597,48.143834],[17.133345,48.14386],[17.133315,48.143872],[17.133298,48.143887],[17.133294,48.143904]]]},"properties":{"name":""}},{"type":"Feature","geometry":{"type":"Polygon","coordinates":[[[17.131026,48.141186],[17.131459,48.141514],[17.131799,48.141813],[17.13196,48.141819],[17.133106,48.1418],[17.133177,48.141785],[17.133166,48.141603],[17.133034,48.141578],[17.132391,48.141578],[17.132136,48.141517],[17.131207,48.14116],[17.131026,48.141186]]]},"properties":{"name":""}},{"type":"Feature","geometry":{"type":"Polygon","coordinates":[[[17.133965,48.142091],[17.139313,48.141919],[17.140128,48.141863],[17.140792,48.14184],[17.141151,48.141836],[17.141374,48.141821],[17.14137,48.141803],[17.141192,48.141789],[17.140701,48.141808],[17.140296,48.141822],[17.139862,48.141841],[17.139158,48.1419],[17.137816,48.141943],[17.136525,48.141985],[17.134667,48.142041],[17.13389,48.142067],[17.133965,48.142091]]]},"properties":{"name":""}},{"type":"Feature","geometry":{"type":"Polygon","coordinates":[[[17.130653,48.131661],[17.130436,48.131869],[17.130193,48.132071],[17.129956,48.132246],[17.129418,48.132604],[17.129845,48.131935],[17.129949,48.131688],[17.130653,48.131661]]]},"properties":{"name":""}},{"type":"Feature","geometry":{"type":"Polygon","coordinates":[[[17.131798,48.142344],[17.132356,48.142319],[17.132312,48.142297],[17.131801,48.14232],[17.131798,48.142344]]]},"properties":{"name":""}},{"type":"Feature","geometry":{"type":"Polygon","coordinates":[[[17.132561,48.142294],[17.132563,48.142311],[17.132593,48.14232],[17.133799,48.142277],[17.133754,48.142256],[17.132561,48.142294]]]},"properties":{"name":""}},{"type":"Feature","geometry":{"type":"Polygon","coordinates":[[[17.146752,48.138427],[17.146399,48.138406],[17.145549,48.138449],[17.145041,48.138503],[17.144725,48.138567],[17.143827,48.138715],[17.143552,48.138767],[17.143261,48.13884],[17.142874,48.13897],[17.142451,48.139191],[17.14144,48.140046],[17.14043,48.140876],[17.139896,48.141193],[17.139241,48.141416],[17.138641,48.141529],[17.137791,48.141573],[17.135674,48.141647],[17.135717,48.141586],[17.136332,48.141524],[17.136693,48.141461],[17.135016,48.14151],[17.134776,48.141522],[17.133312,48.141568],[17.133267,48.141618],[17.133279,48.141723],[17.133353,48.141759],[17.136042,48.141676],[17.13616,48.141732],[17.136876,48.141699],[17.136895,48.141935],[17.139204,48.141848],[17.140518,48.141736],[17.140462,48.14143],[17.140612,48.141415],[17.140544,48.141109],[17.142209,48.139855],[17.142333,48.139853],[17.14232,48.139814],[17.142545,48.139709],[17.142541,48.139647],[17.142739,48.139642],[17.142743,48.139703],[17.142808,48.139694],[17.143137,48.139525],[17.143456,48.139493],[17.143507,48.139492],[17.143844,48.139471],[17.143983,48.139435],[17.144047,48.139386],[17.144089,48.139333],[17.144073,48.139259],[17.143852,48.13901],[17.14403,48.138962],[17.14425,48.139208],[17.144541,48.139328],[17.144865,48.13938],[17.1451,48.139368],[17.145196,48.139331],[17.145252,48.139042],[17.14572,48.138825],[17.146098,48.138809],[17.146272,48.138856],[17.146585,48.139015],[17.147241,48.138895],[17.147404,48.138812],[17.147154,48.138779],[17.147154,48.138671],[17.146575,48.138648],[17.146579,48.138608],[17.146571,48.138607],[17.146573,48.138588],[17.14658,48.138589],[17.146586,48.13853],[17.146752,48.138427]]]},"properties":{"name":""}},{"type":"Feature","geometry":{"type":"Polygon","coordinates":[[[17.124281,48.144727],[17.124712,48.144867],[17.124731,48.14487],[17.12475,48.144868],[17.124768,48.14486],[17.124778,48.144849],[17.12478,48.144835],[17.124774,48.144822],[17.12476,48.144813],[17.124754,48.144811],[17.124321,48.14467],[17.124309,48.144666],[17.124296,48.144667],[17.124284,48.144668],[17.124273,48.144673],[17.124266,48.144677],[17.124259,48.144685],[17.124255,48.144692],[17.124254,48.144699],[17.124256,48.144706],[17.124262,48.144714],[17.12427,48.144722],[17.124281,48.144727]]]},"properties":{"name":""}},{"type":"Feature","geometry":{"type":"Polygon","coordinates":[[[17.124959,48.142655],[17.12504,48.142678],[17.126116,48.1426],[17.126076,48.142579],[17.124959,48.142655]]]},"properties":{"name":""}},{"type":"Feature","geometry":{"type":"Polygon","coordinates":[[[17.130605,48.143024],[17.130526,48.142886],[17.130495,48.14277],[17.130281,48.142396],[17.130248,48.142397],[17.130384,48.142639],[17.130424,48.142776],[17.130581,48.143034],[17.130605,48.143024]]]},"properties":{"name":""}},{"type":"Feature","geometry":{"type":"Polygon","coordinates":[[[17.13194,48.145455],[17.131374,48.144471],[17.13109,48.143884],[17.130732,48.143268],[17.130727,48.143245],[17.130746,48.143234],[17.130769,48.143236],[17.131334,48.144242],[17.131424,48.144474],[17.131463,48.144576],[17.131967,48.14545],[17.13194,48.145455]]]},"properties":{"name":""}},{"type":"Feature","geometry":{"type":"Polygon","coordinates":[[[17.130753,48.142773],[17.1306,48.14251],[17.130586,48.142456],[17.130613,48.142406],[17.130685,48.142376],[17.130762,48.142375],[17.131409,48.142372],[17.13231,48.142344],[17.132305,48.142373],[17.131703,48.142418],[17.131384,48.142438],[17.131276,48.142459],[17.131064,48.142547],[17.130753,48.142773]]]},"properties":{"name":""}},{"type":"Feature","geometry":{"type":"Polygon","coordinates":[[[17.122485,48.142955],[17.122316,48.14302],[17.122316,48.143104],[17.122331,48.143118],[17.12261,48.143441],[17.122759,48.143381],[17.122803,48.14336],[17.122485,48.142955]]]},"properties":{"name":""}},{"type":"Feature","geometry":{"type":"Polygon","coordinates":[[[17.126584,48.141639],[17.12661,48.141683],[17.126824,48.141667],[17.126818,48.141595],[17.126808,48.141584],[17.126751,48.141562],[17.126746,48.141567],[17.126709,48.141554],[17.126713,48.141548],[17.126626,48.141515],[17.126604,48.141515],[17.126545,48.141537],[17.126535,48.141553],[17.126554,48.141587],[17.12657,48.141584],[17.1266,48.141635],[17.126584,48.141639]]]},"properties":{"name":""}},{"type":"Feature","geometry":{"type":"Polygon","coordinates":[[[17.127057,48.141557],[17.127091,48.14158],[17.127118,48.141599],[17.127121,48.141614],[17.127114,48.141628],[17.1271,48.141635],[17.127092,48.141639],[17.127082,48.141641],[17.127072,48.14164],[17.127003,48.141647],[17.127005,48.141653],[17.126857,48.141664],[17.126844,48.141582],[17.126831,48.141568],[17.126784,48.141551],[17.126789,48.141545],[17.126762,48.141536],[17.126757,48.141541],[17.126713,48.141524],[17.126718,48.141519],[17.126691,48.141509],[17.126687,48.141515],[17.126668,48.141508],[17.126661,48.141502],[17.126654,48.141489],[17.126654,48.141476],[17.126679,48.141449],[17.126697,48.141441],[17.126719,48.141439],[17.126738,48.141444],[17.126758,48.141456],[17.126751,48.14146],[17.126772,48.141474],[17.126778,48.14147],[17.126802,48.141486],[17.126838,48.141497],[17.12688,48.141497],[17.126954,48.141473],[17.126956,48.141474],[17.126947,48.141479],[17.127057,48.141557]]]},"properties":{"name":""}},{"type":"Feature","geometry":{"type":"Polygon","coordinates":[[[17.126442,48.141472],[17.126515,48.141467],[17.126513,48.141453],[17.126439,48.141458],[17.126417,48.141451],[17.126411,48.141445],[17.126473,48.1413],[17.126492,48.141284],[17.126519,48.141277],[17.126552,48.141278],[17.126552,48.14129],[17.126635,48.141292],[17.126635,48.14128],[17.126695,48.141281],[17.126714,48.141291],[17.126736,48.141324],[17.126735,48.141338],[17.126669,48.141418],[17.126654,48.141412],[17.126613,48.14146],[17.126628,48.141466],[17.126607,48.141488],[17.126569,48.141501],[17.126565,48.141495],[17.126525,48.141508],[17.126529,48.141514],[17.1265,48.14153],[17.126487,48.141534],[17.126451,48.141533],[17.12643,48.141527],[17.126419,48.141517],[17.126414,48.141479],[17.126419,48.141474],[17.126442,48.141472]]]},"properties":{"name":""}},{"type":"Feature","geometry":{"type":"Polygon","coordinates":[[[17.126932,48.141457],[17.12692,48.141448],[17.126912,48.141453],[17.126853,48.141411],[17.126874,48.141343],[17.126864,48.141315],[17.126781,48.141253],[17.126788,48.141249],[17.126782,48.141244],[17.126746,48.141266],[17.126741,48.141272],[17.126741,48.141279],[17.126745,48.141286],[17.126753,48.141284],[17.126777,48.141318],[17.126768,48.14132],[17.126774,48.141332],[17.126772,48.141345],[17.126763,48.141356],[17.12677,48.14136],[17.12675,48.141385],[17.126741,48.141382],[17.126734,48.141395],[17.126741,48.141417],[17.126828,48.141474],[17.126845,48.141479],[17.126863,48.141479],[17.126932,48.141457]]]},"properties":{"name":""}},{"type":"Feature","geometry":{"type":"Polygon","coordinates":[[[17.126051,48.141591],[17.126103,48.141595],[17.126104,48.141588],[17.126186,48.141594],[17.126185,48.141601],[17.126217,48.141602],[17.126242,48.141595],[17.126238,48.141589],[17.126278,48.141579],[17.126282,48.141585],[17.126296,48.141581],[17.126294,48.141575],[17.126321,48.141568],[17.126325,48.141574],[17.126334,48.141571],[17.126331,48.141565],[17.126365,48.141556],[17.126368,48.141563],[17.126383,48.141555],[17.126389,48.141542],[17.126386,48.141521],[17.126376,48.141522],[17.126371,48.141493],[17.126381,48.141493],[17.126379,48.14148],[17.12636,48.141462],[17.126246,48.141432],[17.126243,48.141437],[17.126203,48.141427],[17.126208,48.141421],[17.126167,48.141409],[17.126051,48.141591]]]},"properties":{"name":""}},{"type":"Feature","geometry":{"type":"Polygon","coordinates":[[[17.126178,48.141393],[17.126276,48.141417],[17.126279,48.14141],[17.12632,48.141421],[17.126316,48.141426],[17.126335,48.141431],[17.126364,48.141427],[17.126383,48.141414],[17.126388,48.141403],[17.126372,48.141399],[17.126396,48.141346],[17.126412,48.141349],[17.126444,48.141278],[17.126441,48.141263],[17.126426,48.141252],[17.12642,48.141256],[17.126379,48.14123],[17.126386,48.141225],[17.126369,48.141214],[17.126363,48.141218],[17.126341,48.141204],[17.126348,48.1412],[17.126316,48.141179],[17.126178,48.141393]]]},"properties":{"name":""}},{"type":"Feature","geometry":{"type":"Polygon","coordinates":[[[17.126522,48.141141],[17.126486,48.141171],[17.126493,48.141175],[17.126467,48.141198],[17.126459,48.141194],[17.126447,48.141205],[17.126439,48.141215],[17.12644,48.141227],[17.126448,48.141238],[17.126465,48.141249],[17.12648,48.141253],[17.126693,48.141261],[17.126709,48.141256],[17.126759,48.141227],[17.126752,48.141222],[17.126745,48.141226],[17.126718,48.141207],[17.126682,48.141195],[17.12663,48.141197],[17.126592,48.14119],[17.126555,48.141177],[17.126519,48.141148],[17.126526,48.141145],[17.126522,48.141141]]]},"properties":{"name":""}},{"type":"Feature","geometry":{"type":"Polygon","coordinates":[[[17.126327,48.141162],[17.126384,48.141198],[17.126399,48.141201],[17.126412,48.141199],[17.126424,48.141193],[17.1265,48.141124],[17.126482,48.14111],[17.126441,48.14108],[17.126414,48.141074],[17.126386,48.141081],[17.126369,48.141097],[17.126327,48.141162]]]},"properties":{"name":""}},{"type":"Feature","geometry":{"type":"Polygon","coordinates":[[[17.12261,48.143441],[17.122759,48.143381],[17.122497,48.143037],[17.122316,48.143104],[17.122331,48.143118],[17.12261,48.143441]]]},"properties":{"name":"V\u00fdbeh psov - Dostojevsk\u00e9ho rad"}},{"type":"Feature","geometry":{"type":"Polygon","coordinates":[[[17.126942,48.141158],[17.126955,48.141163],[17.126972,48.141161],[17.126982,48.141153],[17.126981,48.141143],[17.126971,48.141134],[17.126955,48.141132],[17.126942,48.141138],[17.126936,48.141147],[17.126942,48.141158]]]},"properties":{"name":""}},{"type":"Feature","geometry":{"type":"Polygon","coordinates":[[[17.126715,48.14113],[17.126731,48.141128],[17.126742,48.141121],[17.126742,48.141109],[17.126733,48.141101],[17.126717,48.141099],[17.126703,48.141103],[17.126697,48.141113],[17.126701,48.141124],[17.126715,48.14113]]]},"properties":{"name":""}},{"type":"Feature","geometry":{"type":"Polygon","coordinates":[[[17.126933,48.141031],[17.126922,48.141038],[17.12692,48.141048],[17.126929,48.141056],[17.126942,48.14106],[17.126957,48.141055],[17.126963,48.141046],[17.12696,48.141037],[17.126949,48.141031],[17.126933,48.141031]]]},"properties":{"name":""}},{"type":"Feature","geometry":{"type":"Polygon","coordinates":[[[17.126913,48.140984],[17.126912,48.140994],[17.12692,48.141003],[17.126935,48.141005],[17.126948,48.141001],[17.126955,48.140993],[17.126952,48.140983],[17.12694,48.140977],[17.126925,48.140977],[17.126913,48.140984]]]},"properties":{"name":""}},{"type":"Feature","geometry":{"type":"Polygon","coordinates":[[[17.126861,48.141109],[17.126872,48.141116],[17.126888,48.141117],[17.126901,48.14111],[17.126905,48.1411],[17.126898,48.141091],[17.126884,48.141086],[17.126868,48.141089],[17.126859,48.141097],[17.126861,48.141109]]]},"properties":{"name":""}},{"type":"Feature","geometry":{"type":"Polygon","coordinates":[[[17.126787,48.141065],[17.126799,48.141064],[17.126805,48.141057],[17.126802,48.141051],[17.126791,48.141047],[17.126782,48.141051],[17.12678,48.141059],[17.126787,48.141065]]]},"properties":{"name":""}},{"type":"Feature","geometry":{"type":"Polygon","coordinates":[[[17.126789,48.141119],[17.126803,48.141123],[17.126816,48.141118],[17.126823,48.141109],[17.126818,48.141099],[17.126806,48.141093],[17.126791,48.141095],[17.126781,48.141102],[17.12678,48.141112],[17.126789,48.141119]]]},"properties":{"name":""}},{"type":"Feature","geometry":{"type":"Polygon","coordinates":[[[17.12686,48.141053],[17.126868,48.141059],[17.126879,48.141058],[17.126886,48.141051],[17.126882,48.141044],[17.126871,48.141041],[17.126861,48.141045],[17.12686,48.141053]]]},"properties":{"name":""}},{"type":"Feature","geometry":{"type":"Polygon","coordinates":[[[17.126882,48.141161],[17.126897,48.141162],[17.126904,48.141154],[17.126898,48.141145],[17.126885,48.141145],[17.126877,48.141152],[17.126882,48.141161]]]},"properties":{"name":""}},{"type":"Feature","geometry":{"type":"Polygon","coordinates":[[[17.126925,48.141101],[17.126936,48.141109],[17.126951,48.14111],[17.126963,48.141104],[17.126967,48.141095],[17.126961,48.141086],[17.126948,48.141081],[17.126933,48.141084],[17.126924,48.141092],[17.126925,48.141101]]]},"properties":{"name":""}},{"type":"Feature","geometry":{"type":"Polygon","coordinates":[[[17.126704,48.141071],[17.126718,48.141073],[17.126732,48.141069],[17.126739,48.141059],[17.126735,48.141049],[17.126723,48.141044],[17.126707,48.141045],[17.126696,48.141052],[17.126695,48.141062],[17.126704,48.141071]]]},"properties":{"name":""}},{"type":"Feature","geometry":{"type":"Polygon","coordinates":[[[17.122256,48.140443],[17.122609,48.14042],[17.12259,48.140265],[17.122237,48.140307],[17.122256,48.140443]]]},"properties":{"name":""}},{"type":"Feature","geometry":{"type":"Polygon","coordinates":[[[17.121869,48.140157],[17.122186,48.140107],[17.122552,48.140082],[17.122535,48.139984],[17.122524,48.139927],[17.122261,48.139954],[17.122143,48.139963],[17.122142,48.139946],[17.122042,48.139953],[17.122042,48.139947],[17.121838,48.139963],[17.121869,48.140157]]]},"properties":{"name":""}},{"type":"Feature","geometry":{"type":"Polygon","coordinates":[[[17.126076,48.141725],[17.126203,48.141716],[17.126233,48.141713],[17.126578,48.141686],[17.12661,48.141683],[17.126824,48.141667],[17.126857,48.141664],[17.127005,48.141653],[17.127082,48.141641],[17.127092,48.141639],[17.1271,48.141635],[17.127114,48.141628],[17.127121,48.141614],[17.127118,48.141599],[17.126947,48.14092],[17.126851,48.140928],[17.126744,48.140937],[17.126692,48.140939],[17.12645,48.140959],[17.12644,48.140984],[17.126369,48.141097],[17.126327,48.141162],[17.126316,48.141179],[17.126178,48.141393],[17.126167,48.141409],[17.126051,48.141591],[17.126039,48.141609],[17.126017,48.141643],[17.126024,48.141697],[17.126043,48.141716],[17.126076,48.141725]]]},"properties":{"name":"PANORAMA PARK"}},{"type":"Feature","geometry":{"type":"Polygon","coordinates":[[[17.123746,48.144534],[17.123847,48.144585],[17.124015,48.144642],[17.124037,48.144643],[17.124053,48.144644],[17.124075,48.144639],[17.124089,48.144633],[17.124099,48.144624],[17.124103,48.144612],[17.124093,48.144601],[17.124077,48.144591],[17.123775,48.144492],[17.123746,48.144534]]]},"properties":{"name":""}},{"type":"Feature","geometry":{"type":"Polygon","coordinates":[[[17.122278,48.136099],[17.122258,48.136013],[17.122499,48.135989],[17.122519,48.136075],[17.122278,48.136099]]]},"properties":{"name":""}},{"type":"Feature","geometry":{"type":"Polygon","coordinates":[[[17.123824,48.13928],[17.123707,48.139292],[17.123709,48.139312],[17.123721,48.139398],[17.12385,48.139384],[17.123824,48.13928]]]},"properties":{"name":""}},{"type":"Feature","geometry":{"type":"Polygon","coordinates":[[[17.126148,48.144912],[17.126113,48.144847],[17.126088,48.144724],[17.126076,48.14456],[17.126204,48.144596],[17.126311,48.144662],[17.126364,48.144728],[17.126299,48.144754],[17.12623,48.144809],[17.12618,48.144878],[17.126148,48.144912]]]},"properties":{"name":""}},{"type":"Feature","geometry":{"type":"Polygon","coordinates":[[[17.125833,48.144884],[17.125876,48.144818],[17.126025,48.144648],[17.126061,48.144862],[17.125833,48.144884]]]},"properties":{"name":""}},{"type":"Feature","geometry":{"type":"Polygon","coordinates":[[[17.125684,48.144641],[17.125551,48.144684],[17.125448,48.144689],[17.125357,48.144662],[17.125317,48.14465],[17.125181,48.144547],[17.125104,48.144371],[17.125275,48.14435],[17.125298,48.144477],[17.125346,48.144547],[17.125392,48.144575],[17.125463,48.144596],[17.125531,48.144596],[17.125621,48.144564],[17.125684,48.144641]]]},"properties":{"name":""}},{"type":"Feature","geometry":{"type":"Polygon","coordinates":[[[17.125707,48.144211],[17.125822,48.144295],[17.125913,48.144403],[17.125975,48.144496],[17.126014,48.144569],[17.126007,48.144591],[17.125955,48.144658],[17.125913,48.144701],[17.12583,48.144765],[17.12575,48.144643],[17.125651,48.144551],[17.125714,48.144447],[17.125736,48.144357],[17.125732,48.144287],[17.125707,48.144211]]]},"properties":{"name":""}},{"type":"Feature","geometry":{"type":"Polygon","coordinates":[[[17.124975,48.143979],[17.124942,48.143935],[17.124926,48.143884],[17.124875,48.143934],[17.124795,48.143982],[17.124975,48.143979]]]},"properties":{"name":""}},{"type":"Feature","geometry":{"type":"Polygon","coordinates":[[[17.124134,48.144045],[17.124345,48.143907],[17.124508,48.14375],[17.124565,48.14384],[17.124616,48.14388],[17.124659,48.143897],[17.124707,48.143908],[17.124756,48.143904],[17.124803,48.143893],[17.124864,48.143866],[17.124819,48.143918],[17.124765,48.143943],[17.124685,48.143967],[17.124516,48.143999],[17.124334,48.144026],[17.124136,48.144051],[17.124134,48.144045]]]},"properties":{"name":""}},{"type":"Feature","geometry":{"type":"Polygon","coordinates":[[[17.12602,48.144181],[17.126039,48.144093],[17.126101,48.143777],[17.126065,48.143765],[17.125782,48.144156],[17.125986,48.144194],[17.12602,48.144181]]]},"properties":{"name":""}},{"type":"Feature","geometry":{"type":"Polygon","coordinates":[[[17.126002,48.144435],[17.126012,48.144434],[17.126017,48.144366],[17.125913,48.144324],[17.126002,48.144435]]]},"properties":{"name":""}},{"type":"Feature","geometry":{"type":"Polygon","coordinates":[[[17.12607,48.14448],[17.126053,48.14444],[17.126053,48.14435],[17.126062,48.144285],[17.12608,48.144276],[17.1261,48.144277],[17.126171,48.1443],[17.126189,48.144321],[17.126187,48.14433],[17.126088,48.144471],[17.12607,48.14448]]]},"properties":{"name":""}},{"type":"Feature","geometry":{"type":"Polygon","coordinates":[[[17.126092,48.144213],[17.126076,48.144204],[17.126068,48.144178],[17.126074,48.144081],[17.126152,48.143764],[17.126435,48.143883],[17.126456,48.143904],[17.126458,48.143934],[17.126446,48.14396],[17.126302,48.144161],[17.126257,48.144199],[17.126216,48.144217],[17.12618,48.144222],[17.126139,48.144221],[17.126092,48.144213]]]},"properties":{"name":""}},{"type":"Feature","geometry":{"type":"Polygon","coordinates":[[[17.124985,48.144359],[17.12501,48.144332],[17.125172,48.14422],[17.12528,48.144171],[17.125363,48.144147],[17.125432,48.144135],[17.125426,48.144145],[17.125336,48.144217],[17.125292,48.144311],[17.125262,48.144321],[17.125129,48.144337],[17.124985,48.144359]]]},"properties":{"name":""}},{"type":"Feature","geometry":{"type":"Polygon","coordinates":[[[17.124564,48.14339],[17.124595,48.14341],[17.12461,48.143436],[17.12451,48.143499],[17.124461,48.143555],[17.12443,48.143622],[17.124396,48.143673],[17.124354,48.143693],[17.124305,48.143699],[17.124282,48.143697],[17.124338,48.143533],[17.124305,48.14352],[17.124238,48.143701],[17.124233,48.143792],[17.124144,48.143903],[17.124031,48.143875],[17.123884,48.144075],[17.124057,48.144051],[17.124307,48.143883],[17.124503,48.143691],[17.124546,48.143557],[17.124594,48.143497],[17.12468,48.14345],[17.124748,48.143432],[17.12472,48.143341],[17.124664,48.143315],[17.124376,48.143232],[17.124206,48.143439],[17.124378,48.143495],[17.124463,48.143423],[17.124564,48.14339]]]},"properties":{"name":""}},{"type":"Feature","geometry":{"type":"Polygon","coordinates":[[[17.125067,48.144238],[17.125164,48.144102],[17.125172,48.144064],[17.125359,48.144112],[17.125271,48.144133],[17.125067,48.144238]]]},"properties":{"name":""}},{"type":"Feature","geometry":{"type":"Polygon","coordinates":[[[17.124778,48.144396],[17.124812,48.14443],[17.125014,48.14423],[17.125112,48.144098],[17.125112,48.144064],[17.125084,48.144042],[17.125022,48.144033],[17.124875,48.144025],[17.124739,48.144028],[17.124535,48.144046],[17.124258,48.144072],[17.123892,48.144122],[17.124696,48.144367],[17.124778,48.144396]]]},"properties":{"name":""}},{"type":"Feature","geometry":{"type":"Polygon","coordinates":[[[17.12465,48.14442],[17.123816,48.144151],[17.123892,48.144122],[17.124696,48.144367],[17.124778,48.144396],[17.124812,48.14443],[17.124568,48.14468],[17.124487,48.144652],[17.12465,48.14442]]]},"properties":{"name":""}},{"type":"Feature","geometry":{"type":"Polygon","coordinates":[[[17.123605,48.144357],[17.123634,48.144335],[17.123684,48.144273],[17.123705,48.144225],[17.123712,48.144186],[17.123704,48.144171],[17.123677,48.144173],[17.123615,48.144194],[17.123583,48.144208],[17.123558,48.144226],[17.123542,48.144247],[17.123536,48.144267],[17.123545,48.144297],[17.12357,48.144334],[17.123588,48.144351],[17.123605,48.144357]]]},"properties":{"name":""}},{"type":"Feature","geometry":{"type":"Polygon","coordinates":[[[17.134664,48.142671],[17.134346,48.142678],[17.13435,48.142717],[17.13422,48.142722],[17.13415,48.142725],[17.134147,48.142696],[17.134102,48.142698],[17.134058,48.142726],[17.13406,48.142769],[17.1345,48.142734],[17.134943,48.142694],[17.134925,48.142615],[17.134997,48.142607],[17.134977,48.142527],[17.135025,48.142395],[17.134993,48.142258],[17.134926,48.142258],[17.134872,48.142306],[17.134842,48.142404],[17.134874,48.142409],[17.134862,48.142454],[17.13483,48.14245],[17.134817,48.142489],[17.134776,48.142645],[17.134778,48.142666],[17.134755,48.142667],[17.134756,48.142703],[17.134666,48.142706],[17.134664,48.142671]]]},"properties":{"name":""}},{"type":"Feature","geometry":{"type":"Polygon","coordinates":[[[17.135357,48.14258],[17.135375,48.14259],[17.135391,48.142584],[17.135394,48.142574],[17.135315,48.14226],[17.13528,48.142263],[17.135357,48.14258]]]},"properties":{"name":""}},{"type":"Feature","geometry":{"type":"Polygon","coordinates":[[[17.135448,48.142976],[17.135474,48.142967],[17.135416,48.142691],[17.135406,48.142681],[17.135393,48.142672],[17.135377,48.142674],[17.135448,48.142976]]]},"properties":{"name":""}},{"type":"Feature","geometry":{"type":"Polygon","coordinates":[[[17.132824,48.143832],[17.134123,48.143701],[17.134025,48.143245],[17.134005,48.143248],[17.133737,48.143275],[17.133152,48.143335],[17.133044,48.143346],[17.133081,48.143512],[17.132764,48.143542],[17.132824,48.143832]]]},"properties":{"name":"Klingerka park"}},{"type":"Feature","geometry":{"type":"Polygon","coordinates":[[[17.122214,48.142351],[17.122301,48.142369],[17.122273,48.142325],[17.122244,48.142304],[17.122207,48.142292],[17.122209,48.14231],[17.122214,48.142351]]]},"properties":{"name":""}},{"type":"Feature","geometry":{"type":"Polygon","coordinates":[[[17.122221,48.142734],[17.12237,48.142682],[17.122426,48.142652],[17.122434,48.142611],[17.122353,48.142502],[17.122239,48.142476],[17.122256,48.142577],[17.122262,48.142651],[17.122239,48.142702],[17.122222,48.142725],[17.122221,48.142734]]]},"properties":{"name":""}},{"type":"Feature","geometry":{"type":"Polygon","coordinates":[[[17.133677,48.142073],[17.13334,48.142083],[17.132634,48.142104],[17.132633,48.142131],[17.133699,48.142101],[17.133677,48.142073]]]},"properties":{"name":""}},{"type":"Feature","geometry":{"type":"Polygon","coordinates":[[[17.139191,48.144661],[17.1392,48.1447],[17.139232,48.144701],[17.139329,48.14472],[17.139348,48.144681],[17.139439,48.144701],[17.139424,48.144739],[17.139436,48.144742],[17.139487,48.144738],[17.13948,48.144698],[17.140677,48.144575],[17.140703,48.144705],[17.139426,48.144832],[17.13921,48.144789],[17.139158,48.144796],[17.139149,48.144762],[17.139104,48.144769],[17.139099,48.144809],[17.139124,48.144901],[17.140611,48.144748],[17.14062,48.144799],[17.140696,48.144781],[17.140743,48.144736],[17.140716,48.144562],[17.14067,48.144509],[17.140599,48.144492],[17.140482,48.144496],[17.140489,48.144535],[17.140134,48.144569],[17.14012,48.144531],[17.140017,48.144541],[17.140016,48.144573],[17.139509,48.144617],[17.139491,48.144585],[17.139417,48.144592],[17.139419,48.144625],[17.138052,48.14477],[17.138046,48.144731],[17.137779,48.144762],[17.137834,48.144815],[17.137922,48.144835],[17.138081,48.14482],[17.138069,48.144776],[17.139191,48.144661]]]},"properties":{"name":""}},{"type":"Feature","geometry":{"type":"Polygon","coordinates":[[[17.127183,48.14014],[17.127163,48.140165],[17.127167,48.140197],[17.127191,48.140228],[17.127232,48.140243],[17.127297,48.140249],[17.127298,48.140229],[17.127339,48.140226],[17.127388,48.140212],[17.127425,48.140193],[17.127455,48.140173],[17.127465,48.140182],[17.127502,48.140154],[17.127517,48.140131],[17.127521,48.140103],[17.127509,48.140079],[17.127485,48.140061],[17.127447,48.140045],[17.127422,48.14004],[17.127403,48.140041],[17.127404,48.140055],[17.127348,48.140058],[17.127299,48.140071],[17.127263,48.140087],[17.127215,48.140121],[17.127196,48.140143],[17.12719,48.140147],[17.127183,48.14014]]]},"properties":{"name":""}},{"type":"Feature","geometry":{"type":"Polygon","coordinates":[[[17.126724,48.14013],[17.126783,48.140131],[17.126831,48.140147],[17.126871,48.140173],[17.126896,48.140197],[17.126899,48.140231],[17.126873,48.140255],[17.126838,48.140264],[17.126787,48.140261],[17.126742,48.140246],[17.126712,48.140227],[17.12669,48.140206],[17.126677,48.140182],[17.126675,48.140161],[17.126689,48.140145],[17.126707,48.140136],[17.126724,48.14013]]]},"properties":{"name":""}},{"type":"Feature","geometry":{"type":"Polygon","coordinates":[[[17.128229,48.139531],[17.128138,48.139437],[17.127759,48.139254],[17.127485,48.139172],[17.127134,48.13908],[17.126744,48.13904],[17.126302,48.13905],[17.126355,48.139185],[17.126505,48.139218],[17.126634,48.139207],[17.126695,48.13923],[17.126698,48.139268],[17.12672,48.139303],[17.126804,48.139359],[17.126846,48.139367],[17.127073,48.139478],[17.127331,48.139557],[17.127417,48.13957],[17.127562,48.139579],[17.12812,48.139544],[17.128229,48.139531]]]},"properties":{"name":""}},{"type":"Feature","geometry":{"type":"Polygon","coordinates":[[[17.123912,48.139947],[17.123833,48.139958],[17.123817,48.13985],[17.124225,48.139818],[17.12424,48.139905],[17.124223,48.139907],[17.123912,48.139947]]]},"properties":{"name":""}},{"type":"Feature","geometry":{"type":"Polygon","coordinates":[[[17.126498,48.140186],[17.126524,48.140207],[17.126527,48.140233],[17.126516,48.140261],[17.126488,48.140288],[17.126452,48.140303],[17.126406,48.140303],[17.126385,48.140293],[17.126371,48.14027],[17.126377,48.140236],[17.126401,48.140207],[17.126438,48.140187],[17.126473,48.140184],[17.126498,48.140186]]]},"properties":{"name":""}},{"type":"Feature","geometry":{"type":"Polygon","coordinates":[[[17.130395,48.142223],[17.131379,48.142222],[17.131378,48.142206],[17.130385,48.142204],[17.130395,48.142223]]]},"properties":{"name":""}},{"type":"Feature","geometry":{"type":"Polygon","coordinates":[[[17.130816,48.131493],[17.130875,48.131427],[17.13069,48.131429],[17.130054,48.131384],[17.130004,48.131552],[17.130661,48.131527],[17.130816,48.131493]]]},"properties":{"name":""}},{"type":"Feature","geometry":{"type":"Polygon","coordinates":[[[17.129054,48.132642],[17.129322,48.132267],[17.129515,48.131934],[17.129619,48.131706],[17.129118,48.131724],[17.129116,48.131701],[17.128178,48.131697],[17.127484,48.131655],[17.127267,48.131636],[17.128268,48.131806],[17.128463,48.131862],[17.128643,48.131942],[17.128791,48.132032],[17.128919,48.132138],[17.128997,48.132243],[17.129051,48.132349],[17.12908,48.132463],[17.129054,48.132642]]]},"properties":{"name":""}},{"type":"Feature","geometry":{"type":"Polygon","coordinates":[[[17.126355,48.139185],[17.125293,48.139328],[17.125277,48.139266],[17.125279,48.139235],[17.125298,48.139208],[17.125332,48.139185],[17.126302,48.13905],[17.126355,48.139185]]]},"properties":{"name":""}},{"type":"Feature","geometry":{"type":"Polygon","coordinates":[[[17.123544,48.134224],[17.122626,48.133156],[17.122707,48.133136],[17.123201,48.133058],[17.124231,48.132878],[17.124631,48.133964],[17.124419,48.13402],[17.12357,48.13426],[17.123544,48.134224]]]},"properties":{"name":"Elyzejsk\u00fd les\u00edk"}},{"type":"Feature","geometry":{"type":"Polygon","coordinates":[[[17.124414,48.134302],[17.123857,48.134496],[17.12423,48.135121],[17.124242,48.135351],[17.127187,48.1346],[17.126816,48.134417],[17.126025,48.134486],[17.12592,48.134077],[17.126138,48.133735],[17.127137,48.133449],[17.127598,48.133335],[17.127019,48.13275],[17.126016,48.13336],[17.124414,48.134302]]]},"properties":{"name":"Kas\u00e1rensk\u00fd les\u00edk"}},{"type":"Feature","geometry":{"type":"Polygon","coordinates":[[[17.12539,48.141624],[17.125463,48.141643],[17.125567,48.141482],[17.1256,48.141448],[17.125606,48.141419],[17.125622,48.141397],[17.125681,48.141365],[17.125686,48.141301],[17.125722,48.141245],[17.125778,48.141199],[17.125797,48.141131],[17.125811,48.141106],[17.125901,48.141017],[17.125911,48.140952],[17.125936,48.140916],[17.125966,48.140903],[17.126003,48.140761],[17.125968,48.140746],[17.125883,48.140853],[17.125946,48.140872],[17.12593,48.140891],[17.125829,48.141032],[17.125796,48.141074],[17.125711,48.141149],[17.125473,48.141481],[17.12539,48.141624]]]},"properties":{"name":""}},{"type":"Feature","geometry":{"type":"Polygon","coordinates":[[[17.124944,48.142355],[17.12503,48.142315],[17.125282,48.141926],[17.125282,48.141889],[17.125259,48.141862],[17.125227,48.141867],[17.125174,48.141891],[17.125112,48.141982],[17.124954,48.14231],[17.124945,48.142335],[17.124944,48.142355]]]},"properties":{"name":""}},{"type":"Feature","geometry":{"type":"Polygon","coordinates":[[[17.128109,48.143393],[17.128703,48.143607],[17.128768,48.143631],[17.128728,48.14367],[17.128619,48.143823],[17.1293,48.14405],[17.129226,48.14415],[17.129146,48.144124],[17.129135,48.144139],[17.129097,48.144193],[17.129092,48.1442],[17.128659,48.144062],[17.128409,48.14397],[17.12799,48.143836],[17.127907,48.143938],[17.12784,48.143916],[17.127721,48.144085],[17.127657,48.144065],[17.127615,48.144075],[17.127779,48.143849],[17.128109,48.143393]]]},"properties":{"name":""}},{"type":"Feature","geometry":{"type":"Polygon","coordinates":[[[17.127066,48.142209],[17.126909,48.142221],[17.126917,48.142282],[17.126998,48.142276],[17.127028,48.142269],[17.127047,48.142259],[17.127062,48.142246],[17.127067,48.14223],[17.127066,48.142209]]]},"properties":{"name":""}},{"type":"Feature","geometry":{"type":"Polygon","coordinates":[[[17.126863,48.142286],[17.126856,48.142226],[17.125632,48.142323],[17.125639,48.142366],[17.126863,48.142286]]]},"properties":{"name":""}},{"type":"Feature","geometry":{"type":"Polygon","coordinates":[[[17.127246,48.142204],[17.12756,48.142178],[17.127677,48.14219],[17.127671,48.142203],[17.127653,48.142215],[17.12762,48.142226],[17.127289,48.142251],[17.127288,48.142242],[17.127251,48.142245],[17.127246,48.142204]]]},"properties":{"name":""}},{"type":"Feature","geometry":{"type":"Polygon","coordinates":[[[17.127956,48.14217],[17.128067,48.142127],[17.128375,48.142105],[17.128384,48.14212],[17.128384,48.142134],[17.128367,48.142158],[17.12834,48.14218],[17.128311,48.14219],[17.128133,48.142201],[17.128061,48.142198],[17.128,48.142186],[17.127956,48.14217]]]},"properties":{"name":""}},{"type":"Feature","geometry":{"type":"Polygon","coordinates":[[[17.128439,48.142177],[17.128457,48.142151],[17.128461,48.14213],[17.128455,48.142098],[17.128554,48.142091],[17.128567,48.142123],[17.128582,48.142148],[17.128595,48.142166],[17.128439,48.142177]]]},"properties":{"name":""}},{"type":"Feature","geometry":{"type":"Polygon","coordinates":[[[17.128452,48.142069],[17.128448,48.142039],[17.128455,48.142025],[17.128471,48.142012],[17.128491,48.142009],[17.128514,48.142009],[17.128532,48.142017],[17.128545,48.142034],[17.128549,48.142062],[17.128452,48.142069]]]},"properties":{"name":""}},{"type":"Feature","geometry":{"type":"Polygon","coordinates":[[[17.128622,48.142086],[17.129517,48.142016],[17.129618,48.142066],[17.129637,48.142087],[17.129589,48.1421],[17.129537,48.142109],[17.128822,48.142152],[17.128747,48.142152],[17.128701,48.142147],[17.128671,48.142137],[17.12864,48.142115],[17.128622,48.142086]]]},"properties":{"name":""}},{"type":"Feature","geometry":{"type":"Polygon","coordinates":[[[17.129575,48.142009],[17.12957,48.14199],[17.129585,48.14197],[17.129559,48.141924],[17.129562,48.141917],[17.129571,48.141909],[17.129585,48.141905],[17.129636,48.141982],[17.129638,48.141997],[17.129632,48.142018],[17.129623,48.142034],[17.129575,48.142009]]]},"properties":{"name":""}},{"type":"Feature","geometry":{"type":"Polygon","coordinates":[[[17.129538,48.141888],[17.129567,48.14188],[17.129529,48.141816],[17.129499,48.141824],[17.129538,48.141888]]]},"properties":{"name":""}},{"type":"Feature","geometry":{"type":"Polygon","coordinates":[[[17.129486,48.141798],[17.129512,48.14179],[17.12936,48.141552],[17.12934,48.141554],[17.129486,48.141798]]]},"properties":{"name":""}},{"type":"Feature","geometry":{"type":"Polygon","coordinates":[[[17.129304,48.141512],[17.129328,48.141505],[17.12909,48.141128],[17.128986,48.14091],[17.128884,48.140689],[17.128863,48.14069],[17.129232,48.141447],[17.129262,48.141445],[17.129304,48.141512]]]},"properties":{"name":""}},{"type":"Feature","geometry":{"type":"Polygon","coordinates":[[[17.128976,48.140748],[17.128982,48.140771],[17.12914,48.141114],[17.129711,48.14199],[17.129718,48.141965],[17.129697,48.141915],[17.129293,48.141206],[17.128993,48.140732],[17.128976,48.140748]]]},"properties":{"name":""}},{"type":"Feature","geometry":{"type":"Polygon","coordinates":[[[17.126126,48.144505],[17.126304,48.144443],[17.126415,48.144419],[17.126437,48.1444],[17.12631,48.144347],[17.126258,48.144353],[17.126199,48.14441],[17.126126,48.144505]]]},"properties":{"name":""}},{"type":"Feature","geometry":{"type":"Polygon","coordinates":[[[17.12635,48.144269],[17.12635,48.144236],[17.126511,48.144001],[17.126541,48.143973],[17.126846,48.144127],[17.126831,48.144141],[17.126625,48.144184],[17.126397,48.144264],[17.12635,48.144269]]]},"properties":{"name":""}},{"type":"Feature","geometry":{"type":"Polygon","coordinates":[[[17.126526,48.144248],[17.126455,48.144287],[17.126643,48.14432],[17.126751,48.144334],[17.126837,48.144326],[17.126846,48.144301],[17.126822,48.144285],[17.126834,48.144246],[17.126887,48.144221],[17.126914,48.144205],[17.126948,48.144174],[17.12693,48.144162],[17.126837,48.144176],[17.12676,48.144184],[17.126794,48.14423],[17.12676,48.144279],[17.126646,48.144289],[17.126551,48.144271],[17.126526,48.144248]]]},"properties":{"name":""}},{"type":"Feature","geometry":{"type":"Polygon","coordinates":[[[17.126431,48.144343],[17.126526,48.144392],[17.126665,48.144367],[17.126431,48.144343]]]},"properties":{"name":""}},{"type":"Feature","geometry":{"type":"Polygon","coordinates":[[[17.126175,48.144548],[17.126197,48.144524],[17.126261,48.144493],[17.126383,48.144458],[17.126471,48.144443],[17.126532,48.144445],[17.12668,48.144509],[17.12681,48.144571],[17.126951,48.14462],[17.127056,48.144702],[17.126868,48.144912],[17.126831,48.144815],[17.126747,48.144789],[17.126697,48.144829],[17.126591,48.144818],[17.126554,48.144766],[17.126483,48.144733],[17.126421,48.144721],[17.126304,48.144622],[17.126175,48.144548]]]},"properties":{"name":""}},{"type":"Feature","geometry":{"type":"Polygon","coordinates":[[[17.126609,48.144417],[17.126831,48.144382],[17.126883,48.144542],[17.126843,48.144538],[17.126609,48.144417]]]},"properties":{"name":""}},{"type":"Feature","geometry":{"type":"Polygon","coordinates":[[[17.127296,48.144234],[17.127327,48.144312],[17.127318,48.144388],[17.127302,48.144464],[17.12725,48.144534],[17.127185,48.144579],[17.127115,48.14461],[17.127096,48.144639],[17.127387,48.14474],[17.127609,48.14443],[17.127497,48.144393],[17.127569,48.144292],[17.127339,48.144205],[17.127296,48.144209],[17.127296,48.144234]]]},"properties":{"name":""}},{"type":"Feature","geometry":{"type":"Polygon","coordinates":[[[17.099641,48.146995],[17.099398,48.146641],[17.099094,48.146691],[17.098439,48.146838],[17.098388,48.146861],[17.098394,48.146869],[17.097523,48.147096],[17.097425,48.147132],[17.097376,48.147175],[17.097251,48.147424],[17.097159,48.14761],[17.09694,48.14791],[17.097183,48.1479],[17.097444,48.147869],[17.098288,48.147827],[17.099194,48.148304],[17.09971,48.148158],[17.09972,48.148135],[17.099597,48.148116],[17.099259,48.147788],[17.099353,48.147751],[17.099202,48.147635],[17.099638,48.147469],[17.099923,48.147346],[17.099762,48.147146],[17.099683,48.147176],[17.099658,48.147144],[17.099424,48.147227],[17.099408,48.147205],[17.099389,48.147212],[17.099358,48.147204],[17.099339,48.147184],[17.099349,48.147162],[17.099369,48.147155],[17.099352,48.147137],[17.099588,48.147053],[17.099564,48.147024],[17.099586,48.147016],[17.099641,48.146995]]]},"properties":{"name":"Cintor\u00edn pri Kozej br\u00e1ne"}},{"type":"Feature","geometry":{"type":"Polygon","coordinates":[[[17.082546,48.149376],[17.08331,48.149162],[17.083748,48.149023],[17.08548,48.148473],[17.085535,48.148473],[17.085741,48.148682],[17.085732,48.1487],[17.085553,48.148741],[17.085406,48.148782],[17.08506,48.148924],[17.084771,48.149042],[17.084124,48.149502],[17.083798,48.149694],[17.083652,48.149746],[17.083519,48.149785],[17.082844,48.149889],[17.082449,48.149819],[17.082273,48.14976],[17.082091,48.149653],[17.081979,48.149539],[17.081924,48.149415],[17.081903,48.14929],[17.081877,48.149118],[17.081914,48.149004],[17.081959,48.148892],[17.081767,48.148862],[17.081641,48.148828],[17.08116,48.148796],[17.081018,48.14873],[17.081214,48.14862],[17.081289,48.148489],[17.081986,48.148628],[17.082099,48.148254],[17.082179,48.148112],[17.082415,48.147996],[17.082608,48.147831],[17.082885,48.147689],[17.083019,48.14762],[17.083174,48.147634],[17.083797,48.147418],[17.083909,48.147514],[17.084057,48.147477],[17.084446,48.147935],[17.084298,48.148001],[17.084282,48.148137],[17.083848,48.148218],[17.083735,48.148177],[17.083465,48.148235],[17.083244,48.148143],[17.08282,48.1481],[17.082619,48.148161],[17.082458,48.148286],[17.082362,48.148445],[17.082439,48.148626],[17.082151,48.148796],[17.082315,48.149128],[17.082425,48.149134],[17.082546,48.149376]]]},"properties":{"name":""}},{"type":"Feature","geometry":{"type":"Polygon","coordinates":[[[17.092272,48.154637],[17.092576,48.154795],[17.092865,48.154951],[17.093211,48.15514],[17.09325,48.155162],[17.09336,48.155098],[17.09345,48.155046],[17.093772,48.154857],[17.093569,48.154727],[17.093562,48.154702],[17.093927,48.154444],[17.094002,48.154391],[17.093795,48.154197],[17.094055,48.15401],[17.094185,48.154029],[17.094233,48.153869],[17.094089,48.15385],[17.093967,48.153963],[17.093786,48.154032],[17.093727,48.153999],[17.093513,48.154124],[17.093426,48.154134],[17.093407,48.154206],[17.093127,48.154461],[17.092895,48.154345],[17.092743,48.154495],[17.092607,48.154358],[17.092272,48.154637]]]},"properties":{"name":"Borovicov\u00fd les\u00edk"}},{"type":"Feature","geometry":{"type":"Polygon","coordinates":[[[17.090857,48.159617],[17.092688,48.158922],[17.094043,48.158882],[17.094106,48.158684],[17.09419,48.158544],[17.094977,48.157857],[17.094173,48.15742],[17.094545,48.157081],[17.094858,48.156762],[17.094756,48.156697],[17.094729,48.156716],[17.09466,48.156713],[17.094254,48.156334],[17.093764,48.155944],[17.093429,48.155649],[17.093302,48.155206],[17.09325,48.155162],[17.093211,48.15514],[17.092865,48.154951],[17.092576,48.154795],[17.092272,48.154637],[17.092115,48.154612],[17.092084,48.154596],[17.09212,48.154758],[17.092106,48.15477],[17.091941,48.154846],[17.091729,48.154917],[17.091688,48.154917],[17.091646,48.154967],[17.091629,48.154955],[17.091578,48.154985],[17.091566,48.154971],[17.091535,48.155029],[17.091303,48.155163],[17.09118,48.155272],[17.090487,48.155678],[17.090007,48.155666],[17.089425,48.155619],[17.089416,48.155651],[17.089169,48.155627],[17.089239,48.15588],[17.089182,48.156184],[17.089075,48.156342],[17.088724,48.156997],[17.088512,48.157561],[17.088394,48.157719],[17.088091,48.158204],[17.08793,48.158513],[17.087883,48.158656],[17.087574,48.159071],[17.087235,48.15896],[17.087084,48.159279],[17.086892,48.15953],[17.086711,48.159677],[17.086125,48.160078],[17.08607,48.160151],[17.086068,48.160186],[17.086102,48.160246],[17.086173,48.160295],[17.087161,48.160906],[17.087632,48.161177],[17.087582,48.161113],[17.087556,48.160998],[17.087604,48.160903],[17.087665,48.16085],[17.088863,48.160403],[17.090857,48.159617]]]},"properties":{"name":"Horsk\u00fd park"}},{"type":"Feature","geometry":{"type":"Polygon","coordinates":[[[17.094155,48.146692],[17.09425,48.146694],[17.094668,48.146669],[17.094885,48.146656],[17.094975,48.14665],[17.095235,48.146608],[17.094993,48.146142],[17.094858,48.145915],[17.094692,48.145951],[17.094232,48.146074],[17.094021,48.146191],[17.093756,48.146387],[17.094066,48.146589],[17.094155,48.146692]]]},"properties":{"name":"Kochova z\u00e1hrada"}},{"type":"Feature","geometry":{"type":"Polygon","coordinates":[[[17.098092,48.148874],[17.098093,48.148886],[17.098098,48.148894],[17.098109,48.148902],[17.09816,48.148921],[17.098173,48.148909],[17.098184,48.148908],[17.098201,48.148915],[17.098203,48.148924],[17.098195,48.148933],[17.098238,48.148949],[17.098251,48.14895],[17.098264,48.148948],[17.098273,48.148944],[17.09828,48.148939],[17.098357,48.148772],[17.098355,48.148767],[17.098335,48.14876],[17.098317,48.148763],[17.098101,48.148863],[17.098092,48.148874]]]},"properties":{"name":""}},{"type":"Feature","geometry":{"type":"Polygon","coordinates":[[[17.099302,48.154536],[17.098959,48.15452],[17.098433,48.15439],[17.098509,48.154287],[17.098581,48.154208],[17.098665,48.154136],[17.0987,48.154107],[17.098866,48.153993],[17.098887,48.153965],[17.098895,48.153936],[17.098817,48.153825],[17.098738,48.153777],[17.098833,48.153601],[17.099124,48.153402],[17.099032,48.153172],[17.098968,48.153163],[17.098976,48.153146],[17.098985,48.153126],[17.099074,48.153116],[17.099125,48.153108],[17.0993,48.153006],[17.099286,48.152993],[17.099329,48.152868],[17.099074,48.152697],[17.099358,48.152496],[17.099564,48.152365],[17.099668,48.152321],[17.099809,48.152278],[17.099802,48.152306],[17.09984,48.15233],[17.099903,48.152342],[17.100043,48.152372],[17.100149,48.152385],[17.100182,48.15231],[17.100279,48.152284],[17.100301,48.152281],[17.100383,48.152313],[17.100923,48.152657],[17.10098,48.152701],[17.101042,48.152752],[17.101087,48.152812],[17.101115,48.152862],[17.101124,48.152912],[17.101116,48.152959],[17.101103,48.153007],[17.101085,48.153051],[17.101063,48.153094],[17.101033,48.15314],[17.100701,48.153622],[17.100614,48.15373],[17.100533,48.15382],[17.100383,48.153968],[17.100189,48.15415],[17.100171,48.154178],[17.10016,48.154215],[17.100155,48.154267],[17.100161,48.154313],[17.100169,48.154368],[17.10013,48.154399],[17.100078,48.154563],[17.100061,48.15457],[17.099712,48.154543],[17.099681,48.154542],[17.099302,48.154536]]]},"properties":{"name":""}},{"type":"Feature","geometry":{"type":"Polygon","coordinates":[[[17.100293,48.147239],[17.100375,48.147324],[17.100519,48.147472],[17.101035,48.147249],[17.100891,48.147101],[17.100809,48.147016],[17.100293,48.147239]]]},"properties":{"name":"Slubekova z\u00e1hrada"}},{"type":"Feature","geometry":{"type":"Polygon","coordinates":[[[17.092498,48.152383],[17.092399,48.152436],[17.092335,48.15245],[17.092201,48.152532],[17.092592,48.15248],[17.092498,48.152383]]]},"properties":{"name":""}},{"type":"Feature","geometry":{"type":"Polygon","coordinates":[[[17.09214,48.152066],[17.092126,48.15216],[17.092089,48.152298],[17.092042,48.1524],[17.091991,48.15249],[17.091999,48.152513],[17.092023,48.152524],[17.092062,48.152523],[17.092276,48.152414],[17.092423,48.152307],[17.09214,48.152066]]]},"properties":{"name":""}},{"type":"Feature","geometry":{"type":"Polygon","coordinates":[[[17.085159,48.153191],[17.085113,48.153167],[17.085101,48.153138],[17.085116,48.153094],[17.085116,48.153025],[17.085069,48.152762],[17.085036,48.152648],[17.084942,48.152364],[17.084927,48.152313],[17.085088,48.152332],[17.085092,48.152347],[17.085334,48.152394],[17.085427,48.152454],[17.085159,48.153191]]]},"properties":{"name":""}},{"type":"Feature","geometry":{"type":"Polygon","coordinates":[[[17.091015,48.151398],[17.090699,48.151189],[17.090809,48.151116],[17.090868,48.151076],[17.091183,48.151285],[17.091015,48.151398]]]},"properties":{"name":""}},{"type":"Feature","geometry":{"type":"Polygon","coordinates":[[[17.103278,48.145132],[17.103306,48.145111],[17.103358,48.145114],[17.103504,48.145117],[17.103592,48.145078],[17.103646,48.145027],[17.103707,48.144952],[17.103716,48.145073],[17.103728,48.145217],[17.103809,48.14552],[17.103779,48.145529],[17.103725,48.145606],[17.103598,48.145631],[17.103278,48.145132]]]},"properties":{"name":""}},{"type":"Feature","geometry":{"type":"Polygon","coordinates":[[[17.102003,48.148333],[17.102215,48.14812],[17.102006,48.148036],[17.101804,48.148247],[17.102003,48.148333]]]},"properties":{"name":""}},{"type":"Feature","geometry":{"type":"Polygon","coordinates":[[[17.10267,48.146796],[17.10284,48.146689],[17.102869,48.14668],[17.102898,48.146675],[17.102921,48.146678],[17.103125,48.146737],[17.103102,48.146774],[17.102945,48.146731],[17.102943,48.146727],[17.102839,48.146741],[17.102841,48.146745],[17.102712,48.146823],[17.10267,48.146796]]]},"properties":{"name":""}},{"type":"Feature","geometry":{"type":"Polygon","coordinates":[[[17.100489,48.145036],[17.100122,48.145009],[17.100038,48.145006],[17.099953,48.145011],[17.099878,48.145021],[17.099749,48.145045],[17.099064,48.145185],[17.099024,48.145202],[17.099002,48.145236],[17.098999,48.145267],[17.099026,48.145326],[17.099043,48.145338],[17.099067,48.145342],[17.099402,48.145274],[17.099422,48.145263],[17.09943,48.145252],[17.099433,48.145239],[17.099431,48.145229],[17.099396,48.145148],[17.099397,48.145143],[17.099399,48.145139],[17.099405,48.145133],[17.099413,48.145131],[17.099588,48.145098],[17.099601,48.145099],[17.09961,48.145103],[17.099616,48.145109],[17.099619,48.145117],[17.099665,48.145214],[17.099669,48.145221],[17.099676,48.145225],[17.099682,48.145228],[17.09969,48.145228],[17.100478,48.145052],[17.100485,48.145051],[17.100488,48.145049],[17.10049,48.145045],[17.100491,48.145041],[17.100489,48.145036]]]},"properties":{"name":"Park \u0160karniclova"}},{"type":"Feature","geometry":{"type":"Polygon","coordinates":[[[17.101659,48.145347],[17.101647,48.145327],[17.101339,48.14539],[17.10093,48.145475],[17.100975,48.145571],[17.100997,48.145615],[17.101004,48.14563],[17.10172,48.145489],[17.101659,48.145347]]]},"properties":{"name":"Park Svoradova"}},{"type":"Feature","geometry":{"type":"Polygon","coordinates":[[[17.100447,48.146186],[17.100651,48.146147],[17.100506,48.145808],[17.100302,48.145846],[17.100447,48.146186]]]},"properties":{"name":""}},{"type":"Feature","geometry":{"type":"Polygon","coordinates":[[[17.099798,48.154428],[17.099712,48.154543],[17.099681,48.154542],[17.099302,48.154536],[17.098959,48.15452],[17.098433,48.15439],[17.098509,48.154287],[17.098581,48.154208],[17.098665,48.154136],[17.0987,48.154107],[17.098866,48.153993],[17.099209,48.154225],[17.099269,48.154219],[17.099365,48.154243],[17.099301,48.154382],[17.099798,48.154428]]]},"properties":{"name":""}},{"type":"Feature","geometry":{"type":"Polygon","coordinates":[[[17.099798,48.154428],[17.099301,48.154382],[17.099365,48.154243],[17.099269,48.154219],[17.099575,48.154212],[17.099632,48.154301],[17.099764,48.15432],[17.099798,48.154428]]]},"properties":{"name":""}},{"type":"Feature","geometry":{"type":"Polygon","coordinates":[[[17.099133,48.153476],[17.099011,48.1536],[17.09892,48.153705],[17.098951,48.153764],[17.098895,48.153936],[17.098887,48.153965],[17.098866,48.153993],[17.099209,48.154225],[17.099255,48.154057],[17.099259,48.154044],[17.09933,48.153767],[17.099346,48.153704],[17.099221,48.15369],[17.099269,48.153483],[17.099272,48.15347],[17.099276,48.153453],[17.099133,48.153476]]]},"properties":{"name":""}},{"type":"Feature","geometry":{"type":"Polygon","coordinates":[[[17.099276,48.153453],[17.099386,48.153025],[17.099158,48.153162],[17.099032,48.153172],[17.099124,48.153402],[17.098833,48.153601],[17.098738,48.153777],[17.098817,48.153825],[17.098895,48.153936],[17.098951,48.153764],[17.09892,48.153705],[17.099011,48.1536],[17.099133,48.153476],[17.099276,48.153453]]]},"properties":{"name":""}},{"type":"Feature","geometry":{"type":"Polygon","coordinates":[[[17.099803,48.152746],[17.099903,48.152342],[17.09984,48.15233],[17.099802,48.152306],[17.099809,48.152278],[17.099668,48.152321],[17.099564,48.152365],[17.099358,48.152496],[17.099074,48.152697],[17.099329,48.152868],[17.099286,48.152993],[17.0993,48.153006],[17.099337,48.152983],[17.099457,48.152907],[17.099475,48.15284],[17.099593,48.152861],[17.099621,48.152816],[17.099648,48.152791],[17.099684,48.152774],[17.099743,48.152761],[17.099803,48.152746]]]},"properties":{"name":""}},{"type":"Feature","geometry":{"type":"Polygon","coordinates":[[[17.100416,48.153698],[17.100599,48.153191],[17.101085,48.153051],[17.101063,48.153094],[17.101033,48.15314],[17.100701,48.153622],[17.100546,48.153534],[17.100416,48.153698]]]},"properties":{"name":""}},{"type":"Feature","geometry":{"type":"Polygon","coordinates":[[[17.100105,48.153107],[17.099844,48.153059],[17.09979,48.153272],[17.100037,48.153314],[17.10004,48.153302],[17.100073,48.153305],[17.1001,48.153309],[17.100153,48.153114],[17.100127,48.15311],[17.100112,48.153108],[17.100105,48.153107]]]},"properties":{"name":""}},{"type":"Feature","geometry":{"type":"Polygon","coordinates":[[[17.100117,48.153311],[17.100133,48.153316],[17.10013,48.153329],[17.100463,48.153386],[17.100539,48.153175],[17.100523,48.153173],[17.100516,48.153172],[17.100504,48.153169],[17.100171,48.153116],[17.100117,48.153311]]]},"properties":{"name":""}},{"type":"Feature","geometry":{"type":"Polygon","coordinates":[[[17.099367,48.153204],[17.099415,48.15303],[17.09942,48.153031],[17.099431,48.15302],[17.099447,48.153009],[17.099475,48.153007],[17.099742,48.153051],[17.099691,48.153256],[17.099367,48.153204]]]},"properties":{"name":""}},{"type":"Feature","geometry":{"type":"Polygon","coordinates":[[[17.10002,48.153356],[17.100026,48.153338],[17.099785,48.153296],[17.099727,48.153534],[17.099969,48.153575],[17.099978,48.153576],[17.100022,48.153585],[17.100082,48.153366],[17.100057,48.153362],[17.10002,48.153356]]]},"properties":{"name":""}},{"type":"Feature","geometry":{"type":"Polygon","coordinates":[[[17.1001,48.153369],[17.100118,48.153371],[17.100124,48.153356],[17.100452,48.153412],[17.10037,48.153646],[17.100039,48.153588],[17.1001,48.153369]]]},"properties":{"name":""}},{"type":"Feature","geometry":{"type":"Polygon","coordinates":[[[17.099626,48.153516],[17.099306,48.153461],[17.099363,48.153228],[17.099686,48.153282],[17.099626,48.153516]]]},"properties":{"name":""}},{"type":"Feature","geometry":{"type":"Polygon","coordinates":[[[17.101085,48.153051],[17.100599,48.153191],[17.100615,48.153142],[17.100228,48.153088],[17.10024,48.153047],[17.100259,48.152981],[17.100076,48.152945],[17.100086,48.152918],[17.100091,48.152891],[17.100085,48.152858],[17.100068,48.152826],[17.100042,48.152801],[17.099989,48.152774],[17.09995,48.152765],[17.100043,48.152372],[17.100149,48.152385],[17.100182,48.15231],[17.100279,48.152284],[17.100301,48.152281],[17.100383,48.152313],[17.100923,48.152657],[17.10098,48.152701],[17.101042,48.152752],[17.101087,48.152812],[17.101115,48.152862],[17.101124,48.152912],[17.101116,48.152959],[17.101103,48.153007],[17.101085,48.153051]]]},"properties":{"name":""}},{"type":"Feature","geometry":{"type":"Polygon","coordinates":[[[17.099575,48.154212],[17.099632,48.154301],[17.099764,48.15432],[17.099798,48.154428],[17.099712,48.154543],[17.100061,48.15457],[17.100078,48.154563],[17.10013,48.154399],[17.100169,48.154368],[17.100161,48.154313],[17.100155,48.154267],[17.10016,48.154215],[17.100171,48.154178],[17.100189,48.15415],[17.100383,48.153968],[17.100533,48.15382],[17.100614,48.15373],[17.100701,48.153622],[17.100546,48.153534],[17.100416,48.153698],[17.100051,48.153641],[17.100031,48.153706],[17.100012,48.153774],[17.099909,48.153761],[17.099809,48.154118],[17.099287,48.15406],[17.099269,48.154219],[17.099575,48.154212]]]},"properties":{"name":""}},{"type":"Feature","geometry":{"type":"Polygon","coordinates":[[[17.100027,48.152095],[17.100164,48.15194],[17.100119,48.151907],[17.100051,48.151941],[17.099999,48.151969],[17.099921,48.152029],[17.099909,48.15204],[17.0999,48.152051],[17.099896,48.152062],[17.099895,48.152074],[17.099897,48.152083],[17.099903,48.152093],[17.099911,48.152102],[17.099919,48.152107],[17.099928,48.152112],[17.099946,48.152118],[17.099967,48.15212],[17.099984,48.152118],[17.099997,48.152113],[17.100011,48.152107],[17.100027,48.152095]]]},"properties":{"name":""}},{"type":"Feature","geometry":{"type":"Polygon","coordinates":[[[17.092104,48.152659],[17.092551,48.152611],[17.093137,48.152541],[17.093478,48.152505],[17.093525,48.152758],[17.094048,48.152815],[17.093855,48.153572],[17.093923,48.153769],[17.093997,48.153826],[17.093568,48.154098],[17.093469,48.154134],[17.093192,48.154402],[17.092938,48.154302],[17.092272,48.153966],[17.092052,48.154093],[17.091478,48.153819],[17.091999,48.153432],[17.09184,48.153335],[17.091957,48.153242],[17.091623,48.153057],[17.091705,48.15304],[17.09178,48.152993],[17.091789,48.152994],[17.091813,48.152977],[17.09184,48.152931],[17.091851,48.152904],[17.091848,48.152871],[17.091835,48.152836],[17.091971,48.152747],[17.091993,48.152733],[17.092012,48.152737],[17.092058,48.152706],[17.092108,48.152673],[17.092104,48.152659]]]},"properties":{"name":"Mi\u010dur\u00edn"}},{"type":"Feature","geometry":{"type":"Polygon","coordinates":[[[17.10319,48.15506],[17.103287,48.155076],[17.103301,48.155079],[17.103297,48.155087],[17.103211,48.155098],[17.103211,48.155093],[17.103179,48.155088],[17.10319,48.15506]]]},"properties":{"name":""}},{"type":"Feature","geometry":{"type":"Polygon","coordinates":[[[17.102963,48.155171],[17.103032,48.155262],[17.10331,48.155168],[17.103302,48.155149],[17.103232,48.15516],[17.10319,48.15516],[17.103155,48.155153],[17.103139,48.1552],[17.102963,48.155171]]]},"properties":{"name":""}},{"type":"Feature","geometry":{"type":"Polygon","coordinates":[[[17.102891,48.155076],[17.102884,48.155114],[17.102932,48.155166],[17.102963,48.155171],[17.103139,48.1552],[17.103155,48.155153],[17.10319,48.15516],[17.103211,48.155098],[17.103211,48.155093],[17.103179,48.155088],[17.10319,48.15506],[17.103197,48.155041],[17.102979,48.155006],[17.102929,48.155016],[17.102898,48.155044],[17.102894,48.155062],[17.103012,48.155078],[17.103027,48.155068],[17.103047,48.155064],[17.10305,48.155053],[17.103074,48.155056],[17.10307,48.155067],[17.103081,48.155073],[17.10309,48.155082],[17.103093,48.155089],[17.103107,48.155091],[17.103102,48.155107],[17.103089,48.155105],[17.103079,48.155115],[17.103067,48.15512],[17.103052,48.155122],[17.103049,48.155133],[17.103027,48.15513],[17.103031,48.155119],[17.103022,48.155115],[17.10301,48.155106],[17.103006,48.155093],[17.102891,48.155076]]]},"properties":{"name":""}},{"type":"Feature","geometry":{"type":"Polygon","coordinates":[[[17.096582,48.157742],[17.097594,48.157653],[17.097653,48.157648],[17.097433,48.157533],[17.097629,48.157373],[17.097637,48.15723],[17.097289,48.157051],[17.097637,48.156564],[17.097287,48.156353],[17.096803,48.156374],[17.096485,48.156679],[17.09586,48.157218],[17.096148,48.157368],[17.096005,48.157549],[17.096034,48.157559],[17.096078,48.157572],[17.096326,48.157357],[17.096722,48.157562],[17.096582,48.157742]]]},"properties":{"name":"Pr\u00fcger-Wallnerova z\u00e1hrada"}},{"type":"Feature","geometry":{"type":"Polygon","coordinates":[[[17.090809,48.151116],[17.090636,48.150999],[17.090935,48.150801],[17.091347,48.151077],[17.091189,48.151186],[17.091342,48.15129],[17.091262,48.151338],[17.091183,48.151285],[17.090868,48.151076],[17.090809,48.151116]]]},"properties":{"name":""}},{"type":"Feature","geometry":{"type":"Polygon","coordinates":[[[17.103094,48.155618],[17.103117,48.155611],[17.103706,48.15542],[17.10373,48.155434],[17.103629,48.155916],[17.103469,48.155902],[17.10323,48.155695],[17.103212,48.155701],[17.103192,48.155708],[17.103094,48.155618]]]},"properties":{"name":"Z\u00e1kladn\u00e1 \u0161kola"}},{"type":"Feature","geometry":{"type":"Polygon","coordinates":[[[17.099654,48.157276],[17.099668,48.157278],[17.099675,48.157285],[17.099686,48.157422],[17.099682,48.157443],[17.099625,48.15751],[17.099593,48.157522],[17.099565,48.157524],[17.099532,48.157516],[17.099501,48.157496],[17.099482,48.157473],[17.099484,48.15744],[17.099507,48.157405],[17.09954,48.157373],[17.099654,48.157276]]]},"properties":{"name":""}},{"type":"Feature","geometry":{"type":"Polygon","coordinates":[[[17.086491,48.153313],[17.086394,48.153295],[17.086365,48.153398],[17.086361,48.153418],[17.086364,48.153454],[17.086369,48.15348],[17.086378,48.153497],[17.086392,48.153506],[17.086402,48.153507],[17.086413,48.153502],[17.086427,48.153492],[17.086491,48.153313]]]},"properties":{"name":""}},{"type":"Feature","geometry":{"type":"Polygon","coordinates":[[[17.102103,48.156235],[17.102477,48.156211],[17.102412,48.156103],[17.102259,48.155903],[17.101924,48.156028],[17.102103,48.156235]]]},"properties":{"name":""}},{"type":"Feature","geometry":{"type":"Polygon","coordinates":[[[17.090499,48.145373],[17.090577,48.145379],[17.090591,48.14537],[17.090589,48.145343],[17.090578,48.145328],[17.090525,48.145276],[17.090514,48.14528],[17.090499,48.145373]]]},"properties":{"name":""}},{"type":"Feature","geometry":{"type":"Polygon","coordinates":[[[17.109748,48.146138],[17.109172,48.145953],[17.109101,48.145777],[17.11004,48.145655],[17.110052,48.145697],[17.109725,48.145807],[17.109564,48.145859],[17.109593,48.14596],[17.110144,48.145772],[17.109748,48.146138]]]},"properties":{"name":""}},{"type":"Feature","geometry":{"type":"Polygon","coordinates":[[[17.107332,48.149414],[17.107131,48.149379],[17.107112,48.149499],[17.106984,48.150566],[17.106973,48.150649],[17.107157,48.150658],[17.107248,48.150663],[17.107308,48.151164],[17.10736,48.151561],[17.107362,48.151569],[17.109441,48.15136],[17.109334,48.151037],[17.109284,48.151046],[17.109272,48.150994],[17.109252,48.150909],[17.109279,48.150904],[17.108661,48.149631],[17.108626,48.14956],[17.108435,48.149591],[17.108335,48.149419],[17.108323,48.149402],[17.10829,48.149382],[17.108258,48.149373],[17.108215,48.149371],[17.108148,48.149374],[17.108105,48.149389],[17.10807,48.149411],[17.108049,48.149437],[17.108019,48.14947],[17.107977,48.149502],[17.107916,48.14953],[17.107861,48.149547],[17.107783,48.149556],[17.107713,48.149555],[17.107632,48.149542],[17.107551,48.149511],[17.107451,48.149451],[17.10743,48.149442],[17.107353,48.149446],[17.107338,48.149443],[17.107332,48.149414]]]},"properties":{"name":"Grasalkovi\u010dova z\u00e1hrada"}},{"type":"Feature","geometry":{"type":"Polygon","coordinates":[[[17.117476,48.149632],[17.117494,48.149584],[17.118834,48.149236],[17.120165,48.149084],[17.120916,48.149166],[17.121291,48.149206],[17.121396,48.149382],[17.121467,48.149382],[17.121538,48.149484],[17.121482,48.149523],[17.121625,48.149757],[17.121638,48.149778],[17.120395,48.150126],[17.12036,48.150124],[17.12033,48.150102],[17.120316,48.150107],[17.120316,48.150137],[17.12029,48.150155],[17.118625,48.150622],[17.118472,48.150401],[17.118448,48.150295],[17.118382,48.150241],[17.118232,48.150002],[17.118181,48.149991],[17.118032,48.15003],[17.117854,48.150006],[17.117791,48.150237],[17.117768,48.15021],[17.117733,48.150201],[17.117686,48.150202],[17.11757,48.149949],[17.117438,48.149661],[17.117476,48.149632]]]},"properties":{"name":"Medick\u00e1 z\u00e1hrada"}},{"type":"Feature","geometry":{"type":"Polygon","coordinates":[[[17.120401,48.14899],[17.120334,48.148948],[17.121074,48.147974],[17.121088,48.147957],[17.121101,48.147939],[17.121105,48.147932],[17.121137,48.147943],[17.121456,48.148036],[17.12155,48.14794],[17.121499,48.147918],[17.121588,48.147828],[17.121631,48.147779],[17.121541,48.147745],[17.121589,48.147696],[17.121622,48.147714],[17.121626,48.147709],[17.121659,48.147728],[17.121692,48.147701],[17.121655,48.147684],[17.121659,48.147681],[17.121654,48.14768],[17.121643,48.147674],[17.121598,48.14765],[17.121499,48.147584],[17.121413,48.147553],[17.121433,48.14753],[17.121661,48.147313],[17.122272,48.146782],[17.122399,48.146771],[17.123217,48.146942],[17.123956,48.147093],[17.124114,48.147536],[17.124319,48.14789],[17.124748,48.149088],[17.12404,48.149287],[17.123158,48.149294],[17.122472,48.149218],[17.122406,48.149211],[17.121381,48.149097],[17.120401,48.14899]]]},"properties":{"name":"Ondrejsk\u00fd cintor\u00edn"}},{"type":"Feature","geometry":{"type":"Polygon","coordinates":[[[17.119947,48.157968],[17.120013,48.157971],[17.120072,48.158],[17.120233,48.15817],[17.120103,48.158216],[17.120162,48.158288],[17.120284,48.158426],[17.120217,48.158502],[17.120132,48.158537],[17.1203,48.158744],[17.120308,48.158773],[17.120275,48.158789],[17.119864,48.15894],[17.119793,48.158951],[17.119731,48.158914],[17.119624,48.158907],[17.1195,48.158975],[17.119409,48.159033],[17.119309,48.159091],[17.119285,48.159121],[17.119287,48.159183],[17.119588,48.159546],[17.118419,48.159976],[17.118021,48.159505],[17.117941,48.159535],[17.11724,48.158625],[17.117498,48.158487],[17.117448,48.158428],[17.117373,48.158338],[17.1172,48.15813],[17.117279,48.158072],[17.117545,48.157941],[17.118265,48.157595],[17.118868,48.15771],[17.118854,48.157743],[17.118852,48.157815],[17.118954,48.157853],[17.118987,48.15787],[17.119005,48.157881],[17.119043,48.157914],[17.119075,48.15796],[17.119096,48.158009],[17.119184,48.158068],[17.119364,48.158224],[17.11967,48.158089],[17.119947,48.157968]]]},"properties":{"name":"Park Ra\u010dianske m\u00fdto"}},{"type":"Feature","geometry":{"type":"Polygon","coordinates":[[[17.1119,48.151131],[17.112068,48.151303],[17.112469,48.15171],[17.112517,48.151757],[17.112574,48.151812],[17.113001,48.152245],[17.113076,48.15232],[17.113186,48.152437],[17.1126,48.152707],[17.112546,48.152731],[17.112406,48.152797],[17.11225,48.15286],[17.112201,48.152879],[17.111707,48.153095],[17.110917,48.153449],[17.110633,48.153573],[17.110608,48.153532],[17.110501,48.153365],[17.110434,48.153225],[17.110334,48.152918],[17.110183,48.152438],[17.110145,48.152327],[17.11009,48.152159],[17.109931,48.151805],[17.109926,48.151745],[17.110004,48.15171],[17.110026,48.151729],[17.110384,48.151573],[17.110387,48.151572],[17.110421,48.151602],[17.110644,48.151503],[17.11089,48.15147],[17.111146,48.151353],[17.111237,48.151247],[17.111773,48.151001],[17.111858,48.151089],[17.1119,48.151131]]]},"properties":{"name":"Park na N\u00e1mest\u00ed slobody"}},{"type":"Feature","geometry":{"type":"Polygon","coordinates":[[[17.110122,48.15447],[17.11084,48.154143],[17.110846,48.154091],[17.110522,48.153745],[17.110362,48.15353],[17.110235,48.153311],[17.110049,48.153343],[17.109901,48.153364],[17.110002,48.153787],[17.109867,48.153799],[17.110122,48.15447]]]},"properties":{"name":""}},{"type":"Feature","geometry":{"type":"Polygon","coordinates":[[[17.112322,48.150115],[17.112551,48.150041],[17.113287,48.149683],[17.1134,48.149618],[17.113609,48.149474],[17.113553,48.149412],[17.113293,48.149174],[17.113259,48.149171],[17.112639,48.149372],[17.112172,48.14953],[17.112091,48.14956],[17.111726,48.149692],[17.111722,48.149711],[17.11219,48.150129],[17.112289,48.150086],[17.112322,48.150115]]]},"properties":{"name":"Park na Koll\u00e1rovom n\u00e1mest\u00ed"}},{"type":"Feature","geometry":{"type":"Polygon","coordinates":[[[17.121185,48.154727],[17.121632,48.155245],[17.121309,48.155373],[17.121265,48.155389],[17.121231,48.155402],[17.120944,48.15551],[17.120513,48.154982],[17.121185,48.154727]]]},"properties":{"name":"Park na Kme\u0165ovom n\u00e1mest\u00ed"}},{"type":"Feature","geometry":{"type":"Polygon","coordinates":[[[17.104513,48.1455],[17.104461,48.145266],[17.104656,48.145245],[17.104712,48.145477],[17.104513,48.1455]]]},"properties":{"name":""}},{"type":"Feature","geometry":{"type":"Polygon","coordinates":[[[17.107601,48.157379],[17.107859,48.157649],[17.108016,48.157581],[17.107758,48.157311],[17.107601,48.157379]]]},"properties":{"name":""}},{"type":"Feature","geometry":{"type":"Polygon","coordinates":[[[17.107582,48.157359],[17.107302,48.157069],[17.107483,48.157001],[17.107739,48.157291],[17.107582,48.157359]]]},"properties":{"name":""}},{"type":"Feature","geometry":{"type":"Polygon","coordinates":[[[17.110784,48.145795],[17.110939,48.145876],[17.110731,48.146055],[17.11054,48.145956],[17.110784,48.145795]]]},"properties":{"name":""}},{"type":"Feature","geometry":{"type":"Polygon","coordinates":[[[17.108999,48.155455],[17.10895,48.155379],[17.108889,48.155287],[17.108798,48.155312],[17.108691,48.155139],[17.108273,48.155261],[17.108258,48.155287],[17.108223,48.155438],[17.108301,48.155453],[17.108843,48.155555],[17.109064,48.155597],[17.109074,48.155572],[17.109047,48.155531],[17.108999,48.155455]]]},"properties":{"name":""}},{"type":"Feature","geometry":{"type":"Polygon","coordinates":[[[17.11821,48.151037],[17.11818,48.151027],[17.118114,48.151014],[17.118095,48.151012],[17.118081,48.151018],[17.118071,48.15103],[17.118223,48.151705],[17.118233,48.151722],[17.118253,48.15173],[17.118276,48.151727],[17.118405,48.151632],[17.118361,48.151604],[17.118327,48.151582],[17.118357,48.151558],[17.11831,48.15153],[17.118406,48.151461],[17.118485,48.151506],[17.118503,48.151496],[17.118545,48.151524],[17.118744,48.151382],[17.118764,48.151363],[17.118772,48.151343],[17.118767,48.151309],[17.118759,48.151297],[17.118737,48.151283],[17.11821,48.151037]]]},"properties":{"name":"Par\u010d\u00edk pri Avione"}},{"type":"Feature","geometry":{"type":"Polygon","coordinates":[[[17.118417,48.152493],[17.1184,48.152483],[17.118321,48.152346],[17.118316,48.152333],[17.118315,48.152322],[17.11832,48.152316],[17.118329,48.152318],[17.118506,48.152414],[17.118522,48.152428],[17.118518,48.152434],[17.118485,48.152439],[17.118459,48.152452],[17.118433,48.15247],[17.118425,48.152483],[17.118417,48.152493]]]},"properties":{"name":""}},{"type":"Feature","geometry":{"type":"Polygon","coordinates":[[[17.120154,48.157106],[17.120133,48.157072],[17.11991,48.15639],[17.119939,48.156382],[17.120024,48.156365],[17.120234,48.156649],[17.120227,48.156652],[17.12023,48.156655],[17.120464,48.156581],[17.120458,48.156572],[17.120498,48.15656],[17.120542,48.156546],[17.120549,48.156555],[17.120668,48.156518],[17.12079,48.156681],[17.120814,48.156715],[17.120837,48.156743],[17.12085,48.15676],[17.121429,48.156576],[17.121416,48.156559],[17.121493,48.156532],[17.121797,48.156436],[17.121861,48.156431],[17.121922,48.156459],[17.122035,48.156617],[17.120335,48.157145],[17.120154,48.157106]]]},"properties":{"name":"Park na Legion\u00e1rskej ulici - \u010cere\u0161\u0148ov\u00fd sad"}},{"type":"Feature","geometry":{"type":"Polygon","coordinates":[[[17.117461,48.153627],[17.117719,48.153632],[17.117705,48.153988],[17.117447,48.153983],[17.117461,48.153627]]]},"properties":{"name":""}},{"type":"Feature","geometry":{"type":"Polygon","coordinates":[[[17.116532,48.153685],[17.116667,48.153833],[17.116358,48.153965],[17.116226,48.153813],[17.116532,48.153685]]]},"properties":{"name":""}},{"type":"Feature","geometry":{"type":"Polygon","coordinates":[[[17.107242,48.146348],[17.107224,48.146349],[17.107214,48.146338],[17.107224,48.14614],[17.107228,48.146081],[17.107236,48.146074],[17.107254,48.146074],[17.107578,48.146176],[17.107586,48.146185],[17.107582,48.146195],[17.107242,48.146348]]]},"properties":{"name":""}},{"type":"Feature","geometry":{"type":"Polygon","coordinates":[[[17.10869,48.145077],[17.108859,48.145085],[17.108977,48.145093],[17.109017,48.14508],[17.109147,48.144846],[17.109136,48.144829],[17.108913,48.144747],[17.108831,48.144718],[17.10869,48.145077]]]},"properties":{"name":"Franti\u0161k\u00e1nska z\u00e1hrada"}},{"type":"Feature","geometry":{"type":"Polygon","coordinates":[[[17.110208,48.152464],[17.110569,48.152382],[17.11064,48.152521],[17.1107,48.152589],[17.110762,48.152654],[17.110344,48.152889],[17.110208,48.152464]]]},"properties":{"name":""}},{"type":"Feature","geometry":{"type":"Polygon","coordinates":[[[17.111746,48.151694],[17.111749,48.151624],[17.111598,48.151616],[17.111517,48.151615],[17.111425,48.151625],[17.111489,48.151724],[17.111613,48.1517],[17.111746,48.151694]]]},"properties":{"name":""}},{"type":"Feature","geometry":{"type":"Polygon","coordinates":[[[17.111113,48.151996],[17.111175,48.1519],[17.111264,48.151823],[17.111096,48.151712],[17.110939,48.151804],[17.110865,48.15187],[17.110803,48.151933],[17.111113,48.151996]]]},"properties":{"name":""}},{"type":"Feature","geometry":{"type":"Polygon","coordinates":[[[17.111745,48.153065],[17.111842,48.153024],[17.11182,48.153002],[17.111891,48.15297],[17.111907,48.152987],[17.111997,48.152948],[17.111981,48.152932],[17.112063,48.152896],[17.112084,48.152918],[17.112175,48.152878],[17.112124,48.152792],[17.112021,48.152831],[17.111887,48.15287],[17.111735,48.152888],[17.111745,48.153065]]]},"properties":{"name":""}},{"type":"Feature","geometry":{"type":"Polygon","coordinates":[[[17.110691,48.152274],[17.111065,48.152218],[17.111052,48.152148],[17.111055,48.152098],[17.111062,48.152053],[17.110737,48.152024],[17.110696,48.152145],[17.110691,48.152274]]]},"properties":{"name":""}},{"type":"Feature","geometry":{"type":"Polygon","coordinates":[[[17.111759,48.152502],[17.111875,48.152488],[17.111837,48.1524],[17.111748,48.152407],[17.111759,48.152502]]]},"properties":{"name":""}},{"type":"Feature","geometry":{"type":"Polygon","coordinates":[[[17.112169,48.152354],[17.112232,48.152286],[17.112112,48.152248],[17.112062,48.1523],[17.112169,48.152354]]]},"properties":{"name":""}},{"type":"Feature","geometry":{"type":"Polygon","coordinates":[[[17.110869,48.152593],[17.111203,48.152406],[17.111124,48.152324],[17.111075,48.15224],[17.110694,48.152316],[17.110715,48.152398],[17.110758,48.152473],[17.11081,48.152536],[17.110869,48.152593]]]},"properties":{"name":""}},{"type":"Feature","geometry":{"type":"Polygon","coordinates":[[[17.111942,48.152397],[17.112023,48.152363],[17.112114,48.152432],[17.112061,48.152457],[17.112009,48.152479],[17.111942,48.152397]]]},"properties":{"name":""}},{"type":"Feature","geometry":{"type":"Polygon","coordinates":[[[17.111959,48.152515],[17.111845,48.15254],[17.111732,48.152549],[17.111733,48.152596],[17.111737,48.152834],[17.111825,48.152822],[17.111914,48.152801],[17.11201,48.152775],[17.112093,48.152742],[17.111987,48.152562],[17.111959,48.152515]]]},"properties":{"name":""}},{"type":"Feature","geometry":{"type":"Polygon","coordinates":[[[17.11244,48.152581],[17.112539,48.15245],[17.112578,48.152333],[17.112734,48.152368],[17.112789,48.152342],[17.113051,48.152393],[17.113118,48.15246],[17.11298,48.152521],[17.112959,48.152499],[17.112876,48.152536],[17.11289,48.152552],[17.11276,48.15261],[17.112742,48.152596],[17.112661,48.152633],[17.112685,48.152654],[17.112602,48.152693],[17.11244,48.152581]]]},"properties":{"name":""}},{"type":"Feature","geometry":{"type":"Polygon","coordinates":[[[17.111171,48.152221],[17.111215,48.152292],[17.111247,48.152329],[17.111281,48.152362],[17.111389,48.152305],[17.111335,48.152253],[17.1113,48.152198],[17.111171,48.152221]]]},"properties":{"name":""}},{"type":"Feature","geometry":{"type":"Polygon","coordinates":[[[17.111456,48.152484],[17.111513,48.152401],[17.111655,48.152429],[17.111636,48.152519],[17.111545,48.152505],[17.111456,48.152484]]]},"properties":{"name":""}},{"type":"Feature","geometry":{"type":"Polygon","coordinates":[[[17.11112,48.152142],[17.111255,48.152138],[17.111255,48.152075],[17.111127,48.152061],[17.11112,48.152142]]]},"properties":{"name":""}},{"type":"Feature","geometry":{"type":"Polygon","coordinates":[[[17.112379,48.152544],[17.112451,48.152446],[17.112504,48.152312],[17.112325,48.152267],[17.11226,48.152349],[17.112178,48.152415],[17.112379,48.152544]]]},"properties":{"name":""}},{"type":"Feature","geometry":{"type":"Polygon","coordinates":[[[17.110727,48.151914],[17.110843,48.151794],[17.110968,48.151709],[17.11104,48.151673],[17.110963,48.151623],[17.110923,48.151597],[17.110833,48.151637],[17.110854,48.151659],[17.110772,48.151695],[17.110755,48.151682],[17.110656,48.15173],[17.110671,48.151741],[17.110585,48.15178],[17.110562,48.151759],[17.110432,48.151817],[17.11042,48.151849],[17.110727,48.151914]]]},"properties":{"name":""}},{"type":"Feature","geometry":{"type":"Polygon","coordinates":[[[17.112174,48.152452],[17.112354,48.152575],[17.112247,48.152655],[17.112137,48.15272],[17.112005,48.152525],[17.112105,48.152491],[17.112174,48.152452]]]},"properties":{"name":""}},{"type":"Feature","geometry":{"type":"Polygon","coordinates":[[[17.110933,48.153432],[17.11122,48.1533],[17.111199,48.153281],[17.111258,48.153253],[17.111273,48.153267],[17.111324,48.153243],[17.111311,48.15323],[17.111385,48.153196],[17.111401,48.15321],[17.111509,48.153159],[17.111471,48.153124],[17.11156,48.153082],[17.111586,48.153107],[17.111628,48.153087],[17.111643,48.153101],[17.111668,48.15309],[17.111679,48.152891],[17.111492,48.15289],[17.111481,48.152924],[17.111328,48.152906],[17.111167,48.15287],[17.110828,48.153328],[17.110933,48.153432]]]},"properties":{"name":""}},{"type":"Feature","geometry":{"type":"Polygon","coordinates":[[[17.110365,48.152966],[17.110529,48.15287],[17.110928,48.153069],[17.11075,48.153301],[17.110511,48.153343],[17.11044,48.153186],[17.110365,48.152966]]]},"properties":{"name":""}},{"type":"Feature","geometry":{"type":"Polygon","coordinates":[[[17.111228,48.152788],[17.111341,48.152817],[17.111461,48.152831],[17.111564,48.152838],[17.11168,48.152837],[17.111691,48.152614],[17.111693,48.152572],[17.11156,48.152559],[17.111429,48.152525],[17.111401,48.152561],[17.111228,48.152788]]]},"properties":{"name":""}},{"type":"Feature","geometry":{"type":"Polygon","coordinates":[[[17.111397,48.151576],[17.111554,48.151563],[17.111759,48.151568],[17.111763,48.151413],[17.111818,48.15139],[17.111846,48.151212],[17.111778,48.15121],[17.111731,48.151231],[17.111755,48.151255],[17.11167,48.151291],[17.111655,48.151276],[17.111564,48.151315],[17.111604,48.151357],[17.111511,48.151401],[17.111484,48.151375],[17.111411,48.151406],[17.111389,48.151387],[17.111304,48.151427],[17.111328,48.151461],[17.111397,48.151576]]]},"properties":{"name":""}},{"type":"Feature","geometry":{"type":"Polygon","coordinates":[[[17.107215,48.156957],[17.107429,48.156964],[17.107479,48.156635],[17.107266,48.156621],[17.107215,48.156957]]]},"properties":{"name":""}},{"type":"Feature","geometry":{"type":"Polygon","coordinates":[[[17.112891,48.154593],[17.113423,48.155119],[17.113691,48.154991],[17.113956,48.154868],[17.113436,48.154348],[17.112913,48.154584],[17.112891,48.154593]]]},"properties":{"name":"Park Belopotock\u00e9ho"}},{"type":"Feature","geometry":{"type":"Polygon","coordinates":[[[17.119172,48.150711],[17.119624,48.150591],[17.119522,48.150419],[17.119069,48.150539],[17.119172,48.150711]]]},"properties":{"name":""}},{"type":"Feature","geometry":{"type":"Polygon","coordinates":[[[17.103375,48.147479],[17.103537,48.147544],[17.103651,48.147419],[17.103489,48.147354],[17.103375,48.147479]]]},"properties":{"name":""}},{"type":"Feature","geometry":{"type":"Polygon","coordinates":[[[17.107729,48.152311],[17.107726,48.152333],[17.107892,48.153036],[17.107938,48.153069],[17.108058,48.153366],[17.108654,48.153255],[17.108704,48.153373],[17.109429,48.153281],[17.109936,48.153225],[17.109888,48.153039],[17.109846,48.153018],[17.109311,48.153083],[17.109232,48.152741],[17.109112,48.152641],[17.109034,48.152419],[17.109094,48.152216],[17.108977,48.15173],[17.108648,48.151703],[17.108566,48.151612],[17.107517,48.151692],[17.107729,48.152311]]]},"properties":{"name":"Lippayova z\u00e1hrada"}},{"type":"Feature","geometry":{"type":"Polygon","coordinates":[[[17.105746,48.145539],[17.105779,48.145508],[17.106064,48.145642],[17.106031,48.145673],[17.105746,48.145539]]]},"properties":{"name":""}},{"type":"Feature","geometry":{"type":"Polygon","coordinates":[[[17.105543,48.145488],[17.105662,48.145527],[17.105686,48.145495],[17.105567,48.145456],[17.105543,48.145488]]]},"properties":{"name":""}},{"type":"Feature","geometry":{"type":"Polygon","coordinates":[[[17.105682,48.145437],[17.105805,48.145477],[17.10583,48.145444],[17.105707,48.145404],[17.105682,48.145437]]]},"properties":{"name":""}},{"type":"Feature","geometry":{"type":"Polygon","coordinates":[[[17.111906,48.151626],[17.111945,48.151512],[17.111912,48.151476],[17.111953,48.151351],[17.112068,48.151303],[17.112469,48.15171],[17.11231,48.151796],[17.112241,48.151748],[17.112161,48.151701],[17.112009,48.151648],[17.111906,48.151626]]]},"properties":{"name":""}},{"type":"Feature","geometry":{"type":"Polygon","coordinates":[[[17.110156,48.152298],[17.110603,48.152248],[17.110613,48.152128],[17.110661,48.152017],[17.110462,48.151995],[17.110411,48.151949],[17.110144,48.151913],[17.110028,48.151966],[17.110156,48.152298]]]},"properties":{"name":""}},{"type":"Feature","geometry":{"type":"Polygon","coordinates":[[[17.112472,48.152195],[17.112649,48.152217],[17.112688,48.152252],[17.112919,48.152279],[17.113001,48.152245],[17.112574,48.151812],[17.112395,48.151876],[17.112434,48.151934],[17.11247,48.152017],[17.112483,48.152116],[17.112472,48.152195]]]},"properties":{"name":""}},{"type":"Feature","geometry":{"type":"Polygon","coordinates":[[[17.113378,48.15357],[17.113161,48.153352],[17.113632,48.15314],[17.113664,48.153141],[17.113703,48.153151],[17.113893,48.153349],[17.113378,48.15357]]]},"properties":{"name":"Park Jozefa Murga\u0161a"}},{"type":"Feature","geometry":{"type":"Polygon","coordinates":[[[17.109851,48.155235],[17.110171,48.155145],[17.110132,48.155053],[17.110063,48.155088],[17.109919,48.154858],[17.109965,48.154798],[17.109631,48.154894],[17.109665,48.154946],[17.109739,48.155061],[17.109851,48.155235]]]},"properties":{"name":""}},{"type":"Feature","geometry":{"type":"Polygon","coordinates":[[[17.10669,48.147439],[17.106672,48.147457],[17.106646,48.14747],[17.106614,48.147476],[17.106582,48.147475],[17.106564,48.147472],[17.106536,48.147459],[17.106568,48.147432],[17.106622,48.147385],[17.106653,48.147359],[17.106674,48.147368],[17.106687,48.14738],[17.106695,48.147396],[17.106698,48.147417],[17.10669,48.147439]]]},"properties":{"name":""}},{"type":"Feature","geometry":{"type":"Polygon","coordinates":[[[17.113521,48.14476],[17.113335,48.144706],[17.113315,48.144701],[17.113293,48.144702],[17.113273,48.144708],[17.113256,48.144717],[17.113246,48.144729],[17.113242,48.144743],[17.113244,48.144757],[17.113254,48.14477],[17.113269,48.14478],[17.113288,48.144786],[17.113441,48.144836],[17.113459,48.144845],[17.11348,48.14485],[17.113502,48.14485],[17.113524,48.144846],[17.113542,48.144837],[17.113555,48.144825],[17.113562,48.14481],[17.113562,48.144796],[17.113555,48.144781],[17.113541,48.14477],[17.113521,48.14476]]]},"properties":{"name":""}},{"type":"Feature","geometry":{"type":"Polygon","coordinates":[[[17.113745,48.144894],[17.113727,48.144908],[17.113655,48.144964],[17.113643,48.144971],[17.113636,48.14498],[17.113632,48.14499],[17.113634,48.145],[17.113641,48.145009],[17.113652,48.145017],[17.113666,48.145021],[17.113681,48.145023],[17.113696,48.145021],[17.113733,48.145012],[17.113843,48.144973],[17.113865,48.144958],[17.113876,48.144942],[17.113878,48.144925],[17.113871,48.144908],[17.113857,48.144894],[17.113836,48.144883],[17.113812,48.144878],[17.113788,48.144878],[17.113764,48.144884],[17.113745,48.144894]]]},"properties":{"name":""}},{"type":"Feature","geometry":{"type":"Polygon","coordinates":[[[17.104253,48.149572],[17.104209,48.149408],[17.104622,48.149359],[17.104666,48.149523],[17.104253,48.149572]]]},"properties":{"name":""}},{"type":"Feature","geometry":{"type":"Polygon","coordinates":[[[17.106916,48.145389],[17.106993,48.145257],[17.107678,48.145414],[17.107748,48.145477],[17.107771,48.145488],[17.107651,48.145484],[17.107316,48.145421],[17.107152,48.145571],[17.10707,48.145542],[17.107046,48.145516],[17.107027,48.145515],[17.107,48.145519],[17.106953,48.1455],[17.107003,48.145414],[17.106916,48.145389]]]},"properties":{"name":""}},{"type":"Feature","geometry":{"type":"Polygon","coordinates":[[[17.111045,48.154307],[17.111248,48.154514],[17.111219,48.154523],[17.111167,48.154526],[17.111134,48.154543],[17.111084,48.154556],[17.110919,48.154573],[17.11082,48.154611],[17.11062,48.154637],[17.110571,48.154531],[17.110572,48.15452],[17.110585,48.154508],[17.111045,48.154307]]]},"properties":{"name":""}},{"type":"Feature","geometry":{"type":"Polygon","coordinates":[[[17.120143,48.151839],[17.120639,48.152184],[17.120778,48.152081],[17.120777,48.152033],[17.120313,48.151823],[17.120172,48.151792],[17.120116,48.151794],[17.120143,48.151839]]]},"properties":{"name":""}},{"type":"Feature","geometry":{"type":"Polygon","coordinates":[[[17.118592,48.145686],[17.118881,48.145778],[17.118778,48.145918],[17.118481,48.14631],[17.118705,48.146385],[17.118699,48.146395],[17.118688,48.14639],[17.118671,48.14641],[17.118395,48.146319],[17.118348,48.146303],[17.117848,48.146133],[17.118029,48.145867],[17.117969,48.145815],[17.118161,48.145549],[17.118592,48.145686]]]},"properties":{"name":"Park na Dunajskej ulici - Ve\u0161el\u00e9niho (Wesselenyiho) z\u00e1hrada"}},{"type":"Feature","geometry":{"type":"Polygon","coordinates":[[[17.115318,48.144882],[17.115334,48.144857],[17.115338,48.144858],[17.115361,48.144822],[17.115378,48.144794],[17.115374,48.144793],[17.115393,48.144758],[17.115306,48.144811],[17.115215,48.144945],[17.115417,48.145014],[17.115483,48.144983],[17.115586,48.145073],[17.115713,48.14501],[17.115753,48.144954],[17.115612,48.144929],[17.115489,48.14491],[17.115486,48.144917],[17.11543,48.144908],[17.115434,48.144901],[17.115318,48.144882]]]},"properties":{"name":""}},{"type":"Feature","geometry":{"type":"Polygon","coordinates":[[[17.11614,48.14516],[17.115772,48.145049],[17.115637,48.145116],[17.115881,48.145341],[17.115815,48.145375],[17.115736,48.145489],[17.115733,48.145503],[17.11574,48.145519],[17.11575,48.145532],[17.115764,48.145544],[17.115794,48.145556],[17.115835,48.145492],[17.115876,48.145504],[17.115883,48.145494],[17.115885,48.14549],[17.115824,48.145474],[17.115868,48.145402],[17.115947,48.145423],[17.115995,48.145354],[17.115964,48.145344],[17.115987,48.145317],[17.116015,48.145327],[17.116057,48.14527],[17.116043,48.145263],[17.116068,48.145225],[17.116082,48.145222],[17.116098,48.145225],[17.11614,48.14516]]]},"properties":{"name":""}},{"type":"Feature","geometry":{"type":"Polygon","coordinates":[[[17.107663,48.147883],[17.107636,48.14787],[17.107606,48.147861],[17.107574,48.147859],[17.107542,48.147865],[17.107515,48.147877],[17.107496,48.147895],[17.107487,48.147916],[17.107489,48.147938],[17.107502,48.147958],[17.107521,48.147971],[17.107541,48.147981],[17.107574,48.147955],[17.107625,48.147913],[17.107663,48.147883]]]},"properties":{"name":""}},{"type":"Feature","geometry":{"type":"Polygon","coordinates":[[[17.107385,48.157769],[17.107392,48.157783],[17.107396,48.157797],[17.1074,48.157811],[17.107402,48.157825],[17.107401,48.157841],[17.107398,48.157855],[17.107392,48.157869],[17.107384,48.157883],[17.107374,48.157898],[17.107364,48.15791],[17.10735,48.157924],[17.107332,48.157939],[17.107316,48.157948],[17.107296,48.157959],[17.107279,48.15794],[17.107231,48.157956],[17.107243,48.157976],[17.107225,48.157981],[17.107205,48.157985],[17.107183,48.157987],[17.107165,48.157988],[17.107139,48.157987],[17.107114,48.157986],[17.107089,48.157981],[17.107067,48.157976],[17.107048,48.15797],[17.107059,48.157953],[17.10707,48.157946],[17.107102,48.157958],[17.107121,48.157955],[17.107135,48.157937],[17.107127,48.157907],[17.107089,48.157897],[17.107079,48.157873],[17.10705,48.157862],[17.10705,48.157843],[17.107028,48.157825],[17.106995,48.157827],[17.106968,48.157818],[17.106951,48.157799],[17.106913,48.157799],[17.106919,48.157677],[17.106917,48.157652],[17.106915,48.157629],[17.106911,48.157605],[17.106904,48.157578],[17.106866,48.157476],[17.106866,48.157472],[17.10687,48.157471],[17.106876,48.157472],[17.10689,48.157482],[17.106904,48.157493],[17.10692,48.157503],[17.106936,48.157513],[17.106958,48.157523],[17.107025,48.157556],[17.107227,48.15765],[17.107261,48.157668],[17.107298,48.157691],[17.107341,48.15772],[17.107356,48.157733],[17.107367,48.157744],[17.107336,48.157747],[17.107314,48.157744],[17.107297,48.157734],[17.107288,48.157716],[17.107279,48.1577],[17.107257,48.157691],[17.107241,48.157676],[17.107207,48.157673],[17.107178,48.15768],[17.107163,48.157696],[17.107176,48.157718],[17.107166,48.157733],[17.10713,48.15775],[17.107114,48.157762],[17.107084,48.157767],[17.107078,48.157784],[17.10709,48.157808],[17.107125,48.157818],[17.107187,48.157848],[17.107219,48.157851],[17.107259,48.157864],[17.10726,48.157883],[17.107283,48.157893],[17.107313,48.15789],[17.107342,48.157879],[17.107358,48.157862],[17.107381,48.157854],[17.107389,48.157837],[17.107383,48.157811],[17.107363,48.157806],[17.107358,48.157794],[17.107369,48.157777],[17.107385,48.157769]]]},"properties":{"name":""}},{"type":"Feature","geometry":{"type":"Polygon","coordinates":[[[17.120849,48.153368],[17.120974,48.1533],[17.120975,48.15327],[17.120916,48.153231],[17.120773,48.153321],[17.120778,48.153351],[17.120809,48.15337],[17.120849,48.153368]]]},"properties":{"name":""}},{"type":"Feature","geometry":{"type":"Polygon","coordinates":[[[17.106884,48.15726],[17.107099,48.157284],[17.107101,48.157274],[17.107169,48.156974],[17.106961,48.156947],[17.106884,48.15726]]]},"properties":{"name":""}},{"type":"Feature","geometry":{"type":"Polygon","coordinates":[[[17.117797,48.146219],[17.11787,48.146245],[17.117805,48.146352],[17.118069,48.146443],[17.118119,48.146377],[17.118168,48.146313],[17.118308,48.146361],[17.118348,48.146303],[17.117848,48.146133],[17.117821,48.146125],[17.117775,48.14611],[17.117771,48.146114],[17.117544,48.146034],[17.117487,48.146112],[17.117797,48.146219]]]},"properties":{"name":""}},{"type":"Feature","geometry":{"type":"Polygon","coordinates":[[[17.118829,48.15315],[17.119209,48.154305],[17.119337,48.154381],[17.119413,48.154409],[17.119521,48.154412],[17.119214,48.153833],[17.118837,48.153144],[17.118829,48.15315]]]},"properties":{"name":"Park Antona Srholca"}},{"type":"Feature","geometry":{"type":"Polygon","coordinates":[[[17.116883,48.145747],[17.117037,48.1458],[17.116902,48.145975],[17.116748,48.145922],[17.116883,48.145747]]]},"properties":{"name":""}},{"type":"Feature","geometry":{"type":"Polygon","coordinates":[[[17.118289,48.155702],[17.118377,48.155663],[17.118391,48.155678],[17.118303,48.155716],[17.118289,48.155702]]]},"properties":{"name":""}},{"type":"Feature","geometry":{"type":"Polygon","coordinates":[[[17.118623,48.155477],[17.118521,48.155385],[17.118488,48.155353],[17.118789,48.155202],[17.118813,48.155225],[17.118644,48.155366],[17.118668,48.155376],[17.118704,48.155402],[17.118623,48.155477]]]},"properties":{"name":""}},{"type":"Feature","geometry":{"type":"Polygon","coordinates":[[[17.11887,48.155272],[17.118968,48.155261],[17.118957,48.1552],[17.11887,48.155272]]]},"properties":{"name":""}},{"type":"Feature","geometry":{"type":"Polygon","coordinates":[[[17.118171,48.155958],[17.118647,48.155777],[17.118612,48.155709],[17.118807,48.155637],[17.11874,48.155549],[17.119015,48.155437],[17.118973,48.155301],[17.118888,48.155308],[17.118641,48.155502],[17.118745,48.155592],[17.118571,48.15567],[17.118105,48.155906],[17.118171,48.155958]]]},"properties":{"name":""}},{"type":"Feature","geometry":{"type":"Polygon","coordinates":[[[17.118087,48.155604],[17.118068,48.15559],[17.118009,48.155623],[17.118186,48.155784],[17.118073,48.15585],[17.117918,48.155728],[17.117895,48.15574],[17.117866,48.155718],[17.117832,48.155693],[17.117993,48.155599],[17.118488,48.155353],[17.118521,48.155385],[17.118134,48.155583],[17.118087,48.155604]]]},"properties":{"name":""}},{"type":"Feature","geometry":{"type":"Polygon","coordinates":[[[17.106557,48.154743],[17.106668,48.154489],[17.10644,48.154482],[17.10639,48.154507],[17.106372,48.154597],[17.106385,48.154634],[17.106489,48.154671],[17.106557,48.154743]]]},"properties":{"name":""}},{"type":"Feature","geometry":{"type":"Polygon","coordinates":[[[17.106377,48.155026],[17.106502,48.154749],[17.106461,48.154705],[17.106403,48.154692],[17.106312,48.154717],[17.106267,48.154887],[17.106309,48.15496],[17.106377,48.155026]]]},"properties":{"name":""}},{"type":"Feature","geometry":{"type":"Polygon","coordinates":[[[17.105286,48.146995],[17.105313,48.146976],[17.105316,48.146974],[17.105196,48.146896],[17.105108,48.146843],[17.105034,48.146799],[17.104946,48.146847],[17.104989,48.146868],[17.104908,48.146994],[17.104933,48.147],[17.105069,48.14704],[17.105299,48.147039],[17.105324,48.147015],[17.105286,48.146995]]]},"properties":{"name":""}},{"type":"Feature","geometry":{"type":"Polygon","coordinates":[[[17.10369,48.146553],[17.103733,48.146507],[17.103986,48.146609],[17.103917,48.146715],[17.103612,48.146632],[17.103673,48.14657],[17.10369,48.146553]]]},"properties":{"name":""}},{"type":"Feature","geometry":{"type":"Polygon","coordinates":[[[17.104317,48.14674],[17.104401,48.146771],[17.104324,48.146888],[17.10431,48.146884],[17.104321,48.146867],[17.104235,48.14684],[17.104262,48.146799],[17.104317,48.14674]]]},"properties":{"name":""}},{"type":"Feature","geometry":{"type":"Polygon","coordinates":[[[17.105631,48.148012],[17.105631,48.148018],[17.105402,48.148007],[17.105243,48.148],[17.105159,48.147995],[17.105162,48.147988],[17.105264,48.147721],[17.10518,48.147706],[17.105194,48.14765],[17.105206,48.14766],[17.105669,48.147737],[17.105683,48.147733],[17.105652,48.147858],[17.105645,48.147859],[17.105644,48.147862],[17.10564,48.147903],[17.105631,48.148012]]]},"properties":{"name":""}},{"type":"Feature","geometry":{"type":"Polygon","coordinates":[[[17.10477,48.147466],[17.104657,48.147685],[17.104662,48.147686],[17.104679,48.147689],[17.104802,48.147713],[17.104881,48.147733],[17.105153,48.147775],[17.10518,48.147706],[17.105194,48.14765],[17.105272,48.14744],[17.105285,48.14743],[17.105674,48.147495],[17.105707,48.147405],[17.105673,48.14739],[17.105424,48.147331],[17.105236,48.147315],[17.10522,48.147328],[17.105066,48.147325],[17.104935,48.147493],[17.10477,48.147466]]]},"properties":{"name":""}},{"type":"Feature","geometry":{"type":"Polygon","coordinates":[[[17.104416,48.147003],[17.104481,48.147019],[17.104547,48.146918],[17.104483,48.146901],[17.104416,48.147003]]]},"properties":{"name":""}},{"type":"Feature","geometry":{"type":"Polygon","coordinates":[[[17.112327,48.156664],[17.112268,48.156795],[17.112251,48.156835],[17.112257,48.156854],[17.112413,48.156812],[17.112462,48.1568],[17.112815,48.156708],[17.113005,48.156659],[17.113038,48.15665],[17.113066,48.156643],[17.113133,48.156626],[17.113119,48.156617],[17.113095,48.156606],[17.113063,48.156598],[17.112746,48.15657],[17.112398,48.156503],[17.112357,48.156495],[17.112119,48.156408],[17.112091,48.156417],[17.112053,48.156431],[17.111985,48.156456],[17.111938,48.156464],[17.111875,48.156465],[17.111804,48.156499],[17.111244,48.156391],[17.111048,48.156354],[17.111065,48.156306],[17.111042,48.156299],[17.111015,48.156289],[17.110998,48.156286],[17.110975,48.15629],[17.110916,48.156308],[17.110924,48.156325],[17.110929,48.15634],[17.110945,48.156386],[17.110915,48.156401],[17.110981,48.156475],[17.111007,48.156503],[17.111026,48.156523],[17.111063,48.156564],[17.111185,48.156526],[17.111355,48.156471],[17.11142,48.156555],[17.111476,48.156629],[17.111484,48.15664],[17.111535,48.156709],[17.111552,48.156729],[17.11176,48.156986],[17.111811,48.156973],[17.111689,48.156818],[17.111913,48.156766],[17.111987,48.1566],[17.112327,48.156664]]]},"properties":{"name":""}},{"type":"Feature","geometry":{"type":"Polygon","coordinates":[[[17.109213,48.155171],[17.1092,48.155175],[17.109114,48.155043],[17.109451,48.154946],[17.109485,48.154998],[17.109537,48.15508],[17.109521,48.155084],[17.109213,48.155171]]]},"properties":{"name":""}},{"type":"Feature","geometry":{"type":"Polygon","coordinates":[[[17.111077,48.148435],[17.111141,48.148467],[17.111003,48.148592],[17.110932,48.148559],[17.111077,48.148435]]]},"properties":{"name":""}},{"type":"Feature","geometry":{"type":"Polygon","coordinates":[[[17.11075,48.155071],[17.110882,48.155068],[17.110934,48.155045],[17.110594,48.154654],[17.11062,48.154637],[17.110571,48.154531],[17.110572,48.15452],[17.110437,48.154578],[17.110493,48.154667],[17.11075,48.155071]]]},"properties":{"name":""}},{"type":"Feature","geometry":{"type":"Polygon","coordinates":[[[17.115483,48.152134],[17.115466,48.152153],[17.115458,48.152168],[17.115454,48.152187],[17.115457,48.152204],[17.115469,48.152219],[17.115481,48.15223],[17.115539,48.152212],[17.116013,48.152029],[17.116193,48.151963],[17.116284,48.151912],[17.116323,48.151891],[17.116353,48.15187],[17.116369,48.151854],[17.116389,48.15183],[17.116322,48.151813],[17.116279,48.151803],[17.116246,48.151796],[17.116217,48.151792],[17.116197,48.151792],[17.116177,48.151798],[17.116146,48.151815],[17.116163,48.15183],[17.115483,48.152134]]]},"properties":{"name":""}},{"type":"Feature","geometry":{"type":"Polygon","coordinates":[[[17.116408,48.151797],[17.116432,48.151775],[17.116443,48.151754],[17.116452,48.151728],[17.116455,48.15169],[17.116446,48.151651],[17.11644,48.151617],[17.116417,48.151588],[17.116405,48.151561],[17.116384,48.151533],[17.116362,48.151512],[17.11634,48.151495],[17.116306,48.151523],[17.116272,48.151555],[17.116201,48.151629],[17.116166,48.151675],[17.116155,48.151689],[17.116158,48.151701],[17.116166,48.151711],[17.11618,48.151719],[17.116219,48.151727],[17.116261,48.151736],[17.116408,48.151797]]]},"properties":{"name":""}},{"type":"Feature","geometry":{"type":"Polygon","coordinates":[[[17.116215,48.151431],[17.116247,48.151453],[17.11626,48.151466],[17.116267,48.15148],[17.116266,48.151497],[17.116148,48.151646],[17.116137,48.151658],[17.116123,48.151668],[17.116111,48.151672],[17.116096,48.151676],[17.116078,48.151677],[17.116062,48.151675],[17.116052,48.151669],[17.116061,48.151664],[17.116016,48.151602],[17.116093,48.151551],[17.116044,48.151525],[17.115986,48.15151],[17.115912,48.151536],[17.115756,48.151389],[17.115838,48.151351],[17.11593,48.151413],[17.115906,48.151432],[17.11593,48.151444],[17.115958,48.151471],[17.11599,48.151454],[17.116092,48.151518],[17.116215,48.151431]]]},"properties":{"name":""}},{"type":"Feature","geometry":{"type":"Polygon","coordinates":[[[17.11401,48.152762],[17.114113,48.152726],[17.114376,48.152631],[17.114581,48.152555],[17.114758,48.152486],[17.114796,48.152471],[17.114831,48.152451],[17.114839,48.152437],[17.11484,48.152421],[17.114836,48.152406],[17.114825,48.152388],[17.114806,48.15238],[17.114777,48.152367],[17.114766,48.152364],[17.114144,48.15264],[17.114091,48.152663],[17.114049,48.152687],[17.114021,48.152707],[17.114002,48.152733],[17.11401,48.152762]]]},"properties":{"name":""}},{"type":"Feature","geometry":{"type":"Polygon","coordinates":[[[17.114912,48.152424],[17.114936,48.152417],[17.114906,48.152404],[17.114912,48.152424]]]},"properties":{"name":""}},{"type":"Feature","geometry":{"type":"Polygon","coordinates":[[[17.1154,48.152261],[17.115372,48.152227],[17.115355,48.152212],[17.115338,48.152206],[17.115314,48.152208],[17.115173,48.152271],[17.114999,48.152347],[17.114993,48.152357],[17.114989,48.15237],[17.114993,48.152384],[17.115003,48.152401],[17.115112,48.152365],[17.1154,48.152261]]]},"properties":{"name":""}},{"type":"Feature","geometry":{"type":"Polygon","coordinates":[[[17.114168,48.152508],[17.114176,48.152516],[17.114216,48.152554],[17.114014,48.152643],[17.113918,48.152547],[17.114005,48.152509],[17.11412,48.152459],[17.114168,48.152508]]]},"properties":{"name":""}},{"type":"Feature","geometry":{"type":"Polygon","coordinates":[[[17.11407,48.152422],[17.114341,48.152293],[17.114196,48.152155],[17.113925,48.152266],[17.11407,48.152422]]]},"properties":{"name":""}},{"type":"Feature","geometry":{"type":"Polygon","coordinates":[[[17.113759,48.152099],[17.113827,48.152167],[17.114442,48.151876],[17.114469,48.15184],[17.114469,48.15182],[17.114444,48.151802],[17.114426,48.151792],[17.11436,48.151799],[17.113807,48.15206],[17.113759,48.152099]]]},"properties":{"name":""}},{"type":"Feature","geometry":{"type":"Polygon","coordinates":[[[17.114152,48.151743],[17.11418,48.151769],[17.114205,48.151795],[17.114348,48.151744],[17.114362,48.15172],[17.114212,48.151566],[17.114187,48.151574],[17.114289,48.15168],[17.114152,48.151743]]]},"properties":{"name":""}},{"type":"Feature","geometry":{"type":"Polygon","coordinates":[[[17.114493,48.151731],[17.1146,48.15173],[17.114676,48.151696],[17.114593,48.151601],[17.114562,48.151612],[17.114521,48.151565],[17.114743,48.151472],[17.114697,48.151423],[17.114598,48.151282],[17.114416,48.151367],[17.1144,48.151372],[17.114246,48.151218],[17.114221,48.151283],[17.114232,48.151392],[17.114266,48.151536],[17.114294,48.151559],[17.114493,48.151731]]]},"properties":{"name":""}},{"type":"Feature","geometry":{"type":"Polygon","coordinates":[[[17.115678,48.151317],[17.115715,48.151347],[17.115831,48.151234],[17.115817,48.151218],[17.115764,48.151196],[17.115694,48.151207],[17.115606,48.151249],[17.115678,48.151317]]]},"properties":{"name":""}},{"type":"Feature","geometry":{"type":"Polygon","coordinates":[[[17.115417,48.151438],[17.115255,48.151515],[17.115195,48.151438],[17.115344,48.15137],[17.115417,48.151438]]]},"properties":{"name":""}},{"type":"Feature","geometry":{"type":"Polygon","coordinates":[[[17.11339,48.152134],[17.113283,48.152183],[17.112863,48.151771],[17.112948,48.151683],[17.11339,48.152134]]]},"properties":{"name":""}},{"type":"Feature","geometry":{"type":"Polygon","coordinates":[[[17.113482,48.152228],[17.113877,48.152634],[17.113924,48.152679],[17.11388,48.15269],[17.113836,48.15269],[17.113794,48.152679],[17.113757,48.152656],[17.113373,48.152268],[17.113482,48.152228]]]},"properties":{"name":""}},{"type":"Feature","geometry":{"type":"Polygon","coordinates":[[[17.114216,48.152554],[17.114748,48.152323],[17.114702,48.152277],[17.114176,48.152516],[17.114216,48.152554]]]},"properties":{"name":""}},{"type":"Feature","geometry":{"type":"Polygon","coordinates":[[[17.115028,48.15129],[17.115369,48.151142],[17.115313,48.151091],[17.115241,48.151119],[17.115208,48.151075],[17.115101,48.151122],[17.115047,48.151071],[17.114964,48.151109],[17.114891,48.151142],[17.114934,48.151184],[17.114994,48.151252],[17.115028,48.15129]]]},"properties":{"name":""}},{"type":"Feature","geometry":{"type":"Polygon","coordinates":[[[17.115167,48.151004],[17.11537,48.150916],[17.115104,48.150745],[17.114441,48.150242],[17.114385,48.150225],[17.114493,48.150334],[17.114617,48.150459],[17.114719,48.150562],[17.114842,48.150683],[17.114944,48.150785],[17.115071,48.150915],[17.115167,48.151004]]]},"properties":{"name":""}},{"type":"Feature","geometry":{"type":"Polygon","coordinates":[[[17.113745,48.14975],[17.113658,48.149672],[17.112984,48.150002],[17.113037,48.150055],[17.113067,48.150076],[17.113745,48.14975]]]},"properties":{"name":""}},{"type":"Feature","geometry":{"type":"Polygon","coordinates":[[[17.11288,48.150076],[17.112857,48.150088],[17.112838,48.15007],[17.112942,48.150019],[17.113028,48.150098],[17.112924,48.150149],[17.112903,48.150129],[17.112926,48.150118],[17.11288,48.150076]]]},"properties":{"name":""}},{"type":"Feature","geometry":{"type":"Polygon","coordinates":[[[17.112784,48.150187],[17.112806,48.150205],[17.112721,48.150247],[17.112699,48.150252],[17.112679,48.150247],[17.112611,48.150192],[17.112613,48.150177],[17.112709,48.150131],[17.112731,48.150146],[17.112665,48.150172],[17.112662,48.150194],[17.112691,48.150218],[17.112709,48.15022],[17.112784,48.150187]]]},"properties":{"name":""}},{"type":"Feature","geometry":{"type":"Polygon","coordinates":[[[17.112579,48.150311],[17.112664,48.15027],[17.11261,48.150216],[17.112579,48.150311]]]},"properties":{"name":""}},{"type":"Feature","geometry":{"type":"Polygon","coordinates":[[[17.112537,48.15033],[17.112574,48.150195],[17.112536,48.150162],[17.112368,48.150235],[17.112134,48.150361],[17.112031,48.150424],[17.111886,48.150517],[17.11198,48.150605],[17.112537,48.15033]]]},"properties":{"name":""}},{"type":"Feature","geometry":{"type":"Polygon","coordinates":[[[17.111992,48.150639],[17.111961,48.150657],[17.111949,48.150684],[17.111959,48.150711],[17.112036,48.15081],[17.112132,48.150771],[17.111992,48.150639]]]},"properties":{"name":""}},{"type":"Feature","geometry":{"type":"Polygon","coordinates":[[[17.112555,48.151301],[17.11263,48.151263],[17.112349,48.150986],[17.112236,48.150874],[17.112171,48.15081],[17.112079,48.150853],[17.112422,48.15124],[17.112475,48.151216],[17.112493,48.151235],[17.112555,48.151301]]]},"properties":{"name":""}},{"type":"Feature","geometry":{"type":"Polygon","coordinates":[[[17.112933,48.150616],[17.112971,48.150648],[17.11285,48.150745],[17.112842,48.150759],[17.112759,48.150854],[17.112716,48.150956],[17.112669,48.150976],[17.112517,48.150816],[17.112563,48.150788],[17.112502,48.150741],[17.112486,48.150722],[17.112486,48.150696],[17.112528,48.150646],[17.112684,48.150599],[17.112724,48.150587],[17.112923,48.150597],[17.112933,48.150616]]]},"properties":{"name":""}},{"type":"Feature","geometry":{"type":"Polygon","coordinates":[[[17.113481,48.150688],[17.113574,48.150809],[17.113437,48.150841],[17.113155,48.150738],[17.113124,48.150685],[17.113153,48.150634],[17.113295,48.150562],[17.11346,48.1505],[17.113519,48.150556],[17.113182,48.150676],[17.113204,48.150705],[17.113252,48.150768],[17.113481,48.150688]]]},"properties":{"name":""}},{"type":"Feature","geometry":{"type":"Polygon","coordinates":[[[17.113396,48.151012],[17.113454,48.151002],[17.11359,48.150959],[17.113553,48.150923],[17.11309,48.150773],[17.113153,48.150842],[17.113268,48.150988],[17.113344,48.150956],[17.113396,48.151012]]]},"properties":{"name":""}},{"type":"Feature","geometry":{"type":"Polygon","coordinates":[[[17.113051,48.151379],[17.113132,48.151342],[17.113102,48.151312],[17.11315,48.151286],[17.113172,48.151177],[17.113168,48.151101],[17.113124,48.151085],[17.112875,48.151103],[17.112808,48.151129],[17.113051,48.151379]]]},"properties":{"name":""}},{"type":"Feature","geometry":{"type":"Polygon","coordinates":[[[17.113319,48.151397],[17.113457,48.151356],[17.113203,48.151088],[17.113197,48.151171],[17.113198,48.151278],[17.113319,48.151397]]]},"properties":{"name":""}},{"type":"Feature","geometry":{"type":"Polygon","coordinates":[[[17.111276,48.15482],[17.111142,48.154874],[17.111083,48.154897],[17.11095,48.15475],[17.111143,48.154669],[17.111276,48.15482]]]},"properties":{"name":""}},{"type":"Feature","geometry":{"type":"Polygon","coordinates":[[[17.116885,48.146528],[17.11704,48.146672],[17.117088,48.146649],[17.117045,48.146611],[17.117016,48.146588],[17.116885,48.146528]]]},"properties":{"name":""}},{"type":"Feature","geometry":{"type":"Polygon","coordinates":[[[17.116899,48.146471],[17.116908,48.146458],[17.117275,48.146571],[17.117246,48.146586],[17.117233,48.146576],[17.117223,48.146582],[17.117155,48.146615],[17.117103,48.146565],[17.117073,48.146544],[17.117027,48.146522],[17.116899,48.146471]]]},"properties":{"name":""}},{"type":"Feature","geometry":{"type":"Polygon","coordinates":[[[17.10815,48.149787],[17.108203,48.149783],[17.108166,48.149628],[17.10808,48.149485],[17.108021,48.149533],[17.108058,48.149582],[17.108089,48.149637],[17.108121,48.149709],[17.10815,48.149787]]]},"properties":{"name":""}},{"type":"Feature","geometry":{"type":"Polygon","coordinates":[[[17.10749,48.149831],[17.107444,48.149832],[17.10744,48.149652],[17.107486,48.149514],[17.107558,48.149554],[17.107528,48.149621],[17.107508,48.14969],[17.107494,48.149759],[17.10749,48.149831]]]},"properties":{"name":""}},{"type":"Feature","geometry":{"type":"Polygon","coordinates":[[[17.121106,48.153695],[17.121657,48.153362],[17.121705,48.153395],[17.121727,48.153434],[17.121696,48.153506],[17.12164,48.153574],[17.121524,48.153679],[17.121465,48.15373],[17.121319,48.153811],[17.121106,48.153695]]]},"properties":{"name":""}},{"type":"Feature","geometry":{"type":"Polygon","coordinates":[[[17.11621,48.156698],[17.116172,48.156694],[17.116127,48.15668],[17.11607,48.156639],[17.116062,48.156614],[17.116103,48.156448],[17.116133,48.156342],[17.116142,48.156322],[17.116161,48.1563],[17.116191,48.156281],[17.116216,48.156271],[17.116251,48.156266],[17.116343,48.156275],[17.116384,48.156295],[17.116415,48.156319],[17.116428,48.156341],[17.11643,48.156369],[17.116398,48.156483],[17.116356,48.15664],[17.11634,48.156659],[17.116319,48.156675],[17.116295,48.156686],[17.116247,48.156698],[17.11621,48.156698]]]},"properties":{"name":"Park na Z\u00e1hrebskej"}},{"type":"Feature","geometry":{"type":"Polygon","coordinates":[[[17.107429,48.156964],[17.107627,48.156972],[17.107691,48.156647],[17.107479,48.156635],[17.107429,48.156964]]]},"properties":{"name":""}},{"type":"Feature","geometry":{"type":"Polygon","coordinates":[[[17.112406,48.154203],[17.112594,48.154121],[17.11289,48.154419],[17.112819,48.154448],[17.112708,48.154495],[17.112665,48.154454],[17.112406,48.154203]]]},"properties":{"name":"Jurajov v\u00fdbeh"}},{"type":"Feature","geometry":{"type":"Polygon","coordinates":[[[17.120994,48.157558],[17.121053,48.157562],[17.121117,48.157556],[17.121382,48.157571],[17.12211,48.157619],[17.122122,48.157561],[17.122096,48.15756],[17.122111,48.157472],[17.122038,48.157163],[17.121985,48.157075],[17.121941,48.157001],[17.121835,48.15705],[17.121755,48.157075],[17.121749,48.157118],[17.121102,48.157323],[17.121048,48.157298],[17.120962,48.157325],[17.120922,48.157334],[17.121008,48.15746],[17.120994,48.157558]]]},"properties":{"name":""}},{"type":"Feature","geometry":{"type":"Polygon","coordinates":[[[17.109207,48.158078],[17.109134,48.15796],[17.109173,48.157949],[17.109319,48.157907],[17.109422,48.15802],[17.109207,48.158078]]]},"properties":{"name":"V\u00fdbeh psov - Pal\u00e1rikova ulica"}},{"type":"Feature","geometry":{"type":"Polygon","coordinates":[[[17.103441,48.156105],[17.103575,48.156117],[17.103615,48.155918],[17.103491,48.155907],[17.103482,48.155906],[17.103441,48.156105]]]},"properties":{"name":""}},{"type":"Feature","geometry":{"type":"Polygon","coordinates":[[[17.104174,48.146057],[17.103991,48.14584],[17.10389,48.145894],[17.104151,48.146069],[17.104174,48.146057]]]},"properties":{"name":""}},{"type":"Feature","geometry":{"type":"Polygon","coordinates":[[[17.104398,48.145956],[17.104436,48.145905],[17.104357,48.145775],[17.104241,48.145802],[17.104318,48.145885],[17.104398,48.145956]]]},"properties":{"name":""}},{"type":"Feature","geometry":{"type":"Polygon","coordinates":[[[17.104481,48.145861],[17.104555,48.14575],[17.104439,48.145774],[17.104481,48.145861]]]},"properties":{"name":""}},{"type":"Feature","geometry":{"type":"Polygon","coordinates":[[[17.104825,48.145344],[17.104996,48.145326],[17.105274,48.145297],[17.105266,48.145264],[17.105371,48.145253],[17.105364,48.145238],[17.105325,48.145197],[17.105112,48.145109],[17.104786,48.144984],[17.104704,48.145069],[17.104694,48.145079],[17.104765,48.145072],[17.104825,48.145344]]]},"properties":{"name":""}},{"type":"Feature","geometry":{"type":"Polygon","coordinates":[[[17.120889,48.149143],[17.120329,48.149081],[17.120334,48.149073],[17.12089,48.149137],[17.120889,48.149143]]]},"properties":{"name":""}},{"type":"Feature","geometry":{"type":"Polygon","coordinates":[[[17.110798,48.153368],[17.110883,48.153451],[17.110755,48.153508],[17.110719,48.153471],[17.110798,48.153368]]]},"properties":{"name":""}},{"type":"Feature","geometry":{"type":"Polygon","coordinates":[[[17.110708,48.153344],[17.110593,48.153482],[17.11053,48.153377],[17.110708,48.153344]]]},"properties":{"name":""}},{"type":"Feature","geometry":{"type":"Polygon","coordinates":[[[17.106035,48.15333],[17.106045,48.153254],[17.105857,48.153243],[17.105847,48.153319],[17.106035,48.15333]]]},"properties":{"name":""}},{"type":"Feature","geometry":{"type":"Polygon","coordinates":[[[17.115459,48.148918],[17.116132,48.148509],[17.116473,48.14897],[17.116108,48.149062],[17.115963,48.148948],[17.115802,48.148845],[17.115517,48.149011],[17.115459,48.148918]]]},"properties":{"name":""}},{"type":"Feature","geometry":{"type":"Polygon","coordinates":[[[17.105878,48.15416],[17.1059,48.154177],[17.105984,48.154193],[17.106019,48.154193],[17.10603,48.154182],[17.106058,48.154093],[17.106019,48.15409],[17.106035,48.154052],[17.105985,48.154042],[17.105878,48.154142],[17.105878,48.15416]]]},"properties":{"name":""}},{"type":"Feature","geometry":{"type":"Polygon","coordinates":[[[17.118388,48.14902],[17.118227,48.148863],[17.118387,48.148822],[17.118612,48.148923],[17.118598,48.148967],[17.118388,48.14902]]]},"properties":{"name":""}},{"type":"Feature","geometry":{"type":"Polygon","coordinates":[[[17.112686,48.152905],[17.112613,48.152789],[17.112603,48.152723],[17.112731,48.152668],[17.112773,48.15271],[17.112869,48.152668],[17.112848,48.152648],[17.112916,48.152617],[17.112899,48.152601],[17.112984,48.152563],[17.113001,48.15258],[17.113086,48.152541],[17.113064,48.152519],[17.113169,48.152471],[17.113267,48.152494],[17.113379,48.152607],[17.112686,48.152905]]]},"properties":{"name":""}},{"type":"Feature","geometry":{"type":"Polygon","coordinates":[[[17.110661,48.15358],[17.110772,48.153706],[17.111135,48.15355],[17.111168,48.153535],[17.111156,48.153521],[17.111912,48.153185],[17.111977,48.153249],[17.112477,48.153027],[17.112315,48.152924],[17.112217,48.152893],[17.112077,48.152955],[17.1121,48.152979],[17.112033,48.153008],[17.112052,48.153027],[17.111957,48.153069],[17.111922,48.153034],[17.111742,48.153114],[17.111754,48.153126],[17.111675,48.153161],[17.111655,48.153141],[17.110661,48.15358]]]},"properties":{"name":""}},{"type":"Feature","geometry":{"type":"Polygon","coordinates":[[[17.110924,48.152611],[17.111191,48.152757],[17.111385,48.152508],[17.111223,48.152426],[17.110924,48.152611]]]},"properties":{"name":""}},{"type":"Feature","geometry":{"type":"Polygon","coordinates":[[[17.111146,48.151353],[17.111272,48.151405],[17.111345,48.151373],[17.111325,48.151349],[17.111403,48.151314],[17.111427,48.151337],[17.111676,48.151224],[17.111653,48.151202],[17.111739,48.151163],[17.111762,48.151185],[17.111856,48.151142],[17.111858,48.151089],[17.111773,48.151001],[17.111237,48.151247],[17.111146,48.151353]]]},"properties":{"name":""}},{"type":"Feature","geometry":{"type":"Polygon","coordinates":[[[17.109926,48.151745],[17.110332,48.15183],[17.11053,48.151738],[17.110509,48.151718],[17.110567,48.151687],[17.110549,48.151668],[17.110645,48.151625],[17.110684,48.151664],[17.110755,48.151634],[17.110736,48.151614],[17.11082,48.151578],[17.110839,48.1516],[17.110915,48.151565],[17.11089,48.15147],[17.110698,48.15144],[17.110425,48.151558],[17.110423,48.151557],[17.110387,48.151572],[17.110384,48.151573],[17.110026,48.151729],[17.110004,48.15171],[17.109926,48.151745]]]},"properties":{"name":""}},{"type":"Feature","geometry":{"type":"Polygon","coordinates":[[[17.107022,48.155778],[17.107001,48.15583],[17.106983,48.155834],[17.106959,48.155832],[17.106938,48.155828],[17.106931,48.155824],[17.106927,48.15582],[17.106932,48.155754],[17.106919,48.155644],[17.106896,48.155583],[17.10689,48.155584],[17.106897,48.155572],[17.106909,48.155569],[17.106921,48.15557],[17.106938,48.155574],[17.106977,48.155597],[17.10701,48.155641],[17.107027,48.155698],[17.107025,48.155759],[17.107022,48.155778]]]},"properties":{"name":""}},{"type":"Feature","geometry":{"type":"Polygon","coordinates":[[[17.114062,48.14477],[17.114063,48.144755],[17.114052,48.144743],[17.114034,48.144736],[17.114013,48.144736],[17.113994,48.144743],[17.113983,48.144755],[17.113983,48.144769],[17.113993,48.144782],[17.114012,48.144789],[17.114033,48.144789],[17.114051,48.144782],[17.114062,48.14477]]]},"properties":{"name":""}},{"type":"Feature","geometry":{"type":"Polygon","coordinates":[[[17.123064,48.155765],[17.123355,48.155671],[17.123406,48.155686],[17.123453,48.155709],[17.123507,48.155697],[17.123488,48.155678],[17.123469,48.155667],[17.12341,48.155653],[17.123331,48.155649],[17.123252,48.155643],[17.123193,48.155626],[17.123145,48.155585],[17.123107,48.155528],[17.123088,48.155482],[17.123063,48.155449],[17.123032,48.155422],[17.122976,48.155411],[17.122885,48.155405],[17.122814,48.155401],[17.122766,48.155383],[17.122713,48.155359],[17.122666,48.155349],[17.122616,48.15536],[17.122579,48.155386],[17.12256,48.155402],[17.122528,48.155429],[17.122477,48.155467],[17.122424,48.155497],[17.122361,48.155513],[17.122276,48.155519],[17.122197,48.15553],[17.122135,48.155539],[17.122062,48.155566],[17.12204,48.155538],[17.122014,48.155505],[17.121981,48.155517],[17.121948,48.155478],[17.121819,48.15553],[17.121855,48.15557],[17.121704,48.15563],[17.121633,48.155532],[17.121564,48.155453],[17.12155,48.155441],[17.121257,48.15555],[17.121541,48.155929],[17.121569,48.155917],[17.121669,48.155879],[17.121712,48.155862],[17.121773,48.15592],[17.121816,48.155963],[17.121846,48.155954],[17.121884,48.155942],[17.122192,48.155844],[17.122233,48.155831],[17.122251,48.15582],[17.122168,48.155702],[17.122099,48.155611],[17.122253,48.155578],[17.122398,48.155547],[17.122542,48.155516],[17.12263,48.155497],[17.122614,48.155473],[17.122715,48.155465],[17.122906,48.155448],[17.122954,48.155482],[17.122999,48.155546],[17.123061,48.155632],[17.123116,48.155709],[17.123053,48.155729],[17.123048,48.155763],[17.123064,48.155765]]]},"properties":{"name":""}},{"type":"Feature","geometry":{"type":"Polygon","coordinates":[[[17.116773,48.151985],[17.117184,48.152092],[17.117197,48.152082],[17.11713,48.152024],[17.116974,48.151952],[17.116904,48.151946],[17.116773,48.151985]]]},"properties":{"name":""}},{"type":"Feature","geometry":{"type":"Polygon","coordinates":[[[17.113547,48.152906],[17.113597,48.152882],[17.113619,48.15286],[17.113625,48.152833],[17.113543,48.152747],[17.113482,48.152775],[17.113463,48.152792],[17.113459,48.152811],[17.113464,48.152823],[17.113547,48.152906]]]},"properties":{"name":""}},{"type":"Feature","geometry":{"type":"Polygon","coordinates":[[[17.10886,48.145845],[17.108895,48.145856],[17.108905,48.145855],[17.108945,48.145802],[17.10894,48.145797],[17.108867,48.145806],[17.108866,48.145833],[17.10886,48.145845]]]},"properties":{"name":""}},{"type":"Feature","geometry":{"type":"Polygon","coordinates":[[[17.108943,48.145873],[17.109105,48.145926],[17.109117,48.145925],[17.109121,48.145912],[17.109068,48.145782],[17.109006,48.14579],[17.108943,48.145873]]]},"properties":{"name":""}},{"type":"Feature","geometry":{"type":"Polygon","coordinates":[[[17.11239,48.157441],[17.112343,48.157362],[17.112099,48.15743],[17.112144,48.157506],[17.11239,48.157441]]]},"properties":{"name":""}},{"type":"Feature","geometry":{"type":"Polygon","coordinates":[[[17.112201,48.157585],[17.11243,48.157523],[17.112383,48.157447],[17.112156,48.157507],[17.112201,48.157585]]]},"properties":{"name":""}},{"type":"Feature","geometry":{"type":"Polygon","coordinates":[[[17.105345,48.153474],[17.105401,48.153489],[17.105451,48.153334],[17.105403,48.153328],[17.105397,48.153327],[17.105363,48.153425],[17.105345,48.153474]]]},"properties":{"name":""}},{"type":"Feature","geometry":{"type":"Polygon","coordinates":[[[17.111379,48.152879],[17.111384,48.152861],[17.111442,48.152868],[17.111438,48.152885],[17.111379,48.152879]]]},"properties":{"name":""}},{"type":"Feature","geometry":{"type":"Polygon","coordinates":[[[17.111261,48.152855],[17.11127,48.152839],[17.111326,48.152852],[17.111317,48.152868],[17.111261,48.152855]]]},"properties":{"name":""}},{"type":"Feature","geometry":{"type":"Polygon","coordinates":[[[17.110732,48.152558],[17.110756,48.152549],[17.110784,48.152584],[17.110762,48.152592],[17.110732,48.152558]]]},"properties":{"name":""}},{"type":"Feature","geometry":{"type":"Polygon","coordinates":[[[17.110702,48.152521],[17.110729,48.152514],[17.110704,48.152477],[17.110677,48.152486],[17.110702,48.152521]]]},"properties":{"name":""}},{"type":"Feature","geometry":{"type":"Polygon","coordinates":[[[17.110638,48.152408],[17.110662,48.152402],[17.110683,48.152438],[17.110658,48.152445],[17.110638,48.152408]]]},"properties":{"name":""}},{"type":"Feature","geometry":{"type":"Polygon","coordinates":[[[17.107291,48.156575],[17.107661,48.156591],[17.107675,48.156442],[17.107305,48.156427],[17.107291,48.156575]]]},"properties":{"name":""}},{"type":"Feature","geometry":{"type":"Polygon","coordinates":[[[17.117161,48.153996],[17.117285,48.153999],[17.117299,48.153845],[17.117171,48.15384],[17.117161,48.153996]]]},"properties":{"name":""}},{"type":"Feature","geometry":{"type":"Polygon","coordinates":[[[17.106517,48.156732],[17.106576,48.156715],[17.106645,48.156588],[17.106614,48.156544],[17.106517,48.156732]]]},"properties":{"name":""}},{"type":"Feature","geometry":{"type":"Polygon","coordinates":[[[17.119306,48.154589],[17.119272,48.15447],[17.119312,48.154485],[17.119397,48.1545],[17.119471,48.15451],[17.11934,48.154567],[17.119306,48.154589]]]},"properties":{"name":""}},{"type":"Feature","geometry":{"type":"Polygon","coordinates":[[[17.106299,48.157135],[17.10638,48.157071],[17.106399,48.157045],[17.106401,48.157012],[17.106385,48.156975],[17.106299,48.157135]]]},"properties":{"name":""}},{"type":"Feature","geometry":{"type":"Polygon","coordinates":[[[17.117354,48.15423],[17.117357,48.154127],[17.117665,48.154136],[17.117657,48.154238],[17.117354,48.15423]]]},"properties":{"name":""}},{"type":"Feature","geometry":{"type":"Polygon","coordinates":[[[17.11594,48.154444],[17.115962,48.154479],[17.116069,48.154558],[17.116359,48.15442],[17.116502,48.154361],[17.116649,48.154369],[17.11665,48.154338],[17.116225,48.154322],[17.116089,48.154331],[17.115999,48.154362],[17.115955,48.154412],[17.11594,48.154444]]]},"properties":{"name":""}},{"type":"Feature","geometry":{"type":"Polygon","coordinates":[[[17.114989,48.1541],[17.115024,48.154136],[17.11512,48.154095],[17.114685,48.153754],[17.114656,48.153768],[17.114703,48.153815],[17.114989,48.1541]]]},"properties":{"name":""}},{"type":"Feature","geometry":{"type":"Polygon","coordinates":[[[17.112598,48.153999],[17.112682,48.154077],[17.114051,48.153461],[17.11394,48.153347],[17.113837,48.15339],[17.113859,48.153413],[17.113879,48.153435],[17.113269,48.153705],[17.113222,48.153726],[17.112643,48.153979],[17.112598,48.153999]]]},"properties":{"name":""}},{"type":"Feature","geometry":{"type":"Polygon","coordinates":[[[17.108382,48.155284],[17.108673,48.155203],[17.108754,48.155333],[17.108765,48.155455],[17.108726,48.155455],[17.108719,48.155338],[17.108655,48.155236],[17.108398,48.155305],[17.108382,48.155284]]]},"properties":{"name":""}},{"type":"Feature","geometry":{"type":"Polygon","coordinates":[[[17.108301,48.155453],[17.108326,48.155321],[17.108302,48.155296],[17.108258,48.155287],[17.108223,48.155438],[17.108301,48.155453]]]},"properties":{"name":""}},{"type":"Feature","geometry":{"type":"Polygon","coordinates":[[[17.108108,48.15541],[17.108132,48.155321],[17.108166,48.155307],[17.108142,48.155415],[17.108108,48.15541]]]},"properties":{"name":""}},{"type":"Feature","geometry":{"type":"Polygon","coordinates":[[[17.107997,48.155406],[17.107987,48.155399],[17.107996,48.155384],[17.108065,48.155342],[17.10817,48.155295],[17.108178,48.155296],[17.108179,48.155301],[17.108154,48.155418],[17.108145,48.155427],[17.108127,48.155428],[17.107997,48.155406]]]},"properties":{"name":""}},{"type":"Feature","geometry":{"type":"Polygon","coordinates":[[[17.11147,48.155356],[17.111657,48.155279],[17.111649,48.155268],[17.111467,48.155077],[17.111446,48.155055],[17.111262,48.155131],[17.11147,48.155356]]]},"properties":{"name":""}},{"type":"Feature","geometry":{"type":"Polygon","coordinates":[[[17.121541,48.156372],[17.121564,48.156364],[17.12167,48.156329],[17.121699,48.156252],[17.121581,48.156086],[17.121573,48.156075],[17.121423,48.156122],[17.121486,48.156203],[17.121352,48.156244],[17.12142,48.15634],[17.121389,48.156349],[17.121447,48.156432],[17.121472,48.15645],[17.121502,48.156461],[17.121541,48.156372]]]},"properties":{"name":""}},{"type":"Feature","geometry":{"type":"Polygon","coordinates":[[[17.120555,48.156768],[17.120453,48.156623],[17.120605,48.156576],[17.120706,48.15672],[17.120555,48.156768]]]},"properties":{"name":""}},{"type":"Feature","geometry":{"type":"Polygon","coordinates":[[[17.116246,48.156162],[17.116242,48.156175],[17.116409,48.156196],[17.116413,48.156183],[17.116246,48.156162]]]},"properties":{"name":""}},{"type":"Feature","geometry":{"type":"Polygon","coordinates":[[[17.10634,48.145055],[17.106189,48.14524],[17.106134,48.145263],[17.106125,48.145267],[17.106105,48.145243],[17.106083,48.145256],[17.106071,48.145236],[17.106054,48.14522],[17.105872,48.145094],[17.105822,48.14512],[17.10582,48.145117],[17.105895,48.145012],[17.105925,48.144983],[17.106047,48.145064],[17.106108,48.144981],[17.106292,48.145039],[17.10634,48.145055]]]},"properties":{"name":""}},{"type":"Feature","geometry":{"type":"Polygon","coordinates":[[[17.108205,48.155671],[17.108534,48.155737],[17.108526,48.155754],[17.108197,48.155688],[17.108205,48.155671]]]},"properties":{"name":""}},{"type":"Feature","geometry":{"type":"Polygon","coordinates":[[[17.121616,48.155982],[17.121642,48.156017],[17.121682,48.156005],[17.121816,48.155963],[17.121773,48.15592],[17.121616,48.155982]]]},"properties":{"name":""}},{"type":"Feature","geometry":{"type":"Polygon","coordinates":[[[17.120798,48.156831],[17.121156,48.156718],[17.121121,48.156679],[17.1207,48.15681],[17.120798,48.156831]]]},"properties":{"name":""}},{"type":"Feature","geometry":{"type":"Polygon","coordinates":[[[17.118149,48.155598],[17.118281,48.155728],[17.118211,48.155772],[17.118067,48.155639],[17.118149,48.155598]]]},"properties":{"name":""}},{"type":"Feature","geometry":{"type":"Polygon","coordinates":[[[17.107367,48.157744],[17.107377,48.157756],[17.107385,48.157769],[17.107369,48.157777],[17.107358,48.157794],[17.107363,48.157806],[17.107383,48.157811],[17.107389,48.157837],[17.107381,48.157854],[17.107358,48.157862],[17.107342,48.157879],[17.107313,48.15789],[17.107283,48.157893],[17.10726,48.157883],[17.107259,48.157864],[17.107219,48.157851],[17.107187,48.157848],[17.107125,48.157818],[17.10709,48.157808],[17.107078,48.157784],[17.107084,48.157767],[17.107114,48.157762],[17.10713,48.15775],[17.107166,48.157733],[17.107176,48.157718],[17.107163,48.157696],[17.107178,48.15768],[17.107207,48.157673],[17.107241,48.157676],[17.107257,48.157691],[17.107279,48.1577],[17.107288,48.157716],[17.107297,48.157734],[17.107314,48.157744],[17.107336,48.157747],[17.107367,48.157744]]]},"properties":{"name":""}},{"type":"Feature","geometry":{"type":"Polygon","coordinates":[[[17.107048,48.15797],[17.107027,48.157962],[17.107005,48.157952],[17.106988,48.157943],[17.10697,48.157932],[17.106954,48.15792],[17.106939,48.157904],[17.106925,48.157884],[17.106918,48.157867],[17.106914,48.157848],[17.106912,48.157825],[17.106913,48.157799],[17.106951,48.157799],[17.106968,48.157818],[17.106995,48.157827],[17.107028,48.157825],[17.10705,48.157843],[17.10705,48.157862],[17.107079,48.157873],[17.107089,48.157897],[17.107127,48.157907],[17.107135,48.157937],[17.107121,48.157955],[17.107102,48.157958],[17.10707,48.157946],[17.107059,48.157953],[17.107048,48.15797]]]},"properties":{"name":""}},{"type":"Feature","geometry":{"type":"Polygon","coordinates":[[[17.110229,48.150239],[17.110284,48.150265],[17.110311,48.150271],[17.110344,48.150273],[17.110373,48.150278],[17.110397,48.150295],[17.110402,48.150315],[17.110391,48.150337],[17.110365,48.150351],[17.110326,48.150353],[17.110286,48.150343],[17.110257,48.150331],[17.110235,48.150317],[17.110215,48.150298],[17.110204,48.150281],[17.1102,48.150273],[17.1102,48.150249],[17.110211,48.150242],[17.110229,48.150239]]]},"properties":{"name":""}},{"type":"Feature","geometry":{"type":"Polygon","coordinates":[[[17.110358,48.150171],[17.110393,48.150211],[17.110399,48.150229],[17.110403,48.150249],[17.110417,48.15027],[17.110442,48.15028],[17.110465,48.150283],[17.110492,48.150277],[17.110507,48.150266],[17.110518,48.150258],[17.110521,48.150239],[17.110509,48.150217],[17.110482,48.150205],[17.11045,48.150195],[17.110425,48.150183],[17.110401,48.15016],[17.110391,48.150154],[17.11038,48.150154],[17.110373,48.150155],[17.110362,48.15016],[17.110358,48.150171]]]},"properties":{"name":""}},{"type":"Feature","geometry":{"type":"Polygon","coordinates":[[[17.110272,48.150219],[17.110269,48.150233],[17.110278,48.150246],[17.110299,48.150253],[17.110317,48.150254],[17.110344,48.150251],[17.110359,48.150243],[17.110373,48.150221],[17.110367,48.150208],[17.110344,48.150192],[17.110315,48.150197],[17.110286,48.150211],[17.110272,48.150219]]]},"properties":{"name":""}},{"type":"Feature","geometry":{"type":"Polygon","coordinates":[[[17.110179,48.150121],[17.11018,48.150128],[17.110191,48.150131],[17.110208,48.15013],[17.110225,48.150126],[17.110242,48.150116],[17.110249,48.150109],[17.110254,48.150097],[17.110253,48.150094],[17.110241,48.150095],[17.110226,48.150103],[17.110203,48.150112],[17.110188,48.150115],[17.110182,48.150117],[17.110179,48.150121]]]},"properties":{"name":""}},{"type":"Feature","geometry":{"type":"Polygon","coordinates":[[[17.110116,48.150165],[17.110106,48.150188],[17.11012,48.15021],[17.110152,48.150221],[17.110195,48.15022],[17.110228,48.150215],[17.110262,48.150205],[17.11029,48.150188],[17.11031,48.150173],[17.110327,48.150148],[17.110334,48.150133],[17.110334,48.150108],[17.110323,48.1501],[17.110304,48.150098],[17.110287,48.150102],[17.110251,48.150131],[17.110224,48.150143],[17.1102,48.150149],[17.110172,48.150152],[17.110145,48.150151],[17.110116,48.150165]]]},"properties":{"name":""}},{"type":"Feature","geometry":{"type":"Polygon","coordinates":[[[17.116778,48.15676],[17.116758,48.156665],[17.1168,48.156521],[17.116914,48.15654],[17.116921,48.156533],[17.117251,48.156756],[17.117139,48.15682],[17.117083,48.156825],[17.116796,48.156766],[17.116778,48.15676]]]},"properties":{"name":""}},{"type":"Feature","geometry":{"type":"Polygon","coordinates":[[[17.116717,48.145912],[17.11686,48.145731],[17.116694,48.145677],[17.116597,48.145645],[17.116451,48.145606],[17.116425,48.145643],[17.1164,48.145682],[17.116345,48.145761],[17.116318,48.145796],[17.116459,48.145845],[17.116469,48.145829],[17.116555,48.145858],[17.116717,48.145912]]]},"properties":{"name":""}},{"type":"Feature","geometry":{"type":"Polygon","coordinates":[[[17.113962,48.146438],[17.114131,48.146559],[17.113812,48.146756],[17.113781,48.146733],[17.11375,48.146751],[17.113613,48.146652],[17.11383,48.146517],[17.113866,48.146543],[17.113954,48.146488],[17.113919,48.146464],[17.113962,48.146438]]]},"properties":{"name":""}},{"type":"Feature","geometry":{"type":"Polygon","coordinates":[[[17.113989,48.154741],[17.114217,48.154649],[17.114279,48.15471],[17.114403,48.154654],[17.114413,48.154664],[17.114418,48.154669],[17.114071,48.154823],[17.113989,48.154741]]]},"properties":{"name":""}},{"type":"Feature","geometry":{"type":"Polygon","coordinates":[[[17.113866,48.15462],[17.113953,48.154702],[17.114098,48.154638],[17.114015,48.154554],[17.113866,48.15462]]]},"properties":{"name":""}},{"type":"Feature","geometry":{"type":"Polygon","coordinates":[[[17.107194,48.145419],[17.107186,48.145423],[17.107182,48.145428],[17.10718,48.145434],[17.107181,48.14544],[17.107185,48.145446],[17.107191,48.14545],[17.1072,48.145453],[17.107209,48.145453],[17.107217,48.145452],[17.107225,48.145449],[17.107231,48.145444],[17.107234,48.145439],[17.107235,48.145433],[17.107232,48.145427],[17.107227,48.145422],[17.10722,48.145419],[17.107211,48.145417],[17.107202,48.145417],[17.107194,48.145419]]]},"properties":{"name":""}},{"type":"Feature","geometry":{"type":"Polygon","coordinates":[[[17.107025,48.145312],[17.107139,48.145335],[17.107157,48.145413],[17.107152,48.145426],[17.107134,48.145427],[17.106986,48.14539],[17.107025,48.145312]]]},"properties":{"name":""}},{"type":"Feature","geometry":{"type":"Polygon","coordinates":[[[17.108127,48.151376],[17.10815,48.151345],[17.108154,48.151311],[17.108137,48.151278],[17.108103,48.151252],[17.108057,48.151237],[17.108006,48.151234],[17.107957,48.151245],[17.107918,48.151268],[17.107895,48.151298],[17.107891,48.151333],[17.107907,48.151365],[17.107941,48.151392],[17.107987,48.151407],[17.108039,48.151409],[17.108088,48.151398],[17.108127,48.151376]]]},"properties":{"name":""}},{"type":"Feature","geometry":{"type":"Polygon","coordinates":[[[17.107535,48.150827],[17.107551,48.150805],[17.107553,48.150781],[17.107542,48.150759],[17.107518,48.15074],[17.107486,48.15073],[17.10745,48.150728],[17.107416,48.150736],[17.107389,48.150751],[17.107373,48.150773],[17.10737,48.150797],[17.107382,48.150819],[17.107405,48.150838],[17.107437,48.150848],[17.107473,48.15085],[17.107508,48.150842],[17.107535,48.150827]]]},"properties":{"name":""}},{"type":"Feature","geometry":{"type":"Polygon","coordinates":[[[17.10827,48.149839],[17.108619,48.149823],[17.108536,48.149656],[17.108413,48.14968],[17.108266,48.149422],[17.108075,48.149433],[17.108142,48.1495],[17.108216,48.149611],[17.10827,48.149839]]]},"properties":{"name":""}},{"type":"Feature","geometry":{"type":"Polygon","coordinates":[[[17.107539,48.151114],[17.107897,48.151087],[17.107884,48.150984],[17.107728,48.150995],[17.107703,48.150814],[17.107642,48.150819],[17.107626,48.150847],[17.107611,48.15087],[17.107584,48.150891],[17.107526,48.150906],[17.107539,48.151114]]]},"properties":{"name":""}},{"type":"Feature","geometry":{"type":"Polygon","coordinates":[[[17.108443,48.15104],[17.108079,48.151072],[17.108061,48.150978],[17.108226,48.150967],[17.108198,48.150782],[17.108262,48.150781],[17.108283,48.150805],[17.108319,48.150827],[17.108354,48.150843],[17.108396,48.150852],[17.108443,48.15104]]]},"properties":{"name":""}},{"type":"Feature","geometry":{"type":"Polygon","coordinates":[[[17.108185,48.150704],[17.108254,48.150702],[17.108269,48.150677],[17.10829,48.150655],[17.108315,48.150639],[17.108346,48.150626],[17.108315,48.150487],[17.108163,48.150543],[17.108185,48.150704]]]},"properties":{"name":""}},{"type":"Feature","geometry":{"type":"Polygon","coordinates":[[[17.107598,48.150717],[17.107572,48.150698],[17.107542,48.150685],[17.107508,48.150677],[17.107509,48.150542],[17.107669,48.150566],[17.107688,48.150734],[17.10762,48.15074],[17.107598,48.150717]]]},"properties":{"name":""}},{"type":"Feature","geometry":{"type":"Polygon","coordinates":[[[17.10723,48.149895],[17.107393,48.149883],[17.107382,48.149656],[17.107449,48.149485],[17.107112,48.149499],[17.107264,48.14957],[17.10723,48.149895]]]},"properties":{"name":""}},{"type":"Feature","geometry":{"type":"Polygon","coordinates":[[[17.107154,48.150543],[17.1074,48.150521],[17.107391,48.149925],[17.107227,48.149933],[17.107154,48.150543]]]},"properties":{"name":""}},{"type":"Feature","geometry":{"type":"Polygon","coordinates":[[[17.108587,48.150681],[17.109021,48.150635],[17.108639,48.14986],[17.10828,48.14988],[17.108459,48.150615],[17.108517,48.15063],[17.10856,48.15065],[17.108587,48.150681]]]},"properties":{"name":""}},{"type":"Feature","geometry":{"type":"Polygon","coordinates":[[[17.107455,48.150038],[17.107443,48.150047],[17.107451,48.150209],[17.107474,48.150284],[17.107548,48.150392],[17.107686,48.150476],[17.107888,48.150503],[17.10804,48.150482],[17.10815,48.150422],[17.108249,48.150337],[17.108294,48.150202],[17.108259,48.150003],[17.108238,48.150005],[17.108229,48.150009],[17.108218,48.150011],[17.108193,48.150025],[17.108228,48.150194],[17.108218,48.150228],[17.108243,48.150254],[17.108233,48.150286],[17.108209,48.150317],[17.108192,48.150341],[17.108167,48.150366],[17.108129,48.15039],[17.108123,48.150414],[17.108087,48.150446],[17.108025,48.150457],[17.107985,48.15044],[17.107959,48.150462],[17.10794,48.15047],[17.107898,48.150472],[17.107869,48.150467],[17.107845,48.150455],[17.107811,48.150468],[17.107775,48.15047],[17.107741,48.150461],[17.107713,48.15045],[17.107697,48.15043],[17.107678,48.150406],[17.107637,48.150387],[17.107611,48.150362],[17.107605,48.150326],[17.107591,48.150308],[17.107558,48.150285],[17.107536,48.150263],[17.107526,48.150237],[17.107521,48.15021],[17.107503,48.15005],[17.107492,48.150053],[17.107481,48.150052],[17.10747,48.15005],[17.107461,48.150045],[17.107455,48.150038]]]},"properties":{"name":""}},{"type":"Feature","geometry":{"type":"Polygon","coordinates":[[[17.118989,48.157889],[17.119016,48.15792],[17.119039,48.157956],[17.119055,48.157994],[17.119062,48.158032],[17.119057,48.158074],[17.119045,48.158109],[17.119023,48.158147],[17.118989,48.158183],[17.118949,48.15821],[17.11891,48.158232],[17.118834,48.158271],[17.118758,48.158308],[17.118709,48.158263],[17.118788,48.158225],[17.118865,48.158187],[17.118905,48.158164],[17.118936,48.158145],[17.118959,48.158119],[17.118977,48.15809],[17.118984,48.158061],[17.118985,48.15803],[17.11898,48.157997],[17.118966,48.157965],[17.118948,48.157943],[17.118926,48.157918],[17.118989,48.157889]]]},"properties":{"name":""}},{"type":"Feature","geometry":{"type":"Polygon","coordinates":[[[17.118839,48.15796],[17.118837,48.157967],[17.118832,48.157976],[17.118824,48.157981],[17.118813,48.157985],[17.118798,48.157986],[17.118783,48.157984],[17.118771,48.157978],[17.118764,48.157969],[17.118762,48.157959],[17.118767,48.15795],[17.118775,48.157942],[17.118787,48.157938],[17.118801,48.157936],[17.118815,48.157936],[17.118855,48.157917],[17.11884,48.15791],[17.118821,48.157905],[17.118802,48.157904],[17.118781,48.157905],[17.118762,48.15791],[17.118746,48.157917],[17.118733,48.157927],[17.118722,48.157939],[17.118717,48.157954],[17.118718,48.157969],[17.118723,48.157982],[17.118733,48.157993],[17.118746,48.158002],[17.118765,48.158009],[17.118784,48.158014],[17.118804,48.158015],[17.118825,48.158014],[17.118842,48.15801],[17.118857,48.158003],[17.118869,48.157994],[17.118877,48.157983],[17.118882,48.157971],[17.118883,48.157959],[17.118882,48.157948],[17.118879,48.157941],[17.118839,48.15796]]]},"properties":{"name":""}},{"type":"Feature","geometry":{"type":"Polygon","coordinates":[[[17.112833,48.15312],[17.112789,48.15307],[17.113336,48.152817],[17.113361,48.152841],[17.113322,48.152859],[17.113426,48.15296],[17.113088,48.153114],[17.113072,48.153099],[17.113009,48.153041],[17.112833,48.15312]]]},"properties":{"name":""}},{"type":"Feature","geometry":{"type":"Polygon","coordinates":[[[17.115561,48.152922],[17.115799,48.152816],[17.115833,48.152856],[17.115845,48.152874],[17.115845,48.152897],[17.115831,48.152924],[17.1158,48.152943],[17.11564,48.153012],[17.115561,48.152922]]]},"properties":{"name":""}},{"type":"Feature","geometry":{"type":"Polygon","coordinates":[[[17.136633,48.155335],[17.137495,48.15545],[17.137886,48.155516],[17.138327,48.155581],[17.138324,48.155598],[17.138301,48.15568],[17.138242,48.155898],[17.138407,48.156043],[17.138629,48.156072],[17.138622,48.156099],[17.138451,48.156707],[17.138084,48.156905],[17.137797,48.156538],[17.13739,48.156091],[17.13732,48.155851],[17.137156,48.155828],[17.136779,48.155511],[17.136633,48.155335]]]},"properties":{"name":""}},{"type":"Feature","geometry":{"type":"Polygon","coordinates":[[[17.134611,48.154672],[17.134998,48.154373],[17.135065,48.154331],[17.135725,48.154696],[17.135733,48.154758],[17.135662,48.154834],[17.135598,48.154874],[17.135535,48.154908],[17.134684,48.15479],[17.134638,48.154732],[17.134611,48.154672]]]},"properties":{"name":""}},{"type":"Feature","geometry":{"type":"Polygon","coordinates":[[[17.129297,48.152407],[17.129343,48.152329],[17.12986,48.152466],[17.130265,48.152638],[17.130289,48.152659],[17.13028,48.152699],[17.129484,48.153314],[17.129025,48.153253],[17.128995,48.153228],[17.129297,48.152407]]]},"properties":{"name":"Kukorelliho park"}},{"type":"Feature","geometry":{"type":"Polygon","coordinates":[[[17.137369,48.155156],[17.137375,48.155047],[17.137521,48.154534],[17.138074,48.154672],[17.138137,48.154722],[17.137967,48.155226],[17.137369,48.155156]]]},"properties":{"name":""}},{"type":"Feature","geometry":{"type":"Polygon","coordinates":[[[17.135194,48.157444],[17.135254,48.157224],[17.135294,48.157229],[17.135301,48.157206],[17.135261,48.157201],[17.135304,48.157049],[17.135344,48.157054],[17.13535,48.157031],[17.135311,48.157026],[17.135389,48.15675],[17.135429,48.156755],[17.135435,48.156731],[17.135396,48.156727],[17.135439,48.156575],[17.135478,48.15658],[17.135485,48.156556],[17.135445,48.156551],[17.135531,48.156249],[17.135264,48.156215],[17.13519,48.156205],[17.135034,48.156756],[17.1349,48.157233],[17.134804,48.157567],[17.134908,48.157579],[17.134951,48.157585],[17.134974,48.157589],[17.134977,48.157581],[17.134942,48.157576],[17.134944,48.157566],[17.134954,48.157556],[17.134982,48.15753],[17.135011,48.157534],[17.135027,48.157478],[17.135099,48.157487],[17.135107,48.157457],[17.135187,48.157467],[17.135194,48.157444]]]},"properties":{"name":""}},{"type":"Feature","geometry":{"type":"Polygon","coordinates":[[[17.125366,48.146791],[17.12573,48.146754],[17.125808,48.147099],[17.125813,48.147112],[17.125697,48.14711],[17.125591,48.147101],[17.125486,48.147092],[17.125498,48.147084],[17.125507,48.147066],[17.125496,48.147046],[17.125468,48.147038],[17.125444,48.147042],[17.125431,48.147048],[17.125428,48.147049],[17.125425,48.147033],[17.125391,48.146888],[17.125383,48.146854],[17.125366,48.146791]]]},"properties":{"name":""}},{"type":"Feature","geometry":{"type":"Polygon","coordinates":[[[17.13397,48.153119],[17.134361,48.153172],[17.134551,48.153197],[17.134669,48.152811],[17.134588,48.152806],[17.134571,48.152745],[17.133796,48.152876],[17.133843,48.152947],[17.133799,48.153096],[17.13397,48.153119]]]},"properties":{"name":""}},{"type":"Feature","geometry":{"type":"Polygon","coordinates":[[[17.123891,48.15437],[17.124446,48.154785],[17.124517,48.154816],[17.124591,48.154819],[17.12469,48.154781],[17.124718,48.154722],[17.124647,48.154647],[17.12455,48.154525],[17.124494,48.154323],[17.124397,48.154242],[17.124263,48.154193],[17.124137,48.154195],[17.124062,48.154218],[17.123943,48.154301],[17.123891,48.15437]]]},"properties":{"name":""}},{"type":"Feature","geometry":{"type":"Polygon","coordinates":[[[17.134684,48.154991],[17.136259,48.15519],[17.136262,48.155175],[17.136268,48.155147],[17.136273,48.155128],[17.134694,48.154934],[17.134694,48.154945],[17.134688,48.154972],[17.134684,48.154991]]]},"properties":{"name":""}},{"type":"Feature","geometry":{"type":"Polygon","coordinates":[[[17.133936,48.145913],[17.133946,48.145879],[17.134004,48.14582],[17.134189,48.145675],[17.134234,48.145658],[17.134285,48.145646],[17.13448,48.145674],[17.134505,48.145683],[17.134543,48.145875],[17.134306,48.145898],[17.134302,48.145886],[17.133937,48.145924],[17.133936,48.145913]]]},"properties":{"name":""}},{"type":"Feature","geometry":{"type":"Polygon","coordinates":[[[17.132742,48.146233],[17.132646,48.146081],[17.132562,48.145939],[17.132505,48.145863],[17.132497,48.145835],[17.132522,48.145809],[17.132597,48.145797],[17.133143,48.14574],[17.133593,48.14588],[17.133651,48.145907],[17.133689,48.145938],[17.13369,48.145948],[17.133325,48.145984],[17.133328,48.145997],[17.133084,48.146021],[17.133084,48.146029],[17.133059,48.146032],[17.133035,48.146035],[17.13301,48.145908],[17.13283,48.145924],[17.132898,48.146229],[17.132742,48.146233]]]},"properties":{"name":""}},{"type":"Feature","geometry":{"type":"Polygon","coordinates":[[[17.133284,48.145726],[17.133684,48.145865],[17.133842,48.145851],[17.134107,48.14566],[17.133284,48.145726]]]},"properties":{"name":""}},{"type":"Feature","geometry":{"type":"Polygon","coordinates":[[[17.132722,48.153073],[17.132738,48.153105],[17.132777,48.15312],[17.133329,48.153192],[17.133351,48.153185],[17.133378,48.153166],[17.133445,48.152951],[17.133441,48.152934],[17.133425,48.15292],[17.133406,48.152912],[17.132842,48.152841],[17.132803,48.152841],[17.132782,48.152857],[17.132772,48.152875],[17.132722,48.153073]]]},"properties":{"name":""}},{"type":"Feature","geometry":{"type":"Polygon","coordinates":[[[17.125924,48.148876],[17.126141,48.148845],[17.126144,48.148854],[17.126221,48.149094],[17.126214,48.149095],[17.126004,48.149125],[17.126002,48.149117],[17.125927,48.148885],[17.125924,48.148876]]]},"properties":{"name":"\u0160portov\u00e9 ihrisko Budovate\u013esk\u00e1"}},{"type":"Feature","geometry":{"type":"Polygon","coordinates":[[[17.130979,48.147396],[17.130995,48.147348],[17.131007,48.147334],[17.131025,48.147337],[17.131028,48.147352],[17.131012,48.147402],[17.130979,48.147396]]]},"properties":{"name":""}},{"type":"Feature","geometry":{"type":"Polygon","coordinates":[[[17.131002,48.147439],[17.130637,48.148449],[17.130627,48.148456],[17.130613,48.148457],[17.130607,48.148451],[17.13061,48.148441],[17.130967,48.147433],[17.131002,48.147439]]]},"properties":{"name":""}},{"type":"Feature","geometry":{"type":"Polygon","coordinates":[[[17.131312,48.14655],[17.131427,48.146291],[17.131548,48.145968],[17.131516,48.145965],[17.131489,48.146035],[17.131298,48.146547],[17.131312,48.14655]]]},"properties":{"name":""}},{"type":"Feature","geometry":{"type":"Polygon","coordinates":[[[17.126421,48.154683],[17.12654,48.1547],[17.126582,48.154574],[17.12646,48.154559],[17.126421,48.154683]]]},"properties":{"name":""}},{"type":"Feature","geometry":{"type":"Polygon","coordinates":[[[17.126361,48.154861],[17.126414,48.154699],[17.126547,48.154718],[17.126495,48.154881],[17.126361,48.154861]]]},"properties":{"name":""}},{"type":"Feature","geometry":{"type":"Polygon","coordinates":[[[17.124605,48.152532],[17.124779,48.152579],[17.124834,48.152457],[17.125233,48.152531],[17.125167,48.152656],[17.125349,48.152679],[17.125351,48.152201],[17.125333,48.15199],[17.125326,48.151844],[17.125224,48.151835],[17.12512,48.151955],[17.124605,48.152532]]]},"properties":{"name":"Vn\u00fatroblok Po\u013esk\u00e1 - Justi\u010dn\u00e1 ul."}},{"type":"Feature","geometry":{"type":"Polygon","coordinates":[[[17.131553,48.158234],[17.132113,48.157782],[17.13292,48.158114],[17.132822,48.158246],[17.132672,48.158295],[17.131553,48.158234]]]},"properties":{"name":""}},{"type":"Feature","geometry":{"type":"Polygon","coordinates":[[[17.133298,48.155959],[17.133474,48.155823],[17.133695,48.155946],[17.133664,48.155971],[17.133714,48.156001],[17.133571,48.156119],[17.133298,48.155959]]]},"properties":{"name":""}},{"type":"Feature","geometry":{"type":"Polygon","coordinates":[[[17.132799,48.156289],[17.133361,48.156602],[17.133612,48.156398],[17.133573,48.156375],[17.133062,48.156076],[17.132799,48.156289]]]},"properties":{"name":""}},{"type":"Feature","geometry":{"type":"Polygon","coordinates":[[[17.124913,48.151616],[17.123945,48.151227],[17.1241,48.151178],[17.124989,48.151534],[17.125001,48.151552],[17.124989,48.151574],[17.124947,48.151617],[17.124913,48.151616]]]},"properties":{"name":""}},{"type":"Feature","geometry":{"type":"Polygon","coordinates":[[[17.123356,48.150993],[17.123891,48.151205],[17.124049,48.151156],[17.123428,48.15091],[17.123391,48.150919],[17.123347,48.150956],[17.123343,48.150973],[17.123356,48.150993]]]},"properties":{"name":""}},{"type":"Feature","geometry":{"type":"Polygon","coordinates":[[[17.124298,48.15305],[17.124253,48.153011],[17.124266,48.152965],[17.124426,48.15279],[17.124476,48.15275],[17.124567,48.152747],[17.124626,48.152773],[17.124663,48.152811],[17.12466,48.152853],[17.124481,48.153057],[17.124422,48.153082],[17.124347,48.153076],[17.124298,48.15305]]]},"properties":{"name":""}},{"type":"Feature","geometry":{"type":"Polygon","coordinates":[[[17.124833,48.153227],[17.124774,48.153183],[17.124757,48.153151],[17.124765,48.153111],[17.124914,48.152956],[17.124971,48.152937],[17.125032,48.152935],[17.125123,48.15297],[17.125148,48.153004],[17.125154,48.153048],[17.125015,48.153202],[17.12497,48.153228],[17.124901,48.153236],[17.124833,48.153227]]]},"properties":{"name":""}},{"type":"Feature","geometry":{"type":"Polygon","coordinates":[[[17.124727,48.149119],[17.124076,48.149306],[17.124032,48.149321],[17.124004,48.14933],[17.123907,48.149387],[17.123899,48.149391],[17.123961,48.149393],[17.124062,48.149394],[17.124144,48.149389],[17.124226,48.149377],[17.124827,48.149283],[17.124802,48.149227],[17.124766,48.149129],[17.124755,48.14912],[17.124727,48.149119]]]},"properties":{"name":"Ps\u00ed park Po\u013en\u00e1"}},{"type":"Feature","geometry":{"type":"Polygon","coordinates":[[[17.124015,48.154091],[17.124083,48.154128],[17.12421,48.154029],[17.124357,48.153892],[17.124356,48.153868],[17.124311,48.153846],[17.124015,48.154091]]]},"properties":{"name":""}},{"type":"Feature","geometry":{"type":"Polygon","coordinates":[[[17.128007,48.148882],[17.128227,48.148855],[17.128144,48.148563],[17.127923,48.148591],[17.128007,48.148882]]]},"properties":{"name":""}},{"type":"Feature","geometry":{"type":"Polygon","coordinates":[[[17.127863,48.156326],[17.12807,48.156201],[17.12811,48.156177],[17.128513,48.156474],[17.128266,48.156623],[17.127863,48.156326]]]},"properties":{"name":""}},{"type":"Feature","geometry":{"type":"Polygon","coordinates":[[[17.12854,48.155927],[17.128586,48.155899],[17.128765,48.15579],[17.129154,48.156083],[17.128929,48.15622],[17.12854,48.155927]]]},"properties":{"name":""}},{"type":"Feature","geometry":{"type":"Polygon","coordinates":[[[17.134811,48.156746],[17.134405,48.156515],[17.134358,48.156519],[17.134843,48.156131],[17.134978,48.156172],[17.134919,48.15638],[17.134839,48.15667],[17.134811,48.156746]]]},"properties":{"name":""}},{"type":"Feature","geometry":{"type":"Polygon","coordinates":[[[17.131405,48.155105],[17.131412,48.155081],[17.13144,48.154984],[17.131689,48.155016],[17.131655,48.155136],[17.131405,48.155105]]]},"properties":{"name":""}},{"type":"Feature","geometry":{"type":"Polygon","coordinates":[[[17.126336,48.147966],[17.12633,48.148006],[17.126372,48.148152],[17.126417,48.148314],[17.126512,48.148621],[17.126613,48.148958],[17.126725,48.149311],[17.126856,48.149787],[17.127061,48.150466],[17.127251,48.151087],[17.127433,48.151066],[17.127037,48.149764],[17.12687,48.149195],[17.126834,48.149072],[17.126693,48.148594],[17.126595,48.148271],[17.12657,48.148161],[17.126524,48.148009],[17.1265,48.147968],[17.126481,48.147945],[17.126448,48.147925],[17.126402,48.147923],[17.12637,48.147936],[17.126336,48.147966]]]},"properties":{"name":""}},{"type":"Feature","geometry":{"type":"Polygon","coordinates":[[[17.127266,48.15434],[17.127723,48.154675],[17.1278,48.154654],[17.128074,48.154493],[17.128129,48.154447],[17.128155,48.154404],[17.128159,48.154354],[17.127335,48.154263],[17.127291,48.154276],[17.127266,48.15434]]]},"properties":{"name":""}},{"type":"Feature","geometry":{"type":"Polygon","coordinates":[[[17.133907,48.156797],[17.13379,48.15673],[17.133921,48.156624],[17.134042,48.15669],[17.134122,48.156735],[17.134639,48.157026],[17.134589,48.157066],[17.134565,48.157085],[17.134504,48.157133],[17.133907,48.156797]]]},"properties":{"name":""}},{"type":"Feature","geometry":{"type":"Polygon","coordinates":[[[17.129119,48.157643],[17.129268,48.157754],[17.129289,48.157836],[17.129284,48.157989],[17.128799,48.157974],[17.128574,48.15797],[17.128693,48.157876],[17.129085,48.157879],[17.129117,48.157828],[17.129077,48.157811],[17.129031,48.15775],[17.129044,48.157695],[17.129119,48.157643]]]},"properties":{"name":""}},{"type":"Feature","geometry":{"type":"Polygon","coordinates":[[[17.135849,48.157854],[17.136074,48.157884],[17.136017,48.158077],[17.136051,48.158165],[17.135844,48.158802],[17.135655,48.158473],[17.13583,48.157863],[17.135835,48.157856],[17.135849,48.157854]]]},"properties":{"name":""}},{"type":"Feature","geometry":{"type":"Polygon","coordinates":[[[17.126618,48.147712],[17.126633,48.147683],[17.12873,48.148183],[17.128743,48.148203],[17.128741,48.14823],[17.126618,48.147712]]]},"properties":{"name":""}},{"type":"Feature","geometry":{"type":"Polygon","coordinates":[[[17.124394,48.145556],[17.124444,48.145487],[17.124607,48.145539],[17.12456,48.14561],[17.124394,48.145556]]]},"properties":{"name":""}},{"type":"Feature","geometry":{"type":"Polygon","coordinates":[[[17.124481,48.145435],[17.124582,48.145295],[17.124748,48.145347],[17.124645,48.145487],[17.124481,48.145435]]]},"properties":{"name":""}},{"type":"Feature","geometry":{"type":"Polygon","coordinates":[[[17.124586,48.145256],[17.124794,48.144968],[17.124979,48.14503],[17.12477,48.145316],[17.124586,48.145256]]]},"properties":{"name":""}},{"type":"Feature","geometry":{"type":"Polygon","coordinates":[[[17.123246,48.144845],[17.123181,48.144857],[17.12351,48.145743],[17.12357,48.145735],[17.123246,48.144845]]]},"properties":{"name":""}},{"type":"Feature","geometry":{"type":"Polygon","coordinates":[[[17.12546,48.147357],[17.125437,48.147262],[17.125756,48.147284],[17.125773,48.147289],[17.125781,48.1473],[17.125775,48.147314],[17.125755,48.147321],[17.12546,48.147357]]]},"properties":{"name":""}},{"type":"Feature","geometry":{"type":"Polygon","coordinates":[[[17.126158,48.147398],[17.126253,48.147383],[17.126346,48.147404],[17.126407,48.147445],[17.126438,48.147472],[17.126498,48.14749],[17.126573,48.147492],[17.126551,48.147538],[17.126175,48.147452],[17.126158,48.147398]]]},"properties":{"name":""}},{"type":"Feature","geometry":{"type":"Polygon","coordinates":[[[17.138318,48.148821],[17.138317,48.14885],[17.138343,48.148867],[17.139035,48.149051],[17.13908,48.149053],[17.139118,48.149032],[17.139118,48.148993],[17.139087,48.148974],[17.138396,48.148792],[17.138372,48.148787],[17.138343,48.148801],[17.138318,48.148821]]]},"properties":{"name":""}},{"type":"Feature","geometry":{"type":"Polygon","coordinates":[[[17.139329,48.149077],[17.139322,48.149107],[17.13936,48.149135],[17.140174,48.149358],[17.140208,48.14935],[17.140246,48.149296],[17.14023,48.149272],[17.139414,48.149059],[17.139364,48.149057],[17.139329,48.149077]]]},"properties":{"name":""}},{"type":"Feature","geometry":{"type":"Polygon","coordinates":[[[17.124307,48.145209],[17.124391,48.145096],[17.124367,48.145088],[17.12451,48.14489],[17.124493,48.144884],[17.124382,48.145038],[17.12434,48.145023],[17.124295,48.145008],[17.124392,48.144872],[17.124369,48.144843],[17.124328,48.144901],[17.124237,48.144872],[17.12428,48.144815],[17.124071,48.144749],[17.124181,48.144944],[17.124129,48.144957],[17.124259,48.145197],[17.124266,48.145195],[17.124307,48.145209]]]},"properties":{"name":""}},{"type":"Feature","geometry":{"type":"Polygon","coordinates":[[[17.125137,48.145587],[17.125302,48.145638],[17.125446,48.145432],[17.125281,48.14538],[17.125137,48.145587]]]},"properties":{"name":""}},{"type":"Feature","geometry":{"type":"Polygon","coordinates":[[[17.130504,48.151109],[17.130852,48.151251],[17.131004,48.151091],[17.130649,48.150951],[17.130504,48.151109]]]},"properties":{"name":""}},{"type":"Feature","geometry":{"type":"Polygon","coordinates":[[[17.122901,48.152977],[17.122715,48.153203],[17.122605,48.153284],[17.12255,48.153291],[17.122477,48.153298],[17.12241,48.1533],[17.122329,48.1533],[17.122237,48.153282],[17.122166,48.153255],[17.122075,48.153194],[17.122009,48.15318],[17.122206,48.153045],[17.122325,48.152938],[17.122446,48.152829],[17.122493,48.15281],[17.12254,48.152804],[17.122804,48.152921],[17.122847,48.152884],[17.122895,48.152923],[17.122901,48.152977]]]},"properties":{"name":""}},{"type":"Feature","geometry":{"type":"Polygon","coordinates":[[[17.125049,48.153505],[17.125309,48.153597],[17.12545,48.153641],[17.12552,48.153641],[17.125554,48.153613],[17.125646,48.153077],[17.125613,48.153056],[17.125556,48.153034],[17.125491,48.153017],[17.125456,48.153033],[17.125089,48.153448],[17.125049,48.153505]]]},"properties":{"name":""}},{"type":"Feature","geometry":{"type":"Polygon","coordinates":[[[17.138509,48.146034],[17.138718,48.146015],[17.138694,48.145879],[17.138539,48.145894],[17.138509,48.145942],[17.138509,48.146034]]]},"properties":{"name":""}},{"type":"Feature","geometry":{"type":"Polygon","coordinates":[[[17.139106,48.145974],[17.13915,48.146158],[17.139316,48.14607],[17.139405,48.145882],[17.139478,48.145775],[17.139459,48.145647],[17.139237,48.145595],[17.139258,48.145668],[17.139251,48.145728],[17.139211,48.145784],[17.139214,48.14587],[17.139138,48.14594],[17.139106,48.145974]]]},"properties":{"name":""}},{"type":"Feature","geometry":{"type":"Polygon","coordinates":[[[17.138723,48.145861],[17.138906,48.145885],[17.139011,48.145885],[17.138968,48.145853],[17.138945,48.145767],[17.138951,48.1457],[17.139021,48.14562],[17.139067,48.145595],[17.13906,48.145554],[17.139033,48.145533],[17.138982,48.145552],[17.138897,48.145555],[17.138799,48.145734],[17.138736,48.145806],[17.138723,48.145861]]]},"properties":{"name":""}},{"type":"Feature","geometry":{"type":"Polygon","coordinates":[[[17.139505,48.145655],[17.139538,48.145685],[17.139571,48.145716],[17.139625,48.14574],[17.1397,48.145744],[17.140297,48.145668],[17.140412,48.145658],[17.14042,48.145606],[17.140435,48.14554],[17.139505,48.145655]]]},"properties":{"name":""}},{"type":"Feature","geometry":{"type":"Polygon","coordinates":[[[17.139417,48.14606],[17.139425,48.146119],[17.13945,48.14615],[17.139482,48.146163],[17.139601,48.146178],[17.139706,48.146174],[17.139909,48.146133],[17.139978,48.146138],[17.140085,48.146128],[17.140156,48.146113],[17.140213,48.146105],[17.140278,48.146076],[17.140326,48.146032],[17.140336,48.14599],[17.140333,48.145963],[17.140276,48.145969],[17.139417,48.14606]]]},"properties":{"name":""}},{"type":"Feature","geometry":{"type":"Polygon","coordinates":[[[17.139863,48.146653],[17.140086,48.146701],[17.139984,48.146261],[17.139913,48.146202],[17.139823,48.146214],[17.139798,48.146261],[17.139811,48.14645],[17.139863,48.146653]]]},"properties":{"name":""}},{"type":"Feature","geometry":{"type":"Polygon","coordinates":[[[17.138591,48.146343],[17.138798,48.146388],[17.13874,48.146239],[17.138684,48.146215],[17.138617,48.146229],[17.138585,48.146266],[17.138591,48.146343]]]},"properties":{"name":""}},{"type":"Feature","geometry":{"type":"Polygon","coordinates":[[[17.138322,48.145584],[17.138662,48.145545],[17.1386,48.145517],[17.138565,48.145479],[17.138559,48.145423],[17.13859,48.14537],[17.138525,48.145349],[17.138273,48.145372],[17.138322,48.145584]]]},"properties":{"name":""}},{"type":"Feature","geometry":{"type":"Polygon","coordinates":[[[17.138668,48.145452],[17.138678,48.145483],[17.138753,48.1455],[17.138793,48.145509],[17.138866,48.145509],[17.138841,48.14539],[17.138723,48.145405],[17.13867,48.145422],[17.138668,48.145452]]]},"properties":{"name":""}},{"type":"Feature","geometry":{"type":"Polygon","coordinates":[[[17.137736,48.144912],[17.13771,48.14493],[17.137694,48.144952],[17.137691,48.144978],[17.1377,48.145002],[17.137721,48.145023],[17.137749,48.145037],[17.137783,48.145044],[17.137818,48.145044],[17.137851,48.145037],[17.137879,48.145023],[17.137899,48.145004],[17.13791,48.144981],[17.137909,48.144958],[17.137897,48.144936],[17.137875,48.144917],[17.137844,48.144904],[17.137807,48.144898],[17.13777,48.144901],[17.137736,48.144912]]]},"properties":{"name":""}},{"type":"Feature","geometry":{"type":"Polygon","coordinates":[[[17.129077,48.152524],[17.128712,48.152474],[17.128723,48.152341],[17.128693,48.152268],[17.128751,48.152264],[17.128802,48.152259],[17.128861,48.152254],[17.129135,48.152311],[17.129143,48.152333],[17.12908,48.152515],[17.129077,48.152524]]]},"properties":{"name":""}},{"type":"Feature","geometry":{"type":"Polygon","coordinates":[[[17.125612,48.145774],[17.125927,48.145341],[17.126193,48.145422],[17.125868,48.145856],[17.125612,48.145774]]]},"properties":{"name":""}},{"type":"Feature","geometry":{"type":"Polygon","coordinates":[[[17.125541,48.14593],[17.125624,48.145815],[17.125821,48.145879],[17.125738,48.145993],[17.125541,48.14593]]]},"properties":{"name":""}},{"type":"Feature","geometry":{"type":"Polygon","coordinates":[[[17.133381,48.146518],[17.133994,48.146457],[17.133948,48.146251],[17.133335,48.146312],[17.133381,48.146518]]]},"properties":{"name":""}},{"type":"Feature","geometry":{"type":"Polygon","coordinates":[[[17.134167,48.14623],[17.133948,48.146251],[17.133994,48.146457],[17.134213,48.146435],[17.134167,48.14623]]]},"properties":{"name":""}},{"type":"Feature","geometry":{"type":"Polygon","coordinates":[[[17.1224,48.144857],[17.12243,48.144864],[17.122452,48.144868],[17.122494,48.144914],[17.122579,48.144907],[17.122668,48.144879],[17.122711,48.144844],[17.122752,48.144852],[17.122777,48.144809],[17.122741,48.1448],[17.122733,48.144813],[17.122464,48.144745],[17.122438,48.144792],[17.1224,48.144857]]]},"properties":{"name":""}},{"type":"Feature","geometry":{"type":"Polygon","coordinates":[[[17.131743,48.15136],[17.131622,48.151492],[17.131239,48.151334],[17.13136,48.151203],[17.131743,48.15136]]]},"properties":{"name":""}},{"type":"Feature","geometry":{"type":"Polygon","coordinates":[[[17.122409,48.158567],[17.12256,48.158581],[17.122646,48.157999],[17.1225,48.157989],[17.122409,48.158567]]]},"properties":{"name":""}},{"type":"Feature","geometry":{"type":"Polygon","coordinates":[[[17.122158,48.158553],[17.121904,48.158537],[17.121993,48.157954],[17.122058,48.157958],[17.122248,48.157971],[17.122158,48.158553]]]},"properties":{"name":""}},{"type":"Feature","geometry":{"type":"Polygon","coordinates":[[[17.122831,48.157486],[17.123044,48.157467],[17.123007,48.157229],[17.122799,48.157249],[17.122831,48.157486]]]},"properties":{"name":""}},{"type":"Feature","geometry":{"type":"Polygon","coordinates":[[[17.132296,48.145861],[17.132509,48.146225],[17.132587,48.146439],[17.132702,48.146644],[17.132725,48.146662],[17.13276,48.146664],[17.132785,48.146652],[17.132796,48.14663],[17.132515,48.146144],[17.132342,48.145853],[17.132296,48.145861]]]},"properties":{"name":""}},{"type":"Feature","geometry":{"type":"Polygon","coordinates":[[[17.134577,48.149825],[17.134604,48.149824],[17.134627,48.149811],[17.134631,48.149794],[17.134432,48.14943],[17.134414,48.149409],[17.134366,48.149404],[17.134336,48.149424],[17.134336,48.149453],[17.134549,48.149816],[17.134577,48.149825]]]},"properties":{"name":""}},{"type":"Feature","geometry":{"type":"Polygon","coordinates":[[[17.134653,48.149981],[17.134736,48.149958],[17.134715,48.149925],[17.134696,48.149916],[17.134664,48.149915],[17.134638,48.149926],[17.134633,48.149943],[17.134653,48.149981]]]},"properties":{"name":""}},{"type":"Feature","geometry":{"type":"Polygon","coordinates":[[[17.135294,48.150923],[17.135149,48.150674],[17.13506,48.150698],[17.135207,48.150945],[17.135294,48.150923]]]},"properties":{"name":""}},{"type":"Feature","geometry":{"type":"Polygon","coordinates":[[[17.134294,48.14936],[17.13433,48.14936],[17.134359,48.149343],[17.134357,48.149327],[17.134323,48.149267],[17.134301,48.149226],[17.134284,48.149211],[17.134244,48.149208],[17.13422,48.149222],[17.134217,48.149246],[17.13424,48.149288],[17.134273,48.149345],[17.134294,48.14936]]]},"properties":{"name":""}},{"type":"Feature","geometry":{"type":"Polygon","coordinates":[[[17.13351,48.147854],[17.132881,48.146767],[17.132861,48.146736],[17.132831,48.146718],[17.132796,48.14672],[17.132774,48.146743],[17.132775,48.146759],[17.133397,48.147829],[17.133446,48.147914],[17.133471,48.147935],[17.133496,48.147937],[17.133527,48.147928],[17.133537,48.147902],[17.13351,48.147854]]]},"properties":{"name":""}},{"type":"Feature","geometry":{"type":"Polygon","coordinates":[[[17.133529,48.148056],[17.134134,48.149103],[17.134154,48.149118],[17.13419,48.149118],[17.134217,48.149102],[17.13422,48.149088],[17.134214,48.149074],[17.1342,48.149051],[17.133613,48.148028],[17.133585,48.148015],[17.13355,48.148021],[17.133534,48.14804],[17.133529,48.148056]]]},"properties":{"name":""}},{"type":"Feature","geometry":{"type":"Polygon","coordinates":[[[17.13506,48.150698],[17.135149,48.150674],[17.135038,48.15048],[17.13495,48.150503],[17.13506,48.150698]]]},"properties":{"name":""}},{"type":"Feature","geometry":{"type":"Polygon","coordinates":[[[17.13475,48.149979],[17.134665,48.150002],[17.13494,48.150478],[17.135027,48.150456],[17.13475,48.149979]]]},"properties":{"name":""}},{"type":"Feature","geometry":{"type":"Polygon","coordinates":[[[17.135238,48.150999],[17.135298,48.151102],[17.135372,48.151224],[17.13541,48.151254],[17.135431,48.151258],[17.135442,48.151256],[17.135452,48.151242],[17.135455,48.15121],[17.135388,48.15108],[17.135361,48.151034],[17.135294,48.150923],[17.135207,48.150945],[17.135238,48.150999]]]},"properties":{"name":""}},{"type":"Feature","geometry":{"type":"Polygon","coordinates":[[[17.139217,48.14622],[17.139272,48.146214],[17.139322,48.146209],[17.139378,48.146453],[17.139396,48.146429],[17.139405,48.146383],[17.139405,48.146369],[17.139382,48.146256],[17.139374,48.146222],[17.139353,48.146181],[17.13934,48.146162],[17.1393,48.146156],[17.139259,48.14616],[17.139234,48.146169],[17.13921,48.146186],[17.139198,48.146207],[17.139193,48.146235],[17.139197,48.146258],[17.139232,48.146414],[17.139243,48.146438],[17.139254,48.146449],[17.139273,48.146465],[17.139217,48.14622]]]},"properties":{"name":""}},{"type":"Feature","geometry":{"type":"Polygon","coordinates":[[[17.138828,48.145144],[17.138817,48.14515],[17.138811,48.145159],[17.138816,48.145187],[17.138822,48.145207],[17.138835,48.145241],[17.138849,48.145293],[17.138861,48.145376],[17.138862,48.145389],[17.13889,48.145508],[17.138953,48.145502],[17.138982,48.145487],[17.139009,48.145463],[17.139023,48.145437],[17.139027,48.145412],[17.139004,48.145313],[17.138968,48.145153],[17.138963,48.145145],[17.138953,48.145139],[17.138945,48.145135],[17.138933,48.145133],[17.138995,48.145405],[17.138938,48.14541],[17.13889,48.145416],[17.138828,48.145144]]]},"properties":{"name":""}},{"type":"Feature","geometry":{"type":"Polygon","coordinates":[[[17.138147,48.145895],[17.138154,48.145903],[17.138168,48.145907],[17.138189,48.145909],[17.138691,48.145859],[17.138662,48.145827],[17.138621,48.145798],[17.138593,48.145784],[17.138559,48.145772],[17.138525,48.145761],[17.138161,48.145798],[17.138132,48.145812],[17.138129,48.145828],[17.138473,48.145795],[17.138482,48.145828],[17.138489,48.145856],[17.138147,48.145895]]]},"properties":{"name":""}},{"type":"Feature","geometry":{"type":"Polygon","coordinates":[[[17.138569,48.145757],[17.138603,48.145771],[17.138637,48.145788],[17.138671,48.145811],[17.138698,48.145834],[17.138713,48.145801],[17.138743,48.145761],[17.138769,48.145737],[17.138569,48.145757]]]},"properties":{"name":""}},{"type":"Feature","geometry":{"type":"Polygon","coordinates":[[[17.140046,48.14597],[17.140287,48.145945],[17.14024,48.145725],[17.139994,48.14575],[17.139997,48.145763],[17.140043,48.145957],[17.140046,48.14597]]]},"properties":{"name":""}},{"type":"Feature","geometry":{"type":"Polygon","coordinates":[[[17.138528,48.146209],[17.138495,48.146062],[17.13871,48.146041],[17.138761,48.146036],[17.138793,48.146182],[17.138742,48.146187],[17.138528,48.146209]]]},"properties":{"name":""}},{"type":"Feature","geometry":{"type":"Polygon","coordinates":[[[17.139037,48.145237],[17.139057,48.145235],[17.139347,48.145205],[17.139368,48.145203],[17.139334,48.145069],[17.139006,48.145101],[17.139037,48.145237]]]},"properties":{"name":""}},{"type":"Feature","geometry":{"type":"Polygon","coordinates":[[[17.138081,48.145624],[17.138299,48.145603],[17.138273,48.14549],[17.13824,48.145341],[17.138022,48.145364],[17.138056,48.145512],[17.138081,48.145624]]]},"properties":{"name":""}},{"type":"Feature","geometry":{"type":"Polygon","coordinates":[[[17.135607,48.14945],[17.135614,48.149456],[17.135692,48.149514],[17.136934,48.15024],[17.136969,48.150244],[17.136991,48.150242],[17.137007,48.150239],[17.137021,48.150234],[17.137036,48.150224],[17.137044,48.150205],[17.137035,48.150189],[17.137011,48.150165],[17.136002,48.149574],[17.135745,48.149428],[17.135726,48.149417],[17.13568,48.149402],[17.135633,48.149395],[17.135616,48.1494],[17.135593,48.149412],[17.135596,48.149431],[17.135607,48.14945]]]},"properties":{"name":""}},{"type":"Feature","geometry":{"type":"Polygon","coordinates":[[[17.138524,48.151175],[17.138612,48.151106],[17.13782,48.150641],[17.137794,48.150633],[17.13776,48.150635],[17.137729,48.15065],[17.137715,48.15067],[17.137716,48.15069],[17.137725,48.150704],[17.138524,48.151175]]]},"properties":{"name":""}},{"type":"Feature","geometry":{"type":"Polygon","coordinates":[[[17.135484,48.149308],[17.135517,48.149338],[17.135556,48.149347],[17.135597,48.149337],[17.135619,48.149318],[17.13562,48.14929],[17.135572,48.149195],[17.135549,48.149175],[17.135503,48.149165],[17.135469,48.149173],[17.135443,48.149195],[17.135441,48.149222],[17.135484,48.149308]]]},"properties":{"name":""}},{"type":"Feature","geometry":{"type":"Polygon","coordinates":[[[17.13891,48.151298],[17.138948,48.151321],[17.140451,48.152202],[17.140457,48.152235],[17.140437,48.152251],[17.140391,48.152248],[17.138871,48.15136],[17.138822,48.151331],[17.13891,48.151298]]]},"properties":{"name":""}},{"type":"Feature","geometry":{"type":"Polygon","coordinates":[[[17.137099,48.150336],[17.137568,48.150611],[17.137601,48.150623],[17.137634,48.150621],[17.137656,48.150612],[17.137676,48.150593],[17.137678,48.150565],[17.137656,48.150542],[17.137494,48.150447],[17.137468,48.150432],[17.137195,48.150273],[17.137163,48.150265],[17.137132,48.150264],[17.137105,48.150282],[17.137091,48.150307],[17.137099,48.150336]]]},"properties":{"name":""}},{"type":"Feature","geometry":{"type":"Polygon","coordinates":[[[17.135637,48.147805],[17.135513,48.147801],[17.135508,48.147807],[17.135413,48.1491],[17.135428,48.149122],[17.135468,48.149142],[17.135518,48.14914],[17.13555,48.149118],[17.135555,48.149085],[17.135641,48.147815],[17.135637,48.147805]]]},"properties":{"name":""}},{"type":"Feature","geometry":{"type":"Polygon","coordinates":[[[17.135055,48.147607],[17.134577,48.147591],[17.134533,48.147598],[17.13451,48.147617],[17.134508,48.147648],[17.134526,48.147668],[17.134571,48.147678],[17.135041,48.147696],[17.135301,48.147706],[17.135359,48.147695],[17.135382,48.147662],[17.135365,48.147633],[17.135319,48.147617],[17.135055,48.147607]]]},"properties":{"name":""}},{"type":"Feature","geometry":{"type":"Polygon","coordinates":[[[17.135785,48.14772],[17.136112,48.147734],[17.136164,48.147725],[17.136189,48.147692],[17.136168,48.147658],[17.136119,48.147645],[17.135807,48.147632],[17.135755,48.147641],[17.135731,48.147676],[17.135746,48.147706],[17.135785,48.14772]]]},"properties":{"name":""}},{"type":"Feature","geometry":{"type":"Polygon","coordinates":[[[17.136535,48.149274],[17.136417,48.149087],[17.136623,48.149033],[17.136763,48.149096],[17.1372,48.149293],[17.137173,48.14932],[17.137216,48.149338],[17.137082,48.149476],[17.137015,48.149542],[17.136535,48.149274]]]},"properties":{"name":""}},{"type":"Feature","geometry":{"type":"Polygon","coordinates":[[[17.133768,48.149622],[17.133776,48.149594],[17.133788,48.149572],[17.133838,48.149542],[17.133704,48.14949],[17.133675,48.149496],[17.133669,48.14951],[17.133694,48.149585],[17.133717,48.149636],[17.133756,48.149625],[17.133768,48.149622]]]},"properties":{"name":""}},{"type":"Feature","geometry":{"type":"Polygon","coordinates":[[[17.133771,48.149728],[17.133813,48.149716],[17.133829,48.149712],[17.133885,48.149742],[17.133933,48.149751],[17.13399,48.149744],[17.134022,48.149733],[17.134075,48.149703],[17.134091,48.149688],[17.134125,48.149714],[17.134174,48.149749],[17.13394,48.149952],[17.133866,48.149902],[17.133771,48.149728]]]},"properties":{"name":""}},{"type":"Feature","geometry":{"type":"Polygon","coordinates":[[[17.130576,48.153963],[17.1309,48.154005],[17.130931,48.153899],[17.130607,48.153857],[17.130576,48.153963]]]},"properties":{"name":""}},{"type":"Feature","geometry":{"type":"Polygon","coordinates":[[[17.126263,48.145298],[17.126263,48.145312],[17.126373,48.145366],[17.126884,48.145526],[17.12693,48.145535],[17.126987,48.145533],[17.126886,48.1455],[17.126263,48.145298]]]},"properties":{"name":""}},{"type":"Feature","geometry":{"type":"Polygon","coordinates":[[[17.125925,48.145267],[17.12596,48.145212],[17.126103,48.145255],[17.126165,48.14529],[17.126278,48.145361],[17.126275,48.145365],[17.126171,48.145328],[17.126106,48.145306],[17.125925,48.145267]]]},"properties":{"name":""}},{"type":"Feature","geometry":{"type":"Polygon","coordinates":[[[17.124858,48.144914],[17.125165,48.145013],[17.125172,48.145011],[17.125176,48.145007],[17.125179,48.144988],[17.125184,48.144978],[17.125196,48.144964],[17.125197,48.144959],[17.125195,48.144955],[17.124902,48.144859],[17.124895,48.144861],[17.124871,48.144889],[17.124855,48.144898],[17.12485,48.144902],[17.124849,48.144906],[17.124852,48.144911],[17.124858,48.144914]]]},"properties":{"name":""}},{"type":"Feature","geometry":{"type":"Polygon","coordinates":[[[17.1253,48.145058],[17.125771,48.145211],[17.125789,48.145216],[17.125808,48.145218],[17.125827,48.145213],[17.125842,48.145204],[17.12585,48.145191],[17.125849,48.145178],[17.12584,48.145166],[17.125827,48.145158],[17.125343,48.145001],[17.125323,48.144997],[17.125304,48.144999],[17.125287,48.145006],[17.125276,48.145018],[17.125273,48.145031],[17.125278,48.145044],[17.12529,48.145054],[17.1253,48.145058]]]},"properties":{"name":""}},{"type":"Feature","geometry":{"type":"Polygon","coordinates":[[[17.130991,48.146674],[17.131078,48.146749],[17.13132,48.1461],[17.131316,48.146046],[17.131297,48.146005],[17.131235,48.146031],[17.130991,48.146674]]]},"properties":{"name":""}},{"type":"Feature","geometry":{"type":"Polygon","coordinates":[[[17.139309,48.151277],[17.139558,48.151178],[17.140021,48.150737],[17.140343,48.150243],[17.140386,48.150218],[17.140423,48.150219],[17.140578,48.150362],[17.140576,48.150565],[17.1406,48.150775],[17.140634,48.150884],[17.140621,48.150937],[17.140556,48.150975],[17.140351,48.151062],[17.140311,48.151159],[17.140289,48.151196],[17.14033,48.151241],[17.140103,48.151516],[17.139814,48.151349],[17.139652,48.151256],[17.139504,48.151392],[17.139405,48.151334],[17.139309,48.151277]]]},"properties":{"name":""}},{"type":"Feature","geometry":{"type":"Polygon","coordinates":[[[17.129855,48.145902],[17.130414,48.145843],[17.130844,48.145819],[17.131262,48.145777],[17.131258,48.145754],[17.130952,48.145787],[17.130592,48.145807],[17.130215,48.145826],[17.129898,48.145857],[17.1296,48.145911],[17.129855,48.145902]]]},"properties":{"name":""}},{"type":"Feature","geometry":{"type":"Polygon","coordinates":[[[17.125882,48.146328],[17.126081,48.146292],[17.125885,48.146297],[17.125331,48.146355],[17.124927,48.146373],[17.124438,48.146427],[17.124232,48.146448],[17.12424,48.146468],[17.124444,48.146446],[17.124741,48.146411],[17.12532,48.146387],[17.125882,48.146328]]]},"properties":{"name":""}},{"type":"Feature","geometry":{"type":"Polygon","coordinates":[[[17.127171,48.146221],[17.127148,48.146128],[17.12883,48.145947],[17.12883,48.145955],[17.128799,48.145967],[17.128785,48.145991],[17.128791,48.146017],[17.128827,48.146037],[17.127171,48.146221]]]},"properties":{"name":""}},{"type":"Feature","geometry":{"type":"Polygon","coordinates":[[[17.124606,48.145681],[17.124559,48.145742],[17.124566,48.145763],[17.124635,48.145785],[17.124728,48.145805],[17.12485,48.145856],[17.125115,48.145941],[17.125162,48.145939],[17.125165,48.145975],[17.125668,48.146142],[17.125931,48.146112],[17.124606,48.145681]]]},"properties":{"name":""}},{"type":"Feature","geometry":{"type":"Polygon","coordinates":[[[17.124156,48.145535],[17.124104,48.145607],[17.124215,48.145634],[17.124325,48.145681],[17.124406,48.145695],[17.124472,48.14573],[17.124527,48.145655],[17.124341,48.145596],[17.124252,48.145586],[17.124224,48.145557],[17.124156,48.145535]]]},"properties":{"name":""}},{"type":"Feature","geometry":{"type":"Polygon","coordinates":[[[17.134213,48.146435],[17.134428,48.146414],[17.134383,48.146208],[17.134167,48.14623],[17.134213,48.146435]]]},"properties":{"name":""}},{"type":"Feature","geometry":{"type":"Polygon","coordinates":[[[17.126562,48.150818],[17.126698,48.150801],[17.12676,48.150791],[17.126657,48.150425],[17.126515,48.149974],[17.126459,48.149794],[17.126204,48.149831],[17.126268,48.150012],[17.126562,48.150818]]]},"properties":{"name":""}},{"type":"Feature","geometry":{"type":"Polygon","coordinates":[[[17.124787,48.155318],[17.124637,48.155218],[17.124852,48.155086],[17.125006,48.155079],[17.124964,48.155234],[17.124896,48.155316],[17.124787,48.155318]]]},"properties":{"name":""}},{"type":"Feature","geometry":{"type":"Polygon","coordinates":[[[17.124052,48.154151],[17.123986,48.154109],[17.123768,48.154272],[17.12383,48.154276],[17.123885,48.154263],[17.123919,48.154246],[17.124052,48.154151]]]},"properties":{"name":""}},{"type":"Feature","geometry":{"type":"Polygon","coordinates":[[[17.124727,48.154088],[17.124947,48.154078],[17.124961,48.154031],[17.124923,48.153973],[17.124888,48.153947],[17.124601,48.153824],[17.124553,48.153834],[17.124534,48.153865],[17.12455,48.153917],[17.124642,48.154061],[17.124727,48.154088]]]},"properties":{"name":""}},{"type":"Feature","geometry":{"type":"Polygon","coordinates":[[[17.126843,48.157569],[17.126546,48.157342],[17.126596,48.157311],[17.12667,48.157377],[17.126772,48.157473],[17.126819,48.157521],[17.126845,48.157551],[17.126843,48.157569]]]},"properties":{"name":""}},{"type":"Feature","geometry":{"type":"Polygon","coordinates":[[[17.124813,48.156173],[17.124844,48.156194],[17.124887,48.156207],[17.124946,48.156213],[17.124988,48.156207],[17.125022,48.156193],[17.125083,48.156131],[17.125147,48.156096],[17.125122,48.156078],[17.125091,48.156099],[17.125023,48.15614],[17.12491,48.156053],[17.124896,48.156125],[17.124813,48.156173]]]},"properties":{"name":""}},{"type":"Feature","geometry":{"type":"Polygon","coordinates":[[[17.124787,48.156149],[17.124857,48.156111],[17.124884,48.156048],[17.124726,48.1561],[17.124753,48.156126],[17.124787,48.156149]]]},"properties":{"name":""}},{"type":"Feature","geometry":{"type":"Polygon","coordinates":[[[17.122707,48.156036],[17.122883,48.155988],[17.122587,48.155854],[17.122707,48.156036]]]},"properties":{"name":""}},{"type":"Feature","geometry":{"type":"Polygon","coordinates":[[[17.122779,48.156261],[17.122652,48.156301],[17.122629,48.156305],[17.122556,48.156199],[17.122566,48.156196],[17.122556,48.156183],[17.122544,48.156186],[17.122465,48.156073],[17.122638,48.156009],[17.122695,48.156088],[17.122704,48.156148],[17.122779,48.156261]]]},"properties":{"name":""}},{"type":"Feature","geometry":{"type":"Polygon","coordinates":[[[17.12862,48.148036],[17.128536,48.147662],[17.128505,48.147666],[17.128147,48.147706],[17.128127,48.147625],[17.128092,48.147629],[17.127958,48.147643],[17.127336,48.147708],[17.126912,48.147607],[17.126912,48.147619],[17.126925,48.147627],[17.127276,48.147714],[17.127555,48.147778],[17.127553,48.147738],[17.127587,48.147713],[17.127629,48.147702],[17.127681,48.147713],[17.1277,48.147733],[17.127705,48.14776],[17.127692,48.147782],[17.127664,48.147804],[17.12862,48.148036]]]},"properties":{"name":""}},{"type":"Feature","geometry":{"type":"Polygon","coordinates":[[[17.126939,48.146479],[17.126849,48.146458],[17.126846,48.146438],[17.126988,48.146424],[17.127008,48.146437],[17.127016,48.146472],[17.126939,48.146479]]]},"properties":{"name":""}},{"type":"Feature","geometry":{"type":"Polygon","coordinates":[[[17.126481,48.146596],[17.126697,48.14657],[17.1267,48.146556],[17.126606,48.146532],[17.126473,48.146546],[17.126454,48.146561],[17.126461,48.146582],[17.126481,48.146596]]]},"properties":{"name":""}},{"type":"Feature","geometry":{"type":"Polygon","coordinates":[[[17.126515,48.146504],[17.126484,48.146496],[17.126479,48.146485],[17.126486,48.146477],[17.126715,48.146453],[17.126748,48.146464],[17.126752,48.146473],[17.126742,48.14648],[17.126515,48.146504]]]},"properties":{"name":""}},{"type":"Feature","geometry":{"type":"Polygon","coordinates":[[[17.130691,48.146042],[17.130702,48.146051],[17.130702,48.146067],[17.130677,48.146085],[17.130608,48.146092],[17.130587,48.146082],[17.130588,48.146059],[17.130601,48.14605],[17.130691,48.146042]]]},"properties":{"name":""}},{"type":"Feature","geometry":{"type":"Polygon","coordinates":[[[17.130893,48.146116],[17.131109,48.146019],[17.131115,48.146009],[17.131108,48.145997],[17.131092,48.145991],[17.130809,48.14602],[17.130793,48.146029],[17.130792,48.146042],[17.130804,48.146055],[17.130842,48.146054],[17.13086,48.146072],[17.130833,48.146085],[17.130863,48.146114],[17.130876,48.146118],[17.130893,48.146116]]]},"properties":{"name":""}},{"type":"Feature","geometry":{"type":"Polygon","coordinates":[[[17.131125,48.146165],[17.131158,48.146078],[17.131147,48.146064],[17.131123,48.146064],[17.130909,48.146158],[17.130908,48.146178],[17.130929,48.146188],[17.131125,48.146165]]]},"properties":{"name":""}},{"type":"Feature","geometry":{"type":"Polygon","coordinates":[[[17.134103,48.148054],[17.134287,48.148002],[17.134305,48.148035],[17.134494,48.147984],[17.134575,48.148114],[17.134674,48.14812],[17.134676,48.148243],[17.134838,48.148244],[17.134808,48.148854],[17.134597,48.148909],[17.134103,48.148054]]]},"properties":{"name":""}},{"type":"Feature","geometry":{"type":"Polygon","coordinates":[[[17.138327,48.148638],[17.13884,48.147688],[17.138853,48.147659],[17.138844,48.147628],[17.138813,48.147609],[17.138765,48.147609],[17.138732,48.147627],[17.138717,48.147649],[17.138216,48.148579],[17.138202,48.148605],[17.138212,48.148634],[17.138236,48.148649],[17.138282,48.148655],[17.138327,48.148638]]]},"properties":{"name":""}},{"type":"Feature","geometry":{"type":"Polygon","coordinates":[[[17.12361,48.152092],[17.123718,48.151967],[17.124042,48.152095],[17.12397,48.15218],[17.123885,48.152202],[17.12361,48.152092]]]},"properties":{"name":""}},{"type":"Feature","geometry":{"type":"Polygon","coordinates":[[[17.123111,48.151898],[17.123203,48.151796],[17.123456,48.151896],[17.123368,48.151997],[17.123111,48.151898]]]},"properties":{"name":""}},{"type":"Feature","geometry":{"type":"Polygon","coordinates":[[[17.135479,48.151408],[17.135929,48.152195],[17.135966,48.152182],[17.135546,48.1514],[17.135533,48.151387],[17.135506,48.151387],[17.135485,48.151394],[17.135479,48.151408]]]},"properties":{"name":""}},{"type":"Feature","geometry":{"type":"Polygon","coordinates":[[[17.131966,48.148252],[17.132107,48.148294],[17.132127,48.148333],[17.132055,48.148393],[17.131881,48.14838],[17.131865,48.148294],[17.131966,48.148252]]]},"properties":{"name":""}},{"type":"Feature","geometry":{"type":"Polygon","coordinates":[[[17.131624,48.148536],[17.131697,48.148518],[17.131818,48.148677],[17.131773,48.148752],[17.131612,48.148715],[17.131613,48.1487],[17.131624,48.148536]]]},"properties":{"name":""}},{"type":"Feature","geometry":{"type":"Polygon","coordinates":[[[17.13184,48.14815],[17.131926,48.14804],[17.131943,48.148034],[17.131962,48.148041],[17.132041,48.148177],[17.132022,48.148213],[17.132014,48.148218],[17.131952,48.148233],[17.13184,48.14815]]]},"properties":{"name":""}},{"type":"Feature","geometry":{"type":"Polygon","coordinates":[[[17.131809,48.147791],[17.131639,48.147497],[17.131629,48.147492],[17.131617,48.147496],[17.131551,48.147604],[17.131491,48.147702],[17.131529,48.147723],[17.131639,48.14778],[17.131794,48.147804],[17.131809,48.147791]]]},"properties":{"name":""}},{"type":"Feature","geometry":{"type":"Polygon","coordinates":[[[17.131243,48.147386],[17.131242,48.147413],[17.131447,48.147466],[17.131591,48.147434],[17.1316,48.147419],[17.131565,48.14736],[17.131422,48.147395],[17.131243,48.147386]]]},"properties":{"name":""}},{"type":"Feature","geometry":{"type":"Polygon","coordinates":[[[17.13159,48.147965],[17.131569,48.147937],[17.131555,48.147918],[17.131558,48.147906],[17.131658,48.147866],[17.131737,48.147898],[17.131806,48.147926],[17.131814,48.147985],[17.131794,48.147998],[17.131741,48.147991],[17.131609,48.147974],[17.13159,48.147965]]]},"properties":{"name":""}},{"type":"Feature","geometry":{"type":"Polygon","coordinates":[[[17.129768,48.147045],[17.129686,48.147056],[17.129527,48.147073],[17.129514,48.147048],[17.129482,48.147035],[17.129389,48.147045],[17.129295,48.147055],[17.129271,48.147078],[17.129274,48.1471],[17.127129,48.147323],[17.127141,48.147374],[17.126872,48.147401],[17.126721,48.14742],[17.126595,48.146956],[17.126842,48.146924],[17.126956,48.146681],[17.12735,48.146481],[17.127317,48.14644],[17.127385,48.146376],[17.127427,48.146334],[17.127431,48.14633],[17.127436,48.146324],[17.127442,48.146321],[17.12745,48.146319],[17.127457,48.146317],[17.127647,48.14631],[17.127762,48.146306],[17.127776,48.146307],[17.12779,48.146311],[17.1278,48.146319],[17.127805,48.146328],[17.127807,48.146333],[17.127826,48.146406],[17.128057,48.146386],[17.128046,48.146309],[17.128045,48.146298],[17.128048,48.146289],[17.128057,48.146281],[17.128071,48.146276],[17.128198,48.146251],[17.128201,48.146251],[17.128211,48.146249],[17.128231,48.146248],[17.128275,48.146247],[17.128443,48.146244],[17.128459,48.146246],[17.128466,48.146248],[17.128475,48.146255],[17.128478,48.146258],[17.128481,48.146264],[17.128522,48.146337],[17.128699,48.146319],[17.1287,48.146241],[17.128702,48.146227],[17.128708,48.146218],[17.128715,48.146213],[17.128728,48.146209],[17.128794,48.146197],[17.128907,48.146175],[17.129006,48.146156],[17.129017,48.146155],[17.129038,48.146163],[17.129052,48.146169],[17.129109,48.146198],[17.129163,48.146224],[17.129188,48.146256],[17.129585,48.146232],[17.129768,48.147045]]]},"properties":{"name":"Zelen\u00e1 strecha"}},{"type":"Feature","geometry":{"type":"Polygon","coordinates":[[[17.13211,48.148472],[17.131973,48.148725],[17.131901,48.148726],[17.13183,48.148632],[17.131792,48.148525],[17.131986,48.148447],[17.13211,48.148472]]]},"properties":{"name":""}},{"type":"Feature","geometry":{"type":"Polygon","coordinates":[[[17.132279,48.149719],[17.132454,48.149404],[17.133057,48.149546],[17.133111,48.149641],[17.133161,48.14973],[17.13324,48.149881],[17.133261,48.149921],[17.13334,48.150071],[17.13287,48.150448],[17.132528,48.150257],[17.132311,48.150433],[17.132169,48.150348],[17.132251,48.150291],[17.132526,48.150065],[17.132661,48.149964],[17.132469,48.149766],[17.132279,48.149719]]]},"properties":{"name":""}},{"type":"Feature","geometry":{"type":"Polygon","coordinates":[[[17.135563,48.149733],[17.136569,48.150326],[17.136435,48.150429],[17.136351,48.150377],[17.135799,48.150797],[17.135686,48.150824],[17.135118,48.149848],[17.135138,48.149842],[17.135365,48.149784],[17.135372,48.149782],[17.135409,48.149773],[17.135563,48.149733]]]},"properties":{"name":""}},{"type":"Feature","geometry":{"type":"Polygon","coordinates":[[[17.133871,48.147636],[17.134291,48.147523],[17.134334,48.147491],[17.134286,48.147196],[17.134283,48.147169],[17.134225,48.147175],[17.134191,48.147021],[17.134249,48.147015],[17.134225,48.146925],[17.133969,48.146944],[17.133931,48.146777],[17.133405,48.146828],[17.133871,48.147636]]]},"properties":{"name":""}},{"type":"Feature","geometry":{"type":"Polygon","coordinates":[[[17.135378,48.145885],[17.135394,48.145993],[17.135665,48.145965],[17.135646,48.145949],[17.135378,48.145885]]]},"properties":{"name":""}},{"type":"Feature","geometry":{"type":"Polygon","coordinates":[[[17.134755,48.145383],[17.134665,48.145338],[17.134635,48.145305],[17.134602,48.145161],[17.13462,48.145121],[17.134666,48.145088],[17.134734,48.145078],[17.134745,48.145119],[17.135562,48.145036],[17.13555,48.144989],[17.135717,48.144978],[17.135728,48.145017],[17.137407,48.144846],[17.137394,48.144796],[17.137544,48.144784],[17.137579,48.144808],[17.137604,48.144858],[17.137573,48.144962],[17.137587,48.14503],[17.137574,48.145076],[17.137525,48.145108],[17.137468,48.145117],[17.137433,48.144977],[17.13565,48.145156],[17.134724,48.145259],[17.134755,48.145383]]]},"properties":{"name":""}},{"type":"Feature","geometry":{"type":"Polygon","coordinates":[[[17.132478,48.145305],[17.13222,48.145332],[17.132346,48.145391],[17.132504,48.145402],[17.133146,48.145336],[17.133366,48.145348],[17.133813,48.145332],[17.134069,48.145349],[17.13434,48.145378],[17.134395,48.145365],[17.134448,48.14533],[17.134517,48.145287],[17.134521,48.145243],[17.134505,48.145162],[17.134457,48.145122],[17.134393,48.145109],[17.134074,48.145142],[17.13409,48.145196],[17.133661,48.145238],[17.133596,48.145236],[17.133096,48.14529],[17.133085,48.14524],[17.132911,48.14526],[17.13292,48.145306],[17.132487,48.145351],[17.132478,48.145305]]]},"properties":{"name":""}},{"type":"Feature","geometry":{"type":"Polygon","coordinates":[[[17.139021,48.144913],[17.139001,48.144841],[17.138972,48.144817],[17.138102,48.144906],[17.13809,48.144867],[17.138042,48.14489],[17.138029,48.144902],[17.138024,48.144922],[17.138028,48.144967],[17.138015,48.145039],[17.138091,48.145055],[17.138168,48.145045],[17.138158,48.144998],[17.139021,48.144913]]]},"properties":{"name":""}},{"type":"Feature","geometry":{"type":"Polygon","coordinates":[[[17.125143,48.152302],[17.125114,48.152288],[17.12508,48.152289],[17.125052,48.152303],[17.125042,48.152325],[17.125053,48.152347],[17.125081,48.15236],[17.125116,48.15236],[17.125144,48.152346],[17.125154,48.152324],[17.125143,48.152302]]]},"properties":{"name":""}},{"type":"Feature","geometry":{"type":"Polygon","coordinates":[[[17.13943,48.145055],[17.139391,48.145058],[17.139475,48.145436],[17.139497,48.145448],[17.13952,48.145445],[17.139782,48.145365],[17.139739,48.145181],[17.139713,48.14514],[17.139539,48.145042],[17.139481,48.145048],[17.139556,48.145383],[17.139553,48.145395],[17.139542,48.1454],[17.139535,48.145401],[17.139526,48.145401],[17.139517,48.145397],[17.139508,48.145388],[17.13943,48.145055]]]},"properties":{"name":""}},{"type":"Feature","geometry":{"type":"Polygon","coordinates":[[[17.139745,48.145105],[17.139838,48.145081],[17.14,48.145062],[17.139996,48.145035],[17.139984,48.144995],[17.139635,48.145032],[17.139703,48.145086],[17.139745,48.145105]]]},"properties":{"name":""}},{"type":"Feature","geometry":{"type":"Polygon","coordinates":[[[17.126772,48.151739],[17.12684,48.151732],[17.126871,48.151862],[17.126804,48.151869],[17.126864,48.152112],[17.126954,48.152219],[17.126868,48.15223],[17.126859,48.152201],[17.12685,48.152174],[17.126842,48.152145],[17.126832,48.152116],[17.126824,48.152087],[17.126818,48.152088],[17.126752,48.152025],[17.126698,48.151962],[17.126571,48.151635],[17.126537,48.1515],[17.126509,48.151392],[17.126476,48.151264],[17.126491,48.15126],[17.126564,48.151247],[17.126663,48.151228],[17.126738,48.151219],[17.126745,48.151219],[17.126821,48.151208],[17.126737,48.151293],[17.126739,48.151332],[17.126671,48.151339],[17.126772,48.151739]]]},"properties":{"name":""}},{"type":"Feature","geometry":{"type":"Polygon","coordinates":[[[17.125585,48.153975],[17.125619,48.153979],[17.125503,48.15435],[17.125333,48.154854],[17.125143,48.155368],[17.125083,48.155527],[17.125048,48.155503],[17.125292,48.154849],[17.125464,48.154343],[17.125585,48.153975]]]},"properties":{"name":""}},{"type":"Feature","geometry":{"type":"Polygon","coordinates":[[[17.125444,48.150642],[17.125481,48.150636],[17.125429,48.150475],[17.125395,48.15048],[17.125444,48.150642]]]},"properties":{"name":""}},{"type":"Feature","geometry":{"type":"Polygon","coordinates":[[[17.125783,48.152866],[17.125829,48.152867],[17.125839,48.152639],[17.125842,48.15236],[17.125833,48.152195],[17.125801,48.151834],[17.125723,48.151453],[17.125652,48.151173],[17.125497,48.150685],[17.125458,48.15069],[17.125584,48.151088],[17.125643,48.15129],[17.125683,48.151457],[17.125753,48.151837],[17.125792,48.152197],[17.125801,48.152359],[17.125798,48.152639],[17.125783,48.152866]]]},"properties":{"name":""}},{"type":"Feature","geometry":{"type":"Polygon","coordinates":[[[17.125676,48.153663],[17.125708,48.153667],[17.125776,48.153277],[17.125823,48.152918],[17.125779,48.152916],[17.125734,48.153307],[17.125676,48.153663]]]},"properties":{"name":""}},{"type":"Feature","geometry":{"type":"Polygon","coordinates":[[[17.125242,48.149305],[17.125215,48.149329],[17.125207,48.149348],[17.125205,48.149369],[17.125429,48.150118],[17.125567,48.150418],[17.125598,48.150492],[17.125634,48.15051],[17.125598,48.150443],[17.125242,48.149305]]]},"properties":{"name":""}},{"type":"Feature","geometry":{"type":"Polygon","coordinates":[[[17.124852,48.148093],[17.124782,48.148105],[17.124839,48.148255],[17.124828,48.148357],[17.124798,48.148365],[17.124936,48.148693],[17.125115,48.149121],[17.12517,48.149111],[17.124852,48.148093]]]},"properties":{"name":""}},{"type":"Feature","geometry":{"type":"Polygon","coordinates":[[[17.12472,48.147687],[17.124687,48.147736],[17.124676,48.147787],[17.124682,48.147831],[17.1247,48.14789],[17.124771,48.148078],[17.124841,48.148067],[17.12472,48.147687]]]},"properties":{"name":""}},{"type":"Feature","geometry":{"type":"Polygon","coordinates":[[[17.126175,48.154546],[17.126217,48.154418],[17.126282,48.154427],[17.126241,48.154556],[17.126175,48.154546]]]},"properties":{"name":"Terasa K6"}},{"type":"Feature","geometry":{"type":"Polygon","coordinates":[[[17.132223,48.148388],[17.132264,48.148403],[17.132318,48.148389],[17.132325,48.148377],[17.132311,48.148359],[17.132244,48.148338],[17.132226,48.148345],[17.132217,48.14838],[17.132223,48.148388]]]},"properties":{"name":""}},{"type":"Feature","geometry":{"type":"Polygon","coordinates":[[[17.132204,48.148279],[17.132254,48.148235],[17.132255,48.148224],[17.132239,48.14822],[17.132182,48.148235],[17.132174,48.148245],[17.132181,48.148275],[17.132191,48.148282],[17.132204,48.148279]]]},"properties":{"name":""}},{"type":"Feature","geometry":{"type":"Polygon","coordinates":[[[17.125844,48.148409],[17.1258,48.148415],[17.125757,48.148421],[17.125762,48.148436],[17.125788,48.148504],[17.125833,48.148498],[17.125877,48.148491],[17.125921,48.148485],[17.125924,48.148479],[17.125968,48.148474],[17.126012,48.148468],[17.125996,48.148428],[17.125981,48.148391],[17.125934,48.148397],[17.125889,48.148403],[17.125844,48.148409]]]},"properties":{"name":"Komunitn\u00e1 z\u00e1hrada 500 bytov"}},{"type":"Feature","geometry":{"type":"Polygon","coordinates":[[[17.127459,48.148349],[17.127459,48.148343],[17.127454,48.148338],[17.127446,48.148336],[17.127437,48.148336],[17.127429,48.148339],[17.127426,48.148345],[17.127426,48.148351],[17.127431,48.148356],[17.127439,48.148358],[17.127448,48.148358],[17.127456,48.148355],[17.127459,48.148349]]]},"properties":{"name":""}},{"type":"Feature","geometry":{"type":"Polygon","coordinates":[[[17.126491,48.147896],[17.126505,48.147845],[17.126478,48.14784],[17.12651,48.14778],[17.126545,48.147787],[17.126556,48.147765],[17.126578,48.147731],[17.126498,48.147709],[17.126431,48.147833],[17.126374,48.147821],[17.12637,48.14784],[17.12639,48.14786],[17.126413,48.147874],[17.126491,48.147896]]]},"properties":{"name":""}},{"type":"Feature","geometry":{"type":"Polygon","coordinates":[[[17.128113,48.152996],[17.128865,48.153095],[17.129021,48.152683],[17.128243,48.152582],[17.128233,48.152595],[17.12821,48.152672],[17.128285,48.152682],[17.128214,48.152926],[17.128151,48.152918],[17.128137,48.152917],[17.128113,48.152996]]]},"properties":{"name":""}},{"type":"Feature","geometry":{"type":"Polygon","coordinates":[[[17.129086,48.155226],[17.12957,48.154943],[17.129826,48.155126],[17.129352,48.155415],[17.129086,48.155226]]]},"properties":{"name":""}},{"type":"Feature","geometry":{"type":"Polygon","coordinates":[[[17.13792,48.15719],[17.137963,48.157212],[17.138305,48.157393],[17.138433,48.157459],[17.138292,48.156903],[17.138101,48.157035],[17.137959,48.157163],[17.13792,48.15719]]]},"properties":{"name":""}},{"type":"Feature","geometry":{"type":"Polygon","coordinates":[[[17.136743,48.156762],[17.137083,48.156804],[17.137067,48.156857],[17.137151,48.156869],[17.137095,48.1571],[17.136949,48.15708],[17.136892,48.157275],[17.137038,48.157294],[17.136997,48.157396],[17.137149,48.157442],[17.137114,48.157569],[17.137044,48.157559],[17.137061,48.1575],[17.136608,48.157441],[17.136721,48.157031],[17.136668,48.157023],[17.136743,48.156762]]]},"properties":{"name":""}},{"type":"Feature","geometry":{"type":"Polygon","coordinates":[[[17.137522,48.1546],[17.137706,48.154628],[17.137724,48.15463],[17.137637,48.154989],[17.137611,48.155006],[17.137461,48.155097],[17.137391,48.155047],[17.137522,48.1546]]]},"properties":{"name":""}},{"type":"Feature","geometry":{"type":"Polygon","coordinates":[[[17.132421,48.148764],[17.132448,48.14877],[17.132454,48.148763],[17.132464,48.148765],[17.132475,48.148768],[17.132551,48.148787],[17.132569,48.148754],[17.132613,48.148666],[17.132756,48.148699],[17.13271,48.148786],[17.132721,48.148789],[17.13345,48.148966],[17.133431,48.148995],[17.133788,48.148913],[17.133782,48.148898],[17.133774,48.148882],[17.133673,48.148908],[17.133633,48.148842],[17.133627,48.148832],[17.133595,48.14884],[17.133545,48.148758],[17.133512,48.148765],[17.133448,48.148766],[17.133354,48.148708],[17.133345,48.148653],[17.133286,48.14858],[17.133224,48.148388],[17.133138,48.148414],[17.13295,48.14848],[17.132862,48.148535],[17.132602,48.148564],[17.132442,48.148602],[17.132421,48.148764]]]},"properties":{"name":""}},{"type":"Feature","geometry":{"type":"Polygon","coordinates":[[[17.123041,48.146384],[17.122995,48.146168],[17.123165,48.146153],[17.123198,48.146172],[17.123246,48.14631],[17.123252,48.146327],[17.123259,48.146343],[17.123262,48.146363],[17.12322,48.146367],[17.123211,48.146332],[17.123162,48.146337],[17.123168,48.146355],[17.123161,48.146356],[17.123138,48.146358],[17.12313,48.14636],[17.123127,48.146342],[17.123078,48.146347],[17.123084,48.146381],[17.123041,48.146384]]]},"properties":{"name":""}},{"type":"Feature","geometry":{"type":"Polygon","coordinates":[[[17.122561,48.146252],[17.122744,48.14624],[17.122823,48.146115],[17.122667,48.146072],[17.122561,48.146252]]]},"properties":{"name":""}},{"type":"Feature","geometry":{"type":"Polygon","coordinates":[[[17.122971,48.146029],[17.122856,48.146],[17.122817,48.145989],[17.122801,48.145986],[17.122764,48.145977],[17.122689,48.145958],[17.122733,48.145882],[17.122757,48.145844],[17.122778,48.14585],[17.122842,48.145864],[17.122911,48.145881],[17.122971,48.145897],[17.123033,48.145912],[17.123061,48.14586],[17.123066,48.145855],[17.123094,48.145802],[17.123218,48.145831],[17.123382,48.145873],[17.123286,48.146041],[17.123223,48.146048],[17.123132,48.146026],[17.123079,48.146014],[17.122992,48.145993],[17.122971,48.146029]]]},"properties":{"name":""}},{"type":"Feature","geometry":{"type":"Polygon","coordinates":[[[17.131713,48.152723],[17.131736,48.152656],[17.131686,48.152648],[17.131663,48.152715],[17.131713,48.152723]]]},"properties":{"name":""}},{"type":"Feature","geometry":{"type":"Polygon","coordinates":[[[17.125273,48.156113],[17.125279,48.156197],[17.125442,48.156305],[17.125453,48.156471],[17.125579,48.156396],[17.126404,48.157015],[17.126348,48.157048],[17.126582,48.157226],[17.126641,48.157269],[17.126593,48.157205],[17.126579,48.157208],[17.126459,48.157061],[17.126476,48.157051],[17.126439,48.157002],[17.126054,48.156703],[17.125752,48.156472],[17.125347,48.15616],[17.125273,48.156113]]]},"properties":{"name":""}},{"type":"Feature","geometry":{"type":"Polygon","coordinates":[[[17.13242,48.14558],[17.132957,48.145527],[17.13345,48.145478],[17.133648,48.145469],[17.133805,48.145471],[17.134035,48.145484],[17.134353,48.145521],[17.134731,48.145591],[17.1349,48.145631],[17.134915,48.145617],[17.134659,48.145557],[17.134455,48.145519],[17.13424,48.14549],[17.133968,48.145466],[17.133696,48.145457],[17.133461,48.145465],[17.133263,48.145478],[17.132825,48.145523],[17.132405,48.145564],[17.13242,48.14558]]]},"properties":{"name":""}},{"type":"Feature","geometry":{"type":"Polygon","coordinates":[[[17.12864,48.156544],[17.128034,48.156076],[17.128394,48.155863],[17.129021,48.156316],[17.12864,48.156544]]]},"properties":{"name":""}},{"type":"Feature","geometry":{"type":"Polygon","coordinates":[[[17.129473,48.158053],[17.129493,48.158068],[17.129772,48.15807],[17.129991,48.158085],[17.130051,48.158082],[17.130108,48.158071],[17.129864,48.158005],[17.129851,48.157988],[17.129725,48.158016],[17.129599,48.158038],[17.129473,48.158053]]]},"properties":{"name":""}},{"type":"Feature","geometry":{"type":"Polygon","coordinates":[[[17.129894,48.157978],[17.130176,48.157908],[17.130205,48.157948],[17.130261,48.15797],[17.130233,48.158006],[17.130196,48.158031],[17.130159,48.158052],[17.129899,48.157985],[17.129894,48.157978]]]},"properties":{"name":""}},{"type":"Feature","geometry":{"type":"Polygon","coordinates":[[[17.138101,48.157035],[17.137959,48.157163],[17.137963,48.157212],[17.138305,48.157393],[17.138363,48.157366],[17.138388,48.15734],[17.138365,48.157293],[17.13835,48.157263],[17.138345,48.157253],[17.138147,48.157041],[17.138101,48.157035]]]},"properties":{"name":""}},{"type":"Feature","geometry":{"type":"Polygon","coordinates":[[[17.133616,48.157368],[17.134061,48.157511],[17.13416,48.157376],[17.134394,48.157451],[17.134438,48.157418],[17.134415,48.157406],[17.134219,48.157295],[17.134019,48.157183],[17.133872,48.157299],[17.133835,48.157278],[17.133773,48.157244],[17.133616,48.157368]]]},"properties":{"name":""}},{"type":"Feature","geometry":{"type":"Polygon","coordinates":[[[17.131992,48.146257],[17.132043,48.146244],[17.13206,48.146273],[17.13208,48.146307],[17.132037,48.146318],[17.132103,48.14643],[17.132145,48.146419],[17.132215,48.146538],[17.132172,48.146549],[17.132238,48.146662],[17.132281,48.14665],[17.132302,48.146686],[17.132313,48.146707],[17.132369,48.146802],[17.13234,48.146809],[17.132364,48.14685],[17.132226,48.146886],[17.132208,48.146856],[17.132041,48.146901],[17.132058,48.146929],[17.131916,48.146967],[17.13188,48.146976],[17.131863,48.146947],[17.131696,48.146991],[17.131713,48.147019],[17.131624,48.147043],[17.131543,48.147028],[17.131593,48.146894],[17.131598,48.146869],[17.131599,48.146844],[17.131816,48.146263],[17.131901,48.146281],[17.131992,48.146257]]]},"properties":{"name":""}},{"type":"Feature","geometry":{"type":"Polygon","coordinates":[[[17.131245,48.148529],[17.131369,48.148504],[17.131337,48.148401],[17.131295,48.148393],[17.131245,48.148529]]]},"properties":{"name":""}},{"type":"Feature","geometry":{"type":"Polygon","coordinates":[[[17.131342,48.148649],[17.131423,48.148668],[17.131429,48.148657],[17.131435,48.148645],[17.131385,48.148606],[17.13134,48.148615],[17.131342,48.148649]]]},"properties":{"name":""}},{"type":"Feature","geometry":{"type":"Polygon","coordinates":[[[17.131146,48.145591],[17.129827,48.145728],[17.128582,48.145862],[17.128548,48.145863],[17.128514,48.145858],[17.128477,48.145842],[17.128455,48.145825],[17.128458,48.145822],[17.128468,48.145821],[17.128494,48.145836],[17.128525,48.145851],[17.128576,48.145851],[17.129823,48.145715],[17.131143,48.145578],[17.131146,48.145591]]]},"properties":{"name":""}},{"type":"Feature","geometry":{"type":"Polygon","coordinates":[[[17.127689,48.145977],[17.127673,48.14597],[17.127675,48.145954],[17.12772,48.145938],[17.128163,48.145885],[17.1283,48.145883],[17.128318,48.145889],[17.128322,48.145897],[17.128303,48.145907],[17.127689,48.145977]]]},"properties":{"name":""}},{"type":"Feature","geometry":{"type":"Polygon","coordinates":[[[17.131545,48.145896],[17.131559,48.145869],[17.131567,48.145868],[17.131573,48.145872],[17.131571,48.145899],[17.131545,48.145896]]]},"properties":{"name":""}},{"type":"Feature","geometry":{"type":"Polygon","coordinates":[[[17.134206,48.151106],[17.13478,48.151096],[17.134685,48.151156],[17.134476,48.151286],[17.134254,48.15114],[17.134206,48.151106]]]},"properties":{"name":""}},{"type":"Feature","geometry":{"type":"Polygon","coordinates":[[[17.133688,48.151185],[17.134145,48.151063],[17.133823,48.151262],[17.133816,48.151265],[17.133688,48.151185]]]},"properties":{"name":""}},{"type":"Feature","geometry":{"type":"Polygon","coordinates":[[[17.13775,48.145266],[17.137779,48.145238],[17.137782,48.14523],[17.137781,48.145223],[17.13778,48.145217],[17.137752,48.145221],[17.13774,48.145225],[17.137734,48.145229],[17.13772,48.145243],[17.137719,48.145252],[17.137778,48.145512],[17.137787,48.145511],[17.137794,48.14551],[17.1378,48.145501],[17.13775,48.145266]]]},"properties":{"name":""}},{"type":"Feature","geometry":{"type":"Polygon","coordinates":[[[17.125343,48.155258],[17.125363,48.155255],[17.125373,48.155248],[17.125385,48.155218],[17.125454,48.154982],[17.125449,48.154972],[17.125442,48.154976],[17.125343,48.155258]]]},"properties":{"name":""}},{"type":"Feature","geometry":{"type":"Polygon","coordinates":[[[17.125463,48.155071],[17.12566,48.155093],[17.125705,48.154963],[17.125653,48.154818],[17.125535,48.154817],[17.125463,48.155071]]]},"properties":{"name":""}},{"type":"Feature","geometry":{"type":"Polygon","coordinates":[[[17.125653,48.154818],[17.125744,48.155056],[17.125988,48.155096],[17.125947,48.155222],[17.125856,48.155448],[17.125892,48.155464],[17.125953,48.155513],[17.125947,48.155518],[17.126063,48.155611],[17.126098,48.155633],[17.126092,48.155637],[17.126204,48.15573],[17.126213,48.155725],[17.126276,48.155777],[17.126397,48.155711],[17.126432,48.155746],[17.126495,48.155805],[17.126581,48.155749],[17.126489,48.155673],[17.126456,48.155598],[17.126489,48.155492],[17.126482,48.155487],[17.126401,48.155541],[17.126226,48.15541],[17.126306,48.155358],[17.126172,48.155252],[17.126113,48.155202],[17.126061,48.155214],[17.126016,48.155085],[17.12597,48.155086],[17.125967,48.155037],[17.126012,48.155037],[17.125954,48.154998],[17.125823,48.154849],[17.125876,48.154827],[17.125832,48.154818],[17.125653,48.154818]]]},"properties":{"name":""}},{"type":"Feature","geometry":{"type":"Polygon","coordinates":[[[17.125553,48.15479],[17.125594,48.154666],[17.125604,48.154662],[17.125619,48.154659],[17.125712,48.154666],[17.12573,48.154672],[17.125745,48.154682],[17.125837,48.154795],[17.125553,48.15479]]]},"properties":{"name":""}},{"type":"Feature","geometry":{"type":"Polygon","coordinates":[[[17.125049,48.157916],[17.125052,48.157934],[17.125198,48.15794],[17.125231,48.157922],[17.125149,48.157893],[17.125115,48.157633],[17.125102,48.157642],[17.125081,48.157644],[17.125065,48.157636],[17.125107,48.157914],[17.125049,48.157916]]]},"properties":{"name":""}},{"type":"Feature","geometry":{"type":"Polygon","coordinates":[[[17.125365,48.157951],[17.125306,48.157947],[17.125284,48.157932],[17.125235,48.157625],[17.12532,48.157619],[17.125342,48.157743],[17.125365,48.157951]]]},"properties":{"name":""}},{"type":"Feature","geometry":{"type":"Polygon","coordinates":[[[17.125824,48.157502],[17.125745,48.157546],[17.12572,48.157526],[17.125765,48.157457],[17.125824,48.157502]]]},"properties":{"name":""}},{"type":"Feature","geometry":{"type":"Polygon","coordinates":[[[17.123632,48.150118],[17.123762,48.150028],[17.123669,48.149969],[17.12354,48.150059],[17.123632,48.150118]]]},"properties":{"name":""}},{"type":"Feature","geometry":{"type":"Polygon","coordinates":[[[17.136821,48.156194],[17.136837,48.156138],[17.136887,48.156101],[17.136925,48.155965],[17.136863,48.155961],[17.136906,48.155838],[17.137293,48.155888],[17.137165,48.156346],[17.137114,48.15634],[17.137102,48.156383],[17.137049,48.156377],[17.137032,48.156436],[17.136762,48.156402],[17.136821,48.156194]]]},"properties":{"name":""}},{"type":"Feature","geometry":{"type":"Polygon","coordinates":[[[17.135923,48.154678],[17.135947,48.154668],[17.136093,48.154752],[17.136053,48.154761],[17.135996,48.15475],[17.135943,48.154719],[17.135923,48.154678]]]},"properties":{"name":""}},{"type":"Feature","geometry":{"type":"Polygon","coordinates":[[[17.136759,48.155252],[17.136761,48.155237],[17.13677,48.155212],[17.136774,48.155195],[17.141451,48.155794],[17.141445,48.155812],[17.141438,48.155837],[17.141434,48.155848],[17.136759,48.155252]]]},"properties":{"name":""}},{"type":"Feature","geometry":{"type":"Polygon","coordinates":[[[17.132644,48.156374],[17.132607,48.156313],[17.132578,48.15633],[17.131823,48.156934],[17.131892,48.156976],[17.132644,48.156374]]]},"properties":{"name":""}}]}