{"type":"FeatureCollection","features":[{"type":"Feature","geometry":{"type":"Polygon","coordinates":[[[17.003635,48.12701],[17.001818,48.12911],[16.998182,48.12911],[16.996365,48.12701],[16.998182,48.124909],[17.001818,48.124909],[17.003635,48.12701]]]},"properties":{"m_skola":18,"m_skolka":18,"m_lekar":30,"m_lekaren":30,"m_obchod":30,"m_zastavka":17,"m_park":21,"sc":0,"idx":4}},{"type":"Feature","geometry":{"type":"Polygon","coordinates":[[[17.003635,48.131211],[17.001818,48.133311],[16.998182,48.133311],[16.996365,48.131211],[16.998182,48.12911],[17.001818,48.12911],[17.003635,48.131211]]]},"properties":{"m_skola":12,"m_skolka":12,"m_lekar":30,"m_lekaren":30,"m_obchod":30,"m_zastavka":11,"m_park":12,"sc":2,"idx":23}},{"type":"Feature","geometry":{"type":"Polygon","coordinates":[[[17.003635,48.135412],[17.001818,48.137512],[16.998182,48.137512],[16.996365,48.135412],[16.998182,48.133311],[17.001818,48.133311],[17.003635,48.135412]]]},"properties":{"m_skola":8,"m_skolka":7,"m_lekar":30,"m_lekaren":30,"m_obchod":30,"m_zastavka":8,"m_park":6,"sc":3,"idx":36}},{"type":"Feature","geometry":{"type":"Polygon","coordinates":[[[17.003635,48.139613],[17.001818,48.141713],[16.998182,48.141713],[16.996365,48.139613],[16.998182,48.137512],[17.001818,48.137512],[17.003635,48.139613]]]},"properties":{"m_skola":10,"m_skolka":10,"m_lekar":30,"m_lekaren":30,"m_obchod":30,"m_zastavka":11,"m_park":5,"sc":3,"idx":31}},{"type":"Feature","geometry":{"type":"Polygon","coordinates":[[[17.003635,48.164819],[17.001818,48.166919],[16.998182,48.166919],[16.996365,48.164819],[16.998182,48.162718],[17.001818,48.162718],[17.003635,48.164819]]]},"properties":{"m_skola":30,"m_skolka":30,"m_lekar":30,"m_lekaren":30,"m_obchod":30,"m_zastavka":3,"m_park":30,"sc":1,"idx":12}},{"type":"Feature","geometry":{"type":"Polygon","coordinates":[[[17.003635,48.16902],[17.001818,48.17112],[16.998182,48.17112],[16.996365,48.16902],[16.998182,48.166919],[17.001818,48.166919],[17.003635,48.16902]]]},"properties":{"m_skola":30,"m_skolka":30,"m_lekar":30,"m_lekaren":30,"m_obchod":30,"m_zastavka":11,"m_park":30,"sc":0,"idx":6}},{"type":"Feature","geometry":{"type":"Polygon","coordinates":[[[17.009088,48.124909],[17.007271,48.12701],[17.003635,48.12701],[17.001818,48.124909],[17.003635,48.122809],[17.007271,48.122809],[17.009088,48.124909]]]},"properties":{"m_skola":20,"m_skolka":20,"m_lekar":30,"m_lekaren":30,"m_obchod":30,"m_zastavka":19,"m_park":18,"sc":0,"idx":1}},{"type":"Feature","geometry":{"type":"Polygon","coordinates":[[[17.009088,48.12911],[17.007271,48.131211],[17.003635,48.131211],[17.001818,48.12911],[17.003635,48.12701],[17.007271,48.12701],[17.009088,48.12911]]]},"properties":{"m_skola":12,"m_skolka":13,"m_lekar":30,"m_lekaren":30,"m_obchod":30,"m_zastavka":11,"m_park":13,"sc":2,"idx":20}},{"type":"Feature","geometry":{"type":"Polygon","coordinates":[[[17.009088,48.133311],[17.007271,48.135412],[17.003635,48.135412],[17.001818,48.133311],[17.003635,48.131211],[17.007271,48.131211],[17.009088,48.133311]]]},"properties":{"m_skola":5,"m_skolka":5,"m_lekar":30,"m_lekaren":30,"m_obchod":30,"m_zastavka":4,"m_park":5,"sc":4,"idx":43}},{"type":"Feature","geometry":{"type":"Polygon","coordinates":[[[17.009088,48.137512],[17.007271,48.139613],[17.003635,48.139613],[17.001818,48.137512],[17.003635,48.135412],[17.007271,48.135412],[17.009088,48.137512]]]},"properties":{"m_skola":3,"m_skolka":3,"m_lekar":30,"m_lekaren":30,"m_obchod":30,"m_zastavka":4,"m_park":2,"sc":4,"idx":49}},{"type":"Feature","geometry":{"type":"Polygon","coordinates":[[[17.009088,48.158517],[17.007271,48.160618],[17.003635,48.160618],[17.001818,48.158517],[17.003635,48.156417],[17.007271,48.156417],[17.009088,48.158517]]]},"properties":{"m_skola":30,"m_skolka":30,"m_lekar":30,"m_lekaren":30,"m_obchod":30,"m_zastavka":3,"m_park":30,"sc":1,"idx":12}},{"type":"Feature","geometry":{"type":"Polygon","coordinates":[[[17.009088,48.166919],[17.007271,48.16902],[17.003635,48.16902],[17.001818,48.166919],[17.003635,48.164819],[17.007271,48.164819],[17.009088,48.166919]]]},"properties":{"m_skola":30,"m_skolka":30,"m_lekar":30,"m_lekaren":30,"m_obchod":30,"m_zastavka":9,"m_park":30,"sc":0,"idx":7}},{"type":"Feature","geometry":{"type":"Polygon","coordinates":[[[17.014541,48.131211],[17.012724,48.133311],[17.009088,48.133311],[17.007271,48.131211],[17.009088,48.12911],[17.012724,48.12911],[17.014541,48.131211]]]},"properties":{"m_skola":10,"m_skolka":11,"m_lekar":30,"m_lekaren":30,"m_obchod":30,"m_zastavka":7,"m_park":6,"sc":3,"idx":32}},{"type":"Feature","geometry":{"type":"Polygon","coordinates":[[[17.014541,48.135412],[17.012724,48.137512],[17.009088,48.137512],[17.007271,48.135412],[17.009088,48.133311],[17.012724,48.133311],[17.014541,48.135412]]]},"properties":{"m_skola":5,"m_skolka":6,"m_lekar":30,"m_lekaren":30,"m_obchod":30,"m_zastavka":3,"m_park":5,"sc":4,"idx":43}},{"type":"Feature","geometry":{"type":"Polygon","coordinates":[[[17.014541,48.139613],[17.012724,48.141713],[17.009088,48.141713],[17.007271,48.139613],[17.009088,48.137512],[17.012724,48.137512],[17.014541,48.139613]]]},"properties":{"m_skola":8,"m_skolka":9,"m_lekar":30,"m_lekaren":30,"m_obchod":30,"m_zastavka":7,"m_park":8,"sc":3,"idx":34}},{"type":"Feature","geometry":{"type":"Polygon","coordinates":[[[17.014541,48.156417],[17.012724,48.158517],[17.009088,48.158517],[17.007271,48.156417],[17.009088,48.154316],[17.012724,48.154316],[17.014541,48.156417]]]},"properties":{"m_skola":30,"m_skolka":30,"m_lekar":30,"m_lekaren":30,"m_obchod":30,"m_zastavka":4,"m_park":30,"sc":1,"idx":12}},{"type":"Feature","geometry":{"type":"Polygon","coordinates":[[[17.014541,48.160618],[17.012724,48.162718],[17.009088,48.162718],[17.007271,48.160618],[17.009088,48.158517],[17.012724,48.158517],[17.014541,48.160618]]]},"properties":{"m_skola":30,"m_skolka":30,"m_lekar":30,"m_lekaren":30,"m_obchod":30,"m_zastavka":5,"m_park":30,"sc":1,"idx":10}},{"type":"Feature","geometry":{"type":"Polygon","coordinates":[[[17.014541,48.21103],[17.012724,48.21313],[17.009088,48.21313],[17.007271,48.21103],[17.009088,48.208929],[17.012724,48.208929],[17.014541,48.21103]]]},"properties":{"m_skola":30,"m_skolka":19,"m_lekar":25,"m_lekaren":10,"m_obchod":7,"m_zastavka":3,"m_park":8,"sc":4,"idx":37}},{"type":"Feature","geometry":{"type":"Polygon","coordinates":[[[17.014541,48.215231],[17.012724,48.217331],[17.009088,48.217331],[17.007271,48.215231],[17.009088,48.21313],[17.012724,48.21313],[17.014541,48.215231]]]},"properties":{"m_skola":30,"m_skolka":23,"m_lekar":28,"m_lekaren":16,"m_obchod":1,"m_zastavka":7,"m_park":12,"sc":1,"idx":31}},{"type":"Feature","geometry":{"type":"Polygon","coordinates":[[[17.019994,48.12911],[17.018177,48.131211],[17.014541,48.131211],[17.012724,48.12911],[17.014541,48.12701],[17.018177,48.12701],[17.019994,48.12911]]]},"properties":{"m_skola":17,"m_skolka":18,"m_lekar":30,"m_lekaren":30,"m_obchod":30,"m_zastavka":6,"m_park":6,"sc":2,"idx":23}},{"type":"Feature","geometry":{"type":"Polygon","coordinates":[[[17.019994,48.133311],[17.018177,48.135412],[17.014541,48.135412],[17.012724,48.133311],[17.014541,48.131211],[17.018177,48.131211],[17.019994,48.133311]]]},"properties":{"m_skola":13,"m_skolka":13,"m_lekar":30,"m_lekaren":30,"m_obchod":30,"m_zastavka":0,"m_park":2,"sc":3,"idx":36}},{"type":"Feature","geometry":{"type":"Polygon","coordinates":[[[17.019994,48.158517],[17.018177,48.160618],[17.014541,48.160618],[17.012724,48.158517],[17.014541,48.156417],[17.018177,48.156417],[17.019994,48.158517]]]},"properties":{"m_skola":30,"m_skolka":30,"m_lekar":30,"m_lekaren":30,"m_obchod":30,"m_zastavka":4,"m_park":30,"sc":1,"idx":11}},{"type":"Feature","geometry":{"type":"Polygon","coordinates":[[[17.019994,48.183723],[17.018177,48.185824],[17.014541,48.185824],[17.012724,48.183723],[17.014541,48.181623],[17.018177,48.181623],[17.019994,48.183723]]]},"properties":{"m_skola":18,"m_skolka":22,"m_lekar":28,"m_lekaren":26,"m_obchod":21,"m_zastavka":17,"m_park":14,"sc":0,"idx":6}},{"type":"Feature","geometry":{"type":"Polygon","coordinates":[[[17.019994,48.204728],[17.018177,48.206829],[17.014541,48.206829],[17.012724,48.204728],[17.014541,48.202628],[17.018177,48.202628],[17.019994,48.204728]]]},"properties":{"m_skola":26,"m_skolka":12,"m_lekar":19,"m_lekaren":5,"m_obchod":5,"m_zastavka":2,"m_park":6,"sc":5,"idx":51}},{"type":"Feature","geometry":{"type":"Polygon","coordinates":[[[17.019994,48.208929],[17.018177,48.21103],[17.014541,48.21103],[17.012724,48.208929],[17.014541,48.206829],[17.018177,48.206829],[17.019994,48.208929]]]},"properties":{"m_skola":30,"m_skolka":11,"m_lekar":18,"m_lekaren":3,"m_obchod":3,"m_zastavka":1,"m_park":1,"sc":5,"idx":58}},{"type":"Feature","geometry":{"type":"Polygon","coordinates":[[[17.019994,48.21313],[17.018177,48.215231],[17.014541,48.215231],[17.012724,48.21313],[17.014541,48.21103],[17.018177,48.21103],[17.019994,48.21313]]]},"properties":{"m_skola":30,"m_skolka":15,"m_lekar":20,"m_lekaren":11,"m_obchod":6,"m_zastavka":4,"m_park":5,"sc":4,"idx":41}},{"type":"Feature","geometry":{"type":"Polygon","coordinates":[[[17.019994,48.217331],[17.018177,48.219432],[17.014541,48.219432],[17.012724,48.217331],[17.014541,48.215231],[17.018177,48.215231],[17.019994,48.217331]]]},"properties":{"m_skola":30,"m_skolka":21,"m_lekar":25,"m_lekaren":18,"m_obchod":7,"m_zastavka":11,"m_park":12,"sc":1,"idx":22}},{"type":"Feature","geometry":{"type":"Polygon","coordinates":[[[17.025447,48.131211],[17.02363,48.133311],[17.019994,48.133311],[17.018177,48.131211],[17.019994,48.12911],[17.02363,48.12911],[17.025447,48.131211]]]},"properties":{"m_skola":20,"m_skolka":21,"m_lekar":30,"m_lekaren":30,"m_obchod":30,"m_zastavka":6,"m_park":8,"sc":2,"idx":18}},{"type":"Feature","geometry":{"type":"Polygon","coordinates":[[[17.025447,48.181623],[17.02363,48.183723],[17.019994,48.183723],[17.018177,48.181623],[17.019994,48.179522],[17.02363,48.179522],[17.025447,48.181623]]]},"properties":{"m_skola":13,"m_skolka":19,"m_lekar":26,"m_lekaren":22,"m_obchod":15,"m_zastavka":15,"m_park":8,"sc":2,"idx":20}},{"type":"Feature","geometry":{"type":"Polygon","coordinates":[[[17.025447,48.202628],[17.02363,48.204728],[17.019994,48.204728],[17.018177,48.202628],[17.019994,48.200527],[17.02363,48.200527],[17.025447,48.202628]]]},"properties":{"m_skola":19,"m_skolka":9,"m_lekar":14,"m_lekaren":10,"m_obchod":4,"m_zastavka":6,"m_park":6,"sc":6,"idx":50}},{"type":"Feature","geometry":{"type":"Polygon","coordinates":[[[17.025447,48.206829],[17.02363,48.208929],[17.019994,48.208929],[17.018177,48.206829],[17.019994,48.204728],[17.02363,48.204728],[17.025447,48.206829]]]},"properties":{"m_skola":26,"m_skolka":4,"m_lekar":12,"m_lekaren":5,"m_obchod":4,"m_zastavka":1,"m_park":3,"sc":6,"idx":64}},{"type":"Feature","geometry":{"type":"Polygon","coordinates":[[[17.025447,48.21103],[17.02363,48.21313],[17.019994,48.21313],[17.018177,48.21103],[17.019994,48.208929],[17.02363,48.208929],[17.025447,48.21103]]]},"properties":{"m_skola":30,"m_skolka":8,"m_lekar":13,"m_lekaren":9,"m_obchod":9,"m_zastavka":7,"m_park":3,"sc":5,"idx":51}},{"type":"Feature","geometry":{"type":"Polygon","coordinates":[[[17.0309,48.103904],[17.029083,48.106005],[17.025447,48.106005],[17.02363,48.103904],[17.025447,48.101804],[17.029083,48.101804],[17.0309,48.103904]]]},"properties":{"m_skola":30,"m_skolka":13,"m_lekar":14,"m_lekaren":30,"m_obchod":14,"m_zastavka":7,"m_park":4,"sc":3,"idx":33}},{"type":"Feature","geometry":{"type":"Polygon","coordinates":[[[17.0309,48.196326],[17.029083,48.198427],[17.025447,48.198427],[17.02363,48.196326],[17.025447,48.194226],[17.029083,48.194226],[17.0309,48.196326]]]},"properties":{"m_skola":6,"m_skolka":3,"m_lekar":12,"m_lekaren":4,"m_obchod":4,"m_zastavka":4,"m_park":2,"sc":7,"idx":74}},{"type":"Feature","geometry":{"type":"Polygon","coordinates":[[[17.0309,48.200527],[17.029083,48.202628],[17.025447,48.202628],[17.02363,48.200527],[17.025447,48.198427],[17.029083,48.198427],[17.0309,48.200527]]]},"properties":{"m_skola":13,"m_skolka":11,"m_lekar":12,"m_lekaren":10,"m_obchod":8,"m_zastavka":4,"m_park":3,"sc":7,"idx":56}},{"type":"Feature","geometry":{"type":"Polygon","coordinates":[[[17.0309,48.204728],[17.029083,48.206829],[17.025447,48.206829],[17.02363,48.204728],[17.025447,48.202628],[17.029083,48.202628],[17.0309,48.204728]]]},"properties":{"m_skola":20,"m_skolka":5,"m_lekar":7,"m_lekaren":7,"m_obchod":1,"m_zastavka":4,"m_park":4,"sc":6,"idx":66}},{"type":"Feature","geometry":{"type":"Polygon","coordinates":[[[17.0309,48.208929],[17.029083,48.21103],[17.025447,48.21103],[17.02363,48.208929],[17.025447,48.206829],[17.029083,48.206829],[17.0309,48.208929]]]},"properties":{"m_skola":30,"m_skolka":4,"m_lekar":5,"m_lekaren":5,"m_obchod":7,"m_zastavka":2,"m_park":1,"sc":6,"idx":68}},{"type":"Feature","geometry":{"type":"Polygon","coordinates":[[[17.036353,48.101804],[17.034536,48.103904],[17.0309,48.103904],[17.029083,48.101804],[17.0309,48.099703],[17.034536,48.099703],[17.036353,48.101804]]]},"properties":{"m_skola":30,"m_skolka":7,"m_lekar":8,"m_lekaren":30,"m_obchod":8,"m_zastavka":3,"m_park":3,"sc":5,"idx":50}},{"type":"Feature","geometry":{"type":"Polygon","coordinates":[[[17.036353,48.106005],[17.034536,48.108105],[17.0309,48.108105],[17.029083,48.106005],[17.0309,48.103904],[17.034536,48.103904],[17.036353,48.106005]]]},"properties":{"m_skola":30,"m_skolka":7,"m_lekar":9,"m_lekaren":30,"m_obchod":9,"m_zastavka":5,"m_park":6,"sc":5,"idx":45}},{"type":"Feature","geometry":{"type":"Polygon","coordinates":[[[17.036353,48.198427],[17.034536,48.200527],[17.0309,48.200527],[17.029083,48.198427],[17.0309,48.196326],[17.034536,48.196326],[17.036353,48.198427]]]},"properties":{"m_skola":10,"m_skolka":10,"m_lekar":11,"m_lekaren":3,"m_obchod":2,"m_zastavka":3,"m_park":4,"sc":7,"idx":69}},{"type":"Feature","geometry":{"type":"Polygon","coordinates":[[[17.036353,48.202628],[17.034536,48.204728],[17.0309,48.204728],[17.029083,48.202628],[17.0309,48.200527],[17.034536,48.200527],[17.036353,48.202628]]]},"properties":{"m_skola":17,"m_skolka":16,"m_lekar":7,"m_lekaren":5,"m_obchod":6,"m_zastavka":2,"m_park":3,"sc":5,"idx":59}},{"type":"Feature","geometry":{"type":"Polygon","coordinates":[[[17.036353,48.206829],[17.034536,48.208929],[17.0309,48.208929],[17.029083,48.206829],[17.0309,48.204728],[17.034536,48.204728],[17.036353,48.206829]]]},"properties":{"m_skola":29,"m_skolka":9,"m_lekar":1,"m_lekaren":2,"m_obchod":4,"m_zastavka":1,"m_park":2,"sc":6,"idx":72}},{"type":"Feature","geometry":{"type":"Polygon","coordinates":[[[17.041806,48.099703],[17.039989,48.101804],[17.036353,48.101804],[17.034536,48.099703],[17.036353,48.097603],[17.039989,48.097603],[17.041806,48.099703]]]},"properties":{"m_skola":28,"m_skolka":8,"m_lekar":7,"m_lekaren":30,"m_obchod":6,"m_zastavka":7,"m_park":8,"sc":4,"idx":45}},{"type":"Feature","geometry":{"type":"Polygon","coordinates":[[[17.041806,48.103904],[17.039989,48.106005],[17.036353,48.106005],[17.034536,48.103904],[17.036353,48.101804],[17.039989,48.101804],[17.041806,48.103904]]]},"properties":{"m_skola":30,"m_skolka":1,"m_lekar":2,"m_lekaren":30,"m_obchod":2,"m_zastavka":1,"m_park":4,"sc":5,"idx":65}},{"type":"Feature","geometry":{"type":"Polygon","coordinates":[[[17.041806,48.108105],[17.039989,48.110206],[17.036353,48.110206],[17.034536,48.108105],[17.036353,48.106005],[17.039989,48.106005],[17.041806,48.108105]]]},"properties":{"m_skola":30,"m_skolka":7,"m_lekar":9,"m_lekaren":30,"m_obchod":9,"m_zastavka":8,"m_park":8,"sc":3,"idx":41}},{"type":"Feature","geometry":{"type":"Polygon","coordinates":[[[17.041806,48.150115],[17.039989,48.152216],[17.036353,48.152216],[17.034536,48.150115],[17.036353,48.148015],[17.039989,48.148015],[17.041806,48.150115]]]},"properties":{"m_skola":11,"m_skolka":11,"m_lekar":29,"m_lekaren":15,"m_obchod":16,"m_zastavka":1,"m_park":9,"sc":3,"idx":40}},{"type":"Feature","geometry":{"type":"Polygon","coordinates":[[[17.041806,48.187924],[17.039989,48.190025],[17.036353,48.190025],[17.034536,48.187924],[17.036353,48.185824],[17.039989,48.185824],[17.041806,48.187924]]]},"properties":{"m_skola":5,"m_skolka":4,"m_lekar":9,"m_lekaren":1,"m_obchod":1,"m_zastavka":2,"m_park":2,"sc":7,"idx":83}},{"type":"Feature","geometry":{"type":"Polygon","coordinates":[[[17.041806,48.192125],[17.039989,48.194226],[17.036353,48.194226],[17.034536,48.192125],[17.036353,48.190025],[17.039989,48.190025],[17.041806,48.192125]]]},"properties":{"m_skola":2,"m_skolka":0,"m_lekar":3,"m_lekaren":4,"m_obchod":1,"m_zastavka":4,"m_park":0,"sc":7,"idx":89}},{"type":"Feature","geometry":{"type":"Polygon","coordinates":[[[17.041806,48.196326],[17.039989,48.198427],[17.036353,48.198427],[17.034536,48.196326],[17.036353,48.194226],[17.039989,48.194226],[17.041806,48.196326]]]},"properties":{"m_skola":6,"m_skolka":8,"m_lekar":7,"m_lekaren":5,"m_obchod":4,"m_zastavka":5,"m_park":2,"sc":7,"idx":73}},{"type":"Feature","geometry":{"type":"Polygon","coordinates":[[[17.041806,48.200527],[17.039989,48.202628],[17.036353,48.202628],[17.034536,48.200527],[17.036353,48.198427],[17.039989,48.198427],[17.041806,48.200527]]]},"properties":{"m_skola":13,"m_skolka":18,"m_lekar":13,"m_lekaren":7,"m_obchod":7,"m_zastavka":8,"m_park":5,"sc":5,"idx":48}},{"type":"Feature","geometry":{"type":"Polygon","coordinates":[[[17.041806,48.204728],[17.039989,48.206829],[17.036353,48.206829],[17.034536,48.204728],[17.036353,48.202628],[17.039989,48.202628],[17.041806,48.204728]]]},"properties":{"m_skola":22,"m_skolka":16,"m_lekar":8,"m_lekaren":5,"m_obchod":4,"m_zastavka":6,"m_park":4,"sc":5,"idx":54}},{"type":"Feature","geometry":{"type":"Polygon","coordinates":[[[17.047259,48.085],[17.045442,48.0871],[17.041806,48.0871],[17.039989,48.085],[17.041806,48.0829],[17.045442,48.0829],[17.047259,48.085]]]},"properties":{"m_skola":28,"m_skolka":30,"m_lekar":30,"m_lekaren":29,"m_obchod":2,"m_zastavka":6,"m_park":25,"sc":2,"idx":23}},{"type":"Feature","geometry":{"type":"Polygon","coordinates":[[[17.047259,48.097603],[17.045442,48.099703],[17.041806,48.099703],[17.039989,48.097603],[17.041806,48.095502],[17.045442,48.095502],[17.047259,48.097603]]]},"properties":{"m_skola":20,"m_skolka":14,"m_lekar":12,"m_lekaren":28,"m_obchod":11,"m_zastavka":11,"m_park":11,"sc":2,"idx":28}},{"type":"Feature","geometry":{"type":"Polygon","coordinates":[[[17.047259,48.101804],[17.045442,48.103904],[17.041806,48.103904],[17.039989,48.101804],[17.041806,48.099703],[17.045442,48.099703],[17.047259,48.101804]]]},"properties":{"m_skola":23,"m_skolka":8,"m_lekar":6,"m_lekaren":30,"m_obchod":6,"m_zastavka":3,"m_park":4,"sc":5,"idx":51}},{"type":"Feature","geometry":{"type":"Polygon","coordinates":[[[17.047259,48.106005],[17.045442,48.108105],[17.041806,48.108105],[17.039989,48.106005],[17.041806,48.103904],[17.045442,48.103904],[17.047259,48.106005]]]},"properties":{"m_skola":27,"m_skolka":8,"m_lekar":7,"m_lekaren":30,"m_obchod":8,"m_zastavka":4,"m_park":5,"sc":5,"idx":48}},{"type":"Feature","geometry":{"type":"Polygon","coordinates":[[[17.047259,48.148015],[17.045442,48.150115],[17.041806,48.150115],[17.039989,48.148015],[17.041806,48.145914],[17.045442,48.145914],[17.047259,48.148015]]]},"properties":{"m_skola":13,"m_skolka":7,"m_lekar":24,"m_lekaren":11,"m_obchod":8,"m_zastavka":1,"m_park":6,"sc":6,"idx":51}},{"type":"Feature","geometry":{"type":"Polygon","coordinates":[[[17.047259,48.152216],[17.045442,48.154316],[17.041806,48.154316],[17.039989,48.152216],[17.041806,48.150115],[17.045442,48.150115],[17.047259,48.152216]]]},"properties":{"m_skola":6,"m_skolka":4,"m_lekar":21,"m_lekaren":6,"m_obchod":7,"m_zastavka":5,"m_park":3,"sc":6,"idx":64}},{"type":"Feature","geometry":{"type":"Polygon","coordinates":[[[17.047259,48.194226],[17.045442,48.196326],[17.041806,48.196326],[17.039989,48.194226],[17.041806,48.192125],[17.045442,48.192125],[17.047259,48.194226]]]},"properties":{"m_skola":8,"m_skolka":6,"m_lekar":10,"m_lekaren":10,"m_obchod":5,"m_zastavka":4,"m_park":5,"sc":7,"idx":65}},{"type":"Feature","geometry":{"type":"Polygon","coordinates":[[[17.047259,48.198427],[17.045442,48.200527],[17.041806,48.200527],[17.039989,48.198427],[17.041806,48.196326],[17.045442,48.196326],[17.047259,48.198427]]]},"properties":{"m_skola":9,"m_skolka":8,"m_lekar":12,"m_lekaren":11,"m_obchod":1,"m_zastavka":2,"m_park":5,"sc":7,"idx":64}},{"type":"Feature","geometry":{"type":"Polygon","coordinates":[[[17.052713,48.0871],[17.050895,48.089201],[17.047259,48.089201],[17.045442,48.0871],[17.047259,48.085],[17.050895,48.085],[17.052713,48.0871]]]},"properties":{"m_skola":21,"m_skolka":24,"m_lekar":22,"m_lekaren":22,"m_obchod":2,"m_zastavka":2,"m_park":18,"sc":2,"idx":27}},{"type":"Feature","geometry":{"type":"Polygon","coordinates":[[[17.052713,48.091301],[17.050895,48.093402],[17.047259,48.093402],[17.045442,48.091301],[17.047259,48.089201],[17.050895,48.089201],[17.052713,48.091301]]]},"properties":{"m_skola":16,"m_skolka":27,"m_lekar":20,"m_lekaren":20,"m_obchod":7,"m_zastavka":10,"m_park":13,"sc":2,"idx":23}},{"type":"Feature","geometry":{"type":"Polygon","coordinates":[[[17.052713,48.095502],[17.050895,48.097603],[17.047259,48.097603],[17.045442,48.095502],[17.047259,48.093402],[17.050895,48.093402],[17.052713,48.095502]]]},"properties":{"m_skola":14,"m_skolka":21,"m_lekar":19,"m_lekaren":21,"m_obchod":13,"m_zastavka":14,"m_park":11,"sc":1,"idx":20}},{"type":"Feature","geometry":{"type":"Polygon","coordinates":[[[17.052713,48.099703],[17.050895,48.101804],[17.047259,48.101804],[17.045442,48.099703],[17.047259,48.097603],[17.050895,48.097603],[17.052713,48.099703]]]},"properties":{"m_skola":15,"m_skolka":16,"m_lekar":14,"m_lekaren":24,"m_obchod":13,"m_zastavka":10,"m_park":12,"sc":2,"idx":27}},{"type":"Feature","geometry":{"type":"Polygon","coordinates":[[[17.052713,48.103904],[17.050895,48.106005],[17.047259,48.106005],[17.045442,48.103904],[17.047259,48.101804],[17.050895,48.101804],[17.052713,48.103904]]]},"properties":{"m_skola":20,"m_skolka":14,"m_lekar":12,"m_lekaren":29,"m_obchod":12,"m_zastavka":7,"m_park":3,"sc":2,"idx":36}},{"type":"Feature","geometry":{"type":"Polygon","coordinates":[[[17.052713,48.108105],[17.050895,48.110206],[17.047259,48.110206],[17.045442,48.108105],[17.047259,48.106005],[17.050895,48.106005],[17.052713,48.108105]]]},"properties":{"m_skola":26,"m_skolka":15,"m_lekar":15,"m_lekaren":30,"m_obchod":15,"m_zastavka":11,"m_park":7,"sc":2,"idx":26}},{"type":"Feature","geometry":{"type":"Polygon","coordinates":[[[17.052713,48.145914],[17.050895,48.148015],[17.047259,48.148015],[17.045442,48.145914],[17.047259,48.143814],[17.050895,48.143814],[17.052713,48.145914]]]},"properties":{"m_skola":15,"m_skolka":10,"m_lekar":20,"m_lekaren":9,"m_obchod":8,"m_zastavka":5,"m_park":7,"sc":6,"idx":45}},{"type":"Feature","geometry":{"type":"Polygon","coordinates":[[[17.052713,48.150115],[17.050895,48.152216],[17.047259,48.152216],[17.045442,48.150115],[17.047259,48.148015],[17.050895,48.148015],[17.052713,48.150115]]]},"properties":{"m_skola":9,"m_skolka":4,"m_lekar":16,"m_lekaren":3,"m_obchod":1,"m_zastavka":3,"m_park":1,"sc":7,"idx":73}},{"type":"Feature","geometry":{"type":"Polygon","coordinates":[[[17.052713,48.175321],[17.050895,48.177422],[17.047259,48.177422],[17.045442,48.175321],[17.047259,48.173221],[17.050895,48.173221],[17.052713,48.175321]]]},"properties":{"m_skola":6,"m_skolka":9,"m_lekar":15,"m_lekaren":7,"m_obchod":7,"m_zastavka":1,"m_park":6,"sc":7,"idx":63}},{"type":"Feature","geometry":{"type":"Polygon","coordinates":[[[17.052713,48.183723],[17.050895,48.185824],[17.047259,48.185824],[17.045442,48.183723],[17.047259,48.181623],[17.050895,48.181623],[17.052713,48.183723]]]},"properties":{"m_skola":5,"m_skolka":7,"m_lekar":7,"m_lekaren":9,"m_obchod":9,"m_zastavka":3,"m_park":4,"sc":7,"idx":68}},{"type":"Feature","geometry":{"type":"Polygon","coordinates":[[[17.052713,48.187924],[17.050895,48.190025],[17.047259,48.190025],[17.045442,48.187924],[17.047259,48.185824],[17.050895,48.185824],[17.052713,48.187924]]]},"properties":{"m_skola":6,"m_skolka":6,"m_lekar":12,"m_lekaren":14,"m_obchod":9,"m_zastavka":2,"m_park":2,"sc":6,"idx":63}},{"type":"Feature","geometry":{"type":"Polygon","coordinates":[[[17.052713,48.192125],[17.050895,48.194226],[17.047259,48.194226],[17.045442,48.192125],[17.047259,48.190025],[17.050895,48.190025],[17.052713,48.192125]]]},"properties":{"m_skola":2,"m_skolka":2,"m_lekar":7,"m_lekaren":6,"m_obchod":5,"m_zastavka":4,"m_park":2,"sc":7,"idx":80}},{"type":"Feature","geometry":{"type":"Polygon","coordinates":[[[17.052713,48.196326],[17.050895,48.198427],[17.047259,48.198427],[17.045442,48.196326],[17.047259,48.194226],[17.050895,48.194226],[17.052713,48.196326]]]},"properties":{"m_skola":2,"m_skolka":3,"m_lekar":4,"m_lekaren":4,"m_obchod":5,"m_zastavka":1,"m_park":0,"sc":7,"idx":86}},{"type":"Feature","geometry":{"type":"Polygon","coordinates":[[[17.052713,48.200527],[17.050895,48.202628],[17.047259,48.202628],[17.045442,48.200527],[17.047259,48.198427],[17.050895,48.198427],[17.052713,48.200527]]]},"properties":{"m_skola":9,"m_skolka":10,"m_lekar":10,"m_lekaren":10,"m_obchod":7,"m_zastavka":6,"m_park":1,"sc":7,"idx":61}},{"type":"Feature","geometry":{"type":"Polygon","coordinates":[[[17.058166,48.085],[17.056348,48.0871],[17.052713,48.0871],[17.050895,48.085],[17.052713,48.0829],[17.056348,48.0829],[17.058166,48.085]]]},"properties":{"m_skola":21,"m_skolka":19,"m_lekar":18,"m_lekaren":19,"m_obchod":6,"m_zastavka":7,"m_park":14,"sc":1,"idx":25}},{"type":"Feature","geometry":{"type":"Polygon","coordinates":[[[17.058166,48.089201],[17.056348,48.091301],[17.052713,48.091301],[17.050895,48.089201],[17.052713,48.0871],[17.056348,48.0871],[17.058166,48.089201]]]},"properties":{"m_skola":14,"m_skolka":16,"m_lekar":15,"m_lekaren":14,"m_obchod":4,"m_zastavka":9,"m_park":10,"sc":3,"idx":40}},{"type":"Feature","geometry":{"type":"Polygon","coordinates":[[[17.058166,48.093402],[17.056348,48.095502],[17.052713,48.095502],[17.050895,48.093402],[17.052713,48.091301],[17.056348,48.091301],[17.058166,48.093402]]]},"properties":{"m_skola":8,"m_skolka":17,"m_lekar":14,"m_lekaren":13,"m_obchod":6,"m_zastavka":7,"m_park":5,"sc":4,"idx":48}},{"type":"Feature","geometry":{"type":"Polygon","coordinates":[[[17.058166,48.097603],[17.056348,48.099703],[17.052713,48.099703],[17.050895,48.097603],[17.052713,48.095502],[17.056348,48.095502],[17.058166,48.097603]]]},"properties":{"m_skola":8,"m_skolka":21,"m_lekar":16,"m_lekaren":17,"m_obchod":11,"m_zastavka":9,"m_park":6,"sc":4,"idx":37}},{"type":"Feature","geometry":{"type":"Polygon","coordinates":[[[17.058166,48.148015],[17.056348,48.150115],[17.052713,48.150115],[17.050895,48.148015],[17.052713,48.145914],[17.056348,48.145914],[17.058166,48.148015]]]},"properties":{"m_skola":8,"m_skolka":5,"m_lekar":13,"m_lekaren":7,"m_obchod":7,"m_zastavka":3,"m_park":1,"sc":7,"idx":68}},{"type":"Feature","geometry":{"type":"Polygon","coordinates":[[[17.058166,48.152216],[17.056348,48.154316],[17.052713,48.154316],[17.050895,48.152216],[17.052713,48.150115],[17.056348,48.150115],[17.058166,48.152216]]]},"properties":{"m_skola":6,"m_skolka":2,"m_lekar":9,"m_lekaren":5,"m_obchod":5,"m_zastavka":4,"m_park":0,"sc":7,"idx":77}},{"type":"Feature","geometry":{"type":"Polygon","coordinates":[[[17.058166,48.173221],[17.056348,48.175321],[17.052713,48.175321],[17.050895,48.173221],[17.052713,48.17112],[17.056348,48.17112],[17.058166,48.173221]]]},"properties":{"m_skola":8,"m_skolka":15,"m_lekar":17,"m_lekaren":10,"m_obchod":9,"m_zastavka":6,"m_park":4,"sc":5,"idx":50}},{"type":"Feature","geometry":{"type":"Polygon","coordinates":[[[17.058166,48.177422],[17.056348,48.179522],[17.052713,48.179522],[17.050895,48.177422],[17.052713,48.175321],[17.056348,48.175321],[17.058166,48.177422]]]},"properties":{"m_skola":4,"m_skolka":10,"m_lekar":17,"m_lekaren":3,"m_obchod":2,"m_zastavka":3,"m_park":1,"sc":6,"idx":71}},{"type":"Feature","geometry":{"type":"Polygon","coordinates":[[[17.058166,48.181623],[17.056348,48.183723],[17.052713,48.183723],[17.050895,48.181623],[17.052713,48.179522],[17.056348,48.179522],[17.058166,48.181623]]]},"properties":{"m_skola":7,"m_skolka":9,"m_lekar":14,"m_lekaren":6,"m_obchod":2,"m_zastavka":4,"m_park":5,"sc":7,"idx":66}},{"type":"Feature","geometry":{"type":"Polygon","coordinates":[[[17.058166,48.185824],[17.056348,48.187924],[17.052713,48.187924],[17.050895,48.185824],[17.052713,48.183723],[17.056348,48.183723],[17.058166,48.185824]]]},"properties":{"m_skola":11,"m_skolka":13,"m_lekar":15,"m_lekaren":14,"m_obchod":15,"m_zastavka":1,"m_park":3,"sc":5,"idx":47}},{"type":"Feature","geometry":{"type":"Polygon","coordinates":[[[17.058166,48.190025],[17.056348,48.192125],[17.052713,48.192125],[17.050895,48.190025],[17.052713,48.187924],[17.056348,48.187924],[17.058166,48.190025]]]},"properties":{"m_skola":6,"m_skolka":8,"m_lekar":10,"m_lekaren":10,"m_obchod":8,"m_zastavka":4,"m_park":2,"sc":7,"idx":66}},{"type":"Feature","geometry":{"type":"Polygon","coordinates":[[[17.058166,48.194226],[17.056348,48.196326],[17.052713,48.196326],[17.050895,48.194226],[17.052713,48.192125],[17.056348,48.192125],[17.058166,48.194226]]]},"properties":{"m_skola":6,"m_skolka":1,"m_lekar":3,"m_lekaren":3,"m_obchod":3,"m_zastavka":2,"m_park":1,"sc":7,"idx":86}},{"type":"Feature","geometry":{"type":"Polygon","coordinates":[[[17.058166,48.198427],[17.056348,48.200527],[17.052713,48.200527],[17.050895,48.198427],[17.052713,48.196326],[17.056348,48.196326],[17.058166,48.198427]]]},"properties":{"m_skola":7,"m_skolka":8,"m_lekar":7,"m_lekaren":7,"m_obchod":8,"m_zastavka":6,"m_park":6,"sc":7,"idx":65}},{"type":"Feature","geometry":{"type":"Polygon","coordinates":[[[17.063619,48.0871],[17.061801,48.089201],[17.058166,48.089201],[17.056348,48.0871],[17.058166,48.085],[17.061801,48.085],[17.063619,48.0871]]]},"properties":{"m_skola":16,"m_skolka":11,"m_lekar":11,"m_lekaren":11,"m_obchod":9,"m_zastavka":9,"m_park":7,"sc":6,"idx":46}},{"type":"Feature","geometry":{"type":"Polygon","coordinates":[[[17.063619,48.091301],[17.061801,48.093402],[17.058166,48.093402],[17.056348,48.091301],[17.058166,48.089201],[17.061801,48.089201],[17.063619,48.091301]]]},"properties":{"m_skola":8,"m_skolka":10,"m_lekar":7,"m_lekaren":7,"m_obchod":2,"m_zastavka":5,"m_park":3,"sc":7,"idx":69}},{"type":"Feature","geometry":{"type":"Polygon","coordinates":[[[17.063619,48.095502],[17.061801,48.097603],[17.058166,48.097603],[17.056348,48.095502],[17.058166,48.093402],[17.061801,48.093402],[17.063619,48.095502]]]},"properties":{"m_skola":1,"m_skolka":13,"m_lekar":9,"m_lekaren":9,"m_obchod":6,"m_zastavka":1,"m_park":2,"sc":6,"idx":70}},{"type":"Feature","geometry":{"type":"Polygon","coordinates":[[[17.063619,48.145914],[17.061801,48.148015],[17.058166,48.148015],[17.056348,48.145914],[17.058166,48.143814],[17.061801,48.143814],[17.063619,48.145914]]]},"properties":{"m_skola":7,"m_skolka":9,"m_lekar":12,"m_lekaren":8,"m_obchod":8,"m_zastavka":6,"m_park":2,"sc":7,"idx":62}},{"type":"Feature","geometry":{"type":"Polygon","coordinates":[[[17.063619,48.150115],[17.061801,48.152216],[17.058166,48.152216],[17.056348,48.150115],[17.058166,48.148015],[17.061801,48.148015],[17.063619,48.150115]]]},"properties":{"m_skola":0,"m_skolka":2,"m_lekar":6,"m_lekaren":3,"m_obchod":3,"m_zastavka":3,"m_park":2,"sc":7,"idx":86}},{"type":"Feature","geometry":{"type":"Polygon","coordinates":[[[17.063619,48.179522],[17.061801,48.181623],[17.058166,48.181623],[17.056348,48.179522],[17.058166,48.177422],[17.061801,48.177422],[17.063619,48.179522]]]},"properties":{"m_skola":9,"m_skolka":16,"m_lekar":21,"m_lekaren":7,"m_obchod":7,"m_zastavka":3,"m_park":8,"sc":5,"idx":50}},{"type":"Feature","geometry":{"type":"Polygon","coordinates":[[[17.063619,48.183723],[17.061801,48.185824],[17.058166,48.185824],[17.056348,48.183723],[17.058166,48.181623],[17.061801,48.181623],[17.063619,48.183723]]]},"properties":{"m_skola":14,"m_skolka":17,"m_lekar":20,"m_lekaren":13,"m_obchod":9,"m_zastavka":2,"m_park":9,"sc":3,"idx":38}},{"type":"Feature","geometry":{"type":"Polygon","coordinates":[[[17.063619,48.187924],[17.061801,48.190025],[17.058166,48.190025],[17.056348,48.187924],[17.058166,48.185824],[17.061801,48.185824],[17.063619,48.187924]]]},"properties":{"m_skola":14,"m_skolka":13,"m_lekar":16,"m_lekaren":16,"m_obchod":14,"m_zastavka":8,"m_park":6,"sc":3,"idx":35}},{"type":"Feature","geometry":{"type":"Polygon","coordinates":[[[17.063619,48.192125],[17.061801,48.194226],[17.058166,48.194226],[17.056348,48.192125],[17.058166,48.190025],[17.061801,48.190025],[17.063619,48.192125]]]},"properties":{"m_skola":12,"m_skolka":8,"m_lekar":11,"m_lekaren":11,"m_obchod":10,"m_zastavka":2,"m_park":4,"sc":7,"idx":57}},{"type":"Feature","geometry":{"type":"Polygon","coordinates":[[[17.069072,48.085],[17.067254,48.0871],[17.063619,48.0871],[17.061801,48.085],[17.063619,48.0829],[17.067254,48.0829],[17.069072,48.085]]]},"properties":{"m_skola":21,"m_skolka":10,"m_lekar":11,"m_lekaren":13,"m_obchod":6,"m_zastavka":5,"m_park":7,"sc":5,"idx":47}},{"type":"Feature","geometry":{"type":"Polygon","coordinates":[[[17.069072,48.089201],[17.067254,48.091301],[17.063619,48.091301],[17.061801,48.089201],[17.063619,48.0871],[17.067254,48.0871],[17.069072,48.089201]]]},"properties":{"m_skola":14,"m_skolka":4,"m_lekar":4,"m_lekaren":5,"m_obchod":3,"m_zastavka":4,"m_park":2,"sc":7,"idx":74}},{"type":"Feature","geometry":{"type":"Polygon","coordinates":[[[17.069072,48.093402],[17.067254,48.095502],[17.063619,48.095502],[17.061801,48.093402],[17.063619,48.091301],[17.067254,48.091301],[17.069072,48.093402]]]},"properties":{"m_skola":8,"m_skolka":6,"m_lekar":1,"m_lekaren":2,"m_obchod":8,"m_zastavka":2,"m_park":1,"sc":7,"idx":79}},{"type":"Feature","geometry":{"type":"Polygon","coordinates":[[[17.069072,48.097603],[17.067254,48.099703],[17.063619,48.099703],[17.061801,48.097603],[17.063619,48.095502],[17.067254,48.095502],[17.069072,48.097603]]]},"properties":{"m_skola":7,"m_skolka":13,"m_lekar":9,"m_lekaren":10,"m_obchod":13,"m_zastavka":6,"m_park":9,"sc":4,"idx":51}},{"type":"Feature","geometry":{"type":"Polygon","coordinates":[[[17.069072,48.148015],[17.067254,48.150115],[17.063619,48.150115],[17.061801,48.148015],[17.063619,48.145914],[17.067254,48.145914],[17.069072,48.148015]]]},"properties":{"m_skola":4,"m_skolka":9,"m_lekar":6,"m_lekaren":4,"m_obchod":1,"m_zastavka":1,"m_park":2,"sc":7,"idx":80}},{"type":"Feature","geometry":{"type":"Polygon","coordinates":[[[17.069072,48.152216],[17.067254,48.154316],[17.063619,48.154316],[17.061801,48.152216],[17.063619,48.150115],[17.067254,48.150115],[17.069072,48.152216]]]},"properties":{"m_skola":6,"m_skolka":7,"m_lekar":5,"m_lekaren":5,"m_obchod":4,"m_zastavka":2,"m_park":3,"sc":7,"idx":76}},{"type":"Feature","geometry":{"type":"Polygon","coordinates":[[[17.069072,48.190025],[17.067254,48.192125],[17.063619,48.192125],[17.061801,48.190025],[17.063619,48.187924],[17.067254,48.187924],[17.069072,48.190025]]]},"properties":{"m_skola":19,"m_skolka":16,"m_lekar":19,"m_lekaren":19,"m_obchod":18,"m_zastavka":10,"m_park":11,"sc":0,"idx":19}},{"type":"Feature","geometry":{"type":"Polygon","coordinates":[[[17.074525,48.0871],[17.072707,48.089201],[17.069072,48.089201],[17.067254,48.0871],[17.069072,48.085],[17.072707,48.085],[17.074525,48.0871]]]},"properties":{"m_skola":20,"m_skolka":7,"m_lekar":9,"m_lekaren":11,"m_obchod":4,"m_zastavka":4,"m_park":5,"sc":6,"idx":56}},{"type":"Feature","geometry":{"type":"Polygon","coordinates":[[[17.074525,48.091301],[17.072707,48.093402],[17.069072,48.093402],[17.067254,48.091301],[17.069072,48.089201],[17.072707,48.089201],[17.074525,48.091301]]]},"properties":{"m_skola":15,"m_skolka":4,"m_lekar":5,"m_lekaren":7,"m_obchod":7,"m_zastavka":6,"m_park":2,"sc":7,"idx":66}},{"type":"Feature","geometry":{"type":"Polygon","coordinates":[[[17.074525,48.095502],[17.072707,48.097603],[17.069072,48.097603],[17.067254,48.095502],[17.069072,48.093402],[17.072707,48.093402],[17.074525,48.095502]]]},"properties":{"m_skola":13,"m_skolka":10,"m_lekar":8,"m_lekaren":9,"m_obchod":14,"m_zastavka":9,"m_park":7,"sc":5,"idx":50}},{"type":"Feature","geometry":{"type":"Polygon","coordinates":[[[17.074525,48.099703],[17.072707,48.101804],[17.069072,48.101804],[17.067254,48.099703],[17.069072,48.097603],[17.072707,48.097603],[17.074525,48.099703]]]},"properties":{"m_skola":14,"m_skolka":17,"m_lekar":14,"m_lekaren":15,"m_obchod":20,"m_zastavka":14,"m_park":14,"sc":2,"idx":21}},{"type":"Feature","geometry":{"type":"Polygon","coordinates":[[[17.074525,48.145914],[17.072707,48.148015],[17.069072,48.148015],[17.067254,48.145914],[17.069072,48.143814],[17.072707,48.143814],[17.074525,48.145914]]]},"properties":{"m_skola":8,"m_skolka":8,"m_lekar":1,"m_lekaren":11,"m_obchod":3,"m_zastavka":4,"m_park":1,"sc":7,"idx":73}},{"type":"Feature","geometry":{"type":"Polygon","coordinates":[[[17.074525,48.150115],[17.072707,48.152216],[17.069072,48.152216],[17.067254,48.150115],[17.069072,48.148015],[17.072707,48.148015],[17.074525,48.150115]]]},"properties":{"m_skola":4,"m_skolka":11,"m_lekar":7,"m_lekaren":8,"m_obchod":4,"m_zastavka":4,"m_park":2,"sc":7,"idx":71}},{"type":"Feature","geometry":{"type":"Polygon","coordinates":[[[17.074525,48.154316],[17.072707,48.156417],[17.069072,48.156417],[17.067254,48.154316],[17.069072,48.152216],[17.072707,48.152216],[17.074525,48.154316]]]},"properties":{"m_skola":9,"m_skolka":15,"m_lekar":8,"m_lekaren":8,"m_obchod":7,"m_zastavka":3,"m_park":3,"sc":6,"idx":62}},{"type":"Feature","geometry":{"type":"Polygon","coordinates":[[[17.074525,48.158517],[17.072707,48.160618],[17.069072,48.160618],[17.067254,48.158517],[17.069072,48.156417],[17.072707,48.156417],[17.074525,48.158517]]]},"properties":{"m_skola":14,"m_skolka":16,"m_lekar":3,"m_lekaren":2,"m_obchod":2,"m_zastavka":3,"m_park":2,"sc":6,"idx":70}},{"type":"Feature","geometry":{"type":"Polygon","coordinates":[[[17.074525,48.162718],[17.072707,48.164819],[17.069072,48.164819],[17.067254,48.162718],[17.069072,48.160618],[17.072707,48.160618],[17.074525,48.162718]]]},"properties":{"m_skola":12,"m_skolka":14,"m_lekar":8,"m_lekaren":8,"m_obchod":7,"m_zastavka":5,"m_park":4,"sc":6,"idx":58}},{"type":"Feature","geometry":{"type":"Polygon","coordinates":[[[17.079978,48.085],[17.07816,48.0871],[17.074525,48.0871],[17.072707,48.085],[17.074525,48.0829],[17.07816,48.0829],[17.079978,48.085]]]},"properties":{"m_skola":28,"m_skolka":14,"m_lekar":16,"m_lekaren":18,"m_obchod":12,"m_zastavka":11,"m_park":13,"sc":0,"idx":23}},{"type":"Feature","geometry":{"type":"Polygon","coordinates":[[[17.079978,48.089201],[17.07816,48.091301],[17.074525,48.091301],[17.072707,48.089201],[17.074525,48.0871],[17.07816,48.0871],[17.079978,48.089201]]]},"properties":{"m_skola":23,"m_skolka":10,"m_lekar":12,"m_lekaren":14,"m_obchod":11,"m_zastavka":11,"m_park":10,"sc":3,"idx":35}},{"type":"Feature","geometry":{"type":"Polygon","coordinates":[[[17.079978,48.093402],[17.07816,48.095502],[17.074525,48.095502],[17.072707,48.093402],[17.074525,48.091301],[17.07816,48.091301],[17.079978,48.093402]]]},"properties":{"m_skola":20,"m_skolka":11,"m_lekar":13,"m_lekaren":13,"m_obchod":14,"m_zastavka":15,"m_park":9,"sc":2,"idx":30}},{"type":"Feature","geometry":{"type":"Polygon","coordinates":[[[17.079978,48.097603],[17.07816,48.099703],[17.074525,48.099703],[17.072707,48.097603],[17.074525,48.095502],[17.07816,48.095502],[17.079978,48.097603]]]},"properties":{"m_skola":20,"m_skolka":16,"m_lekar":17,"m_lekaren":16,"m_obchod":20,"m_zastavka":16,"m_park":13,"sc":0,"idx":13}},{"type":"Feature","geometry":{"type":"Polygon","coordinates":[[[17.079978,48.156417],[17.07816,48.158517],[17.074525,48.158517],[17.072707,48.156417],[17.074525,48.154316],[17.07816,48.154316],[17.079978,48.156417]]]},"properties":{"m_skola":8,"m_skolka":16,"m_lekar":11,"m_lekaren":9,"m_obchod":7,"m_zastavka":3,"m_park":3,"sc":6,"idx":58}},{"type":"Feature","geometry":{"type":"Polygon","coordinates":[[[17.079978,48.160618],[17.07816,48.162718],[17.074525,48.162718],[17.072707,48.160618],[17.074525,48.158517],[17.07816,48.158517],[17.079978,48.160618]]]},"properties":{"m_skola":10,"m_skolka":11,"m_lekar":11,"m_lekaren":9,"m_obchod":1,"m_zastavka":4,"m_park":3,"sc":7,"idx":64}},{"type":"Feature","geometry":{"type":"Polygon","coordinates":[[[17.079978,48.16902],[17.07816,48.17112],[17.074525,48.17112],[17.072707,48.16902],[17.074525,48.166919],[17.07816,48.166919],[17.079978,48.16902]]]},"properties":{"m_skola":3,"m_skolka":4,"m_lekar":5,"m_lekaren":6,"m_obchod":2,"m_zastavka":0,"m_park":5,"sc":7,"idx":81}},{"type":"Feature","geometry":{"type":"Polygon","coordinates":[[[17.085431,48.095502],[17.083613,48.097603],[17.079978,48.097603],[17.07816,48.095502],[17.079978,48.093402],[17.083613,48.093402],[17.085431,48.095502]]]},"properties":{"m_skola":26,"m_skolka":19,"m_lekar":20,"m_lekaren":21,"m_obchod":22,"m_zastavka":23,"m_park":16,"sc":0,"idx":3}},{"type":"Feature","geometry":{"type":"Polygon","coordinates":[[[17.085431,48.103904],[17.083613,48.106005],[17.079978,48.106005],[17.07816,48.103904],[17.079978,48.101804],[17.083613,48.101804],[17.085431,48.103904]]]},"properties":{"m_skola":23,"m_skolka":26,"m_lekar":30,"m_lekaren":14,"m_obchod":15,"m_zastavka":5,"m_park":4,"sc":2,"idx":30}},{"type":"Feature","geometry":{"type":"Polygon","coordinates":[[[17.085431,48.108105],[17.083613,48.110206],[17.079978,48.110206],[17.07816,48.108105],[17.079978,48.106005],[17.083613,48.106005],[17.085431,48.108105]]]},"properties":{"m_skola":24,"m_skolka":25,"m_lekar":27,"m_lekaren":13,"m_obchod":14,"m_zastavka":7,"m_park":5,"sc":1,"idx":28}},{"type":"Feature","geometry":{"type":"Polygon","coordinates":[[[17.085431,48.145914],[17.083613,48.148015],[17.079978,48.148015],[17.07816,48.145914],[17.079978,48.143814],[17.083613,48.143814],[17.085431,48.145914]]]},"properties":{"m_skola":12,"m_skolka":5,"m_lekar":5,"m_lekaren":21,"m_obchod":11,"m_zastavka":4,"m_park":9,"sc":5,"idx":52}},{"type":"Feature","geometry":{"type":"Polygon","coordinates":[[[17.085431,48.150115],[17.083613,48.152216],[17.079978,48.152216],[17.07816,48.150115],[17.079978,48.148015],[17.083613,48.148015],[17.085431,48.150115]]]},"properties":{"m_skola":11,"m_skolka":9,"m_lekar":7,"m_lekaren":21,"m_obchod":5,"m_zastavka":9,"m_park":4,"sc":5,"idx":53}},{"type":"Feature","geometry":{"type":"Polygon","coordinates":[[[17.085431,48.154316],[17.083613,48.156417],[17.079978,48.156417],[17.07816,48.154316],[17.079978,48.152216],[17.083613,48.152216],[17.085431,48.154316]]]},"properties":{"m_skola":6,"m_skolka":14,"m_lekar":5,"m_lekaren":17,"m_obchod":7,"m_zastavka":3,"m_park":5,"sc":5,"idx":58}},{"type":"Feature","geometry":{"type":"Polygon","coordinates":[[[17.085431,48.158517],[17.083613,48.160618],[17.079978,48.160618],[17.07816,48.158517],[17.079978,48.156417],[17.083613,48.156417],[17.085431,48.158517]]]},"properties":{"m_skola":2,"m_skolka":9,"m_lekar":9,"m_lekaren":15,"m_obchod":3,"m_zastavka":2,"m_park":1,"sc":6,"idx":70}},{"type":"Feature","geometry":{"type":"Polygon","coordinates":[[[17.085431,48.166919],[17.083613,48.16902],[17.079978,48.16902],[17.07816,48.166919],[17.079978,48.164819],[17.083613,48.164819],[17.085431,48.166919]]]},"properties":{"m_skola":5,"m_skolka":3,"m_lekar":3,"m_lekaren":5,"m_obchod":4,"m_zastavka":2,"m_park":2,"sc":7,"idx":82}},{"type":"Feature","geometry":{"type":"Polygon","coordinates":[[[17.085431,48.17112],[17.083613,48.173221],[17.079978,48.173221],[17.07816,48.17112],[17.079978,48.16902],[17.083613,48.16902],[17.085431,48.17112]]]},"properties":{"m_skola":3,"m_skolka":4,"m_lekar":3,"m_lekaren":6,"m_obchod":9,"m_zastavka":6,"m_park":1,"sc":7,"idx":76}},{"type":"Feature","geometry":{"type":"Polygon","coordinates":[[[17.090884,48.106005],[17.089066,48.108105],[17.085431,48.108105],[17.083613,48.106005],[17.085431,48.103904],[17.089066,48.103904],[17.090884,48.106005]]]},"properties":{"m_skola":17,"m_skolka":19,"m_lekar":23,"m_lekaren":7,"m_obchod":8,"m_zastavka":3,"m_park":4,"sc":4,"idx":43}},{"type":"Feature","geometry":{"type":"Polygon","coordinates":[[[17.090884,48.114407],[17.089066,48.116507],[17.085431,48.116507],[17.083613,48.114407],[17.085431,48.112306],[17.089066,48.112306],[17.090884,48.114407]]]},"properties":{"m_skola":17,"m_skolka":18,"m_lekar":14,"m_lekaren":15,"m_obchod":13,"m_zastavka":7,"m_park":4,"sc":2,"idx":35}},{"type":"Feature","geometry":{"type":"Polygon","coordinates":[[[17.090884,48.118608],[17.089066,48.120708],[17.085431,48.120708],[17.083613,48.118608],[17.085431,48.116507],[17.089066,48.116507],[17.090884,48.118608]]]},"properties":{"m_skola":12,"m_skolka":14,"m_lekar":11,"m_lekaren":13,"m_obchod":12,"m_zastavka":0,"m_park":6,"sc":4,"idx":51}},{"type":"Feature","geometry":{"type":"Polygon","coordinates":[[[17.090884,48.122809],[17.089066,48.124909],[17.085431,48.124909],[17.083613,48.122809],[17.085431,48.120708],[17.089066,48.120708],[17.090884,48.122809]]]},"properties":{"m_skola":5,"m_skolka":7,"m_lekar":12,"m_lekaren":12,"m_obchod":11,"m_zastavka":5,"m_park":9,"sc":5,"idx":55}},{"type":"Feature","geometry":{"type":"Polygon","coordinates":[[[17.090884,48.139613],[17.089066,48.141713],[17.085431,48.141713],[17.083613,48.139613],[17.085431,48.137512],[17.089066,48.137512],[17.090884,48.139613]]]},"properties":{"m_skola":17,"m_skolka":16,"m_lekar":15,"m_lekaren":14,"m_obchod":4,"m_zastavka":6,"m_park":6,"sc":4,"idx":42}},{"type":"Feature","geometry":{"type":"Polygon","coordinates":[[[17.090884,48.143814],[17.089066,48.145914],[17.085431,48.145914],[17.083613,48.143814],[17.085431,48.141713],[17.089066,48.141713],[17.090884,48.143814]]]},"properties":{"m_skola":8,"m_skolka":10,"m_lekar":10,"m_lekaren":14,"m_obchod":4,"m_zastavka":3,"m_park":7,"sc":6,"idx":58}},{"type":"Feature","geometry":{"type":"Polygon","coordinates":[[[17.090884,48.148015],[17.089066,48.150115],[17.085431,48.150115],[17.083613,48.148015],[17.085431,48.145914],[17.089066,48.145914],[17.090884,48.148015]]]},"properties":{"m_skola":6,"m_skolka":6,"m_lekar":9,"m_lekaren":16,"m_obchod":6,"m_zastavka":2,"m_park":7,"sc":6,"idx":62}},{"type":"Feature","geometry":{"type":"Polygon","coordinates":[[[17.096337,48.112306],[17.094519,48.114407],[17.090884,48.114407],[17.089066,48.112306],[17.090884,48.110206],[17.094519,48.110206],[17.096337,48.112306]]]},"properties":{"m_skola":9,"m_skolka":14,"m_lekar":13,"m_lekaren":8,"m_obchod":8,"m_zastavka":3,"m_park":2,"sc":6,"idx":59}},{"type":"Feature","geometry":{"type":"Polygon","coordinates":[[[17.096337,48.116507],[17.094519,48.118608],[17.090884,48.118608],[17.089066,48.116507],[17.090884,48.114407],[17.094519,48.114407],[17.096337,48.116507]]]},"properties":{"m_skola":11,"m_skolka":11,"m_lekar":7,"m_lekaren":8,"m_obchod":6,"m_zastavka":3,"m_park":3,"sc":7,"idx":65}},{"type":"Feature","geometry":{"type":"Polygon","coordinates":[[[17.096337,48.120708],[17.094519,48.122809],[17.090884,48.122809],[17.089066,48.120708],[17.090884,48.118608],[17.094519,48.118608],[17.096337,48.120708]]]},"properties":{"m_skola":4,"m_skolka":8,"m_lekar":5,"m_lekaren":5,"m_obchod":6,"m_zastavka":3,"m_park":3,"sc":7,"idx":74}},{"type":"Feature","geometry":{"type":"Polygon","coordinates":[[[17.096337,48.141713],[17.094519,48.143814],[17.090884,48.143814],[17.089066,48.141713],[17.090884,48.139613],[17.094519,48.139613],[17.096337,48.141713]]]},"properties":{"m_skola":10,"m_skolka":11,"m_lekar":9,"m_lekaren":8,"m_obchod":5,"m_zastavka":1,"m_park":1,"sc":7,"idx":67}},{"type":"Feature","geometry":{"type":"Polygon","coordinates":[[[17.096337,48.154316],[17.094519,48.156417],[17.090884,48.156417],[17.089066,48.154316],[17.090884,48.152216],[17.094519,48.152216],[17.096337,48.154316]]]},"properties":{"m_skola":7,"m_skolka":4,"m_lekar":8,"m_lekaren":17,"m_obchod":9,"m_zastavka":3,"m_park":6,"sc":6,"idx":61}},{"type":"Feature","geometry":{"type":"Polygon","coordinates":[[[17.096337,48.166919],[17.094519,48.16902],[17.090884,48.16902],[17.089066,48.166919],[17.090884,48.164819],[17.094519,48.164819],[17.096337,48.166919]]]},"properties":{"m_skola":6,"m_skolka":6,"m_lekar":1,"m_lekaren":1,"m_obchod":1,"m_zastavka":0,"m_park":2,"sc":7,"idx":88}},{"type":"Feature","geometry":{"type":"Polygon","coordinates":[[[17.10179,48.114407],[17.099972,48.116507],[17.096337,48.116507],[17.094519,48.114407],[17.096337,48.112306],[17.099972,48.112306],[17.10179,48.114407]]]},"properties":{"m_skola":2,"m_skolka":7,"m_lekar":5,"m_lekaren":6,"m_obchod":4,"m_zastavka":3,"m_park":2,"sc":7,"idx":79}},{"type":"Feature","geometry":{"type":"Polygon","coordinates":[[[17.10179,48.118608],[17.099972,48.120708],[17.096337,48.120708],[17.094519,48.118608],[17.096337,48.116507],[17.099972,48.116507],[17.10179,48.118608]]]},"properties":{"m_skola":7,"m_skolka":4,"m_lekar":1,"m_lekaren":1,"m_obchod":1,"m_zastavka":0,"m_park":2,"sc":7,"idx":88}},{"type":"Feature","geometry":{"type":"Polygon","coordinates":[[[17.10179,48.122809],[17.099972,48.124909],[17.096337,48.124909],[17.094519,48.122809],[17.096337,48.120708],[17.099972,48.120708],[17.10179,48.122809]]]},"properties":{"m_skola":3,"m_skolka":5,"m_lekar":1,"m_lekaren":3,"m_obchod":3,"m_zastavka":1,"m_park":2,"sc":7,"idx":87}},{"type":"Feature","geometry":{"type":"Polygon","coordinates":[[[17.10179,48.131211],[17.099972,48.133311],[17.096337,48.133311],[17.094519,48.131211],[17.096337,48.12911],[17.099972,48.12911],[17.10179,48.131211]]]},"properties":{"m_skola":0,"m_skolka":2,"m_lekar":9,"m_lekaren":2,"m_obchod":3,"m_zastavka":2,"m_park":2,"sc":7,"idx":85}},{"type":"Feature","geometry":{"type":"Polygon","coordinates":[[[17.10179,48.135412],[17.099972,48.137512],[17.096337,48.137512],[17.094519,48.135412],[17.096337,48.133311],[17.099972,48.133311],[17.10179,48.135412]]]},"properties":{"m_skola":8,"m_skolka":10,"m_lekar":9,"m_lekaren":9,"m_obchod":8,"m_zastavka":6,"m_park":10,"sc":6,"idx":57}},{"type":"Feature","geometry":{"type":"Polygon","coordinates":[[[17.10179,48.139613],[17.099972,48.141713],[17.096337,48.141713],[17.094519,48.139613],[17.096337,48.137512],[17.099972,48.137512],[17.10179,48.139613]]]},"properties":{"m_skola":10,"m_skolka":12,"m_lekar":10,"m_lekaren":2,"m_obchod":2,"m_zastavka":2,"m_park":4,"sc":7,"idx":70}},{"type":"Feature","geometry":{"type":"Polygon","coordinates":[[[17.10179,48.143814],[17.099972,48.145914],[17.096337,48.145914],[17.094519,48.143814],[17.096337,48.141713],[17.099972,48.141713],[17.10179,48.143814]]]},"properties":{"m_skola":2,"m_skolka":5,"m_lekar":3,"m_lekaren":1,"m_obchod":1,"m_zastavka":1,"m_park":2,"sc":7,"idx":88}},{"type":"Feature","geometry":{"type":"Polygon","coordinates":[[[17.10179,48.148015],[17.099972,48.150115],[17.096337,48.150115],[17.094519,48.148015],[17.096337,48.145914],[17.099972,48.145914],[17.10179,48.148015]]]},"properties":{"m_skola":4,"m_skolka":3,"m_lekar":3,"m_lekaren":5,"m_obchod":3,"m_zastavka":1,"m_park":3,"sc":7,"idx":84}},{"type":"Feature","geometry":{"type":"Polygon","coordinates":[[[17.10179,48.202628],[17.099972,48.204728],[17.096337,48.204728],[17.094519,48.202628],[17.096337,48.200527],[17.099972,48.200527],[17.10179,48.202628]]]},"properties":{"m_skola":30,"m_skolka":30,"m_lekar":30,"m_lekaren":30,"m_obchod":30,"m_zastavka":2,"m_park":14,"sc":1,"idx":17}},{"type":"Feature","geometry":{"type":"Polygon","coordinates":[[[17.107243,48.091301],[17.105425,48.093402],[17.10179,48.093402],[17.099972,48.091301],[17.10179,48.089201],[17.105425,48.089201],[17.107243,48.091301]]]},"properties":{"m_skola":13,"m_skolka":10,"m_lekar":11,"m_lekaren":11,"m_obchod":9,"m_zastavka":7,"m_park":2,"sc":6,"idx":53}},{"type":"Feature","geometry":{"type":"Polygon","coordinates":[[[17.107243,48.112306],[17.105425,48.114407],[17.10179,48.114407],[17.099972,48.112306],[17.10179,48.110206],[17.105425,48.110206],[17.107243,48.112306]]]},"properties":{"m_skola":2,"m_skolka":1,"m_lekar":8,"m_lekaren":2,"m_obchod":3,"m_zastavka":3,"m_park":1,"sc":7,"idx":86}},{"type":"Feature","geometry":{"type":"Polygon","coordinates":[[[17.107243,48.12911],[17.105425,48.131211],[17.10179,48.131211],[17.099972,48.12911],[17.10179,48.12701],[17.105425,48.12701],[17.107243,48.12911]]]},"properties":{"m_skola":2,"m_skolka":3,"m_lekar":7,"m_lekaren":5,"m_obchod":5,"m_zastavka":2,"m_park":1,"sc":7,"idx":82}},{"type":"Feature","geometry":{"type":"Polygon","coordinates":[[[17.107243,48.133311],[17.105425,48.135412],[17.10179,48.135412],[17.099972,48.133311],[17.10179,48.131211],[17.105425,48.131211],[17.107243,48.133311]]]},"properties":{"m_skola":6,"m_skolka":7,"m_lekar":3,"m_lekaren":6,"m_obchod":7,"m_zastavka":1,"m_park":5,"sc":7,"idx":75}},{"type":"Feature","geometry":{"type":"Polygon","coordinates":[[[17.107243,48.137512],[17.105425,48.139613],[17.10179,48.139613],[17.099972,48.137512],[17.10179,48.135412],[17.105425,48.135412],[17.107243,48.137512]]]},"properties":{"m_skola":10,"m_skolka":15,"m_lekar":7,"m_lekaren":7,"m_obchod":7,"m_zastavka":4,"m_park":4,"sc":6,"idx":59}},{"type":"Feature","geometry":{"type":"Polygon","coordinates":[[[17.107243,48.141713],[17.105425,48.143814],[17.10179,48.143814],[17.099972,48.141713],[17.10179,48.139613],[17.105425,48.139613],[17.107243,48.141713]]]},"properties":{"m_skola":5,"m_skolka":9,"m_lekar":6,"m_lekaren":2,"m_obchod":5,"m_zastavka":2,"m_park":2,"sc":7,"idx":77}},{"type":"Feature","geometry":{"type":"Polygon","coordinates":[[[17.107243,48.158517],[17.105425,48.160618],[17.10179,48.160618],[17.099972,48.158517],[17.10179,48.156417],[17.105425,48.156417],[17.107243,48.158517]]]},"properties":{"m_skola":5,"m_skolka":4,"m_lekar":10,"m_lekaren":4,"m_obchod":9,"m_zastavka":1,"m_park":3,"sc":7,"idx":74}},{"type":"Feature","geometry":{"type":"Polygon","coordinates":[[[17.107243,48.166919],[17.105425,48.16902],[17.10179,48.16902],[17.099972,48.166919],[17.10179,48.164819],[17.105425,48.164819],[17.107243,48.166919]]]},"properties":{"m_skola":6,"m_skolka":6,"m_lekar":14,"m_lekaren":11,"m_obchod":5,"m_zastavka":7,"m_park":3,"sc":6,"idx":63}},{"type":"Feature","geometry":{"type":"Polygon","coordinates":[[[17.107243,48.17112],[17.105425,48.173221],[17.10179,48.173221],[17.099972,48.17112],[17.10179,48.16902],[17.105425,48.16902],[17.107243,48.17112]]]},"properties":{"m_skola":1,"m_skolka":0,"m_lekar":16,"m_lekaren":15,"m_obchod":3,"m_zastavka":1,"m_park":4,"sc":6,"idx":71}},{"type":"Feature","geometry":{"type":"Polygon","coordinates":[[[17.112696,48.093402],[17.110878,48.095502],[17.107243,48.095502],[17.105425,48.093402],[17.107243,48.091301],[17.110878,48.091301],[17.112696,48.093402]]]},"properties":{"m_skola":8,"m_skolka":6,"m_lekar":6,"m_lekaren":11,"m_obchod":4,"m_zastavka":1,"m_park":5,"sc":7,"idx":70}},{"type":"Feature","geometry":{"type":"Polygon","coordinates":[[[17.112696,48.106005],[17.110878,48.108105],[17.107243,48.108105],[17.105425,48.106005],[17.107243,48.103904],[17.110878,48.103904],[17.112696,48.106005]]]},"properties":{"m_skola":7,"m_skolka":3,"m_lekar":3,"m_lekaren":3,"m_obchod":2,"m_zastavka":2,"m_park":3,"sc":7,"idx":84}},{"type":"Feature","geometry":{"type":"Polygon","coordinates":[[[17.112696,48.122809],[17.110878,48.124909],[17.107243,48.124909],[17.105425,48.122809],[17.107243,48.120708],[17.110878,48.120708],[17.112696,48.122809]]]},"properties":{"m_skola":5,"m_skolka":5,"m_lekar":11,"m_lekaren":4,"m_obchod":3,"m_zastavka":3,"m_park":2,"sc":7,"idx":76}},{"type":"Feature","geometry":{"type":"Polygon","coordinates":[[[17.112696,48.131211],[17.110878,48.133311],[17.107243,48.133311],[17.105425,48.131211],[17.107243,48.12911],[17.110878,48.12911],[17.112696,48.131211]]]},"properties":{"m_skola":3,"m_skolka":2,"m_lekar":5,"m_lekaren":2,"m_obchod":0,"m_zastavka":1,"m_park":1,"sc":7,"idx":89}},{"type":"Feature","geometry":{"type":"Polygon","coordinates":[[[17.112696,48.135412],[17.110878,48.137512],[17.107243,48.137512],[17.105425,48.135412],[17.107243,48.133311],[17.110878,48.133311],[17.112696,48.135412]]]},"properties":{"m_skola":11,"m_skolka":9,"m_lekar":5,"m_lekaren":5,"m_obchod":5,"m_zastavka":6,"m_park":0,"sc":7,"idx":69}},{"type":"Feature","geometry":{"type":"Polygon","coordinates":[[[17.112696,48.156417],[17.110878,48.158517],[17.107243,48.158517],[17.105425,48.156417],[17.107243,48.154316],[17.110878,48.154316],[17.112696,48.156417]]]},"properties":{"m_skola":4,"m_skolka":5,"m_lekar":4,"m_lekaren":4,"m_obchod":1,"m_zastavka":1,"m_park":2,"sc":7,"idx":84}},{"type":"Feature","geometry":{"type":"Polygon","coordinates":[[[17.112696,48.164819],[17.110878,48.166919],[17.107243,48.166919],[17.105425,48.164819],[17.107243,48.162718],[17.110878,48.162718],[17.112696,48.164819]]]},"properties":{"m_skola":10,"m_skolka":11,"m_lekar":14,"m_lekaren":12,"m_obchod":11,"m_zastavka":6,"m_park":1,"sc":6,"idx":53}},{"type":"Feature","geometry":{"type":"Polygon","coordinates":[[[17.112696,48.16902],[17.110878,48.17112],[17.107243,48.17112],[17.105425,48.16902],[17.107243,48.166919],[17.110878,48.166919],[17.112696,48.16902]]]},"properties":{"m_skola":9,"m_skolka":8,"m_lekar":23,"m_lekaren":18,"m_obchod":6,"m_zastavka":2,"m_park":2,"sc":5,"idx":53}},{"type":"Feature","geometry":{"type":"Polygon","coordinates":[[[17.112696,48.173221],[17.110878,48.175321],[17.107243,48.175321],[17.105425,48.173221],[17.107243,48.17112],[17.110878,48.17112],[17.112696,48.173221]]]},"properties":{"m_skola":8,"m_skolka":8,"m_lekar":23,"m_lekaren":22,"m_obchod":8,"m_zastavka":7,"m_park":7,"sc":4,"idx":43}},{"type":"Feature","geometry":{"type":"Polygon","coordinates":[[[17.118149,48.091301],[17.116331,48.093402],[17.112696,48.093402],[17.110878,48.091301],[17.112696,48.089201],[17.116331,48.089201],[17.118149,48.091301]]]},"properties":{"m_skola":8,"m_skolka":1,"m_lekar":2,"m_lekaren":6,"m_obchod":5,"m_zastavka":6,"m_park":1,"sc":7,"idx":78}},{"type":"Feature","geometry":{"type":"Polygon","coordinates":[[[17.118149,48.095502],[17.116331,48.097603],[17.112696,48.097603],[17.110878,48.095502],[17.112696,48.093402],[17.116331,48.093402],[17.118149,48.095502]]]},"properties":{"m_skola":1,"m_skolka":3,"m_lekar":5,"m_lekaren":6,"m_obchod":6,"m_zastavka":5,"m_park":1,"sc":7,"idx":80}},{"type":"Feature","geometry":{"type":"Polygon","coordinates":[[[17.118149,48.120708],[17.116331,48.122809],[17.112696,48.122809],[17.110878,48.120708],[17.112696,48.118608],[17.116331,48.118608],[17.118149,48.120708]]]},"properties":{"m_skola":2,"m_skolka":2,"m_lekar":8,"m_lekaren":2,"m_obchod":2,"m_zastavka":3,"m_park":2,"sc":7,"idx":85}},{"type":"Feature","geometry":{"type":"Polygon","coordinates":[[[17.118149,48.12911],[17.116331,48.131211],[17.112696,48.131211],[17.110878,48.12911],[17.112696,48.12701],[17.116331,48.12701],[17.118149,48.12911]]]},"properties":{"m_skola":5,"m_skolka":3,"m_lekar":3,"m_lekaren":1,"m_obchod":1,"m_zastavka":1,"m_park":1,"sc":7,"idx":89}},{"type":"Feature","geometry":{"type":"Polygon","coordinates":[[[17.118149,48.133311],[17.116331,48.135412],[17.112696,48.135412],[17.110878,48.133311],[17.112696,48.131211],[17.116331,48.131211],[17.118149,48.133311]]]},"properties":{"m_skola":10,"m_skolka":8,"m_lekar":5,"m_lekaren":6,"m_obchod":4,"m_zastavka":5,"m_park":5,"sc":7,"idx":69}},{"type":"Feature","geometry":{"type":"Polygon","coordinates":[[[17.118149,48.141713],[17.116331,48.143814],[17.112696,48.143814],[17.110878,48.141713],[17.112696,48.139613],[17.116331,48.139613],[17.118149,48.141713]]]},"properties":{"m_skola":2,"m_skolka":2,"m_lekar":3,"m_lekaren":4,"m_obchod":4,"m_zastavka":1,"m_park":0,"sc":7,"idx":87}},{"type":"Feature","geometry":{"type":"Polygon","coordinates":[[[17.118149,48.154316],[17.116331,48.156417],[17.112696,48.156417],[17.110878,48.154316],[17.112696,48.152216],[17.116331,48.152216],[17.118149,48.154316]]]},"properties":{"m_skola":3,"m_skolka":5,"m_lekar":1,"m_lekaren":2,"m_obchod":4,"m_zastavka":4,"m_park":1,"sc":7,"idx":86}},{"type":"Feature","geometry":{"type":"Polygon","coordinates":[[[17.118149,48.158517],[17.116331,48.160618],[17.112696,48.160618],[17.110878,48.158517],[17.112696,48.156417],[17.116331,48.156417],[17.118149,48.158517]]]},"properties":{"m_skola":3,"m_skolka":2,"m_lekar":3,"m_lekaren":3,"m_obchod":3,"m_zastavka":3,"m_park":3,"sc":7,"idx":85}},{"type":"Feature","geometry":{"type":"Polygon","coordinates":[[[17.118149,48.162718],[17.116331,48.164819],[17.112696,48.164819],[17.110878,48.162718],[17.112696,48.160618],[17.116331,48.160618],[17.118149,48.162718]]]},"properties":{"m_skola":6,"m_skolka":6,"m_lekar":9,"m_lekaren":10,"m_obchod":9,"m_zastavka":1,"m_park":6,"sc":7,"idx":65}},{"type":"Feature","geometry":{"type":"Polygon","coordinates":[[[17.118149,48.166919],[17.116331,48.16902],[17.112696,48.16902],[17.110878,48.166919],[17.112696,48.164819],[17.116331,48.164819],[17.118149,48.166919]]]},"properties":{"m_skola":9,"m_skolka":9,"m_lekar":15,"m_lekaren":15,"m_obchod":5,"m_zastavka":2,"m_park":1,"sc":6,"idx":58}},{"type":"Feature","geometry":{"type":"Polygon","coordinates":[[[17.118149,48.17112],[17.116331,48.173221],[17.112696,48.173221],[17.110878,48.17112],[17.112696,48.16902],[17.116331,48.16902],[17.118149,48.17112]]]},"properties":{"m_skola":13,"m_skolka":13,"m_lekar":20,"m_lekaren":16,"m_obchod":7,"m_zastavka":6,"m_park":5,"sc":5,"idx":41}},{"type":"Feature","geometry":{"type":"Polygon","coordinates":[[[17.123602,48.089201],[17.121784,48.091301],[17.118149,48.091301],[17.116331,48.089201],[17.118149,48.0871],[17.121784,48.0871],[17.123602,48.089201]]]},"properties":{"m_skola":14,"m_skolka":8,"m_lekar":6,"m_lekaren":7,"m_obchod":5,"m_zastavka":6,"m_park":4,"sc":7,"idx":63}},{"type":"Feature","geometry":{"type":"Polygon","coordinates":[[[17.123602,48.093402],[17.121784,48.095502],[17.118149,48.095502],[17.116331,48.093402],[17.118149,48.091301],[17.121784,48.091301],[17.123602,48.093402]]]},"properties":{"m_skola":8,"m_skolka":5,"m_lekar":4,"m_lekaren":2,"m_obchod":2,"m_zastavka":2,"m_park":3,"sc":7,"idx":81}},{"type":"Feature","geometry":{"type":"Polygon","coordinates":[[[17.123602,48.097603],[17.121784,48.099703],[17.118149,48.099703],[17.116331,48.097603],[17.118149,48.095502],[17.121784,48.095502],[17.123602,48.097603]]]},"properties":{"m_skola":2,"m_skolka":3,"m_lekar":4,"m_lekaren":2,"m_obchod":2,"m_zastavka":2,"m_park":0,"sc":7,"idx":89}},{"type":"Feature","geometry":{"type":"Polygon","coordinates":[[[17.123602,48.110206],[17.121784,48.112306],[17.118149,48.112306],[17.116331,48.110206],[17.118149,48.108105],[17.121784,48.108105],[17.123602,48.110206]]]},"properties":{"m_skola":8,"m_skolka":8,"m_lekar":14,"m_lekaren":11,"m_obchod":8,"m_zastavka":4,"m_park":4,"sc":7,"idx":59}},{"type":"Feature","geometry":{"type":"Polygon","coordinates":[[[17.123602,48.114407],[17.121784,48.116507],[17.118149,48.116507],[17.116331,48.114407],[17.118149,48.112306],[17.121784,48.112306],[17.123602,48.114407]]]},"properties":{"m_skola":1,"m_skolka":2,"m_lekar":15,"m_lekaren":14,"m_obchod":5,"m_zastavka":4,"m_park":2,"sc":6,"idx":68}},{"type":"Feature","geometry":{"type":"Polygon","coordinates":[[[17.123602,48.12701],[17.121784,48.12911],[17.118149,48.12911],[17.116331,48.12701],[17.118149,48.124909],[17.121784,48.124909],[17.123602,48.12701]]]},"properties":{"m_skola":8,"m_skolka":5,"m_lekar":4,"m_lekaren":2,"m_obchod":1,"m_zastavka":2,"m_park":1,"sc":7,"idx":83}},{"type":"Feature","geometry":{"type":"Polygon","coordinates":[[[17.123602,48.131211],[17.121784,48.133311],[17.118149,48.133311],[17.116331,48.131211],[17.118149,48.12911],[17.121784,48.12911],[17.123602,48.131211]]]},"properties":{"m_skola":13,"m_skolka":10,"m_lekar":4,"m_lekaren":6,"m_obchod":1,"m_zastavka":6,"m_park":2,"sc":7,"idx":69}},{"type":"Feature","geometry":{"type":"Polygon","coordinates":[[[17.123602,48.139613],[17.121784,48.141713],[17.118149,48.141713],[17.116331,48.139613],[17.118149,48.137512],[17.121784,48.137512],[17.123602,48.139613]]]},"properties":{"m_skola":7,"m_skolka":5,"m_lekar":5,"m_lekaren":1,"m_obchod":2,"m_zastavka":2,"m_park":0,"sc":7,"idx":84}},{"type":"Feature","geometry":{"type":"Polygon","coordinates":[[[17.123602,48.143814],[17.121784,48.145914],[17.118149,48.145914],[17.116331,48.143814],[17.118149,48.141713],[17.121784,48.141713],[17.123602,48.143814]]]},"properties":{"m_skola":3,"m_skolka":1,"m_lekar":3,"m_lekaren":3,"m_obchod":1,"m_zastavka":3,"m_park":0,"sc":7,"idx":89}},{"type":"Feature","geometry":{"type":"Polygon","coordinates":[[[17.123602,48.148015],[17.121784,48.150115],[17.118149,48.150115],[17.116331,48.148015],[17.118149,48.145914],[17.121784,48.145914],[17.123602,48.148015]]]},"properties":{"m_skola":5,"m_skolka":2,"m_lekar":2,"m_lekaren":2,"m_obchod":3,"m_zastavka":1,"m_park":2,"sc":7,"idx":87}},{"type":"Feature","geometry":{"type":"Polygon","coordinates":[[[17.123602,48.152216],[17.121784,48.154316],[17.118149,48.154316],[17.116331,48.152216],[17.118149,48.150115],[17.121784,48.150115],[17.123602,48.152216]]]},"properties":{"m_skola":3,"m_skolka":2,"m_lekar":2,"m_lekaren":1,"m_obchod":0,"m_zastavka":0,"m_park":1,"sc":7,"idx":93}},{"type":"Feature","geometry":{"type":"Polygon","coordinates":[[[17.123602,48.156417],[17.121784,48.158517],[17.118149,48.158517],[17.116331,48.156417],[17.118149,48.154316],[17.121784,48.154316],[17.123602,48.156417]]]},"properties":{"m_skola":4,"m_skolka":2,"m_lekar":3,"m_lekaren":4,"m_obchod":2,"m_zastavka":2,"m_park":1,"sc":7,"idx":88}},{"type":"Feature","geometry":{"type":"Polygon","coordinates":[[[17.123602,48.160618],[17.121784,48.162718],[17.118149,48.162718],[17.116331,48.160618],[17.118149,48.158517],[17.121784,48.158517],[17.123602,48.160618]]]},"properties":{"m_skola":3,"m_skolka":2,"m_lekar":3,"m_lekaren":4,"m_obchod":2,"m_zastavka":4,"m_park":2,"sc":7,"idx":85}},{"type":"Feature","geometry":{"type":"Polygon","coordinates":[[[17.123602,48.16902],[17.121784,48.17112],[17.118149,48.17112],[17.116331,48.16902],[17.118149,48.166919],[17.121784,48.166919],[17.123602,48.16902]]]},"properties":{"m_skola":8,"m_skolka":7,"m_lekar":13,"m_lekaren":10,"m_obchod":3,"m_zastavka":8,"m_park":1,"sc":6,"idx":64}},{"type":"Feature","geometry":{"type":"Polygon","coordinates":[[[17.123602,48.173221],[17.121784,48.175321],[17.118149,48.175321],[17.116331,48.173221],[17.118149,48.17112],[17.121784,48.17112],[17.123602,48.173221]]]},"properties":{"m_skola":6,"m_skolka":6,"m_lekar":19,"m_lekaren":8,"m_obchod":3,"m_zastavka":2,"m_park":3,"sc":6,"idx":66}},{"type":"Feature","geometry":{"type":"Polygon","coordinates":[[[17.129055,48.0871],[17.127237,48.089201],[17.123602,48.089201],[17.121784,48.0871],[17.123602,48.085],[17.127237,48.085],[17.129055,48.0871]]]},"properties":{"m_skola":21,"m_skolka":2,"m_lekar":1,"m_lekaren":14,"m_obchod":1,"m_zastavka":2,"m_park":1,"sc":5,"idx":71}},{"type":"Feature","geometry":{"type":"Polygon","coordinates":[[[17.129055,48.091301],[17.127237,48.093402],[17.123602,48.093402],[17.121784,48.091301],[17.123602,48.089201],[17.127237,48.089201],[17.129055,48.091301]]]},"properties":{"m_skola":14,"m_skolka":3,"m_lekar":7,"m_lekaren":9,"m_obchod":3,"m_zastavka":7,"m_park":1,"sc":6,"idx":67}},{"type":"Feature","geometry":{"type":"Polygon","coordinates":[[[17.129055,48.099703],[17.127237,48.101804],[17.123602,48.101804],[17.121784,48.099703],[17.123602,48.097603],[17.127237,48.097603],[17.129055,48.099703]]]},"properties":{"m_skola":10,"m_skolka":10,"m_lekar":4,"m_lekaren":4,"m_obchod":9,"m_zastavka":1,"m_park":3,"sc":7,"idx":70}},{"type":"Feature","geometry":{"type":"Polygon","coordinates":[[[17.129055,48.108105],[17.127237,48.110206],[17.123602,48.110206],[17.121784,48.108105],[17.123602,48.106005],[17.127237,48.106005],[17.129055,48.108105]]]},"properties":{"m_skola":14,"m_skolka":8,"m_lekar":14,"m_lekaren":15,"m_obchod":3,"m_zastavka":7,"m_park":5,"sc":5,"idx":51}},{"type":"Feature","geometry":{"type":"Polygon","coordinates":[[[17.129055,48.12911],[17.127237,48.131211],[17.123602,48.131211],[17.121784,48.12911],[17.123602,48.12701],[17.127237,48.12701],[17.129055,48.12911]]]},"properties":{"m_skola":9,"m_skolka":3,"m_lekar":2,"m_lekaren":2,"m_obchod":2,"m_zastavka":3,"m_park":2,"sc":7,"idx":83}},{"type":"Feature","geometry":{"type":"Polygon","coordinates":[[[17.129055,48.137512],[17.127237,48.139613],[17.123602,48.139613],[17.121784,48.137512],[17.123602,48.135412],[17.127237,48.135412],[17.129055,48.137512]]]},"properties":{"m_skola":14,"m_skolka":12,"m_lekar":5,"m_lekaren":5,"m_obchod":4,"m_zastavka":5,"m_park":4,"sc":7,"idx":64}},{"type":"Feature","geometry":{"type":"Polygon","coordinates":[[[17.129055,48.141713],[17.127237,48.143814],[17.123602,48.143814],[17.121784,48.141713],[17.123602,48.139613],[17.127237,48.139613],[17.129055,48.141713]]]},"properties":{"m_skola":8,"m_skolka":6,"m_lekar":1,"m_lekaren":2,"m_obchod":1,"m_zastavka":1,"m_park":1,"sc":7,"idx":86}},{"type":"Feature","geometry":{"type":"Polygon","coordinates":[[[17.129055,48.145914],[17.127237,48.148015],[17.123602,48.148015],[17.121784,48.145914],[17.123602,48.143814],[17.127237,48.143814],[17.129055,48.145914]]]},"properties":{"m_skola":5,"m_skolka":2,"m_lekar":1,"m_lekaren":2,"m_obchod":0,"m_zastavka":1,"m_park":0,"sc":7,"idx":92}},{"type":"Feature","geometry":{"type":"Polygon","coordinates":[[[17.129055,48.150115],[17.127237,48.152216],[17.123602,48.152216],[17.121784,48.150115],[17.123602,48.148015],[17.127237,48.148015],[17.129055,48.150115]]]},"properties":{"m_skola":5,"m_skolka":3,"m_lekar":1,"m_lekaren":3,"m_obchod":1,"m_zastavka":0,"m_park":1,"sc":7,"idx":89}},{"type":"Feature","geometry":{"type":"Polygon","coordinates":[[[17.129055,48.154316],[17.127237,48.156417],[17.123602,48.156417],[17.121784,48.154316],[17.123602,48.152216],[17.127237,48.152216],[17.129055,48.154316]]]},"properties":{"m_skola":4,"m_skolka":0,"m_lekar":2,"m_lekaren":2,"m_obchod":2,"m_zastavka":1,"m_park":1,"sc":7,"idx":91}},{"type":"Feature","geometry":{"type":"Polygon","coordinates":[[[17.129055,48.158517],[17.127237,48.160618],[17.123602,48.160618],[17.121784,48.158517],[17.123602,48.156417],[17.127237,48.156417],[17.129055,48.158517]]]},"properties":{"m_skola":6,"m_skolka":3,"m_lekar":2,"m_lekaren":3,"m_obchod":3,"m_zastavka":0,"m_park":2,"sc":7,"idx":86}},{"type":"Feature","geometry":{"type":"Polygon","coordinates":[[[17.129055,48.162718],[17.127237,48.164819],[17.123602,48.164819],[17.121784,48.162718],[17.123602,48.160618],[17.127237,48.160618],[17.129055,48.162718]]]},"properties":{"m_skola":3,"m_skolka":3,"m_lekar":1,"m_lekaren":2,"m_obchod":1,"m_zastavka":1,"m_park":1,"sc":7,"idx":92}},{"type":"Feature","geometry":{"type":"Polygon","coordinates":[[[17.129055,48.17112],[17.127237,48.173221],[17.123602,48.173221],[17.121784,48.17112],[17.123602,48.16902],[17.127237,48.16902],[17.129055,48.17112]]]},"properties":{"m_skola":5,"m_skolka":4,"m_lekar":12,"m_lekaren":3,"m_obchod":3,"m_zastavka":2,"m_park":2,"sc":7,"idx":78}},{"type":"Feature","geometry":{"type":"Polygon","coordinates":[[[17.129055,48.175321],[17.127237,48.177422],[17.123602,48.177422],[17.121784,48.175321],[17.123602,48.173221],[17.127237,48.173221],[17.129055,48.175321]]]},"properties":{"m_skola":3,"m_skolka":4,"m_lekar":20,"m_lekaren":4,"m_obchod":2,"m_zastavka":3,"m_park":1,"sc":6,"idx":74}},{"type":"Feature","geometry":{"type":"Polygon","coordinates":[[[17.129055,48.187924],[17.127237,48.190025],[17.123602,48.190025],[17.121784,48.187924],[17.123602,48.185824],[17.127237,48.185824],[17.129055,48.187924]]]},"properties":{"m_skola":12,"m_skolka":14,"m_lekar":16,"m_lekaren":18,"m_obchod":15,"m_zastavka":9,"m_park":7,"sc":2,"idx":33}},{"type":"Feature","geometry":{"type":"Polygon","coordinates":[[[17.134508,48.089201],[17.13269,48.091301],[17.129055,48.091301],[17.127237,48.089201],[17.129055,48.0871],[17.13269,48.0871],[17.134508,48.089201]]]},"properties":{"m_skola":21,"m_skolka":4,"m_lekar":9,"m_lekaren":17,"m_obchod":8,"m_zastavka":9,"m_park":3,"sc":4,"idx":49}},{"type":"Feature","geometry":{"type":"Polygon","coordinates":[[[17.134508,48.122809],[17.13269,48.124909],[17.129055,48.124909],[17.127237,48.122809],[17.129055,48.120708],[17.13269,48.120708],[17.134508,48.122809]]]},"properties":{"m_skola":6,"m_skolka":5,"m_lekar":5,"m_lekaren":3,"m_obchod":5,"m_zastavka":3,"m_park":1,"sc":7,"idx":79}},{"type":"Feature","geometry":{"type":"Polygon","coordinates":[[[17.134508,48.12701],[17.13269,48.12911],[17.129055,48.12911],[17.127237,48.12701],[17.129055,48.124909],[17.13269,48.124909],[17.134508,48.12701]]]},"properties":{"m_skola":8,"m_skolka":3,"m_lekar":4,"m_lekaren":7,"m_obchod":3,"m_zastavka":1,"m_park":2,"sc":7,"idx":79}},{"type":"Feature","geometry":{"type":"Polygon","coordinates":[[[17.134508,48.139613],[17.13269,48.141713],[17.129055,48.141713],[17.127237,48.139613],[17.129055,48.137512],[17.13269,48.137512],[17.134508,48.139613]]]},"properties":{"m_skola":12,"m_skolka":10,"m_lekar":4,"m_lekaren":4,"m_obchod":5,"m_zastavka":3,"m_park":4,"sc":7,"idx":69}},{"type":"Feature","geometry":{"type":"Polygon","coordinates":[[[17.134508,48.143814],[17.13269,48.145914],[17.129055,48.145914],[17.127237,48.143814],[17.129055,48.141713],[17.13269,48.141713],[17.134508,48.143814]]]},"properties":{"m_skola":5,"m_skolka":4,"m_lekar":7,"m_lekaren":5,"m_obchod":2,"m_zastavka":2,"m_park":3,"sc":7,"idx":80}},{"type":"Feature","geometry":{"type":"Polygon","coordinates":[[[17.134508,48.148015],[17.13269,48.150115],[17.129055,48.150115],[17.127237,48.148015],[17.129055,48.145914],[17.13269,48.145914],[17.134508,48.148015]]]},"properties":{"m_skola":5,"m_skolka":4,"m_lekar":2,"m_lekaren":3,"m_obchod":2,"m_zastavka":0,"m_park":1,"sc":7,"idx":87}},{"type":"Feature","geometry":{"type":"Polygon","coordinates":[[[17.134508,48.152216],[17.13269,48.154316],[17.129055,48.154316],[17.127237,48.152216],[17.129055,48.150115],[17.13269,48.150115],[17.134508,48.152216]]]},"properties":{"m_skola":2,"m_skolka":4,"m_lekar":3,"m_lekaren":3,"m_obchod":1,"m_zastavka":2,"m_park":1,"sc":7,"idx":89}},{"type":"Feature","geometry":{"type":"Polygon","coordinates":[[[17.134508,48.156417],[17.13269,48.158517],[17.129055,48.158517],[17.127237,48.156417],[17.129055,48.154316],[17.13269,48.154316],[17.134508,48.156417]]]},"properties":{"m_skola":3,"m_skolka":8,"m_lekar":2,"m_lekaren":1,"m_obchod":1,"m_zastavka":1,"m_park":2,"sc":7,"idx":87}},{"type":"Feature","geometry":{"type":"Polygon","coordinates":[[[17.134508,48.160618],[17.13269,48.162718],[17.129055,48.162718],[17.127237,48.160618],[17.129055,48.158517],[17.13269,48.158517],[17.134508,48.160618]]]},"properties":{"m_skola":4,"m_skolka":3,"m_lekar":3,"m_lekaren":4,"m_obchod":1,"m_zastavka":2,"m_park":2,"sc":7,"idx":86}},{"type":"Feature","geometry":{"type":"Polygon","coordinates":[[[17.134508,48.173221],[17.13269,48.175321],[17.129055,48.175321],[17.127237,48.173221],[17.129055,48.17112],[17.13269,48.17112],[17.134508,48.173221]]]},"properties":{"m_skola":3,"m_skolka":4,"m_lekar":11,"m_lekaren":5,"m_obchod":2,"m_zastavka":2,"m_park":2,"sc":7,"idx":79}},{"type":"Feature","geometry":{"type":"Polygon","coordinates":[[[17.134508,48.177422],[17.13269,48.179522],[17.129055,48.179522],[17.127237,48.177422],[17.129055,48.175321],[17.13269,48.175321],[17.134508,48.177422]]]},"properties":{"m_skola":5,"m_skolka":10,"m_lekar":13,"m_lekaren":2,"m_obchod":2,"m_zastavka":3,"m_park":1,"sc":7,"idx":74}},{"type":"Feature","geometry":{"type":"Polygon","coordinates":[[[17.134508,48.185824],[17.13269,48.187924],[17.129055,48.187924],[17.127237,48.185824],[17.129055,48.183723],[17.13269,48.183723],[17.134508,48.185824]]]},"properties":{"m_skola":9,"m_skolka":11,"m_lekar":9,"m_lekaren":10,"m_obchod":7,"m_zastavka":2,"m_park":1,"sc":7,"idx":64}},{"type":"Feature","geometry":{"type":"Polygon","coordinates":[[[17.134508,48.190025],[17.13269,48.192125],[17.129055,48.192125],[17.127237,48.190025],[17.129055,48.187924],[17.13269,48.187924],[17.134508,48.190025]]]},"properties":{"m_skola":12,"m_skolka":7,"m_lekar":17,"m_lekaren":14,"m_obchod":13,"m_zastavka":6,"m_park":4,"sc":4,"idx":47}},{"type":"Feature","geometry":{"type":"Polygon","coordinates":[[[17.139961,48.120708],[17.138143,48.122809],[17.134508,48.122809],[17.13269,48.120708],[17.134508,48.118608],[17.138143,48.118608],[17.139961,48.120708]]]},"properties":{"m_skola":5,"m_skolka":11,"m_lekar":6,"m_lekaren":11,"m_obchod":6,"m_zastavka":6,"m_park":4,"sc":7,"idx":64}},{"type":"Feature","geometry":{"type":"Polygon","coordinates":[[[17.139961,48.141713],[17.138143,48.143814],[17.134508,48.143814],[17.13269,48.141713],[17.134508,48.139613],[17.138143,48.139613],[17.139961,48.141713]]]},"properties":{"m_skola":8,"m_skolka":7,"m_lekar":9,"m_lekaren":8,"m_obchod":3,"m_zastavka":5,"m_park":3,"sc":7,"idx":69}},{"type":"Feature","geometry":{"type":"Polygon","coordinates":[[[17.139961,48.145914],[17.138143,48.148015],[17.134508,48.148015],[17.13269,48.145914],[17.134508,48.143814],[17.138143,48.143814],[17.139961,48.145914]]]},"properties":{"m_skola":2,"m_skolka":3,"m_lekar":3,"m_lekaren":2,"m_obchod":1,"m_zastavka":1,"m_park":2,"sc":7,"idx":90}},{"type":"Feature","geometry":{"type":"Polygon","coordinates":[[[17.139961,48.150115],[17.138143,48.152216],[17.134508,48.152216],[17.13269,48.150115],[17.134508,48.148015],[17.138143,48.148015],[17.139961,48.150115]]]},"properties":{"m_skola":5,"m_skolka":1,"m_lekar":2,"m_lekaren":3,"m_obchod":2,"m_zastavka":2,"m_park":1,"sc":7,"idx":88}},{"type":"Feature","geometry":{"type":"Polygon","coordinates":[[[17.139961,48.154316],[17.138143,48.156417],[17.134508,48.156417],[17.13269,48.154316],[17.134508,48.152216],[17.138143,48.152216],[17.139961,48.154316]]]},"properties":{"m_skola":5,"m_skolka":6,"m_lekar":4,"m_lekaren":4,"m_obchod":0,"m_zastavka":2,"m_park":1,"sc":7,"idx":83}},{"type":"Feature","geometry":{"type":"Polygon","coordinates":[[[17.139961,48.158517],[17.138143,48.160618],[17.134508,48.160618],[17.13269,48.158517],[17.134508,48.156417],[17.138143,48.156417],[17.139961,48.158517]]]},"properties":{"m_skola":7,"m_skolka":3,"m_lekar":2,"m_lekaren":2,"m_obchod":2,"m_zastavka":1,"m_park":0,"sc":7,"idx":87}},{"type":"Feature","geometry":{"type":"Polygon","coordinates":[[[17.139961,48.162718],[17.138143,48.164819],[17.134508,48.164819],[17.13269,48.162718],[17.134508,48.160618],[17.138143,48.160618],[17.139961,48.162718]]]},"properties":{"m_skola":3,"m_skolka":8,"m_lekar":4,"m_lekaren":3,"m_obchod":3,"m_zastavka":4,"m_park":1,"sc":7,"idx":81}},{"type":"Feature","geometry":{"type":"Polygon","coordinates":[[[17.139961,48.166919],[17.138143,48.16902],[17.134508,48.16902],[17.13269,48.166919],[17.134508,48.164819],[17.138143,48.164819],[17.139961,48.166919]]]},"properties":{"m_skola":1,"m_skolka":1,"m_lekar":9,"m_lekaren":4,"m_obchod":4,"m_zastavka":3,"m_park":2,"sc":7,"idx":83}},{"type":"Feature","geometry":{"type":"Polygon","coordinates":[[[17.139961,48.175321],[17.138143,48.177422],[17.134508,48.177422],[17.13269,48.175321],[17.134508,48.173221],[17.138143,48.173221],[17.139961,48.175321]]]},"properties":{"m_skola":3,"m_skolka":4,"m_lekar":7,"m_lekaren":8,"m_obchod":6,"m_zastavka":7,"m_park":2,"sc":6,"idx":73}},{"type":"Feature","geometry":{"type":"Polygon","coordinates":[[[17.139961,48.179522],[17.138143,48.181623],[17.134508,48.181623],[17.13269,48.179522],[17.134508,48.177422],[17.138143,48.177422],[17.139961,48.179522]]]},"properties":{"m_skola":5,"m_skolka":12,"m_lekar":6,"m_lekaren":9,"m_obchod":4,"m_zastavka":1,"m_park":4,"sc":7,"idx":70}},{"type":"Feature","geometry":{"type":"Polygon","coordinates":[[[17.139961,48.183723],[17.138143,48.185824],[17.134508,48.185824],[17.13269,48.183723],[17.134508,48.181623],[17.138143,48.181623],[17.139961,48.183723]]]},"properties":{"m_skola":6,"m_skolka":13,"m_lekar":1,"m_lekaren":4,"m_obchod":0,"m_zastavka":3,"m_park":2,"sc":6,"idx":79}},{"type":"Feature","geometry":{"type":"Polygon","coordinates":[[[17.139961,48.187924],[17.138143,48.190025],[17.134508,48.190025],[17.13269,48.187924],[17.134508,48.185824],[17.138143,48.185824],[17.139961,48.187924]]]},"properties":{"m_skola":12,"m_skolka":5,"m_lekar":7,"m_lekaren":7,"m_obchod":8,"m_zastavka":1,"m_park":5,"sc":7,"idx":67}},{"type":"Feature","geometry":{"type":"Polygon","coordinates":[[[17.139961,48.192125],[17.138143,48.194226],[17.134508,48.194226],[17.13269,48.192125],[17.134508,48.190025],[17.138143,48.190025],[17.139961,48.192125]]]},"properties":{"m_skola":5,"m_skolka":2,"m_lekar":7,"m_lekaren":7,"m_obchod":9,"m_zastavka":4,"m_park":0,"sc":7,"idx":75}},{"type":"Feature","geometry":{"type":"Polygon","coordinates":[[[17.145414,48.143814],[17.143596,48.145914],[17.139961,48.145914],[17.138143,48.143814],[17.139961,48.141713],[17.143596,48.141713],[17.145414,48.143814]]]},"properties":{"m_skola":10,"m_skolka":10,"m_lekar":5,"m_lekaren":5,"m_obchod":1,"m_zastavka":3,"m_park":2,"sc":7,"idx":73}},{"type":"Feature","geometry":{"type":"Polygon","coordinates":[[[17.145414,48.148015],[17.143596,48.150115],[17.139961,48.150115],[17.138143,48.148015],[17.139961,48.145914],[17.143596,48.145914],[17.145414,48.148015]]]},"properties":{"m_skola":4,"m_skolka":5,"m_lekar":2,"m_lekaren":2,"m_obchod":0,"m_zastavka":1,"m_park":1,"sc":7,"idx":90}},{"type":"Feature","geometry":{"type":"Polygon","coordinates":[[[17.145414,48.156417],[17.143596,48.158517],[17.139961,48.158517],[17.138143,48.156417],[17.139961,48.154316],[17.143596,48.154316],[17.145414,48.156417]]]},"properties":{"m_skola":2,"m_skolka":4,"m_lekar":3,"m_lekaren":3,"m_obchod":1,"m_zastavka":1,"m_park":2,"sc":7,"idx":88}},{"type":"Feature","geometry":{"type":"Polygon","coordinates":[[[17.145414,48.177422],[17.143596,48.179522],[17.139961,48.179522],[17.138143,48.177422],[17.139961,48.175321],[17.143596,48.175321],[17.145414,48.177422]]]},"properties":{"m_skola":9,"m_skolka":10,"m_lekar":9,"m_lekaren":13,"m_obchod":6,"m_zastavka":4,"m_park":5,"sc":6,"idx":58}},{"type":"Feature","geometry":{"type":"Polygon","coordinates":[[[17.145414,48.181623],[17.143596,48.183723],[17.139961,48.183723],[17.138143,48.181623],[17.139961,48.179522],[17.143596,48.179522],[17.145414,48.181623]]]},"properties":{"m_skola":10,"m_skolka":17,"m_lekar":6,"m_lekaren":6,"m_obchod":8,"m_zastavka":6,"m_park":5,"sc":6,"idx":57}},{"type":"Feature","geometry":{"type":"Polygon","coordinates":[[[17.150867,48.145914],[17.149049,48.148015],[17.145414,48.148015],[17.143596,48.145914],[17.145414,48.143814],[17.149049,48.143814],[17.150867,48.145914]]]},"properties":{"m_skola":8,"m_skolka":9,"m_lekar":7,"m_lekaren":6,"m_obchod":5,"m_zastavka":5,"m_park":2,"sc":7,"idx":69}},{"type":"Feature","geometry":{"type":"Polygon","coordinates":[[[17.150867,48.154316],[17.149049,48.156417],[17.145414,48.156417],[17.143596,48.154316],[17.145414,48.152216],[17.149049,48.152216],[17.150867,48.154316]]]},"properties":{"m_skola":5,"m_skolka":7,"m_lekar":3,"m_lekaren":6,"m_obchod":1,"m_zastavka":1,"m_park":4,"sc":7,"idx":81}},{"type":"Feature","geometry":{"type":"Polygon","coordinates":[[[17.150867,48.162718],[17.149049,48.164819],[17.145414,48.164819],[17.143596,48.162718],[17.145414,48.160618],[17.149049,48.160618],[17.150867,48.162718]]]},"properties":{"m_skola":4,"m_skolka":4,"m_lekar":3,"m_lekaren":3,"m_obchod":1,"m_zastavka":2,"m_park":2,"sc":7,"idx":86}},{"type":"Feature","geometry":{"type":"Polygon","coordinates":[[[17.150867,48.166919],[17.149049,48.16902],[17.145414,48.16902],[17.143596,48.166919],[17.145414,48.164819],[17.149049,48.164819],[17.150867,48.166919]]]},"properties":{"m_skola":7,"m_skolka":7,"m_lekar":5,"m_lekaren":5,"m_obchod":4,"m_zastavka":4,"m_park":1,"sc":7,"idx":77}},{"type":"Feature","geometry":{"type":"Polygon","coordinates":[[[17.150867,48.17112],[17.149049,48.173221],[17.145414,48.173221],[17.143596,48.17112],[17.145414,48.16902],[17.149049,48.16902],[17.150867,48.17112]]]},"properties":{"m_skola":14,"m_skolka":14,"m_lekar":4,"m_lekaren":4,"m_obchod":1,"m_zastavka":1,"m_park":3,"sc":6,"idx":70}},{"type":"Feature","geometry":{"type":"Polygon","coordinates":[[[17.150867,48.175321],[17.149049,48.177422],[17.145414,48.177422],[17.143596,48.175321],[17.145414,48.173221],[17.149049,48.173221],[17.150867,48.175321]]]},"properties":{"m_skola":16,"m_skolka":15,"m_lekar":10,"m_lekaren":11,"m_obchod":4,"m_zastavka":3,"m_park":10,"sc":5,"idx":50}},{"type":"Feature","geometry":{"type":"Polygon","coordinates":[[[17.150867,48.179522],[17.149049,48.181623],[17.145414,48.181623],[17.143596,48.179522],[17.145414,48.177422],[17.149049,48.177422],[17.150867,48.179522]]]},"properties":{"m_skola":19,"m_skolka":19,"m_lekar":15,"m_lekaren":13,"m_obchod":3,"m_zastavka":5,"m_park":14,"sc":3,"idx":36}},{"type":"Feature","geometry":{"type":"Polygon","coordinates":[[[17.150867,48.204728],[17.149049,48.206829],[17.145414,48.206829],[17.143596,48.204728],[17.145414,48.202628],[17.149049,48.202628],[17.150867,48.204728]]]},"properties":{"m_skola":8,"m_skolka":7,"m_lekar":14,"m_lekaren":14,"m_obchod":3,"m_zastavka":1,"m_park":1,"sc":6,"idx":65}},{"type":"Feature","geometry":{"type":"Polygon","coordinates":[[[17.150867,48.208929],[17.149049,48.21103],[17.145414,48.21103],[17.143596,48.208929],[17.145414,48.206829],[17.149049,48.206829],[17.150867,48.208929]]]},"properties":{"m_skola":4,"m_skolka":1,"m_lekar":21,"m_lekaren":9,"m_obchod":4,"m_zastavka":3,"m_park":1,"sc":6,"idx":70}},{"type":"Feature","geometry":{"type":"Polygon","coordinates":[[[17.15632,48.135412],[17.154502,48.137512],[17.150867,48.137512],[17.149049,48.135412],[17.150867,48.133311],[17.154502,48.133311],[17.15632,48.135412]]]},"properties":{"m_skola":27,"m_skolka":18,"m_lekar":23,"m_lekaren":25,"m_obchod":4,"m_zastavka":3,"m_park":7,"sc":3,"idx":34}},{"type":"Feature","geometry":{"type":"Polygon","coordinates":[[[17.15632,48.139613],[17.154502,48.141713],[17.150867,48.141713],[17.149049,48.139613],[17.150867,48.137512],[17.154502,48.137512],[17.15632,48.139613]]]},"properties":{"m_skola":21,"m_skolka":12,"m_lekar":17,"m_lekaren":18,"m_obchod":5,"m_zastavka":2,"m_park":4,"sc":4,"idx":43}},{"type":"Feature","geometry":{"type":"Polygon","coordinates":[[[17.15632,48.143814],[17.154502,48.145914],[17.150867,48.145914],[17.149049,48.143814],[17.150867,48.141713],[17.154502,48.141713],[17.15632,48.143814]]]},"properties":{"m_skola":15,"m_skolka":9,"m_lekar":11,"m_lekaren":14,"m_obchod":9,"m_zastavka":2,"m_park":6,"sc":6,"idx":52}},{"type":"Feature","geometry":{"type":"Polygon","coordinates":[[[17.15632,48.148015],[17.154502,48.150115],[17.150867,48.150115],[17.149049,48.148015],[17.150867,48.145914],[17.154502,48.145914],[17.15632,48.148015]]]},"properties":{"m_skola":7,"m_skolka":6,"m_lekar":4,"m_lekaren":9,"m_obchod":3,"m_zastavka":2,"m_park":3,"sc":7,"idx":75}},{"type":"Feature","geometry":{"type":"Polygon","coordinates":[[[17.15632,48.164819],[17.154502,48.166919],[17.150867,48.166919],[17.149049,48.164819],[17.150867,48.162718],[17.154502,48.162718],[17.15632,48.164819]]]},"properties":{"m_skola":6,"m_skolka":2,"m_lekar":9,"m_lekaren":5,"m_obchod":1,"m_zastavka":2,"m_park":0,"sc":7,"idx":82}},{"type":"Feature","geometry":{"type":"Polygon","coordinates":[[[17.15632,48.16902],[17.154502,48.17112],[17.150867,48.17112],[17.149049,48.16902],[17.150867,48.166919],[17.154502,48.166919],[17.15632,48.16902]]]},"properties":{"m_skola":12,"m_skolka":9,"m_lekar":4,"m_lekaren":4,"m_obchod":3,"m_zastavka":6,"m_park":3,"sc":7,"idx":70}},{"type":"Feature","geometry":{"type":"Polygon","coordinates":[[[17.15632,48.173221],[17.154502,48.175321],[17.150867,48.175321],[17.149049,48.173221],[17.150867,48.17112],[17.154502,48.17112],[17.15632,48.173221]]]},"properties":{"m_skola":9,"m_skolka":8,"m_lekar":8,"m_lekaren":8,"m_obchod":7,"m_zastavka":7,"m_park":8,"sc":6,"idx":59}},{"type":"Feature","geometry":{"type":"Polygon","coordinates":[[[17.15632,48.177422],[17.154502,48.179522],[17.150867,48.179522],[17.149049,48.177422],[17.150867,48.175321],[17.154502,48.175321],[17.15632,48.177422]]]},"properties":{"m_skola":11,"m_skolka":11,"m_lekar":17,"m_lekaren":15,"m_obchod":5,"m_zastavka":3,"m_park":8,"sc":5,"idx":48}},{"type":"Feature","geometry":{"type":"Polygon","coordinates":[[[17.15632,48.181623],[17.154502,48.183723],[17.150867,48.183723],[17.149049,48.181623],[17.150867,48.179522],[17.154502,48.179522],[17.15632,48.181623]]]},"properties":{"m_skola":17,"m_skolka":17,"m_lekar":17,"m_lekaren":17,"m_obchod":5,"m_zastavka":4,"m_park":8,"sc":2,"idx":37}},{"type":"Feature","geometry":{"type":"Polygon","coordinates":[[[17.15632,48.206829],[17.154502,48.208929],[17.150867,48.208929],[17.149049,48.206829],[17.150867,48.204728],[17.154502,48.204728],[17.15632,48.206829]]]},"properties":{"m_skola":8,"m_skolka":7,"m_lekar":22,"m_lekaren":8,"m_obchod":5,"m_zastavka":3,"m_park":4,"sc":6,"idx":61}},{"type":"Feature","geometry":{"type":"Polygon","coordinates":[[[17.15632,48.21103],[17.154502,48.21313],[17.150867,48.21313],[17.149049,48.21103],[17.150867,48.208929],[17.154502,48.208929],[17.15632,48.21103]]]},"properties":{"m_skola":3,"m_skolka":3,"m_lekar":28,"m_lekaren":1,"m_obchod":1,"m_zastavka":1,"m_park":1,"sc":6,"idx":78}},{"type":"Feature","geometry":{"type":"Polygon","coordinates":[[[17.161773,48.116507],[17.159955,48.118608],[17.15632,48.118608],[17.154502,48.116507],[17.15632,48.114407],[17.159955,48.114407],[17.161773,48.116507]]]},"properties":{"m_skola":30,"m_skolka":30,"m_lekar":28,"m_lekaren":29,"m_obchod":29,"m_zastavka":6,"m_park":24,"sc":1,"idx":10}},{"type":"Feature","geometry":{"type":"Polygon","coordinates":[[[17.161773,48.133311],[17.159955,48.135412],[17.15632,48.135412],[17.154502,48.133311],[17.15632,48.131211],[17.159955,48.131211],[17.161773,48.133311]]]},"properties":{"m_skola":25,"m_skolka":19,"m_lekar":22,"m_lekaren":22,"m_obchod":6,"m_zastavka":5,"m_park":7,"sc":3,"idx":30}},{"type":"Feature","geometry":{"type":"Polygon","coordinates":[[[17.161773,48.137512],[17.159955,48.139613],[17.15632,48.139613],[17.154502,48.137512],[17.15632,48.135412],[17.159955,48.135412],[17.161773,48.137512]]]},"properties":{"m_skola":21,"m_skolka":12,"m_lekar":17,"m_lekaren":19,"m_obchod":3,"m_zastavka":3,"m_park":3,"sc":4,"idx":44}},{"type":"Feature","geometry":{"type":"Polygon","coordinates":[[[17.161773,48.141713],[17.159955,48.143814],[17.15632,48.143814],[17.154502,48.141713],[17.15632,48.139613],[17.159955,48.139613],[17.161773,48.141713]]]},"properties":{"m_skola":14,"m_skolka":5,"m_lekar":10,"m_lekaren":12,"m_obchod":4,"m_zastavka":5,"m_park":4,"sc":6,"idx":61}},{"type":"Feature","geometry":{"type":"Polygon","coordinates":[[[17.161773,48.145914],[17.159955,48.148015],[17.15632,48.148015],[17.154502,48.145914],[17.15632,48.143814],[17.159955,48.143814],[17.161773,48.145914]]]},"properties":{"m_skola":8,"m_skolka":5,"m_lekar":6,"m_lekaren":6,"m_obchod":3,"m_zastavka":2,"m_park":1,"sc":7,"idx":78}},{"type":"Feature","geometry":{"type":"Polygon","coordinates":[[[17.161773,48.150115],[17.159955,48.152216],[17.15632,48.152216],[17.154502,48.150115],[17.15632,48.148015],[17.159955,48.148015],[17.161773,48.150115]]]},"properties":{"m_skola":5,"m_skolka":6,"m_lekar":2,"m_lekaren":4,"m_obchod":2,"m_zastavka":1,"m_park":1,"sc":7,"idx":85}},{"type":"Feature","geometry":{"type":"Polygon","coordinates":[[[17.161773,48.162718],[17.159955,48.164819],[17.15632,48.164819],[17.154502,48.162718],[17.15632,48.160618],[17.159955,48.160618],[17.161773,48.162718]]]},"properties":{"m_skola":4,"m_skolka":6,"m_lekar":8,"m_lekaren":3,"m_obchod":3,"m_zastavka":1,"m_park":1,"sc":7,"idx":81}},{"type":"Feature","geometry":{"type":"Polygon","coordinates":[[[17.161773,48.166919],[17.159955,48.16902],[17.15632,48.16902],[17.154502,48.166919],[17.15632,48.164819],[17.159955,48.164819],[17.161773,48.166919]]]},"properties":{"m_skola":9,"m_skolka":2,"m_lekar":6,"m_lekaren":6,"m_obchod":3,"m_zastavka":4,"m_park":5,"sc":7,"idx":75}},{"type":"Feature","geometry":{"type":"Polygon","coordinates":[[[17.161773,48.17112],[17.159955,48.173221],[17.15632,48.173221],[17.154502,48.17112],[17.15632,48.16902],[17.159955,48.16902],[17.161773,48.17112]]]},"properties":{"m_skola":5,"m_skolka":4,"m_lekar":6,"m_lekaren":7,"m_obchod":5,"m_zastavka":2,"m_park":4,"sc":7,"idx":77}},{"type":"Feature","geometry":{"type":"Polygon","coordinates":[[[17.161773,48.175321],[17.159955,48.177422],[17.15632,48.177422],[17.154502,48.175321],[17.15632,48.173221],[17.159955,48.173221],[17.161773,48.175321]]]},"properties":{"m_skola":4,"m_skolka":4,"m_lekar":12,"m_lekaren":13,"m_obchod":2,"m_zastavka":7,"m_park":1,"sc":5,"idx":68}},{"type":"Feature","geometry":{"type":"Polygon","coordinates":[[[17.161773,48.179522],[17.159955,48.181623],[17.15632,48.181623],[17.154502,48.179522],[17.15632,48.177422],[17.159955,48.177422],[17.161773,48.179522]]]},"properties":{"m_skola":11,"m_skolka":12,"m_lekar":19,"m_lekaren":20,"m_obchod":3,"m_zastavka":4,"m_park":1,"sc":5,"idx":50}},{"type":"Feature","geometry":{"type":"Polygon","coordinates":[[[17.161773,48.183723],[17.159955,48.185824],[17.15632,48.185824],[17.154502,48.183723],[17.15632,48.181623],[17.159955,48.181623],[17.161773,48.183723]]]},"properties":{"m_skola":19,"m_skolka":19,"m_lekar":30,"m_lekaren":29,"m_obchod":5,"m_zastavka":4,"m_park":8,"sc":3,"idx":31}},{"type":"Feature","geometry":{"type":"Polygon","coordinates":[[[17.161773,48.187924],[17.159955,48.190025],[17.15632,48.190025],[17.154502,48.187924],[17.15632,48.185824],[17.159955,48.185824],[17.161773,48.187924]]]},"properties":{"m_skola":27,"m_skolka":26,"m_lekar":24,"m_lekaren":24,"m_obchod":9,"m_zastavka":2,"m_park":1,"sc":3,"idx":34}},{"type":"Feature","geometry":{"type":"Polygon","coordinates":[[[17.161773,48.21313],[17.159955,48.215231],[17.15632,48.215231],[17.154502,48.21313],[17.15632,48.21103],[17.159955,48.21103],[17.161773,48.21313]]]},"properties":{"m_skola":6,"m_skolka":2,"m_lekar":30,"m_lekaren":1,"m_obchod":1,"m_zastavka":2,"m_park":1,"sc":6,"idx":77}},{"type":"Feature","geometry":{"type":"Polygon","coordinates":[[[17.167226,48.114407],[17.165408,48.116507],[17.161773,48.116507],[17.159955,48.114407],[17.161773,48.112306],[17.165408,48.112306],[17.167226,48.114407]]]},"properties":{"m_skola":30,"m_skolka":30,"m_lekar":28,"m_lekaren":28,"m_obchod":29,"m_zastavka":4,"m_park":26,"sc":1,"idx":11}},{"type":"Feature","geometry":{"type":"Polygon","coordinates":[[[17.167226,48.118608],[17.165408,48.120708],[17.161773,48.120708],[17.159955,48.118608],[17.161773,48.116507],[17.165408,48.116507],[17.167226,48.118608]]]},"properties":{"m_skola":26,"m_skolka":30,"m_lekar":21,"m_lekaren":21,"m_obchod":22,"m_zastavka":2,"m_park":19,"sc":1,"idx":13}},{"type":"Feature","geometry":{"type":"Polygon","coordinates":[[[17.167226,48.131211],[17.165408,48.133311],[17.161773,48.133311],[17.159955,48.131211],[17.161773,48.12911],[17.165408,48.12911],[17.167226,48.131211]]]},"properties":{"m_skola":19,"m_skolka":19,"m_lekar":14,"m_lekaren":14,"m_obchod":13,"m_zastavka":5,"m_park":7,"sc":3,"idx":34}},{"type":"Feature","geometry":{"type":"Polygon","coordinates":[[[17.167226,48.143814],[17.165408,48.145914],[17.161773,48.145914],[17.159955,48.143814],[17.161773,48.141713],[17.165408,48.141713],[17.167226,48.143814]]]},"properties":{"m_skola":8,"m_skolka":4,"m_lekar":4,"m_lekaren":7,"m_obchod":4,"m_zastavka":5,"m_park":2,"sc":7,"idx":73}},{"type":"Feature","geometry":{"type":"Polygon","coordinates":[[[17.167226,48.152216],[17.165408,48.154316],[17.161773,48.154316],[17.159955,48.152216],[17.161773,48.150115],[17.165408,48.150115],[17.167226,48.152216]]]},"properties":{"m_skola":3,"m_skolka":2,"m_lekar":4,"m_lekaren":3,"m_obchod":2,"m_zastavka":1,"m_park":1,"sc":7,"idx":89}},{"type":"Feature","geometry":{"type":"Polygon","coordinates":[[[17.167226,48.156417],[17.165408,48.158517],[17.161773,48.158517],[17.159955,48.156417],[17.161773,48.154316],[17.165408,48.154316],[17.167226,48.156417]]]},"properties":{"m_skola":5,"m_skolka":5,"m_lekar":1,"m_lekaren":1,"m_obchod":5,"m_zastavka":1,"m_park":2,"sc":7,"idx":86}},{"type":"Feature","geometry":{"type":"Polygon","coordinates":[[[17.167226,48.16902],[17.165408,48.17112],[17.161773,48.17112],[17.159955,48.16902],[17.161773,48.166919],[17.165408,48.166919],[17.167226,48.16902]]]},"properties":{"m_skola":8,"m_skolka":3,"m_lekar":2,"m_lekaren":2,"m_obchod":2,"m_zastavka":3,"m_park":2,"sc":7,"idx":85}},{"type":"Feature","geometry":{"type":"Polygon","coordinates":[[[17.167226,48.173221],[17.165408,48.175321],[17.161773,48.175321],[17.159955,48.173221],[17.161773,48.17112],[17.165408,48.17112],[17.167226,48.173221]]]},"properties":{"m_skola":4,"m_skolka":4,"m_lekar":6,"m_lekaren":8,"m_obchod":4,"m_zastavka":2,"m_park":1,"sc":7,"idx":78}},{"type":"Feature","geometry":{"type":"Polygon","coordinates":[[[17.167226,48.177422],[17.165408,48.179522],[17.161773,48.179522],[17.159955,48.177422],[17.161773,48.175321],[17.165408,48.175321],[17.167226,48.177422]]]},"properties":{"m_skola":8,"m_skolka":6,"m_lekar":13,"m_lekaren":16,"m_obchod":7,"m_zastavka":4,"m_park":6,"sc":6,"idx":56}},{"type":"Feature","geometry":{"type":"Polygon","coordinates":[[[17.167226,48.181623],[17.165408,48.183723],[17.161773,48.183723],[17.159955,48.181623],[17.161773,48.179522],[17.165408,48.179522],[17.167226,48.181623]]]},"properties":{"m_skola":15,"m_skolka":13,"m_lekar":21,"m_lekaren":18,"m_obchod":5,"m_zastavka":1,"m_park":1,"sc":5,"idx":47}},{"type":"Feature","geometry":{"type":"Polygon","coordinates":[[[17.167226,48.185824],[17.165408,48.187924],[17.161773,48.187924],[17.159955,48.185824],[17.161773,48.183723],[17.165408,48.183723],[17.167226,48.185824]]]},"properties":{"m_skola":23,"m_skolka":19,"m_lekar":30,"m_lekaren":16,"m_obchod":3,"m_zastavka":2,"m_park":7,"sc":3,"idx":37}},{"type":"Feature","geometry":{"type":"Polygon","coordinates":[[[17.167226,48.190025],[17.165408,48.192125],[17.161773,48.192125],[17.159955,48.190025],[17.161773,48.187924],[17.165408,48.187924],[17.167226,48.190025]]]},"properties":{"m_skola":26,"m_skolka":20,"m_lekar":29,"m_lekaren":18,"m_obchod":6,"m_zastavka":1,"m_park":8,"sc":3,"idx":33}},{"type":"Feature","geometry":{"type":"Polygon","coordinates":[[[17.167226,48.202628],[17.165408,48.204728],[17.161773,48.204728],[17.159955,48.202628],[17.161773,48.200527],[17.165408,48.200527],[17.167226,48.202628]]]},"properties":{"m_skola":17,"m_skolka":5,"m_lekar":29,"m_lekaren":11,"m_obchod":3,"m_zastavka":1,"m_park":3,"sc":5,"idx":56}},{"type":"Feature","geometry":{"type":"Polygon","coordinates":[[[17.167226,48.21103],[17.165408,48.21313],[17.161773,48.21313],[17.159955,48.21103],[17.161773,48.208929],[17.165408,48.208929],[17.167226,48.21103]]]},"properties":{"m_skola":8,"m_skolka":7,"m_lekar":30,"m_lekaren":3,"m_obchod":2,"m_zastavka":2,"m_park":5,"sc":6,"idx":66}},{"type":"Feature","geometry":{"type":"Polygon","coordinates":[[[17.167226,48.215231],[17.165408,48.217331],[17.161773,48.217331],[17.159955,48.215231],[17.161773,48.21313],[17.165408,48.21313],[17.167226,48.215231]]]},"properties":{"m_skola":2,"m_skolka":6,"m_lekar":30,"m_lekaren":6,"m_obchod":3,"m_zastavka":1,"m_park":6,"sc":6,"idx":69}},{"type":"Feature","geometry":{"type":"Polygon","coordinates":[[[17.172679,48.150115],[17.170861,48.152216],[17.167226,48.152216],[17.165408,48.150115],[17.167226,48.148015],[17.170861,48.148015],[17.172679,48.150115]]]},"properties":{"m_skola":4,"m_skolka":2,"m_lekar":2,"m_lekaren":2,"m_obchod":2,"m_zastavka":1,"m_park":2,"sc":7,"idx":89}},{"type":"Feature","geometry":{"type":"Polygon","coordinates":[[[17.172679,48.154316],[17.170861,48.156417],[17.167226,48.156417],[17.165408,48.154316],[17.167226,48.152216],[17.170861,48.152216],[17.172679,48.154316]]]},"properties":{"m_skola":1,"m_skolka":4,"m_lekar":3,"m_lekaren":3,"m_obchod":3,"m_zastavka":6,"m_park":1,"sc":7,"idx":85}},{"type":"Feature","geometry":{"type":"Polygon","coordinates":[[[17.172679,48.158517],[17.170861,48.160618],[17.167226,48.160618],[17.165408,48.158517],[17.167226,48.156417],[17.170861,48.156417],[17.172679,48.158517]]]},"properties":{"m_skola":4,"m_skolka":3,"m_lekar":5,"m_lekaren":7,"m_obchod":2,"m_zastavka":1,"m_park":2,"sc":7,"idx":83}},{"type":"Feature","geometry":{"type":"Polygon","coordinates":[[[17.172679,48.17112],[17.170861,48.173221],[17.167226,48.173221],[17.165408,48.17112],[17.167226,48.16902],[17.170861,48.16902],[17.172679,48.17112]]]},"properties":{"m_skola":0,"m_skolka":3,"m_lekar":6,"m_lekaren":6,"m_obchod":6,"m_zastavka":1,"m_park":1,"sc":7,"idx":84}},{"type":"Feature","geometry":{"type":"Polygon","coordinates":[[[17.172679,48.175321],[17.170861,48.177422],[17.167226,48.177422],[17.165408,48.175321],[17.167226,48.173221],[17.170861,48.173221],[17.172679,48.175321]]]},"properties":{"m_skola":8,"m_skolka":2,"m_lekar":11,"m_lekaren":11,"m_obchod":3,"m_zastavka":3,"m_park":1,"sc":7,"idx":71}},{"type":"Feature","geometry":{"type":"Polygon","coordinates":[[[17.172679,48.179522],[17.170861,48.181623],[17.167226,48.181623],[17.165408,48.179522],[17.167226,48.177422],[17.170861,48.177422],[17.172679,48.179522]]]},"properties":{"m_skola":15,"m_skolka":6,"m_lekar":18,"m_lekaren":15,"m_obchod":4,"m_zastavka":3,"m_park":7,"sc":5,"idx":50}},{"type":"Feature","geometry":{"type":"Polygon","coordinates":[[[17.172679,48.183723],[17.170861,48.185824],[17.167226,48.185824],[17.165408,48.183723],[17.167226,48.181623],[17.170861,48.181623],[17.172679,48.183723]]]},"properties":{"m_skola":21,"m_skolka":12,"m_lekar":25,"m_lekaren":10,"m_obchod":3,"m_zastavka":2,"m_park":7,"sc":5,"idx":46}},{"type":"Feature","geometry":{"type":"Polygon","coordinates":[[[17.172679,48.187924],[17.170861,48.190025],[17.167226,48.190025],[17.165408,48.187924],[17.167226,48.185824],[17.170861,48.185824],[17.172679,48.187924]]]},"properties":{"m_skola":28,"m_skolka":20,"m_lekar":30,"m_lekaren":10,"m_obchod":1,"m_zastavka":2,"m_park":12,"sc":3,"idx":39}},{"type":"Feature","geometry":{"type":"Polygon","coordinates":[[[17.172679,48.192125],[17.170861,48.194226],[17.167226,48.194226],[17.165408,48.192125],[17.167226,48.190025],[17.170861,48.190025],[17.172679,48.192125]]]},"properties":{"m_skola":28,"m_skolka":19,"m_lekar":30,"m_lekaren":12,"m_obchod":7,"m_zastavka":2,"m_park":11,"sc":2,"idx":34}},{"type":"Feature","geometry":{"type":"Polygon","coordinates":[[[17.178132,48.164819],[17.176314,48.166919],[17.172679,48.166919],[17.170861,48.164819],[17.172679,48.162718],[17.176314,48.162718],[17.178132,48.164819]]]},"properties":{"m_skola":6,"m_skolka":5,"m_lekar":4,"m_lekaren":3,"m_obchod":3,"m_zastavka":3,"m_park":4,"sc":7,"idx":80}},{"type":"Feature","geometry":{"type":"Polygon","coordinates":[[[17.178132,48.16902],[17.176314,48.17112],[17.172679,48.17112],[17.170861,48.16902],[17.172679,48.166919],[17.176314,48.166919],[17.178132,48.16902]]]},"properties":{"m_skola":1,"m_skolka":6,"m_lekar":2,"m_lekaren":2,"m_obchod":1,"m_zastavka":2,"m_park":1,"sc":7,"idx":89}},{"type":"Feature","geometry":{"type":"Polygon","coordinates":[[[17.178132,48.173221],[17.176314,48.175321],[17.172679,48.175321],[17.170861,48.173221],[17.172679,48.17112],[17.176314,48.17112],[17.178132,48.173221]]]},"properties":{"m_skola":7,"m_skolka":7,"m_lekar":6,"m_lekaren":6,"m_obchod":7,"m_zastavka":4,"m_park":4,"sc":7,"idx":70}},{"type":"Feature","geometry":{"type":"Polygon","coordinates":[[[17.178132,48.177422],[17.176314,48.179522],[17.172679,48.179522],[17.170861,48.177422],[17.172679,48.175321],[17.176314,48.175321],[17.178132,48.177422]]]},"properties":{"m_skola":13,"m_skolka":1,"m_lekar":14,"m_lekaren":11,"m_obchod":8,"m_zastavka":8,"m_park":1,"sc":6,"idx":59}},{"type":"Feature","geometry":{"type":"Polygon","coordinates":[[[17.178132,48.181623],[17.176314,48.183723],[17.172679,48.183723],[17.170861,48.181623],[17.172679,48.179522],[17.176314,48.179522],[17.178132,48.181623]]]},"properties":{"m_skola":20,"m_skolka":8,"m_lekar":21,"m_lekaren":8,"m_obchod":4,"m_zastavka":4,"m_park":2,"sc":5,"idx":52}},{"type":"Feature","geometry":{"type":"Polygon","coordinates":[[[17.178132,48.185824],[17.176314,48.187924],[17.172679,48.187924],[17.170861,48.185824],[17.172679,48.183723],[17.176314,48.183723],[17.178132,48.185824]]]},"properties":{"m_skola":28,"m_skolka":16,"m_lekar":29,"m_lekaren":3,"m_obchod":4,"m_zastavka":2,"m_park":4,"sc":4,"idx":51}},{"type":"Feature","geometry":{"type":"Polygon","coordinates":[[[17.178132,48.190025],[17.176314,48.192125],[17.172679,48.192125],[17.170861,48.190025],[17.172679,48.187924],[17.176314,48.187924],[17.178132,48.190025]]]},"properties":{"m_skola":30,"m_skolka":26,"m_lekar":30,"m_lekaren":7,"m_obchod":8,"m_zastavka":4,"m_park":11,"sc":3,"idx":35}},{"type":"Feature","geometry":{"type":"Polygon","coordinates":[[[17.178132,48.198427],[17.176314,48.200527],[17.172679,48.200527],[17.170861,48.198427],[17.172679,48.196326],[17.176314,48.196326],[17.178132,48.198427]]]},"properties":{"m_skola":24,"m_skolka":18,"m_lekar":30,"m_lekaren":5,"m_obchod":7,"m_zastavka":3,"m_park":2,"sc":4,"idx":47}},{"type":"Feature","geometry":{"type":"Polygon","coordinates":[[[17.183585,48.154316],[17.181767,48.156417],[17.178132,48.156417],[17.176314,48.154316],[17.178132,48.152216],[17.181767,48.152216],[17.183585,48.154316]]]},"properties":{"m_skola":5,"m_skolka":4,"m_lekar":10,"m_lekaren":9,"m_obchod":9,"m_zastavka":8,"m_park":5,"sc":6,"idx":63}},{"type":"Feature","geometry":{"type":"Polygon","coordinates":[[[17.183585,48.158517],[17.181767,48.160618],[17.178132,48.160618],[17.176314,48.158517],[17.178132,48.156417],[17.181767,48.156417],[17.183585,48.158517]]]},"properties":{"m_skola":8,"m_skolka":12,"m_lekar":8,"m_lekaren":7,"m_obchod":2,"m_zastavka":2,"m_park":4,"sc":7,"idx":68}},{"type":"Feature","geometry":{"type":"Polygon","coordinates":[[[17.183585,48.162718],[17.181767,48.164819],[17.178132,48.164819],[17.176314,48.162718],[17.178132,48.160618],[17.181767,48.160618],[17.183585,48.162718]]]},"properties":{"m_skola":11,"m_skolka":12,"m_lekar":2,"m_lekaren":3,"m_obchod":4,"m_zastavka":1,"m_park":5,"sc":7,"idx":71}},{"type":"Feature","geometry":{"type":"Polygon","coordinates":[[[17.183585,48.166919],[17.181767,48.16902],[17.178132,48.16902],[17.176314,48.166919],[17.178132,48.164819],[17.181767,48.164819],[17.183585,48.166919]]]},"properties":{"m_skola":5,"m_skolka":11,"m_lekar":5,"m_lekaren":1,"m_obchod":3,"m_zastavka":1,"m_park":1,"sc":7,"idx":79}},{"type":"Feature","geometry":{"type":"Polygon","coordinates":[[[17.183585,48.17112],[17.181767,48.173221],[17.178132,48.173221],[17.176314,48.17112],[17.178132,48.16902],[17.181767,48.16902],[17.183585,48.17112]]]},"properties":{"m_skola":7,"m_skolka":12,"m_lekar":7,"m_lekaren":6,"m_obchod":6,"m_zastavka":4,"m_park":6,"sc":7,"idx":64}},{"type":"Feature","geometry":{"type":"Polygon","coordinates":[[[17.183585,48.179522],[17.181767,48.181623],[17.178132,48.181623],[17.176314,48.179522],[17.178132,48.177422],[17.181767,48.177422],[17.183585,48.179522]]]},"properties":{"m_skola":19,"m_skolka":9,"m_lekar":19,"m_lekaren":10,"m_obchod":7,"m_zastavka":2,"m_park":6,"sc":5,"idx":48}},{"type":"Feature","geometry":{"type":"Polygon","coordinates":[[[17.183585,48.183723],[17.181767,48.185824],[17.178132,48.185824],[17.176314,48.183723],[17.178132,48.181623],[17.181767,48.181623],[17.183585,48.183723]]]},"properties":{"m_skola":26,"m_skolka":14,"m_lekar":26,"m_lekaren":5,"m_obchod":2,"m_zastavka":3,"m_park":2,"sc":4,"idx":52}},{"type":"Feature","geometry":{"type":"Polygon","coordinates":[[[17.183585,48.187924],[17.181767,48.190025],[17.178132,48.190025],[17.176314,48.187924],[17.178132,48.185824],[17.181767,48.185824],[17.183585,48.187924]]]},"properties":{"m_skola":30,"m_skolka":21,"m_lekar":30,"m_lekaren":2,"m_obchod":1,"m_zastavka":3,"m_park":4,"sc":4,"idx":50}},{"type":"Feature","geometry":{"type":"Polygon","coordinates":[[[17.183585,48.192125],[17.181767,48.194226],[17.178132,48.194226],[17.176314,48.192125],[17.178132,48.190025],[17.181767,48.190025],[17.183585,48.192125]]]},"properties":{"m_skola":30,"m_skolka":29,"m_lekar":30,"m_lekaren":9,"m_obchod":5,"m_zastavka":3,"m_park":11,"sc":3,"idx":36}},{"type":"Feature","geometry":{"type":"Polygon","coordinates":[[[17.189038,48.12701],[17.18722,48.12911],[17.183585,48.12911],[17.181767,48.12701],[17.183585,48.124909],[17.18722,48.124909],[17.189038,48.12701]]]},"properties":{"m_skola":7,"m_skolka":21,"m_lekar":13,"m_lekaren":12,"m_obchod":9,"m_zastavka":5,"m_park":11,"sc":4,"idx":44}},{"type":"Feature","geometry":{"type":"Polygon","coordinates":[[[17.189038,48.131211],[17.18722,48.133311],[17.183585,48.133311],[17.181767,48.131211],[17.183585,48.12911],[17.18722,48.12911],[17.189038,48.131211]]]},"properties":{"m_skola":8,"m_skolka":12,"m_lekar":15,"m_lekaren":8,"m_obchod":6,"m_zastavka":3,"m_park":8,"sc":7,"idx":56}},{"type":"Feature","geometry":{"type":"Polygon","coordinates":[[[17.189038,48.160618],[17.18722,48.162718],[17.183585,48.162718],[17.181767,48.160618],[17.183585,48.158517],[17.18722,48.158517],[17.189038,48.160618]]]},"properties":{"m_skola":16,"m_skolka":17,"m_lekar":9,"m_lekaren":10,"m_obchod":7,"m_zastavka":5,"m_park":6,"sc":6,"idx":48}},{"type":"Feature","geometry":{"type":"Polygon","coordinates":[[[17.189038,48.164819],[17.18722,48.166919],[17.183585,48.166919],[17.181767,48.164819],[17.183585,48.162718],[17.18722,48.162718],[17.189038,48.164819]]]},"properties":{"m_skola":13,"m_skolka":12,"m_lekar":7,"m_lekaren":5,"m_obchod":5,"m_zastavka":4,"m_park":5,"sc":7,"idx":63}},{"type":"Feature","geometry":{"type":"Polygon","coordinates":[[[17.189038,48.16902],[17.18722,48.17112],[17.183585,48.17112],[17.181767,48.16902],[17.183585,48.166919],[17.18722,48.166919],[17.189038,48.16902]]]},"properties":{"m_skola":12,"m_skolka":7,"m_lekar":12,"m_lekaren":7,"m_obchod":9,"m_zastavka":4,"m_park":6,"sc":7,"idx":59}},{"type":"Feature","geometry":{"type":"Polygon","coordinates":[[[17.189038,48.185824],[17.18722,48.187924],[17.183585,48.187924],[17.181767,48.185824],[17.183585,48.183723],[17.18722,48.183723],[17.189038,48.185824]]]},"properties":{"m_skola":30,"m_skolka":21,"m_lekar":30,"m_lekaren":7,"m_obchod":7,"m_zastavka":6,"m_park":0,"sc":4,"idx":42}},{"type":"Feature","geometry":{"type":"Polygon","coordinates":[[[17.189038,48.190025],[17.18722,48.192125],[17.183585,48.192125],[17.181767,48.190025],[17.183585,48.187924],[17.18722,48.187924],[17.189038,48.190025]]]},"properties":{"m_skola":30,"m_skolka":27,"m_lekar":30,"m_lekaren":9,"m_obchod":3,"m_zastavka":2,"m_park":5,"sc":4,"idx":43}},{"type":"Feature","geometry":{"type":"Polygon","coordinates":[[[17.189038,48.194226],[17.18722,48.196326],[17.183585,48.196326],[17.181767,48.194226],[17.183585,48.192125],[17.18722,48.192125],[17.189038,48.194226]]]},"properties":{"m_skola":30,"m_skolka":30,"m_lekar":30,"m_lekaren":15,"m_obchod":8,"m_zastavka":5,"m_park":12,"sc":2,"idx":28}},{"type":"Feature","geometry":{"type":"Polygon","coordinates":[[[17.194491,48.12911],[17.192673,48.131211],[17.189038,48.131211],[17.18722,48.12911],[17.189038,48.12701],[17.192673,48.12701],[17.194491,48.12911]]]},"properties":{"m_skola":13,"m_skolka":13,"m_lekar":8,"m_lekaren":4,"m_obchod":4,"m_zastavka":3,"m_park":7,"sc":7,"idx":61}},{"type":"Feature","geometry":{"type":"Polygon","coordinates":[[[17.194491,48.133311],[17.192673,48.135412],[17.189038,48.135412],[17.18722,48.133311],[17.189038,48.131211],[17.192673,48.131211],[17.194491,48.133311]]]},"properties":{"m_skola":14,"m_skolka":7,"m_lekar":8,"m_lekaren":4,"m_obchod":4,"m_zastavka":5,"m_park":1,"sc":7,"idx":68}},{"type":"Feature","geometry":{"type":"Polygon","coordinates":[[[17.194491,48.137512],[17.192673,48.139613],[17.189038,48.139613],[17.18722,48.137512],[17.189038,48.135412],[17.192673,48.135412],[17.194491,48.137512]]]},"properties":{"m_skola":18,"m_skolka":1,"m_lekar":14,"m_lekaren":11,"m_obchod":4,"m_zastavka":6,"m_park":6,"sc":6,"idx":57}},{"type":"Feature","geometry":{"type":"Polygon","coordinates":[[[17.194491,48.141713],[17.192673,48.143814],[17.189038,48.143814],[17.18722,48.141713],[17.189038,48.139613],[17.192673,48.139613],[17.194491,48.141713]]]},"properties":{"m_skola":23,"m_skolka":8,"m_lekar":20,"m_lekaren":19,"m_obchod":7,"m_zastavka":1,"m_park":2,"sc":4,"idx":44}},{"type":"Feature","geometry":{"type":"Polygon","coordinates":[[[17.194491,48.158517],[17.192673,48.160618],[17.189038,48.160618],[17.18722,48.158517],[17.189038,48.156417],[17.192673,48.156417],[17.194491,48.158517]]]},"properties":{"m_skola":20,"m_skolka":19,"m_lekar":17,"m_lekaren":17,"m_obchod":16,"m_zastavka":2,"m_park":6,"sc":2,"idx":29}},{"type":"Feature","geometry":{"type":"Polygon","coordinates":[[[17.194491,48.162718],[17.192673,48.164819],[17.189038,48.164819],[17.18722,48.162718],[17.189038,48.160618],[17.192673,48.160618],[17.194491,48.162718]]]},"properties":{"m_skola":20,"m_skolka":14,"m_lekar":14,"m_lekaren":13,"m_obchod":12,"m_zastavka":3,"m_park":2,"sc":3,"idx":44}},{"type":"Feature","geometry":{"type":"Polygon","coordinates":[[[17.194491,48.166919],[17.192673,48.16902],[17.189038,48.16902],[17.18722,48.166919],[17.189038,48.164819],[17.192673,48.164819],[17.194491,48.166919]]]},"properties":{"m_skola":18,"m_skolka":6,"m_lekar":15,"m_lekaren":12,"m_obchod":12,"m_zastavka":4,"m_park":9,"sc":3,"idx":44}},{"type":"Feature","geometry":{"type":"Polygon","coordinates":[[[17.194491,48.17112],[17.192673,48.173221],[17.189038,48.173221],[17.18722,48.17112],[17.189038,48.16902],[17.192673,48.16902],[17.194491,48.17112]]]},"properties":{"m_skola":19,"m_skolka":1,"m_lekar":19,"m_lekaren":11,"m_obchod":5,"m_zastavka":1,"m_park":7,"sc":5,"idx":54}},{"type":"Feature","geometry":{"type":"Polygon","coordinates":[[[17.194491,48.175321],[17.192673,48.177422],[17.189038,48.177422],[17.18722,48.175321],[17.189038,48.173221],[17.192673,48.173221],[17.194491,48.175321]]]},"properties":{"m_skola":22,"m_skolka":9,"m_lekar":22,"m_lekaren":11,"m_obchod":5,"m_zastavka":5,"m_park":1,"sc":5,"idx":49}},{"type":"Feature","geometry":{"type":"Polygon","coordinates":[[[17.194491,48.187924],[17.192673,48.190025],[17.189038,48.190025],[17.18722,48.187924],[17.189038,48.185824],[17.192673,48.185824],[17.194491,48.187924]]]},"properties":{"m_skola":30,"m_skolka":28,"m_lekar":30,"m_lekaren":14,"m_obchod":7,"m_zastavka":6,"m_park":6,"sc":3,"idx":33}},{"type":"Feature","geometry":{"type":"Polygon","coordinates":[[[17.194491,48.192125],[17.192673,48.194226],[17.189038,48.194226],[17.18722,48.192125],[17.189038,48.190025],[17.192673,48.190025],[17.194491,48.192125]]]},"properties":{"m_skola":30,"m_skolka":30,"m_lekar":30,"m_lekaren":15,"m_obchod":9,"m_zastavka":7,"m_park":9,"sc":1,"idx":27}},{"type":"Feature","geometry":{"type":"Polygon","coordinates":[[[17.194491,48.21313],[17.192673,48.215231],[17.189038,48.215231],[17.18722,48.21313],[17.189038,48.21103],[17.192673,48.21103],[17.194491,48.21313]]]},"properties":{"m_skola":15,"m_skolka":30,"m_lekar":30,"m_lekaren":25,"m_obchod":2,"m_zastavka":3,"m_park":13,"sc":3,"idx":33}},{"type":"Feature","geometry":{"type":"Polygon","coordinates":[[[17.199944,48.097603],[17.198126,48.099703],[17.194491,48.099703],[17.192673,48.097603],[17.194491,48.095502],[17.198126,48.095502],[17.199944,48.097603]]]},"properties":{"m_skola":30,"m_skolka":30,"m_lekar":30,"m_lekaren":30,"m_obchod":30,"m_zastavka":8,"m_park":30,"sc":0,"idx":9}},{"type":"Feature","geometry":{"type":"Polygon","coordinates":[[[17.199944,48.101804],[17.198126,48.103904],[17.194491,48.103904],[17.192673,48.101804],[17.194491,48.099703],[17.198126,48.099703],[17.199944,48.101804]]]},"properties":{"m_skola":30,"m_skolka":30,"m_lekar":30,"m_lekaren":30,"m_obchod":30,"m_zastavka":3,"m_park":30,"sc":1,"idx":12}},{"type":"Feature","geometry":{"type":"Polygon","coordinates":[[[17.199944,48.131211],[17.198126,48.133311],[17.194491,48.133311],[17.192673,48.131211],[17.194491,48.12911],[17.198126,48.12911],[17.199944,48.131211]]]},"properties":{"m_skola":21,"m_skolka":5,"m_lekar":1,"m_lekaren":5,"m_obchod":4,"m_zastavka":1,"m_park":1,"sc":6,"idx":73}},{"type":"Feature","geometry":{"type":"Polygon","coordinates":[[[17.199944,48.135412],[17.198126,48.137512],[17.194491,48.137512],[17.192673,48.135412],[17.194491,48.133311],[17.198126,48.133311],[17.199944,48.135412]]]},"properties":{"m_skola":22,"m_skolka":6,"m_lekar":8,"m_lekaren":9,"m_obchod":4,"m_zastavka":3,"m_park":5,"sc":6,"idx":61}},{"type":"Feature","geometry":{"type":"Polygon","coordinates":[[[17.199944,48.139613],[17.198126,48.141713],[17.194491,48.141713],[17.192673,48.139613],[17.194491,48.137512],[17.198126,48.137512],[17.199944,48.139613]]]},"properties":{"m_skola":25,"m_skolka":5,"m_lekar":15,"m_lekaren":16,"m_obchod":2,"m_zastavka":4,"m_park":0,"sc":5,"idx":55}},{"type":"Feature","geometry":{"type":"Polygon","coordinates":[[[17.199944,48.160618],[17.198126,48.162718],[17.194491,48.162718],[17.192673,48.160618],[17.194491,48.158517],[17.198126,48.158517],[17.199944,48.160618]]]},"properties":{"m_skola":27,"m_skolka":19,"m_lekar":21,"m_lekaren":17,"m_obchod":20,"m_zastavka":10,"m_park":8,"sc":1,"idx":18}},{"type":"Feature","geometry":{"type":"Polygon","coordinates":[[[17.199944,48.173221],[17.198126,48.175321],[17.194491,48.175321],[17.192673,48.173221],[17.194491,48.17112],[17.198126,48.17112],[17.199944,48.173221]]]},"properties":{"m_skola":26,"m_skolka":9,"m_lekar":26,"m_lekaren":8,"m_obchod":3,"m_zastavka":2,"m_park":4,"sc":5,"idx":53}},{"type":"Feature","geometry":{"type":"Polygon","coordinates":[[[17.199944,48.177422],[17.198126,48.179522],[17.194491,48.179522],[17.192673,48.177422],[17.194491,48.175321],[17.198126,48.175321],[17.199944,48.177422]]]},"properties":{"m_skola":30,"m_skolka":14,"m_lekar":30,"m_lekaren":15,"m_obchod":8,"m_zastavka":9,"m_park":4,"sc":2,"idx":34}},{"type":"Feature","geometry":{"type":"Polygon","coordinates":[[[17.199944,48.190025],[17.198126,48.192125],[17.194491,48.192125],[17.192673,48.190025],[17.194491,48.187924],[17.198126,48.187924],[17.199944,48.190025]]]},"properties":{"m_skola":30,"m_skolka":30,"m_lekar":30,"m_lekaren":18,"m_obchod":2,"m_zastavka":0,"m_park":4,"sc":3,"idx":40}},{"type":"Feature","geometry":{"type":"Polygon","coordinates":[[[17.199944,48.194226],[17.198126,48.196326],[17.194491,48.196326],[17.192673,48.194226],[17.194491,48.192125],[17.198126,48.192125],[17.199944,48.194226]]]},"properties":{"m_skola":30,"m_skolka":30,"m_lekar":30,"m_lekaren":10,"m_obchod":7,"m_zastavka":3,"m_park":11,"sc":3,"idx":34}},{"type":"Feature","geometry":{"type":"Polygon","coordinates":[[[17.199944,48.198427],[17.198126,48.200527],[17.194491,48.200527],[17.192673,48.198427],[17.194491,48.196326],[17.198126,48.196326],[17.199944,48.198427]]]},"properties":{"m_skola":30,"m_skolka":30,"m_lekar":30,"m_lekaren":2,"m_obchod":2,"m_zastavka":1,"m_park":19,"sc":3,"idx":40}},{"type":"Feature","geometry":{"type":"Polygon","coordinates":[[[17.199944,48.202628],[17.198126,48.204728],[17.194491,48.204728],[17.192673,48.202628],[17.194491,48.200527],[17.198126,48.200527],[17.199944,48.202628]]]},"properties":{"m_skola":29,"m_skolka":30,"m_lekar":30,"m_lekaren":5,"m_obchod":5,"m_zastavka":5,"m_park":10,"sc":3,"idx":38}},{"type":"Feature","geometry":{"type":"Polygon","coordinates":[[[17.199944,48.21103],[17.198126,48.21313],[17.194491,48.21313],[17.192673,48.21103],[17.194491,48.208929],[17.198126,48.208929],[17.199944,48.21103]]]},"properties":{"m_skola":22,"m_skolka":30,"m_lekar":30,"m_lekaren":20,"m_obchod":9,"m_zastavka":4,"m_park":6,"sc":3,"idx":29}},{"type":"Feature","geometry":{"type":"Polygon","coordinates":[[[17.205397,48.099703],[17.203579,48.101804],[17.199944,48.101804],[17.198126,48.099703],[17.199944,48.097603],[17.203579,48.097603],[17.205397,48.099703]]]},"properties":{"m_skola":30,"m_skolka":30,"m_lekar":30,"m_lekaren":30,"m_obchod":30,"m_zastavka":5,"m_park":30,"sc":1,"idx":10}},{"type":"Feature","geometry":{"type":"Polygon","coordinates":[[[17.205397,48.103904],[17.203579,48.106005],[17.199944,48.106005],[17.198126,48.103904],[17.199944,48.101804],[17.203579,48.101804],[17.205397,48.103904]]]},"properties":{"m_skola":30,"m_skolka":30,"m_lekar":30,"m_lekaren":30,"m_obchod":30,"m_zastavka":6,"m_park":30,"sc":1,"idx":10}},{"type":"Feature","geometry":{"type":"Polygon","coordinates":[[[17.205397,48.192125],[17.203579,48.194226],[17.199944,48.194226],[17.198126,48.192125],[17.199944,48.190025],[17.203579,48.190025],[17.205397,48.192125]]]},"properties":{"m_skola":30,"m_skolka":30,"m_lekar":30,"m_lekaren":15,"m_obchod":6,"m_zastavka":6,"m_park":10,"sc":2,"idx":30}}]}