{"type":"FeatureCollection","features":[{"type":"Feature","geometry":{"type":"Polygon","coordinates":[[[17.091545,48.119929],[17.091357,48.119969],[17.08799,48.120687],[17.087893,48.120775],[17.088273,48.121527],[17.088432,48.121861],[17.088554,48.122107],[17.08876,48.122541],[17.08903,48.123078],[17.089342,48.12363],[17.091985,48.123019],[17.092469,48.122908],[17.092536,48.122892],[17.092448,48.122731],[17.092899,48.122591],[17.091658,48.12015],[17.091545,48.119929]]]},"properties":{}},{"type":"Feature","geometry":{"type":"Polygon","coordinates":[[[17.095606,48.121022],[17.095414,48.121092],[17.094998,48.121244],[17.094948,48.121265],[17.094748,48.12139],[17.095168,48.121907],[17.093102,48.122527],[17.093022,48.122523],[17.092703,48.121893],[17.092343,48.121203],[17.091816,48.120168],[17.091648,48.11984],[17.091588,48.119817],[17.090682,48.118706],[17.090557,48.118534],[17.090121,48.117919],[17.089599,48.117329],[17.089337,48.11701],[17.089158,48.11681],[17.089032,48.116754],[17.088804,48.116652],[17.088767,48.116408],[17.090031,48.116068],[17.090768,48.115922],[17.091029,48.115884],[17.091826,48.115759],[17.092204,48.115718],[17.092946,48.115844],[17.09269,48.115885],[17.09252,48.115948],[17.091967,48.116154],[17.09186,48.116246],[17.091862,48.116248],[17.091903,48.116299],[17.091895,48.116302],[17.091945,48.11636],[17.092065,48.116318],[17.092316,48.116633],[17.093941,48.116053],[17.094045,48.116082],[17.094203,48.116178],[17.094472,48.116441],[17.094565,48.116586],[17.094867,48.117174],[17.095369,48.118023],[17.095524,48.118344],[17.096062,48.119124],[17.096106,48.119189],[17.096313,48.119488],[17.097008,48.120343],[17.097332,48.12071],[17.097438,48.12088],[17.097092,48.120984],[17.097017,48.121007],[17.096754,48.120683],[17.096704,48.120621],[17.096571,48.120571],[17.095869,48.119738],[17.095837,48.119698],[17.095893,48.119678],[17.095832,48.119592],[17.095809,48.11956],[17.095747,48.119581],[17.095741,48.119575],[17.095699,48.119588],[17.095383,48.119192],[17.095108,48.118861],[17.09414,48.119219],[17.094389,48.119527],[17.094523,48.119694],[17.095559,48.120978],[17.095606,48.121022]]]},"properties":{}},{"type":"Feature","geometry":{"type":"Polygon","coordinates":[[[17.084429,48.119889],[17.084765,48.119814],[17.087013,48.119315],[17.08663,48.118556],[17.086524,48.118346],[17.086298,48.117917],[17.086133,48.117885],[17.084797,48.118112],[17.084631,48.118133],[17.083905,48.118258],[17.08413,48.119084],[17.084429,48.119889]]]},"properties":{}},{"type":"Feature","geometry":{"type":"Polygon","coordinates":[[[17.085126,48.115752],[17.085177,48.115722],[17.085226,48.11569],[17.087274,48.114419],[17.08729,48.114411],[17.087301,48.114404],[17.087267,48.114361],[17.087476,48.114289],[17.087386,48.114173],[17.088253,48.113873],[17.088343,48.113989],[17.088408,48.113962],[17.088474,48.113941],[17.089548,48.115327],[17.08956,48.115407],[17.089425,48.115684],[17.089253,48.115753],[17.088566,48.115994],[17.088537,48.116005],[17.088566,48.116036],[17.08732,48.11643],[17.087302,48.116408],[17.087244,48.116412],[17.086982,48.11649],[17.086751,48.116553],[17.085754,48.116823],[17.085582,48.116559],[17.085511,48.116431],[17.085245,48.115965],[17.085126,48.115752]]]},"properties":{}},{"type":"Feature","geometry":{"type":"Polygon","coordinates":[[[17.08862,48.110138],[17.088619,48.109983],[17.088402,48.109927],[17.088182,48.109682],[17.088095,48.109585],[17.08775,48.1092],[17.087803,48.109179],[17.088171,48.109041],[17.088531,48.108904],[17.08828,48.108601],[17.088186,48.108489],[17.088173,48.108474],[17.088127,48.10842],[17.088073,48.108352],[17.087769,48.108461],[17.087211,48.108671],[17.087155,48.10872],[17.086747,48.109075],[17.086683,48.109135],[17.086579,48.109242],[17.086483,48.109333],[17.085859,48.109924],[17.085604,48.110176],[17.084591,48.111261],[17.08441,48.111498],[17.084676,48.111821],[17.084898,48.112091],[17.085276,48.112549],[17.084943,48.112672],[17.085025,48.112769],[17.083831,48.113212],[17.084197,48.114115],[17.084374,48.114518],[17.084517,48.114713],[17.084653,48.11464],[17.084868,48.114571],[17.086034,48.114145],[17.087074,48.113762],[17.086933,48.113596],[17.087458,48.113399],[17.087408,48.113338],[17.087063,48.112921],[17.087863,48.112624],[17.088208,48.113041],[17.088242,48.113079],[17.088391,48.113024],[17.088482,48.11299],[17.088686,48.112916],[17.088485,48.112685],[17.088865,48.112545],[17.088965,48.112509],[17.089154,48.112738],[17.089495,48.112614],[17.089588,48.11258],[17.090734,48.112155],[17.091098,48.112018],[17.090948,48.111835],[17.090801,48.111659],[17.090574,48.111736],[17.090538,48.11175],[17.090502,48.111764],[17.090424,48.111793],[17.090244,48.111854],[17.090039,48.111936],[17.089977,48.111897],[17.089102,48.110853],[17.089098,48.110814],[17.08887,48.110551],[17.088635,48.110253],[17.088619,48.110214],[17.08862,48.110155],[17.08862,48.110138]]]},"properties":{}},{"type":"Feature","geometry":{"type":"Polygon","coordinates":[[[17.095207,48.113533],[17.095319,48.113492],[17.095389,48.113459],[17.095468,48.1133],[17.095538,48.112678],[17.095604,48.112256],[17.094136,48.110531],[17.093559,48.109831],[17.093208,48.109402],[17.092838,48.108955],[17.09274,48.108836],[17.092605,48.108674],[17.09218,48.108833],[17.091814,48.108969],[17.090453,48.109473],[17.090478,48.10962],[17.090617,48.110134],[17.090649,48.110244],[17.090763,48.110461],[17.090976,48.110866],[17.091501,48.1115],[17.091603,48.111463],[17.091857,48.111368],[17.092673,48.111069],[17.093029,48.110938],[17.093158,48.111064],[17.093328,48.111232],[17.093357,48.111271],[17.093582,48.11157],[17.093784,48.111789],[17.094151,48.112243],[17.094274,48.112392],[17.094391,48.112531],[17.094631,48.112818],[17.095207,48.113533]]]},"properties":{}},{"type":"Feature","geometry":{"type":"Polygon","coordinates":[[[17.099949,48.112615],[17.100478,48.113161],[17.100286,48.113244],[17.099796,48.113456],[17.099494,48.113146],[17.099362,48.113009],[17.099262,48.112909],[17.099346,48.112873],[17.09953,48.112793],[17.099735,48.112707],[17.09987,48.112647],[17.099949,48.112615]]]},"properties":{}},{"type":"Feature","geometry":{"type":"Polygon","coordinates":[[[17.099253,48.11496],[17.098967,48.115094],[17.098906,48.115026],[17.098708,48.114815],[17.098472,48.114913],[17.098152,48.115046],[17.097928,48.11482],[17.097878,48.11477],[17.097749,48.114821],[17.097427,48.114947],[17.097407,48.114925],[17.097158,48.114644],[17.096951,48.11441],[17.096885,48.114335],[17.096844,48.114292],[17.097781,48.113915],[17.097266,48.11334],[17.097624,48.113147],[17.097674,48.11308],[17.098729,48.112528],[17.099573,48.112095],[17.099784,48.112315],[17.099751,48.112329],[17.099792,48.112371],[17.099889,48.112471],[17.099906,48.112494],[17.099924,48.112487],[17.099968,48.112528],[17.099909,48.112553],[17.099305,48.112814],[17.097974,48.113391],[17.098453,48.11389],[17.098816,48.114353],[17.099312,48.114875],[17.099253,48.11496]]]},"properties":{}},{"type":"Feature","geometry":{"type":"Polygon","coordinates":[[[17.025336,48.128355],[17.026265,48.128052],[17.02644,48.127995],[17.026866,48.127856],[17.026849,48.127832],[17.026755,48.127698],[17.026738,48.127673],[17.026632,48.127703],[17.026379,48.127333],[17.026259,48.127162],[17.02598,48.126766],[17.025874,48.126767],[17.024755,48.127551],[17.025227,48.128204],[17.025316,48.128328],[17.025336,48.128355]]]},"properties":{}},{"type":"Feature","geometry":{"type":"Polygon","coordinates":[[[17.06426,48.093991],[17.064426,48.093981],[17.064681,48.094091],[17.065908,48.09479],[17.065873,48.094827],[17.065794,48.094887],[17.065254,48.095288],[17.065999,48.095781],[17.06557,48.096133],[17.065118,48.096439],[17.063154,48.095298],[17.063801,48.094815],[17.063885,48.094716],[17.063951,48.094609],[17.06414,48.094132],[17.064192,48.094036],[17.06426,48.093991]]]},"properties":{}},{"type":"Feature","geometry":{"type":"Polygon","coordinates":[[[17.078227,48.123385],[17.07838,48.122898],[17.0784,48.122831],[17.078441,48.122641],[17.078463,48.122442],[17.078459,48.122358],[17.078443,48.122317],[17.078398,48.122275],[17.078214,48.122209],[17.077956,48.122174],[17.077883,48.122168],[17.077837,48.122175],[17.077795,48.122188],[17.077725,48.122227],[17.077687,48.122273],[17.077662,48.122325],[17.077423,48.12304],[17.077337,48.123298],[17.078227,48.123385]]]},"properties":{}},{"type":"Feature","geometry":{"type":"Polygon","coordinates":[[[17.070835,48.148043],[17.071239,48.148004],[17.071631,48.147967],[17.07169,48.147933],[17.071666,48.147896],[17.071672,48.14788],[17.071756,48.147848],[17.071625,48.147655],[17.071281,48.147765],[17.070892,48.147888],[17.070799,48.147939],[17.070789,48.147968],[17.070785,48.147998],[17.070804,48.148025],[17.070835,48.148043]]]},"properties":{}},{"type":"Feature","geometry":{"type":"Polygon","coordinates":[[[17.030918,48.123144],[17.030724,48.123132],[17.03056,48.123188],[17.028937,48.124555],[17.028192,48.1242],[17.029189,48.123458],[17.030205,48.122684],[17.030557,48.122788],[17.030692,48.122862],[17.030918,48.123144]]]},"properties":{}},{"type":"Feature","geometry":{"type":"Polygon","coordinates":[[[17.052205,48.087402],[17.049293,48.085676],[17.049338,48.085365],[17.049211,48.085207],[17.04855,48.0851],[17.048116,48.085281],[17.043049,48.084378],[17.042296,48.084099],[17.039236,48.083556],[17.039216,48.083489],[17.039169,48.083431],[17.045061,48.081075],[17.046447,48.080575],[17.049069,48.083402],[17.049171,48.083361],[17.049269,48.08346],[17.049638,48.083626],[17.052838,48.087061],[17.052205,48.087402]]]},"properties":{}},{"type":"Feature","geometry":{"type":"Polygon","coordinates":[[[17.09637,48.133039],[17.096567,48.13315],[17.097177,48.133614],[17.097325,48.133732],[17.097524,48.133868],[17.097818,48.134036],[17.097966,48.134126],[17.098376,48.134357],[17.098777,48.134554],[17.098929,48.134516],[17.098967,48.134526],[17.098998,48.134534],[17.09902,48.134571],[17.099063,48.134577],[17.099093,48.134616],[17.099366,48.134708],[17.099694,48.134768],[17.09995,48.134805],[17.10005,48.134828],[17.100066,48.134842],[17.100235,48.134864],[17.100227,48.134881],[17.100223,48.134903],[17.100543,48.134987],[17.100699,48.135065],[17.101444,48.135634],[17.102017,48.136066],[17.102296,48.136218],[17.102341,48.1362],[17.102374,48.136189],[17.102487,48.136246],[17.102701,48.136291],[17.103531,48.136365],[17.103686,48.136378],[17.103936,48.136415],[17.104204,48.136433],[17.10438,48.136446],[17.104416,48.135886],[17.104427,48.135656],[17.104318,48.135651],[17.104332,48.135517],[17.104349,48.135362],[17.104304,48.135302],[17.1043,48.135199],[17.104371,48.134509],[17.104306,48.134077],[17.104211,48.133796],[17.103959,48.133382],[17.103918,48.133314],[17.103764,48.13312],[17.103285,48.132606],[17.103019,48.132396],[17.102922,48.132323],[17.102761,48.132306],[17.102761,48.132253],[17.102543,48.132187],[17.102389,48.132183],[17.102349,48.132181],[17.102259,48.132185],[17.101138,48.132238],[17.101117,48.132239],[17.10112,48.132261],[17.100995,48.132267],[17.099741,48.132334],[17.099736,48.132257],[17.099257,48.132272],[17.09917,48.132275],[17.098969,48.132282],[17.097941,48.132328],[17.097396,48.132346],[17.097102,48.132456],[17.096806,48.132632],[17.096491,48.132819],[17.096387,48.132944],[17.09637,48.133039]]]},"properties":{}},{"type":"Feature","geometry":{"type":"Polygon","coordinates":[[[17.100101,48.120864],[17.100116,48.120865],[17.100176,48.120841],[17.099881,48.120526],[17.099923,48.120512],[17.099185,48.119671],[17.099108,48.119702],[17.098814,48.119819],[17.099825,48.120972],[17.100101,48.120864]]]},"properties":{}},{"type":"Feature","geometry":{"type":"Polygon","coordinates":[[[17.088071,48.141558],[17.088082,48.141584],[17.088263,48.142033],[17.088275,48.142063],[17.089663,48.141794],[17.091093,48.141518],[17.091734,48.141382],[17.091674,48.141207],[17.091506,48.140842],[17.090493,48.14102],[17.089712,48.141174],[17.0893,48.141254],[17.088354,48.141434],[17.088042,48.141494],[17.088071,48.141558]]]},"properties":{}},{"type":"Feature","geometry":{"type":"Polygon","coordinates":[[[17.09891,48.100227],[17.098974,48.100251],[17.099145,48.100311],[17.099747,48.100514],[17.099851,48.100548],[17.100432,48.100747],[17.100512,48.100645],[17.100377,48.100597],[17.100528,48.100399],[17.100616,48.100285],[17.100816,48.100021],[17.100836,48.100028],[17.101028,48.100093],[17.101047,48.1001],[17.101079,48.100058],[17.101095,48.100038],[17.101146,48.09997],[17.101172,48.099937],[17.101205,48.099894],[17.101185,48.099887],[17.101105,48.099859],[17.101102,48.099862],[17.101072,48.099852],[17.101074,48.099848],[17.101002,48.099823],[17.100994,48.099821],[17.101078,48.099714],[17.101139,48.099636],[17.101297,48.099447],[17.101173,48.099117],[17.100057,48.098736],[17.09891,48.100227]]]},"properties":{}},{"type":"Feature","geometry":{"type":"Polygon","coordinates":[[[17.043633,48.108714],[17.043788,48.108644],[17.043765,48.108621],[17.043812,48.108599],[17.043743,48.108532],[17.043541,48.108624],[17.043633,48.108714]]]},"properties":{}},{"type":"Feature","geometry":{"type":"Polygon","coordinates":[[[17.08823,48.142111],[17.0881,48.1418],[17.086907,48.142038],[17.086831,48.14187],[17.086019,48.142029],[17.086078,48.142193],[17.084825,48.14243],[17.084936,48.142686],[17.084959,48.142682],[17.084975,48.142727],[17.085528,48.142611],[17.08557,48.142585],[17.085614,48.142577],[17.085664,48.142587],[17.086073,48.142524],[17.086982,48.142355],[17.08823,48.142111]]]},"properties":{}},{"type":"Feature","geometry":{"type":"Polygon","coordinates":[[[17.091501,48.1115],[17.091763,48.111822],[17.093667,48.1141],[17.09378,48.11424],[17.095272,48.113608],[17.095207,48.113533],[17.094631,48.112818],[17.094391,48.112531],[17.094274,48.112392],[17.094151,48.112243],[17.093784,48.111789],[17.093582,48.11157],[17.093357,48.111271],[17.093328,48.111232],[17.093158,48.111064],[17.093029,48.110938],[17.092673,48.111069],[17.091857,48.111368],[17.091603,48.111463],[17.091501,48.1115]]]},"properties":{}},{"type":"Feature","geometry":{"type":"Polygon","coordinates":[[[17.088474,48.113941],[17.088417,48.113871],[17.088196,48.113576],[17.088216,48.113512],[17.088941,48.113255],[17.088956,48.113275],[17.089554,48.114028],[17.089672,48.114261],[17.089752,48.114577],[17.089758,48.114894],[17.089679,48.115246],[17.08956,48.115407],[17.089548,48.115327],[17.088474,48.113941]]]},"properties":{}},{"type":"Feature","geometry":{"type":"Polygon","coordinates":[[[17.087408,48.113338],[17.087458,48.113399],[17.087505,48.113458],[17.087543,48.113505],[17.087773,48.113513],[17.088255,48.113336],[17.088403,48.113282],[17.088242,48.113079],[17.088208,48.113041],[17.087863,48.112624],[17.087063,48.112921],[17.087408,48.113338]]]},"properties":{}},{"type":"Feature","geometry":{"type":"Polygon","coordinates":[[[17.079256,48.143316],[17.079406,48.143288],[17.081238,48.142944],[17.082957,48.142621],[17.082978,48.142668],[17.083081,48.14289],[17.083131,48.142995],[17.083147,48.143031],[17.083164,48.143079],[17.082192,48.143281],[17.081719,48.143409],[17.080852,48.143678],[17.080579,48.143803],[17.080244,48.143962],[17.079952,48.144106],[17.079631,48.144269],[17.079433,48.14371],[17.079256,48.143316]]]},"properties":{}},{"type":"Feature","geometry":{"type":"Polygon","coordinates":[[[17.092946,48.115844],[17.092988,48.115847],[17.093094,48.115853],[17.093344,48.115868],[17.093794,48.116008],[17.093941,48.116053],[17.092316,48.116633],[17.092065,48.116318],[17.091945,48.11636],[17.091895,48.116302],[17.091903,48.116299],[17.091862,48.116248],[17.09186,48.116246],[17.091967,48.116154],[17.09252,48.115948],[17.09269,48.115885],[17.092946,48.115844]]]},"properties":{}},{"type":"Feature","geometry":{"type":"Polygon","coordinates":[[[17.002073,48.132049],[17.001746,48.132242],[17.001405,48.131985],[17.001732,48.131792],[17.002073,48.132049]]]},"properties":{}},{"type":"Feature","geometry":{"type":"Polygon","coordinates":[[[17.084649,48.142742],[17.084716,48.14273],[17.0846,48.142496],[17.08455,48.142507],[17.084479,48.142337],[17.082957,48.142621],[17.082978,48.142668],[17.083081,48.14289],[17.083131,48.142995],[17.083147,48.143031],[17.084649,48.142742]]]},"properties":{}},{"type":"Feature","geometry":{"type":"Polygon","coordinates":[[[17.090801,48.111659],[17.090776,48.111629],[17.0905,48.111296],[17.089322,48.109875],[17.08862,48.110138],[17.08862,48.110155],[17.088619,48.110214],[17.088635,48.110253],[17.08887,48.110551],[17.089098,48.110814],[17.089102,48.110853],[17.089977,48.111897],[17.090039,48.111936],[17.090244,48.111854],[17.090424,48.111793],[17.090502,48.111764],[17.090538,48.11175],[17.090574,48.111736],[17.090801,48.111659]]]},"properties":{}},{"type":"Feature","geometry":{"type":"Polygon","coordinates":[[[17.084848,48.108755],[17.085202,48.109032],[17.084625,48.109344],[17.084284,48.109062],[17.084848,48.108755]]]},"properties":{}},{"type":"Feature","geometry":{"type":"Polygon","coordinates":[[[17.06409,48.150163],[17.063718,48.150056],[17.063654,48.150163],[17.063659,48.150237],[17.063648,48.150306],[17.063655,48.150315],[17.063714,48.150345],[17.063503,48.150527],[17.063389,48.150487],[17.063336,48.150564],[17.063305,48.150554],[17.063252,48.150622],[17.063165,48.150641],[17.062807,48.150535],[17.062794,48.150524],[17.062755,48.150514],[17.062812,48.150429],[17.062997,48.150157],[17.063027,48.150143],[17.063082,48.150155],[17.06316,48.150065],[17.063223,48.149976],[17.063204,48.149971],[17.063186,48.149954],[17.063182,48.149924],[17.063195,48.149895],[17.06363,48.149209],[17.063844,48.149267],[17.063911,48.149287],[17.063986,48.149313],[17.064127,48.149332],[17.064205,48.149344],[17.064287,48.149369],[17.064296,48.149354],[17.064354,48.149372],[17.064548,48.149433],[17.06409,48.150163]]]},"properties":{}},{"type":"Feature","geometry":{"type":"Polygon","coordinates":[[[17.072223,48.147356],[17.07126,48.147643],[17.071221,48.147652],[17.071281,48.147765],[17.071625,48.147655],[17.071732,48.147668],[17.071783,48.147742],[17.072288,48.147596],[17.072482,48.147541],[17.072388,48.147389],[17.072343,48.147322],[17.072297,48.147335],[17.072223,48.147356]]]},"properties":{}},{"type":"Feature","geometry":{"type":"Polygon","coordinates":[[[17.07126,48.147643],[17.071526,48.147564],[17.072223,48.147356],[17.071365,48.145965],[17.070465,48.146201],[17.071047,48.147312],[17.071051,48.147317],[17.071091,48.147375],[17.071059,48.147384],[17.071081,48.147416],[17.071123,48.14747],[17.071221,48.147652],[17.07126,48.147643]]]},"properties":{}},{"type":"Feature","geometry":{"type":"Polygon","coordinates":[[[17.077355,48.147432],[17.077193,48.147422],[17.077111,48.147144],[17.077696,48.147068],[17.077704,48.14708],[17.077869,48.147175],[17.077898,48.147284],[17.077817,48.147394],[17.077355,48.147432]]]},"properties":{}},{"type":"Feature","geometry":{"type":"Polygon","coordinates":[[[17.050233,48.088544],[17.051116,48.088048],[17.051793,48.088302],[17.052386,48.088545],[17.052261,48.088613],[17.052086,48.088748],[17.05185,48.088936],[17.051372,48.088679],[17.050814,48.089008],[17.050233,48.088544]]]},"properties":{}},{"type":"Feature","geometry":{"type":"Polygon","coordinates":[[[17.051899,48.087376],[17.050039,48.086281],[17.049051,48.085681],[17.048674,48.085735],[17.048596,48.085792],[17.047952,48.086649],[17.048464,48.086829],[17.049145,48.087084],[17.049634,48.087294],[17.050939,48.087765],[17.051195,48.087768],[17.051509,48.087626],[17.051899,48.087376]]]},"properties":{}},{"type":"Feature","geometry":{"type":"Polygon","coordinates":[[[17.048412,48.085722],[17.048324,48.085567],[17.04823,48.085514],[17.048056,48.085439],[17.047612,48.085339],[17.047213,48.085829],[17.047075,48.085998],[17.046905,48.086242],[17.047635,48.086481],[17.0478,48.086427],[17.048412,48.085722]]]},"properties":{}},{"type":"Feature","geometry":{"type":"Polygon","coordinates":[[[17.047612,48.085339],[17.046523,48.085138],[17.045523,48.084919],[17.045399,48.084891],[17.042537,48.084423],[17.042309,48.085075],[17.043888,48.085335],[17.044413,48.085457],[17.045386,48.085713],[17.046368,48.086063],[17.046905,48.086242],[17.047075,48.085998],[17.047213,48.085829],[17.047612,48.085339]]]},"properties":{}},{"type":"Feature","geometry":{"type":"Polygon","coordinates":[[[17.051374,48.087926],[17.051476,48.087967],[17.052012,48.088206],[17.05283,48.08788],[17.052315,48.087379],[17.052017,48.087515],[17.051694,48.087701],[17.051374,48.087926]]]},"properties":{}},{"type":"Feature","geometry":{"type":"Polygon","coordinates":[[[17.024755,48.127551],[17.024685,48.1276],[17.022958,48.129067],[17.023058,48.129136],[17.023109,48.129171],[17.025336,48.128355],[17.025316,48.128328],[17.025227,48.128204],[17.024755,48.127551]]]},"properties":{}},{"type":"Feature","geometry":{"type":"Polygon","coordinates":[[[17.026866,48.127856],[17.028507,48.127315],[17.028377,48.127175],[17.026616,48.126266],[17.026387,48.126426],[17.026058,48.12665],[17.025998,48.126688],[17.025874,48.126767],[17.02598,48.126766],[17.026259,48.127162],[17.026379,48.127333],[17.026632,48.127703],[17.026738,48.127673],[17.026755,48.127698],[17.026849,48.127832],[17.026866,48.127856]]]},"properties":{}},{"type":"Feature","geometry":{"type":"Polygon","coordinates":[[[17.066294,48.148109],[17.065672,48.148111],[17.065609,48.148074],[17.06562,48.148062],[17.065645,48.148035],[17.065662,48.147959],[17.065661,48.147847],[17.06566,48.147843],[17.06566,48.147815],[17.065741,48.147815],[17.065769,48.147815],[17.065769,48.147792],[17.065936,48.147792],[17.065936,48.147781],[17.066019,48.14778],[17.066019,48.147741],[17.066189,48.147743],[17.066202,48.147743],[17.066213,48.147743],[17.066275,48.147743],[17.066278,48.147769],[17.066294,48.148109]]]},"properties":{}},{"type":"Feature","geometry":{"type":"Polygon","coordinates":[[[17.099202,48.147635],[17.099353,48.147751],[17.099391,48.147781],[17.099475,48.147852],[17.099486,48.147855],[17.099509,48.147883],[17.099514,48.147886],[17.099538,48.147914],[17.099604,48.147987],[17.099697,48.14809],[17.099715,48.148115],[17.099777,48.148093],[17.099913,48.148028],[17.10004,48.147902],[17.100317,48.147791],[17.099923,48.147346],[17.099638,48.147469],[17.099202,48.147635]]]},"properties":{}},{"type":"Feature","geometry":{"type":"Polygon","coordinates":[[[17.063437,48.148879],[17.063422,48.148903],[17.063401,48.148929],[17.063377,48.148955],[17.063439,48.148974],[17.063413,48.149008],[17.06346,48.149022],[17.063484,48.14899],[17.06351,48.148955],[17.063567,48.148892],[17.063626,48.148831],[17.063687,48.148777],[17.063743,48.148731],[17.063796,48.148691],[17.063851,48.148653],[17.063926,48.148606],[17.063929,48.148595],[17.063931,48.148575],[17.06393,48.148541],[17.063926,48.148513],[17.06384,48.14856],[17.063755,48.148615],[17.063687,48.148664],[17.06365,48.148693],[17.063566,48.148767],[17.063513,48.148817],[17.06345,48.148883],[17.063437,48.148879]]]},"properties":{}},{"type":"Feature","geometry":{"type":"Polygon","coordinates":[[[17.063349,48.149036],[17.063435,48.149061],[17.063259,48.149322],[17.06325,48.14932],[17.062877,48.149878],[17.062795,48.149853],[17.063169,48.149297],[17.063349,48.149036]]]},"properties":{}},{"type":"Feature","geometry":{"type":"Polygon","coordinates":[[[17.096977,48.106629],[17.097362,48.106614],[17.097344,48.105715],[17.096913,48.105727],[17.096924,48.10589],[17.096938,48.106104],[17.096939,48.10612],[17.096954,48.106281],[17.096977,48.106629]]]},"properties":{}},{"type":"Feature","geometry":{"type":"Polygon","coordinates":[[[17.092472,48.114405],[17.092085,48.114552],[17.091803,48.114222],[17.092194,48.114085],[17.09267,48.113895],[17.092946,48.114232],[17.092865,48.11426],[17.092472,48.114405]]]},"properties":{}},{"type":"Feature","geometry":{"type":"Polygon","coordinates":[[[17.090562,48.114305],[17.090719,48.114491],[17.090702,48.114498],[17.091085,48.114955],[17.09001,48.115355],[17.089851,48.115153],[17.089679,48.115246],[17.089758,48.114894],[17.089752,48.114577],[17.089882,48.114564],[17.090562,48.114305]]]},"properties":{}},{"type":"Feature","geometry":{"type":"Polygon","coordinates":[[[17.044535,48.106877],[17.044366,48.106611],[17.0442,48.106533],[17.043934,48.106415],[17.043456,48.106246],[17.043407,48.106364],[17.0433,48.10651],[17.043176,48.10668],[17.042992,48.106884],[17.042793,48.107106],[17.042592,48.107336],[17.042738,48.107383],[17.042976,48.10763],[17.043244,48.107905],[17.043333,48.107804],[17.043519,48.107627],[17.043717,48.107439],[17.04388,48.107288],[17.0444,48.106963],[17.044437,48.106938],[17.044535,48.106877]]]},"properties":{}},{"type":"Feature","geometry":{"type":"Polygon","coordinates":[[[17.044542,48.109128],[17.044004,48.109422],[17.04394,48.109359],[17.043512,48.109546],[17.043031,48.109057],[17.042939,48.108964],[17.042729,48.108748],[17.042727,48.108684],[17.04274,48.10867],[17.042995,48.108375],[17.042982,48.108363],[17.043355,48.107929],[17.044231,48.108816],[17.044542,48.109128]]]},"properties":{}},{"type":"Feature","geometry":{"type":"Polygon","coordinates":[[[17.046068,48.082684],[17.047902,48.084654],[17.047696,48.085203],[17.043186,48.084381],[17.043193,48.083874],[17.046068,48.082684]]]},"properties":{}},{"type":"Feature","geometry":{"type":"Polygon","coordinates":[[[17.064169,48.148475],[17.064047,48.148455],[17.064049,48.148427],[17.064155,48.148385],[17.064237,48.148355],[17.06432,48.148329],[17.064414,48.148302],[17.064507,48.148279],[17.064603,48.14826],[17.064708,48.148241],[17.064819,48.148226],[17.064915,48.148216],[17.065016,48.14821],[17.065107,48.148208],[17.065264,48.148206],[17.067238,48.148206],[17.067325,48.148204],[17.067496,48.1482],[17.067682,48.148193],[17.067736,48.148193],[17.067737,48.148286],[17.067685,48.148285],[17.067493,48.148277],[17.067324,48.14827],[17.067236,48.148267],[17.065263,48.148266],[17.065117,48.148269],[17.06502,48.148274],[17.064927,48.148284],[17.06484,48.148295],[17.064731,48.148317],[17.064636,48.14834],[17.064547,48.148365],[17.064465,48.148392],[17.064408,48.148412],[17.064392,48.148392],[17.064344,48.148408],[17.06428,48.148431],[17.064222,48.148454],[17.064169,48.148475]]]},"properties":{}},{"type":"Feature","geometry":{"type":"Polygon","coordinates":[[[17.070596,48.148171],[17.070612,48.148178],[17.07062,48.148185],[17.070675,48.148183],[17.070687,48.148199],[17.070697,48.148208],[17.070716,48.148226],[17.07072,48.148233],[17.070715,48.148233],[17.070612,48.148238],[17.070609,48.14824],[17.070395,48.148251],[17.070172,48.14826],[17.06997,48.148266],[17.069702,48.148271],[17.069173,48.148271],[17.068402,48.14827],[17.068255,48.148275],[17.068055,48.148282],[17.067845,48.148286],[17.067847,48.148193],[17.068057,48.1482],[17.068256,48.148207],[17.068404,48.148207],[17.069172,48.14821],[17.069697,48.148208],[17.069966,48.148202],[17.070166,48.148195],[17.070387,48.148184],[17.070562,48.148173],[17.070596,48.148171]]]},"properties":{}},{"type":"Feature","geometry":{"type":"Polygon","coordinates":[[[17.070868,48.14822],[17.070862,48.148175],[17.070864,48.148166],[17.070873,48.148158],[17.070887,48.148151],[17.070903,48.148148],[17.070924,48.148145],[17.070926,48.148165],[17.070981,48.148161],[17.070982,48.148167],[17.07189,48.148118],[17.07189,48.148113],[17.072245,48.148095],[17.072492,48.148082],[17.072926,48.148058],[17.073239,48.148041],[17.07349,48.148026],[17.073651,48.148013],[17.073647,48.147995],[17.073709,48.147991],[17.073776,48.147986],[17.073877,48.147976],[17.073951,48.147966],[17.074051,48.14795],[17.074199,48.147922],[17.074304,48.147898],[17.074414,48.147869],[17.074539,48.147832],[17.074656,48.147792],[17.074741,48.14776],[17.074757,48.147752],[17.074776,48.147742],[17.0748,48.147729],[17.074814,48.147723],[17.074875,48.147777],[17.074793,48.14781],[17.0747,48.147845],[17.074578,48.147887],[17.074451,48.147926],[17.074337,48.147958],[17.074229,48.147985],[17.074074,48.148019],[17.073977,48.148038],[17.073897,48.148052],[17.073798,48.148068],[17.073671,48.148088],[17.073624,48.148094],[17.073619,48.148079],[17.073323,48.1481],[17.073322,48.148092],[17.072411,48.14814],[17.072412,48.148145],[17.07206,48.148164],[17.07169,48.148183],[17.071692,48.148198],[17.070881,48.148228],[17.070868,48.14822]]]},"properties":{}},{"type":"Feature","geometry":{"type":"Polygon","coordinates":[[[17.191668,48.129098],[17.192845,48.127925],[17.192875,48.127895],[17.193512,48.127246],[17.193733,48.127076],[17.193752,48.126843],[17.193829,48.125853],[17.194539,48.116088],[17.194759,48.115839],[17.194667,48.115792],[17.194548,48.115737],[17.195155,48.107082],[17.187712,48.106838],[17.183324,48.106699],[17.18005,48.106594],[17.179047,48.106563],[17.178989,48.106561],[17.178896,48.106561],[17.178824,48.106558],[17.171053,48.106312],[17.169409,48.107918],[17.169077,48.108669],[17.168905,48.10907],[17.168384,48.110254],[17.165574,48.116607],[17.164625,48.118761],[17.162505,48.123561],[17.162378,48.125371],[17.162226,48.127638],[17.162325,48.127642],[17.16241,48.127644],[17.162523,48.127645],[17.162694,48.12765],[17.162714,48.127319],[17.162842,48.127312],[17.162867,48.126952],[17.163657,48.126976],[17.164485,48.127],[17.164442,48.127701],[17.173455,48.127991],[17.17347,48.127882],[17.173587,48.127873],[17.174977,48.127876],[17.17509,48.127879],[17.175085,48.12793],[17.175075,48.128012],[17.175069,48.128012],[17.175066,48.128042],[17.175952,48.128073],[17.175954,48.12805],[17.177008,48.128082],[17.17704,48.128083],[17.177038,48.128113],[17.177258,48.128119],[17.177388,48.128116],[17.177577,48.128118],[17.177578,48.1281],[17.177764,48.128107],[17.177763,48.128127],[17.177786,48.128128],[17.178226,48.12814],[17.178218,48.128341],[17.178746,48.128364],[17.179244,48.128379],[17.17955,48.128391],[17.17956,48.12819],[17.179825,48.128199],[17.179855,48.1282],[17.180208,48.128207],[17.180262,48.128209],[17.180401,48.128214],[17.180446,48.128216],[17.180505,48.128218],[17.180699,48.128224],[17.180799,48.128231],[17.180857,48.128233],[17.181951,48.128268],[17.183686,48.128325],[17.183704,48.128325],[17.183768,48.128327],[17.183808,48.128328],[17.185351,48.128379],[17.187447,48.128448],[17.187772,48.128459],[17.187693,48.128969],[17.189417,48.129025],[17.191668,48.129098]]]},"properties":{}},{"type":"Feature","geometry":{"type":"Polygon","coordinates":[[[17.150235,48.148679],[17.150514,48.148752],[17.152445,48.149097],[17.15296,48.149153],[17.153112,48.149019],[17.153203,48.14871],[17.153251,48.148546],[17.153268,48.148483],[17.153879,48.148564],[17.153878,48.147686],[17.153841,48.144516],[17.152169,48.144536],[17.151957,48.144634],[17.15179,48.144699],[17.151748,48.144755],[17.151647,48.145069],[17.151521,48.145059],[17.151362,48.145413],[17.151341,48.14546],[17.151332,48.145479],[17.151246,48.145698],[17.151152,48.145933],[17.150754,48.14691],[17.150744,48.146935],[17.150459,48.147755],[17.150296,48.148294],[17.150228,48.14858],[17.150235,48.148679]]]},"properties":{}},{"type":"Feature","geometry":{"type":"Polygon","coordinates":[[[17.108809,48.121749],[17.109044,48.122097],[17.109316,48.12198],[17.10981,48.122303],[17.109943,48.122389],[17.11008,48.122336],[17.110167,48.122424],[17.110628,48.122227],[17.111355,48.12191],[17.111161,48.1217],[17.111107,48.121645],[17.111074,48.121611],[17.110777,48.121316],[17.110122,48.121608],[17.109834,48.121327],[17.109609,48.121099],[17.109512,48.121141],[17.109371,48.121201],[17.109576,48.121416],[17.108809,48.121749]]]},"properties":{}},{"type":"Feature","geometry":{"type":"Polygon","coordinates":[[[17.117148,48.131928],[17.117554,48.131664],[17.119643,48.131566],[17.11995,48.131718],[17.119323,48.132451],[17.118964,48.133004],[17.118447,48.13374],[17.119306,48.134144],[17.119717,48.134432],[17.119694,48.134535],[17.119745,48.134636],[17.119806,48.135124],[17.119926,48.135149],[17.119958,48.135323],[17.119939,48.135559],[17.119393,48.135581],[17.117535,48.135657],[17.117497,48.135269],[17.117184,48.13208],[17.117148,48.131928]]]},"properties":{}},{"type":"Feature","geometry":{"type":"Polygon","coordinates":[[[17.127597,48.140691],[17.127597,48.140684],[17.127583,48.140591],[17.127939,48.14056],[17.128348,48.140528],[17.128401,48.140541],[17.128596,48.140525],[17.128679,48.140574],[17.128761,48.140572],[17.128831,48.140624],[17.128863,48.14069],[17.129128,48.14123],[17.129232,48.141447],[17.129047,48.141459],[17.12787,48.141547],[17.127742,48.14156],[17.127609,48.14076],[17.127597,48.140691]]]},"properties":{}},{"type":"Feature","geometry":{"type":"Polygon","coordinates":[[[17.129598,48.140254],[17.129732,48.140361],[17.129805,48.140414],[17.129906,48.140363],[17.130204,48.140543],[17.130505,48.140823],[17.130714,48.141028],[17.130879,48.14115],[17.131048,48.141275],[17.131158,48.141361],[17.13127,48.141446],[17.13149,48.14161],[17.131802,48.141876],[17.133855,48.141841],[17.133964,48.142036],[17.136895,48.141935],[17.139204,48.141848],[17.140518,48.141736],[17.140462,48.14143],[17.140612,48.141415],[17.140544,48.141109],[17.141542,48.140376],[17.142359,48.140343],[17.142575,48.140337],[17.142732,48.140335],[17.14293,48.14033],[17.143282,48.140325],[17.1435,48.140323],[17.143493,48.140213],[17.143814,48.140206],[17.143816,48.140238],[17.144228,48.140226],[17.144226,48.140198],[17.144316,48.140194],[17.144526,48.140189],[17.144585,48.140187],[17.144617,48.140186],[17.144723,48.140184],[17.144741,48.139827],[17.144766,48.139724],[17.146383,48.139226],[17.147685,48.139008],[17.14771,48.138836],[17.148512,48.138899],[17.148801,48.138922],[17.149008,48.13858],[17.149176,48.138413],[17.149183,48.138357],[17.149187,48.138294],[17.149189,48.138258],[17.149248,48.13826],[17.1503,48.136969],[17.151295,48.135733],[17.151825,48.135067],[17.153092,48.133492],[17.154131,48.133876],[17.154268,48.133696],[17.154338,48.133611],[17.154126,48.133536],[17.154932,48.132522],[17.154956,48.132416],[17.155007,48.132413],[17.155045,48.132412],[17.155461,48.132484],[17.155513,48.132498],[17.155598,48.132538],[17.156517,48.131407],[17.154079,48.130456],[17.153727,48.130072],[17.151587,48.129063],[17.151142,48.128615],[17.151091,48.128632],[17.151019,48.128554],[17.151009,48.128543],[17.15099,48.128514],[17.150915,48.128535],[17.150903,48.12853],[17.150779,48.128492],[17.150803,48.128591],[17.151159,48.129073],[17.15182,48.129844],[17.152643,48.130396],[17.152619,48.130445],[17.152638,48.130503],[17.153651,48.131081],[17.153446,48.131245],[17.15257,48.13074],[17.152492,48.13073],[17.152421,48.130753],[17.152392,48.130814],[17.152436,48.130867],[17.153302,48.131361],[17.153189,48.131452],[17.153095,48.13154],[17.152698,48.131307],[17.152606,48.131279],[17.152542,48.131314],[17.151292,48.132619],[17.151439,48.132667],[17.14996,48.134546],[17.149757,48.134474],[17.149358,48.134985],[17.149551,48.135055],[17.147554,48.137559],[17.145432,48.136798],[17.149794,48.131442],[17.150106,48.131032],[17.150254,48.130682],[17.150272,48.130247],[17.150164,48.130017],[17.14826,48.127992],[17.148268,48.127154],[17.148222,48.126979],[17.148152,48.126995],[17.147957,48.12775],[17.146904,48.129736],[17.145913,48.131048],[17.144255,48.133109],[17.143222,48.134578],[17.142801,48.135353],[17.14286,48.135508],[17.142079,48.136761],[17.141854,48.136692],[17.140669,48.138487],[17.139754,48.139905],[17.139376,48.140206],[17.138858,48.140517],[17.138517,48.140654],[17.138039,48.140782],[17.137808,48.140848],[17.137598,48.140876],[17.137481,48.140916],[17.134946,48.140992],[17.132306,48.141076],[17.131691,48.141016],[17.13134,48.140953],[17.131287,48.140903],[17.131307,48.140837],[17.131502,48.140644],[17.131788,48.140444],[17.13205,48.140304],[17.132658,48.140072],[17.134658,48.139742],[17.134741,48.139791],[17.136671,48.139477],[17.136703,48.139423],[17.138833,48.13904],[17.138976,48.139003],[17.139053,48.138956],[17.139282,48.138681],[17.139271,48.138579],[17.139206,48.138504],[17.139153,48.138475],[17.139037,48.138442],[17.138918,48.138445],[17.137974,48.138601],[17.137885,48.138661],[17.137822,48.138619],[17.132248,48.139525],[17.132208,48.139589],[17.131163,48.139742],[17.131158,48.139707],[17.131056,48.13941],[17.130935,48.139058],[17.131003,48.138993],[17.131663,48.138797],[17.134007,48.138424],[17.13567,48.138164],[17.136736,48.137931],[17.13741,48.137727],[17.138108,48.137487],[17.140196,48.136663],[17.141067,48.136267],[17.141565,48.135886],[17.1419,48.135531],[17.141987,48.135308],[17.141929,48.135135],[17.141945,48.134977],[17.142084,48.134798],[17.142708,48.134187],[17.142672,48.134143],[17.141223,48.135172],[17.140633,48.135543],[17.139941,48.135884],[17.139428,48.136122],[17.138357,48.136548],[17.137456,48.136847],[17.136598,48.1371],[17.135277,48.137409],[17.133439,48.137756],[17.131166,48.138105],[17.128827,48.138458],[17.128817,48.138495],[17.128774,48.138503],[17.128772,48.138452],[17.128559,48.138487],[17.128668,48.138922],[17.129009,48.139747],[17.129041,48.139827],[17.129332,48.1401],[17.129569,48.140234],[17.129598,48.140254]]]},"properties":{}},{"type":"Feature","geometry":{"type":"Polygon","coordinates":[[[17.130733,48.142787],[17.130753,48.142773],[17.131064,48.142547],[17.131276,48.142459],[17.131384,48.142438],[17.131703,48.142418],[17.132305,48.142373],[17.132345,48.142384],[17.132901,48.144846],[17.132935,48.144987],[17.13297,48.145147],[17.1322,48.145225],[17.132135,48.14518],[17.132059,48.145102],[17.13201,48.144995],[17.131947,48.144887],[17.130733,48.142787]]]},"properties":{}},{"type":"Feature","geometry":{"type":"Polygon","coordinates":[[[17.165617,48.131264],[17.166121,48.131555],[17.16691,48.131522],[17.169079,48.130221],[17.169121,48.130162],[17.16842,48.129931],[17.167553,48.129764],[17.16692,48.12973],[17.166503,48.129762],[17.165655,48.129825],[17.165649,48.12996],[17.165609,48.130868],[17.165617,48.131264]]]},"properties":{}},{"type":"Feature","geometry":{"type":"Polygon","coordinates":[[[17.152296,48.146045],[17.152525,48.145249],[17.152674,48.144735],[17.152599,48.144724],[17.151957,48.144634],[17.15179,48.144699],[17.151748,48.144755],[17.151647,48.145069],[17.151521,48.145059],[17.151362,48.145413],[17.151341,48.14546],[17.151332,48.145479],[17.151246,48.145698],[17.151152,48.145933],[17.151208,48.145942],[17.151186,48.145994],[17.15117,48.146032],[17.151115,48.146023],[17.150784,48.146836],[17.15077,48.146866],[17.15084,48.146867],[17.150824,48.14692],[17.150754,48.14691],[17.150744,48.146935],[17.151655,48.147045],[17.151788,48.147059],[17.151985,48.147081],[17.15203,48.147056],[17.152316,48.14605],[17.152296,48.146045]]]},"properties":{}},{"type":"Feature","geometry":{"type":"Polygon","coordinates":[[[17.200384,48.123465],[17.199952,48.123698],[17.200675,48.124275],[17.201127,48.124057],[17.200384,48.123465]]]},"properties":{}},{"type":"Feature","geometry":{"type":"Polygon","coordinates":[[[17.124563,48.140547],[17.124547,48.14047],[17.124474,48.14003],[17.124471,48.14001],[17.12445,48.139883],[17.124447,48.13987],[17.124443,48.139846],[17.124441,48.139828],[17.12442,48.139704],[17.124413,48.139668],[17.124449,48.139522],[17.123905,48.139579],[17.123776,48.139183],[17.123548,48.139207],[17.120307,48.139463],[17.1189,48.139519],[17.117799,48.139551],[17.117509,48.139631],[17.117499,48.14001],[17.118105,48.139982],[17.118252,48.140066],[17.119171,48.140294],[17.119405,48.140355],[17.119403,48.140401],[17.119413,48.140449],[17.119475,48.140832],[17.119468,48.140864],[17.119454,48.14089],[17.124499,48.140552],[17.124563,48.140547]]]},"properties":{}},{"type":"Feature","geometry":{"type":"Polygon","coordinates":[[[17.125346,48.098579],[17.125267,48.09858],[17.125249,48.09858],[17.124634,48.098591],[17.124983,48.098217],[17.125398,48.097777],[17.125334,48.096627],[17.125282,48.095693],[17.125867,48.095155],[17.126753,48.095133],[17.127649,48.095107],[17.128252,48.095408],[17.128354,48.097162],[17.128378,48.097581],[17.128394,48.097894],[17.12811,48.097902],[17.128129,48.098531],[17.12743,48.098543],[17.126725,48.098556],[17.125398,48.098578],[17.125346,48.098579]]]},"properties":{}},{"type":"Feature","geometry":{"type":"Polygon","coordinates":[[[17.144247,48.141846],[17.144842,48.141827],[17.144909,48.141801],[17.144964,48.141749],[17.14501,48.141749],[17.145077,48.141749],[17.145133,48.141787],[17.145196,48.141812],[17.146726,48.141764],[17.146812,48.141735],[17.146838,48.141684],[17.146906,48.141684],[17.146971,48.141684],[17.147008,48.141725],[17.147094,48.141755],[17.148062,48.141719],[17.148045,48.141506],[17.147007,48.141149],[17.146599,48.141076],[17.146212,48.141044],[17.14589,48.14105],[17.145672,48.141072],[17.145246,48.141139],[17.144659,48.141343],[17.144228,48.141493],[17.144247,48.141846]]]},"properties":{}},{"type":"Feature","geometry":{"type":"Polygon","coordinates":[[[17.149873,48.142469],[17.149618,48.142465],[17.1491,48.142452],[17.14762,48.142422],[17.144899,48.142369],[17.143697,48.142346],[17.141334,48.142301],[17.141353,48.142377],[17.141417,48.142669],[17.141482,48.142948],[17.141491,48.142992],[17.141522,48.14313],[17.141559,48.143284],[17.141584,48.143399],[17.141593,48.143436],[17.141612,48.143519],[17.141616,48.143538],[17.14166,48.143727],[17.141674,48.143794],[17.141718,48.143982],[17.141776,48.144245],[17.14291,48.144131],[17.143032,48.144118],[17.143315,48.144091],[17.143422,48.144123],[17.143471,48.144148],[17.143882,48.144145],[17.144329,48.14415],[17.144562,48.144154],[17.145243,48.144158],[17.146493,48.144209],[17.147579,48.144227],[17.149276,48.144254],[17.149466,48.144258],[17.149669,48.143835],[17.149722,48.142927],[17.149725,48.142868],[17.149845,48.142871],[17.14986,48.142605],[17.149873,48.142469]]]},"properties":{}},{"type":"Feature","geometry":{"type":"Polygon","coordinates":[[[17.119614,48.091126],[17.120695,48.090346],[17.120797,48.088293],[17.120926,48.087508],[17.121189,48.087055],[17.121441,48.086614],[17.121642,48.086248],[17.121865,48.085924],[17.122796,48.084313],[17.123158,48.083768],[17.123616,48.083999],[17.123944,48.084278],[17.124271,48.084747],[17.124355,48.085303],[17.12418,48.086179],[17.124136,48.086328],[17.124119,48.086411],[17.124,48.086419],[17.123775,48.087136],[17.123394,48.088135],[17.122622,48.089725],[17.12248,48.089703],[17.12238,48.089713],[17.122304,48.089768],[17.121567,48.091254],[17.119957,48.09128],[17.119903,48.091259],[17.119614,48.091126]]]},"properties":{}},{"type":"Feature","geometry":{"type":"Polygon","coordinates":[[[17.193611,48.131966],[17.193863,48.13098],[17.193867,48.130935],[17.193853,48.130915],[17.19377,48.130899],[17.1937,48.130856],[17.193652,48.130827],[17.190334,48.13067],[17.190325,48.130735],[17.190232,48.131406],[17.190221,48.131484],[17.190212,48.131552],[17.190203,48.131614],[17.190193,48.131771],[17.191319,48.131832],[17.193611,48.131966]]]},"properties":{}},{"type":"Feature","geometry":{"type":"Polygon","coordinates":[[[17.147033,48.106999],[17.147234,48.105569],[17.147376,48.105585],[17.147545,48.105604],[17.147813,48.105621],[17.1479,48.105639],[17.147938,48.105613],[17.148131,48.105641],[17.148698,48.106588],[17.148779,48.106851],[17.148782,48.107115],[17.147033,48.106999]]]},"properties":{}},{"type":"Feature","geometry":{"type":"Polygon","coordinates":[[[17.124449,48.139522],[17.125146,48.139424],[17.125124,48.139351],[17.125293,48.139328],[17.125277,48.139266],[17.125279,48.139235],[17.125298,48.139208],[17.125332,48.139185],[17.126302,48.13905],[17.126744,48.13904],[17.127134,48.13908],[17.127485,48.139172],[17.127759,48.139254],[17.128138,48.139437],[17.128229,48.139531],[17.128535,48.140248],[17.126536,48.140378],[17.124563,48.140547],[17.124547,48.14047],[17.124474,48.14003],[17.124471,48.14001],[17.12445,48.139883],[17.124447,48.13987],[17.124443,48.139846],[17.124441,48.139828],[17.12442,48.139704],[17.124413,48.139668],[17.124449,48.139522]]]},"properties":{}},{"type":"Feature","geometry":{"type":"Polygon","coordinates":[[[17.110193,48.097475],[17.110618,48.097468],[17.110576,48.096977],[17.110407,48.096981],[17.110403,48.096946],[17.110573,48.096938],[17.110538,48.096488],[17.110384,48.096492],[17.110382,48.096446],[17.110496,48.096443],[17.110533,48.09644],[17.110495,48.096042],[17.110488,48.095963],[17.110482,48.095964],[17.110112,48.095977],[17.110132,48.096306],[17.110144,48.096452],[17.110143,48.0965],[17.110193,48.097475]]]},"properties":{}},{"type":"Feature","geometry":{"type":"Polygon","coordinates":[[[17.125048,48.141845],[17.125397,48.141416],[17.125725,48.140977],[17.125722,48.140925],[17.125819,48.140793],[17.125824,48.140738],[17.125723,48.140695],[17.124775,48.140764],[17.124754,48.140789],[17.124761,48.140844],[17.124824,48.141315],[17.124911,48.141311],[17.124922,48.141383],[17.124948,48.141533],[17.124956,48.141588],[17.124907,48.141807],[17.124938,48.141865],[17.125011,48.141867],[17.125048,48.141845]]]},"properties":{}},{"type":"Feature","geometry":{"type":"Polygon","coordinates":[[[17.117737,48.091432],[17.117678,48.091234],[17.119056,48.091174],[17.119213,48.091054],[17.117609,48.0903],[17.116854,48.089938],[17.115096,48.090018],[17.114526,48.090237],[17.11355,48.091113],[17.113588,48.091582],[17.117737,48.091432]]]},"properties":{}},{"type":"Feature","geometry":{"type":"Polygon","coordinates":[[[17.12047,48.087782],[17.119557,48.088517],[17.118813,48.088952],[17.117763,48.089348],[17.116937,48.089564],[17.116544,48.089623],[17.116002,48.089726],[17.115364,48.089743],[17.115401,48.089905],[17.116918,48.089829],[17.1177,48.090209],[17.118349,48.089957],[17.118504,48.090114],[17.118507,48.090571],[17.119406,48.090534],[17.119614,48.091126],[17.120695,48.090346],[17.120797,48.088293],[17.120926,48.087508],[17.120703,48.08776],[17.12047,48.087782]]]},"properties":{}},{"type":"Feature","geometry":{"type":"Polygon","coordinates":[[[17.125282,48.095693],[17.125867,48.095155],[17.126753,48.095133],[17.127649,48.095107],[17.125467,48.094022],[17.124232,48.093429],[17.123083,48.092849],[17.122691,48.092716],[17.122481,48.092675],[17.122316,48.092677],[17.122082,48.092887],[17.122053,48.093422],[17.121669,48.094162],[17.121435,48.094388],[17.121752,48.094518],[17.121727,48.096147],[17.122018,48.096159],[17.122941,48.096152],[17.123228,48.096068],[17.12388,48.096195],[17.124086,48.09586],[17.124625,48.095722],[17.124805,48.095847],[17.125282,48.095693]]]},"properties":{}},{"type":"Feature","geometry":{"type":"Polygon","coordinates":[[[17.186037,48.106648],[17.18895,48.106744],[17.188958,48.105503],[17.18901,48.104776],[17.189098,48.103545],[17.187087,48.103482],[17.181913,48.103242],[17.183339,48.104501],[17.184974,48.105802],[17.185727,48.106401],[17.186015,48.106631],[17.186037,48.106648]]]},"properties":{}},{"type":"Feature","geometry":{"type":"Polygon","coordinates":[[[17.163083,48.113877],[17.161148,48.111162],[17.159273,48.110853],[17.160428,48.10832],[17.161248,48.106453],[17.162793,48.106754],[17.163109,48.106033],[17.163851,48.106054],[17.163857,48.105978],[17.164022,48.105974],[17.165124,48.10601],[17.165059,48.106162],[17.164957,48.106416],[17.16506,48.106499],[17.165099,48.106524],[17.165167,48.106578],[17.165227,48.106621],[17.164287,48.107164],[17.164199,48.10736],[17.165245,48.107568],[17.164697,48.108837],[17.166135,48.109122],[17.166291,48.109154],[17.16589,48.110075],[17.166619,48.110216],[17.164847,48.114212],[17.16465,48.114175],[17.164895,48.113621],[17.165118,48.113102],[17.164796,48.113036],[17.163559,48.112792],[17.163083,48.113877]]]},"properties":{}},{"type":"Feature","geometry":{"type":"Polygon","coordinates":[[[17.199462,48.112562],[17.201494,48.112711],[17.202358,48.112515],[17.202396,48.112504],[17.202244,48.11213],[17.20178,48.110961],[17.199728,48.110818],[17.199462,48.112562]]]},"properties":{}},{"type":"Feature","geometry":{"type":"Polygon","coordinates":[[[17.197073,48.101016],[17.195683,48.101306],[17.194252,48.101487],[17.193766,48.100444],[17.19467,48.100089],[17.194795,48.099906],[17.195787,48.099711],[17.197155,48.099262],[17.197495,48.099998],[17.196779,48.100215],[17.197073,48.101016]]]},"properties":{}},{"type":"Feature","geometry":{"type":"Polygon","coordinates":[[[17.148489,48.14837],[17.148764,48.148372],[17.148927,48.147759],[17.148788,48.147607],[17.148248,48.147524],[17.148489,48.14837]]]},"properties":{}},{"type":"Feature","geometry":{"type":"Polygon","coordinates":[[[17.156532,48.144331],[17.156526,48.144197],[17.156476,48.143055],[17.156473,48.142986],[17.156459,48.142669],[17.153829,48.142722],[17.153803,48.14295],[17.153811,48.143054],[17.153861,48.144087],[17.153936,48.144087],[17.153936,48.144106],[17.153936,48.144156],[17.15394,48.144276],[17.153942,48.144321],[17.154622,48.144324],[17.155213,48.144326],[17.155268,48.144327],[17.156112,48.144335],[17.156532,48.144331]]]},"properties":{}},{"type":"Feature","geometry":{"type":"Polygon","coordinates":[[[17.124944,48.110043],[17.124461,48.109335],[17.122219,48.110069],[17.122269,48.110379],[17.12241,48.111283],[17.122461,48.111565],[17.12251,48.111854],[17.122517,48.111898],[17.122644,48.111891],[17.123145,48.111857],[17.124439,48.111779],[17.124359,48.111309],[17.124664,48.110958],[17.125688,48.111362],[17.125748,48.111294],[17.125709,48.11125],[17.125719,48.111238],[17.125752,48.111197],[17.125718,48.111183],[17.125735,48.111164],[17.125756,48.11114],[17.125788,48.111152],[17.125831,48.111139],[17.126205,48.110685],[17.126256,48.110703],[17.126349,48.110604],[17.12637,48.110582],[17.126506,48.110376],[17.126373,48.110057],[17.126061,48.109639],[17.125809,48.109735],[17.124944,48.110043]]]},"properties":{}},{"type":"Feature","geometry":{"type":"Polygon","coordinates":[[[17.161995,48.136398],[17.161174,48.136453],[17.161283,48.136726],[17.16149,48.136893],[17.161749,48.136961],[17.16184,48.137198],[17.161994,48.137457],[17.161233,48.137832],[17.161934,48.138379],[17.162293,48.138632],[17.16222,48.13867],[17.162507,48.138895],[17.162958,48.1387],[17.162533,48.138166],[17.162177,48.137604],[17.162114,48.137184],[17.162092,48.137091],[17.16208,48.137031],[17.162075,48.136952],[17.162074,48.136949],[17.162014,48.136953],[17.162007,48.136912],[17.161907,48.136919],[17.161901,48.136881],[17.161925,48.136879],[17.161922,48.136864],[17.162059,48.136854],[17.162046,48.13677],[17.161995,48.136398]]]},"properties":{}},{"type":"Feature","geometry":{"type":"Polygon","coordinates":[[[17.16042,48.11784],[17.161166,48.117265],[17.162002,48.116607],[17.162116,48.116559],[17.16226,48.116535],[17.162477,48.116538],[17.162935,48.116572],[17.163628,48.116807],[17.163767,48.116889],[17.163838,48.116985],[17.163862,48.117064],[17.163854,48.117163],[17.163474,48.118016],[17.163279,48.118468],[17.163167,48.118745],[17.162166,48.118601],[17.162273,48.118328],[17.162239,48.118321],[17.162206,48.118315],[17.162253,48.118201],[17.161335,48.118061],[17.161219,48.118174],[17.16042,48.11784]]]},"properties":{}},{"type":"Feature","geometry":{"type":"Polygon","coordinates":[[[17.125625,48.146183],[17.124437,48.146341],[17.124149,48.146246],[17.123907,48.14556],[17.123587,48.144708],[17.123584,48.144641],[17.123619,48.14461],[17.123665,48.144584],[17.123707,48.144584],[17.127559,48.145833],[17.127594,48.145929],[17.127512,48.146001],[17.125625,48.146183]]]},"properties":{}},{"type":"Feature","geometry":{"type":"Polygon","coordinates":[[[17.129833,48.144795],[17.129849,48.144799],[17.129894,48.144814],[17.130276,48.144368],[17.131226,48.144687],[17.131583,48.145238],[17.131607,48.145273],[17.131567,48.145398],[17.131555,48.145432],[17.131111,48.14555],[17.130745,48.145598],[17.129362,48.145742],[17.129211,48.145748],[17.128796,48.145795],[17.128602,48.145812],[17.128503,48.145801],[17.12838,48.145795],[17.128283,48.145787],[17.128335,48.145685],[17.128371,48.14561],[17.129055,48.144654],[17.129247,48.14466],[17.129318,48.144638],[17.129833,48.144795]]]},"properties":{}},{"type":"Feature","geometry":{"type":"Polygon","coordinates":[[[17.135464,48.142244],[17.135513,48.142476],[17.135538,48.142587],[17.135558,48.142685],[17.135603,48.142883],[17.135648,48.143078],[17.135654,48.143104],[17.135851,48.143069],[17.136093,48.143048],[17.136114,48.143129],[17.136065,48.143135],[17.136155,48.143514],[17.13629,48.143501],[17.136347,48.143752],[17.136213,48.143767],[17.136273,48.144037],[17.136298,48.14434],[17.136117,48.144358],[17.136153,48.144516],[17.136207,48.144748],[17.136214,48.144813],[17.136454,48.144789],[17.136489,48.144785],[17.136797,48.144755],[17.136836,48.144751],[17.136856,48.144749],[17.13761,48.144675],[17.137647,48.14467],[17.138205,48.144614],[17.138273,48.144607],[17.138341,48.144598],[17.13923,48.144507],[17.139239,48.144506],[17.139301,48.144501],[17.139775,48.14445],[17.140091,48.144418],[17.140025,48.14413],[17.140438,48.144081],[17.140341,48.143659],[17.140339,48.143652],[17.140244,48.143229],[17.140182,48.142976],[17.140102,48.142622],[17.139943,48.142602],[17.139739,48.142107],[17.13885,48.142142],[17.138545,48.14215],[17.138354,48.142156],[17.136704,48.142206],[17.136651,48.142207],[17.136458,48.142344],[17.136329,48.142344],[17.13633,48.1424],[17.13619,48.142402],[17.13619,48.142377],[17.135928,48.142382],[17.135799,48.142238],[17.135464,48.142244]]]},"properties":{}},{"type":"Feature","geometry":{"type":"Polygon","coordinates":[[[17.128059,48.145812],[17.127108,48.145512],[17.127069,48.145499],[17.127524,48.144875],[17.128479,48.14519],[17.128105,48.145742],[17.128059,48.145812]]]},"properties":{}},{"type":"Feature","geometry":{"type":"Polygon","coordinates":[[[17.129624,48.146046],[17.127399,48.146285],[17.126188,48.146414],[17.126351,48.14657],[17.126415,48.146844],[17.126579,48.147525],[17.126664,48.147568],[17.127448,48.14778],[17.128715,48.1481],[17.128763,48.148081],[17.128757,48.148065],[17.128669,48.147673],[17.128648,48.147588],[17.129505,48.147497],[17.129505,48.147504],[17.130592,48.147378],[17.130598,48.1474],[17.130808,48.14738],[17.130834,48.147394],[17.131078,48.146749],[17.13132,48.1461],[17.131316,48.146046],[17.131297,48.146005],[17.131106,48.145897],[17.129624,48.146046]]]},"properties":{}},{"type":"Feature","geometry":{"type":"Polygon","coordinates":[[[17.133321,48.147988],[17.133135,48.147666],[17.132777,48.147051],[17.131565,48.14736],[17.1316,48.147419],[17.131625,48.147463],[17.131844,48.147837],[17.131962,48.148041],[17.132041,48.148177],[17.132084,48.148252],[17.132174,48.148228],[17.132283,48.148201],[17.132405,48.14817],[17.132464,48.148155],[17.132947,48.148036],[17.132978,48.14808],[17.133321,48.147988]]]},"properties":{}},{"type":"Feature","geometry":{"type":"Polygon","coordinates":[[[17.11794,48.093607],[17.117877,48.092573],[17.117874,48.092529],[17.117868,48.092462],[17.117815,48.091782],[17.117889,48.091779],[17.119274,48.091729],[17.119339,48.091728],[17.119381,48.092469],[17.119258,48.092623],[17.11942,48.092821],[17.119478,48.093449],[17.118718,48.09357],[17.118104,48.093606],[17.11794,48.093607]]]},"properties":{}},{"type":"Feature","geometry":{"type":"Polygon","coordinates":[[[17.1313,48.092665],[17.131969,48.092646],[17.131964,48.092578],[17.131953,48.092377],[17.131281,48.092395],[17.1313,48.092665]]]},"properties":{}},{"type":"Feature","geometry":{"type":"Polygon","coordinates":[[[17.115785,48.122457],[17.115694,48.122487],[17.114811,48.122548],[17.11478,48.122124],[17.115814,48.122088],[17.115817,48.122107],[17.115819,48.122152],[17.115833,48.122178],[17.115847,48.122394],[17.115837,48.12242],[17.115785,48.122457]]]},"properties":{}},{"type":"Feature","geometry":{"type":"Polygon","coordinates":[[[17.119056,48.091174],[17.117678,48.091234],[17.117737,48.091432],[17.117739,48.091394],[17.11906,48.091346],[17.119064,48.091336],[17.119055,48.091187],[17.119056,48.091174]]]},"properties":{}},{"type":"Feature","geometry":{"type":"Polygon","coordinates":[[[17.190713,48.135934],[17.190704,48.136047],[17.19153,48.13609],[17.191488,48.136364],[17.192844,48.136425],[17.192832,48.136545],[17.192806,48.13669],[17.193499,48.136721],[17.193478,48.136453],[17.193471,48.136384],[17.193461,48.136059],[17.193453,48.135872],[17.193103,48.135866],[17.193071,48.13605],[17.190713,48.135934]]]},"properties":{}},{"type":"Feature","geometry":{"type":"Polygon","coordinates":[[[17.189447,48.135269],[17.189408,48.135102],[17.189408,48.135066],[17.191023,48.135143],[17.191023,48.135009],[17.1894,48.134935],[17.189376,48.134878],[17.189352,48.134805],[17.191857,48.134926],[17.19182,48.135188],[17.191785,48.135378],[17.191162,48.135359],[17.189447,48.135269]]]},"properties":{}},{"type":"Feature","geometry":{"type":"Polygon","coordinates":[[[17.193407,48.134214],[17.193415,48.133604],[17.19129,48.133491],[17.191218,48.134104],[17.193407,48.134214]]]},"properties":{}},{"type":"Feature","geometry":{"type":"Polygon","coordinates":[[[17.193752,48.132637],[17.194585,48.132676],[17.194529,48.133068],[17.194733,48.133272],[17.19469,48.133659],[17.194276,48.133636],[17.194043,48.134728],[17.193649,48.134721],[17.193609,48.134218],[17.19362,48.133588],[17.193752,48.132637]]]},"properties":{}},{"type":"Feature","geometry":{"type":"Polygon","coordinates":[[[17.193884,48.131966],[17.194014,48.131556],[17.194718,48.131592],[17.195696,48.131632],[17.195718,48.131542],[17.195916,48.13156],[17.196191,48.131586],[17.196154,48.131657],[17.196014,48.131925],[17.195987,48.131974],[17.194995,48.131919],[17.194935,48.131917],[17.194921,48.132022],[17.193884,48.131966]]]},"properties":{}},{"type":"Feature","geometry":{"type":"Polygon","coordinates":[[[17.120168,48.129238],[17.119841,48.129251],[17.11959,48.12926],[17.119626,48.129742],[17.119795,48.129805],[17.119789,48.129906],[17.119788,48.12994],[17.120014,48.129975],[17.121172,48.130324],[17.12119,48.130239],[17.121189,48.129861],[17.121186,48.129578],[17.121174,48.129415],[17.121139,48.129005],[17.121128,48.12889],[17.120576,48.128912],[17.120147,48.128926],[17.120145,48.128962],[17.120168,48.129238]]]},"properties":{}},{"type":"Feature","geometry":{"type":"Polygon","coordinates":[[[17.133629,48.122836],[17.134247,48.122818],[17.134451,48.122809],[17.134959,48.122142],[17.134972,48.122147],[17.134975,48.122142],[17.135129,48.122196],[17.135195,48.122104],[17.136256,48.120716],[17.13613,48.120662],[17.136089,48.120467],[17.136073,48.120345],[17.135375,48.120112],[17.135341,48.120102],[17.135166,48.12004],[17.135125,48.120293],[17.135101,48.120412],[17.135085,48.12045],[17.134996,48.12073],[17.134904,48.121046],[17.134825,48.121154],[17.134851,48.121162],[17.134724,48.121335],[17.134756,48.121352],[17.134327,48.121922],[17.133629,48.122836]]]},"properties":{}},{"type":"Feature","geometry":{"type":"Polygon","coordinates":[[[17.13565,48.145421],[17.137711,48.145211],[17.137939,48.146212],[17.137889,48.146237],[17.135716,48.145714],[17.13565,48.145421]]]},"properties":{}},{"type":"Feature","geometry":{"type":"Polygon","coordinates":[[[17.145984,48.147752],[17.146714,48.147511],[17.146847,48.147478],[17.147119,48.147483],[17.147594,48.147492],[17.148209,48.147503],[17.148892,48.147515],[17.148893,48.147505],[17.148894,48.147446],[17.148897,48.147398],[17.1489,48.147323],[17.148902,48.147277],[17.148906,48.147179],[17.14898,48.146484],[17.149051,48.146487],[17.149059,48.146318],[17.149072,48.146049],[17.149074,48.145966],[17.148963,48.145965],[17.148659,48.145958],[17.14863,48.145957],[17.14853,48.145955],[17.14823,48.145947],[17.14802,48.145944],[17.147977,48.145944],[17.147315,48.145933],[17.147282,48.145932],[17.146995,48.145926],[17.146896,48.145924],[17.146904,48.145939],[17.146794,48.145707],[17.146216,48.145785],[17.146173,48.145946],[17.146148,48.146226],[17.146127,48.146484],[17.146111,48.146671],[17.146066,48.147209],[17.146064,48.147238],[17.146049,48.14725],[17.146012,48.147501],[17.145984,48.147752]]]},"properties":{}},{"type":"Feature","geometry":{"type":"Polygon","coordinates":[[[17.147315,48.145933],[17.147333,48.145197],[17.147354,48.144656],[17.147688,48.144651],[17.148169,48.144661],[17.14818,48.144668],[17.148264,48.144671],[17.148371,48.144672],[17.148707,48.144679],[17.148707,48.14469],[17.148659,48.145958],[17.14863,48.145957],[17.14853,48.145955],[17.14823,48.145947],[17.14802,48.145944],[17.147977,48.145944],[17.147315,48.145933]]]},"properties":{}},{"type":"Feature","geometry":{"type":"Polygon","coordinates":[[[17.137869,48.145193],[17.137917,48.145399],[17.138003,48.145546],[17.138161,48.146276],[17.1406,48.146863],[17.140576,48.14673],[17.140452,48.146152],[17.140384,48.145841],[17.140412,48.145658],[17.14042,48.145606],[17.140435,48.14554],[17.139512,48.145642],[17.139475,48.145436],[17.139391,48.145058],[17.139386,48.145038],[17.137869,48.145193]]]},"properties":{}},{"type":"Feature","geometry":{"type":"Polygon","coordinates":[[[17.129692,48.142037],[17.129595,48.141887],[17.12861,48.140255],[17.128311,48.139541],[17.128061,48.138755],[17.127976,48.138574],[17.126151,48.13886],[17.124482,48.139111],[17.123776,48.139183],[17.123548,48.139207],[17.120307,48.139463],[17.1189,48.139519],[17.117799,48.139551],[17.117509,48.139631],[17.117499,48.14001],[17.118105,48.139982],[17.118252,48.140066],[17.119171,48.140294],[17.119405,48.140355],[17.119403,48.140401],[17.119413,48.140449],[17.119475,48.140832],[17.119468,48.140864],[17.119454,48.14089],[17.124499,48.140552],[17.124563,48.140547],[17.124754,48.140789],[17.124761,48.140844],[17.124824,48.141315],[17.124911,48.141311],[17.124922,48.141383],[17.124948,48.141533],[17.124956,48.141588],[17.124907,48.141807],[17.125022,48.142417],[17.129491,48.142085],[17.129692,48.142037]]]},"properties":{}},{"type":"Feature","geometry":{"type":"Polygon","coordinates":[[[17.124281,48.143164],[17.124337,48.143202],[17.124581,48.143285],[17.124664,48.143315],[17.12472,48.143341],[17.124814,48.143379],[17.125139,48.143495],[17.125231,48.143557],[17.125353,48.143507],[17.125795,48.142943],[17.125884,48.142815],[17.125462,48.14268],[17.125137,48.14271],[17.12504,48.142678],[17.12492,48.142679],[17.124848,48.142673],[17.124759,48.142674],[17.124672,48.142683],[17.124632,48.1427],[17.124595,48.142731],[17.124281,48.143164]]]},"properties":{}},{"type":"Feature","geometry":{"type":"Polygon","coordinates":[[[17.1042,48.143735],[17.10442,48.143791],[17.104603,48.143843],[17.104688,48.143754],[17.104728,48.143713],[17.104784,48.143655],[17.104839,48.143598],[17.104858,48.143576],[17.104878,48.143554],[17.104938,48.143473],[17.104827,48.143436],[17.104806,48.143433],[17.104717,48.143425],[17.104726,48.143362],[17.104628,48.143342],[17.104413,48.143299],[17.104283,48.143273],[17.10427,48.143271],[17.104213,48.143645],[17.1042,48.143735]]]},"properties":{}},{"type":"Feature","geometry":{"type":"Polygon","coordinates":[[[17.156584,48.13514],[17.157577,48.135937],[17.157868,48.135778],[17.158348,48.135525],[17.158236,48.135329],[17.157903,48.134937],[17.1576,48.134744],[17.157507,48.134628],[17.156584,48.13514]]]},"properties":{}},{"type":"Feature","geometry":{"type":"Polygon","coordinates":[[[17.1345,48.142734],[17.13487,48.142704],[17.13484,48.142537],[17.134977,48.142527],[17.135025,48.142395],[17.134993,48.142258],[17.134926,48.142258],[17.134732,48.142266],[17.13461,48.142271],[17.134528,48.142275],[17.134435,48.142279],[17.134347,48.14228],[17.134335,48.142281],[17.134075,48.142291],[17.134028,48.142306],[17.133995,48.142331],[17.133989,48.142358],[17.133982,48.14241],[17.134021,48.142578],[17.134046,48.14259],[17.134075,48.142594],[17.134102,48.142698],[17.134058,48.142726],[17.13406,48.142769],[17.1345,48.142734]]]},"properties":{}},{"type":"Feature","geometry":{"type":"Polygon","coordinates":[[[17.128863,48.143497],[17.129535,48.143721],[17.129642,48.143737],[17.1297,48.143739],[17.12974,48.14373],[17.130052,48.143447],[17.130325,48.143272],[17.130382,48.143252],[17.130399,48.143221],[17.130403,48.143199],[17.13019,48.142832],[17.129961,48.142496],[17.129884,48.142448],[17.129802,48.142414],[17.129676,48.142389],[17.12923,48.142406],[17.129243,48.142516],[17.128543,48.142511],[17.128479,48.142889],[17.12915,48.143109],[17.128863,48.143497]]]},"properties":{}},{"type":"Feature","geometry":{"type":"Polygon","coordinates":[[[17.187491,48.129004],[17.187408,48.12916],[17.187182,48.129569],[17.186982,48.129966],[17.187056,48.129982],[17.1872,48.130009],[17.18717,48.130072],[17.187732,48.130206],[17.187875,48.130253],[17.187853,48.130228],[17.187853,48.130199],[17.187952,48.130102],[17.187999,48.130068],[17.188059,48.130057],[17.188325,48.130051],[17.189121,48.130068],[17.190292,48.130009],[17.190428,48.130001],[17.190593,48.129961],[17.190696,48.12993],[17.190835,48.129858],[17.191784,48.129101],[17.191668,48.129098],[17.189417,48.129025],[17.187693,48.128969],[17.187491,48.129004]]]},"properties":{}},{"type":"Feature","geometry":{"type":"Polygon","coordinates":[[[17.105311,48.134651],[17.105229,48.13464],[17.105145,48.134607],[17.105021,48.134512],[17.105037,48.134287],[17.105075,48.134167],[17.105148,48.13394],[17.105279,48.133694],[17.105403,48.13353],[17.105767,48.13312],[17.106073,48.13283],[17.106109,48.132798],[17.106212,48.132709],[17.106258,48.132669],[17.106527,48.132421],[17.106617,48.132339],[17.106657,48.132304],[17.1067,48.13227],[17.106798,48.132193],[17.106863,48.132148],[17.106936,48.132106],[17.107054,48.132045],[17.107188,48.13199],[17.107431,48.131932],[17.107452,48.131934],[17.107871,48.131898],[17.108573,48.131878],[17.108578,48.131904],[17.108579,48.131917],[17.109567,48.13188],[17.109635,48.131877],[17.110398,48.13185],[17.11049,48.131865],[17.110532,48.131873],[17.110574,48.131883],[17.110739,48.13194],[17.110881,48.131989],[17.110932,48.132],[17.110977,48.132001],[17.111041,48.131992],[17.111087,48.131978],[17.111124,48.13196],[17.111142,48.131934],[17.111212,48.131969],[17.111276,48.131974],[17.111239,48.132017],[17.111218,48.132064],[17.111213,48.13211],[17.111219,48.132151],[17.111243,48.132188],[17.111281,48.132218],[17.11128,48.132274],[17.111278,48.132298],[17.111275,48.132317],[17.111269,48.132331],[17.111257,48.132353],[17.111225,48.132415],[17.111158,48.132438],[17.111103,48.132475],[17.111049,48.132523],[17.110986,48.132661],[17.110876,48.132791],[17.109284,48.133377],[17.108763,48.133574],[17.107767,48.134003],[17.107475,48.134036],[17.107184,48.134036],[17.106912,48.133997],[17.106098,48.134564],[17.105948,48.134649],[17.105628,48.134627],[17.105479,48.134631],[17.105311,48.134651]]]},"properties":{}},{"type":"Feature","geometry":{"type":"Polygon","coordinates":[[[17.183768,48.128327],[17.183704,48.128325],[17.183686,48.128325],[17.183625,48.12943],[17.183621,48.129499],[17.18374,48.129509],[17.184175,48.129546],[17.18492,48.12958],[17.184915,48.129647],[17.18574,48.129772],[17.186525,48.12989],[17.186704,48.129643],[17.187447,48.128448],[17.185351,48.128379],[17.183808,48.128328],[17.183768,48.128327]]]},"properties":{}},{"type":"Feature","geometry":{"type":"Polygon","coordinates":[[[17.180514,48.144668],[17.180527,48.144604],[17.179151,48.144493],[17.179074,48.144616],[17.178878,48.145],[17.179534,48.145586],[17.179555,48.145626],[17.180052,48.146112],[17.180212,48.146324],[17.180465,48.146196],[17.18053,48.146107],[17.180561,48.146083],[17.180649,48.146044],[17.180413,48.145766],[17.180498,48.145724],[17.180097,48.145315],[17.179879,48.145428],[17.179813,48.145372],[17.179749,48.145317],[17.179944,48.14522],[17.179644,48.144879],[17.180514,48.144668]]]},"properties":{}},{"type":"Feature","geometry":{"type":"Polygon","coordinates":[[[17.179151,48.144493],[17.179243,48.144007],[17.179427,48.142981],[17.17947,48.142743],[17.179477,48.142702],[17.181514,48.142871],[17.181436,48.143229],[17.181491,48.143392],[17.181476,48.143486],[17.183092,48.143612],[17.183409,48.143997],[17.181983,48.14472],[17.180931,48.144637],[17.180527,48.144604],[17.179151,48.144493]]]},"properties":{}},{"type":"Feature","geometry":{"type":"Polygon","coordinates":[[[17.108402,48.11112],[17.108396,48.110904],[17.108725,48.110863],[17.109086,48.110754],[17.109732,48.110731],[17.108402,48.11112]]]},"properties":{}},{"type":"Feature","geometry":{"type":"Polygon","coordinates":[[[17.154105,48.124865],[17.154106,48.124826],[17.154518,48.123279],[17.155236,48.122886],[17.155958,48.122772],[17.158283,48.123049],[17.158462,48.123194],[17.158307,48.123782],[17.158516,48.123802],[17.158459,48.124001],[17.158432,48.124093],[17.158602,48.124111],[17.158989,48.124856],[17.159301,48.125453],[17.159057,48.125423],[17.157577,48.125243],[17.157514,48.125007],[17.157005,48.124942],[17.156496,48.124875],[17.156305,48.125107],[17.155959,48.125233],[17.154629,48.12503],[17.154424,48.124905],[17.154105,48.124865]]]},"properties":{}},{"type":"Feature","geometry":{"type":"Polygon","coordinates":[[[17.158956,48.142948],[17.158948,48.142627],[17.160547,48.1426],[17.160556,48.142922],[17.160441,48.142924],[17.159679,48.142937],[17.159635,48.142938],[17.158956,48.142948]]]},"properties":{}},{"type":"Feature","geometry":{"type":"Polygon","coordinates":[[[17.15761,48.144204],[17.157859,48.144267],[17.157866,48.144488],[17.157822,48.144594],[17.15654,48.144481],[17.156532,48.144331],[17.156526,48.144197],[17.157463,48.144185],[17.15761,48.144204]]]},"properties":{}},{"type":"Feature","geometry":{"type":"Polygon","coordinates":[[[17.188294,48.131304],[17.188465,48.131569],[17.190127,48.131652],[17.190203,48.131614],[17.190212,48.131552],[17.190221,48.131484],[17.190232,48.131406],[17.189401,48.131362],[17.189371,48.131361],[17.18837,48.131308],[17.188294,48.131304]]]},"properties":{}},{"type":"Feature","geometry":{"type":"Polygon","coordinates":[[[17.187541,48.130772],[17.187613,48.130734],[17.18758,48.130704],[17.187516,48.130646],[17.187544,48.13063],[17.187375,48.1305],[17.18721,48.130414],[17.187141,48.130465],[17.187033,48.130535],[17.186982,48.130569],[17.186923,48.130607],[17.186873,48.13064],[17.186821,48.130674],[17.186687,48.130762],[17.186769,48.130842],[17.186809,48.130881],[17.186851,48.130923],[17.186891,48.130961],[17.186933,48.131003],[17.186992,48.13106],[17.187234,48.130936],[17.187541,48.130772]]]},"properties":{}},{"type":"Feature","geometry":{"type":"Polygon","coordinates":[[[17.105655,48.110996],[17.105661,48.111336],[17.106751,48.111334],[17.106755,48.111433],[17.107544,48.111418],[17.1076,48.111417],[17.107584,48.110937],[17.105655,48.110996]]]},"properties":{}},{"type":"Feature","geometry":{"type":"Polygon","coordinates":[[[17.109748,48.110405],[17.110023,48.110342],[17.110179,48.110298],[17.110375,48.110132],[17.110581,48.110146],[17.110462,48.110341],[17.110923,48.110431],[17.111203,48.110433],[17.111214,48.110659],[17.109732,48.110731],[17.109748,48.110405]]]},"properties":{}},{"type":"Feature","geometry":{"type":"Polygon","coordinates":[[[17.109732,48.110731],[17.109086,48.110754],[17.108725,48.110863],[17.108396,48.110904],[17.10819,48.110827],[17.108166,48.110443],[17.109748,48.110405],[17.109732,48.110731]]]},"properties":{}},{"type":"Feature","geometry":{"type":"Polygon","coordinates":[[[17.13497,48.143493],[17.134985,48.143561],[17.134858,48.143574],[17.134858,48.143578],[17.134871,48.143632],[17.134888,48.143699],[17.134775,48.143711],[17.134842,48.143982],[17.135292,48.143935],[17.135312,48.144005],[17.135651,48.143971],[17.135527,48.143423],[17.13497,48.143493]]]},"properties":{}},{"type":"Feature","geometry":{"type":"Polygon","coordinates":[[[17.193562,48.119608],[17.190476,48.119521],[17.190411,48.120526],[17.190052,48.120515],[17.190037,48.120714],[17.18986,48.120708],[17.189864,48.120645],[17.189707,48.120638],[17.189705,48.120507],[17.189457,48.120499],[17.189454,48.120521],[17.189381,48.120522],[17.189377,48.120605],[17.188842,48.12059],[17.188833,48.120683],[17.187792,48.120637],[17.187793,48.120664],[17.187676,48.120662],[17.187675,48.12064],[17.186798,48.120615],[17.18681,48.12044],[17.186007,48.120422],[17.186,48.120588],[17.185145,48.120562],[17.185158,48.120391],[17.184584,48.12037],[17.184577,48.120435],[17.18402,48.120411],[17.184024,48.120325],[17.181065,48.120277],[17.181035,48.120539],[17.177935,48.1204],[17.178858,48.109351],[17.191173,48.109703],[17.191034,48.111708],[17.190891,48.113798],[17.190824,48.114873],[17.190613,48.11813],[17.191015,48.118149],[17.190984,48.118836],[17.193614,48.118919],[17.193562,48.119608]]]},"properties":{}},{"type":"Feature","geometry":{"type":"Polygon","coordinates":[[[17.126571,48.151635],[17.126008,48.151655],[17.125992,48.151613],[17.125985,48.15156],[17.125826,48.150931],[17.125735,48.150639],[17.125642,48.150444],[17.125298,48.149351],[17.125217,48.149116],[17.124784,48.147753],[17.124754,48.147655],[17.124791,48.147635],[17.124943,48.147583],[17.125471,48.147509],[17.125474,48.147521],[17.125529,48.14769],[17.125657,48.148106],[17.125691,48.148215],[17.125896,48.148188],[17.125927,48.148299],[17.125715,48.148328],[17.125745,48.148432],[17.12571,48.148557],[17.125864,48.149068],[17.125865,48.149072],[17.125981,48.149442],[17.125909,48.149454],[17.126399,48.15085],[17.126459,48.151012],[17.126418,48.151032],[17.126476,48.151264],[17.126509,48.151392],[17.126537,48.1515],[17.126571,48.151635]]]},"properties":{}},{"type":"Feature","geometry":{"type":"Polygon","coordinates":[[[17.16465,48.114175],[17.163989,48.114051],[17.163083,48.113877],[17.163559,48.112792],[17.164796,48.113036],[17.165118,48.113102],[17.164895,48.113621],[17.16465,48.114175]]]},"properties":{}},{"type":"Feature","geometry":{"type":"Polygon","coordinates":[[[17.165245,48.107568],[17.16686,48.107891],[17.166899,48.107804],[17.167347,48.107901],[17.167214,48.108268],[17.16679,48.108423],[17.166474,48.10837],[17.166135,48.109122],[17.164697,48.108837],[17.165245,48.107568]]]},"properties":{}},{"type":"Feature","geometry":{"type":"Polygon","coordinates":[[[17.165167,48.106578],[17.165557,48.10644],[17.166046,48.106344],[17.166593,48.106313],[17.16694,48.106337],[17.167293,48.10638],[17.167684,48.106471],[17.168077,48.106606],[17.167527,48.107582],[17.167347,48.107901],[17.166899,48.107804],[17.16686,48.107891],[17.165245,48.107568],[17.164199,48.10736],[17.164287,48.107164],[17.165227,48.106621],[17.165167,48.106578]]]},"properties":{}},{"type":"Feature","geometry":{"type":"Polygon","coordinates":[[[17.154698,48.144513],[17.154655,48.144939],[17.154671,48.145638],[17.155188,48.145685],[17.155655,48.14568],[17.155797,48.14483],[17.155824,48.144678],[17.155825,48.144665],[17.155758,48.144662],[17.155696,48.144659],[17.15571,48.144536],[17.154848,48.144496],[17.154698,48.144513]]]},"properties":{}},{"type":"Feature","geometry":{"type":"Polygon","coordinates":[[[17.124577,48.091825],[17.124858,48.091958],[17.125797,48.09114],[17.124812,48.091091],[17.124539,48.091043],[17.125097,48.091301],[17.124577,48.091825]]]},"properties":{}},{"type":"Feature","geometry":{"type":"Polygon","coordinates":[[[17.125242,48.103969],[17.125156,48.10416],[17.126202,48.104015],[17.127075,48.104099],[17.127251,48.103805],[17.126519,48.103628],[17.126163,48.103809],[17.125785,48.103931],[17.125659,48.103796],[17.125242,48.103969]]]},"properties":{}},{"type":"Feature","geometry":{"type":"Polygon","coordinates":[[[17.125659,48.103796],[17.125527,48.103654],[17.125377,48.102956],[17.125147,48.102859],[17.124997,48.102879],[17.125185,48.1039],[17.125156,48.103961],[17.124815,48.103944],[17.124784,48.104173],[17.125156,48.10416],[17.125242,48.103969],[17.125659,48.103796]]]},"properties":{}},{"type":"Feature","geometry":{"type":"Polygon","coordinates":[[[17.124997,48.102879],[17.124541,48.102913],[17.124549,48.103064],[17.124532,48.103159],[17.124503,48.103325],[17.124413,48.103414],[17.123928,48.103739],[17.123772,48.103851],[17.12372,48.103888],[17.124815,48.103944],[17.125156,48.103961],[17.125185,48.1039],[17.124997,48.102879]]]},"properties":{}},{"type":"Feature","geometry":{"type":"Polygon","coordinates":[[[17.162958,48.1387],[17.163142,48.138912],[17.163365,48.139125],[17.163538,48.139163],[17.164311,48.139587],[17.164727,48.139801],[17.164825,48.139759],[17.164925,48.139695],[17.164901,48.139662],[17.164571,48.139075],[17.164339,48.138674],[17.164294,48.138484],[17.163855,48.136272],[17.161995,48.136398],[17.162046,48.13677],[17.162059,48.136854],[17.161922,48.136864],[17.161925,48.136879],[17.161901,48.136881],[17.161907,48.136919],[17.162007,48.136912],[17.162014,48.136953],[17.162074,48.136949],[17.162075,48.136952],[17.16208,48.137031],[17.162092,48.137091],[17.162114,48.137184],[17.162177,48.137604],[17.162533,48.138166],[17.162958,48.1387]]]},"properties":{}},{"type":"Feature","geometry":{"type":"Polygon","coordinates":[[[17.168529,48.106215],[17.168575,48.106209],[17.168624,48.106179],[17.170197,48.106225],[17.169914,48.106487],[17.169654,48.106739],[17.168894,48.107555],[17.168814,48.107618],[17.168735,48.107652],[17.168638,48.107675],[17.168664,48.107714],[17.168682,48.107743],[17.168571,48.107863],[17.168538,48.107875],[17.168497,48.107887],[17.168523,48.107974],[17.168518,48.108072],[17.168467,48.108175],[17.167552,48.107956],[17.167713,48.107654],[17.168267,48.106614],[17.168379,48.106394],[17.168529,48.106215]]]},"properties":{}},{"type":"Feature","geometry":{"type":"Polygon","coordinates":[[[17.159861,48.136328],[17.160736,48.136337],[17.160907,48.136441],[17.161031,48.136709],[17.161092,48.13684],[17.161195,48.136941],[17.161309,48.13702],[17.161427,48.137088],[17.161234,48.137149],[17.161002,48.137239],[17.160777,48.137352],[17.16065,48.137437],[17.160259,48.137305],[17.159795,48.137183],[17.159821,48.136966],[17.159864,48.136768],[17.159861,48.136328]]]},"properties":{}},{"type":"Feature","geometry":{"type":"Polygon","coordinates":[[[17.162623,48.149849],[17.163001,48.149866],[17.163108,48.149812],[17.163122,48.149289],[17.162692,48.149265],[17.162632,48.149648],[17.162552,48.149719],[17.162527,48.149786],[17.162623,48.149849]]]},"properties":{}},{"type":"Feature","geometry":{"type":"Polygon","coordinates":[[[17.189278,48.131719],[17.188599,48.131681],[17.188708,48.131895],[17.189248,48.131925],[17.189278,48.131719]]]},"properties":{}},{"type":"Feature","geometry":{"type":"Polygon","coordinates":[[[17.188925,48.13402],[17.188916,48.134082],[17.18888,48.134622],[17.188871,48.135086],[17.18923,48.135116],[17.189307,48.135193],[17.189682,48.136836],[17.189782,48.136915],[17.189936,48.137512],[17.190114,48.137504],[17.190359,48.137771],[17.190482,48.137906],[17.190521,48.138079],[17.190475,48.138084],[17.190519,48.138332],[17.190303,48.138392],[17.18993,48.138517],[17.189537,48.138312],[17.18921,48.138123],[17.188778,48.137865],[17.188545,48.13771],[17.188048,48.137409],[17.187158,48.136885],[17.186563,48.136607],[17.185833,48.136306],[17.185844,48.136142],[17.186063,48.136028],[17.186454,48.135826],[17.186812,48.13555],[17.187,48.135262],[17.187201,48.135274],[17.187238,48.134892],[17.187296,48.134895],[17.187318,48.13473],[17.187615,48.134448],[17.187662,48.134369],[17.187837,48.134214],[17.188186,48.134062],[17.188925,48.13402]]]},"properties":{}},{"type":"Feature","geometry":{"type":"Polygon","coordinates":[[[17.111836,48.094221],[17.114768,48.094115],[17.114787,48.094344],[17.114225,48.094363],[17.11337,48.094414],[17.112947,48.094435],[17.112606,48.094471],[17.11245,48.094516],[17.111869,48.094237],[17.111836,48.094221]]]},"properties":{}},{"type":"Feature","geometry":{"type":"Polygon","coordinates":[[[17.157614,48.145919],[17.159362,48.14606],[17.159536,48.145927],[17.159543,48.145881],[17.159606,48.14551],[17.159602,48.145508],[17.159616,48.145419],[17.15964,48.145426],[17.159646,48.14539],[17.159649,48.145359],[17.159668,48.145263],[17.159711,48.145202],[17.159824,48.144902],[17.159172,48.144845],[17.158376,48.144775],[17.157819,48.144726],[17.157798,48.144822],[17.157661,48.145626],[17.157624,48.145841],[17.157616,48.145889],[17.157614,48.145919]]]},"properties":{}},{"type":"Feature","geometry":{"type":"Polygon","coordinates":[[[17.112091,48.14956],[17.11264,48.149379],[17.112779,48.149517],[17.112873,48.149474],[17.113171,48.149731],[17.112551,48.150041],[17.112322,48.150115],[17.112289,48.150086],[17.11219,48.150129],[17.111722,48.149711],[17.111726,48.149692],[17.112091,48.14956]]]},"properties":{}},{"type":"Feature","geometry":{"type":"Polygon","coordinates":[[[17.17007,48.136282],[17.170647,48.136425],[17.171895,48.136841],[17.172212,48.136799],[17.172325,48.136777],[17.172984,48.136985],[17.174122,48.135374],[17.174612,48.135085],[17.17464,48.135068],[17.174868,48.134851],[17.17519,48.134915],[17.175425,48.13461],[17.175445,48.134564],[17.175461,48.134528],[17.175493,48.134482],[17.175535,48.1343],[17.17555,48.134078],[17.175107,48.133863],[17.174899,48.133688],[17.174691,48.133516],[17.174586,48.133434],[17.174553,48.133371],[17.174412,48.133129],[17.172967,48.133946],[17.172515,48.133781],[17.171629,48.133504],[17.17142,48.133614],[17.171385,48.133742],[17.171174,48.134089],[17.171004,48.134209],[17.170884,48.134253],[17.17081,48.134325],[17.170881,48.134442],[17.17082,48.134545],[17.170542,48.13449],[17.170323,48.13509],[17.170255,48.135208],[17.170227,48.13525],[17.170118,48.135412],[17.169922,48.135841],[17.169826,48.136203],[17.17007,48.136282]]]},"properties":{}},{"type":"Feature","geometry":{"type":"Polygon","coordinates":[[[17.123513,48.146895],[17.123693,48.146929],[17.123841,48.146958],[17.12392,48.146975],[17.123888,48.14689],[17.123823,48.146711],[17.123765,48.146717],[17.123752,48.146717],[17.123731,48.146719],[17.123666,48.146724],[17.123657,48.146749],[17.123628,48.146751],[17.123628,48.146755],[17.123521,48.146753],[17.12352,48.14677],[17.123516,48.146882],[17.123513,48.146895]]]},"properties":{}},{"type":"Feature","geometry":{"type":"Polygon","coordinates":[[[17.119515,48.091799],[17.119526,48.092002],[17.119779,48.091996],[17.119768,48.091793],[17.119515,48.091799]]]},"properties":{}},{"type":"Feature","geometry":{"type":"Polygon","coordinates":[[[17.161209,48.122022],[17.161361,48.121776],[17.161032,48.12105],[17.160906,48.121061],[17.160645,48.121183],[17.160605,48.121397],[17.160795,48.121767],[17.161056,48.122017],[17.161209,48.122022]]]},"properties":{}},{"type":"Feature","geometry":{"type":"Polygon","coordinates":[[[17.182694,48.142991],[17.182959,48.143454],[17.183092,48.143612],[17.183409,48.143997],[17.181983,48.14472],[17.181205,48.145114],[17.181275,48.145238],[17.181234,48.145246],[17.180847,48.145328],[17.180498,48.144733],[17.180514,48.144668],[17.179644,48.144879],[17.179944,48.14522],[17.179749,48.145317],[17.179813,48.145372],[17.179879,48.145428],[17.180097,48.145315],[17.180498,48.145724],[17.180413,48.145766],[17.180649,48.146044],[17.18078,48.145989],[17.18089,48.145986],[17.181153,48.145853],[17.181438,48.145711],[17.181489,48.145686],[17.181897,48.145461],[17.184186,48.144301],[17.184317,48.144235],[17.184476,48.144124],[17.184528,48.144066],[17.184641,48.143905],[17.18465,48.143889],[17.184676,48.143845],[17.184679,48.143788],[17.184644,48.143696],[17.184587,48.143585],[17.184511,48.143438],[17.184325,48.143107],[17.182694,48.142991]]]},"properties":{}},{"type":"Feature","geometry":{"type":"Polygon","coordinates":[[[17.179477,48.142702],[17.177089,48.142511],[17.177046,48.142735],[17.176895,48.143589],[17.176883,48.143646],[17.177314,48.143847],[17.17775,48.144112],[17.178204,48.144425],[17.178576,48.144747],[17.178878,48.145],[17.179074,48.144616],[17.179151,48.144493],[17.179243,48.144007],[17.179427,48.142981],[17.17947,48.142743],[17.179477,48.142702]]]},"properties":{}},{"type":"Feature","geometry":{"type":"Polygon","coordinates":[[[17.106422,48.148443],[17.10642,48.148158],[17.106575,48.148165],[17.106569,48.148228],[17.106596,48.148288],[17.106607,48.148358],[17.106596,48.14839],[17.10659,48.148455],[17.106531,48.148458],[17.10648,48.148446],[17.106422,48.148443]]]},"properties":{}},{"type":"Feature","geometry":{"type":"Polygon","coordinates":[[[17.127515,48.144858],[17.127498,48.144854],[17.127507,48.144843],[17.127351,48.144791],[17.127387,48.14474],[17.127609,48.14443],[17.127497,48.144393],[17.127569,48.144292],[17.127593,48.144259],[17.12886,48.144667],[17.128479,48.14519],[17.127524,48.144875],[17.127515,48.144858]]]},"properties":{}},{"type":"Feature","geometry":{"type":"Polygon","coordinates":[[[17.127779,48.143849],[17.128109,48.143393],[17.127926,48.143335],[17.127998,48.143238],[17.127246,48.142992],[17.126822,48.14354],[17.127779,48.143849]]]},"properties":{}},{"type":"Feature","geometry":{"type":"Polygon","coordinates":[[[17.110198,48.130757],[17.109566,48.130763],[17.108802,48.130771],[17.108466,48.131234],[17.107098,48.131262],[17.106758,48.131081],[17.106707,48.131024],[17.106692,48.131007],[17.106626,48.130941],[17.105479,48.129714],[17.105456,48.129689],[17.105415,48.129647],[17.10537,48.129429],[17.105371,48.129349],[17.10537,48.129323],[17.105422,48.129221],[17.105555,48.129027],[17.105749,48.128908],[17.105817,48.128869],[17.105992,48.129009],[17.106074,48.12907],[17.106152,48.129125],[17.106269,48.129201],[17.106406,48.129287],[17.106674,48.129457],[17.106968,48.129618],[17.107136,48.129705],[17.10732,48.129797],[17.107682,48.129971],[17.107987,48.130096],[17.10818,48.130169],[17.108376,48.130238],[17.108693,48.130338],[17.109004,48.130434],[17.10934,48.130522],[17.109646,48.130589],[17.109625,48.130635],[17.10972,48.130652],[17.109866,48.13068],[17.110114,48.13073],[17.110178,48.130739],[17.110198,48.130757]]]},"properties":{}},{"type":"Feature","geometry":{"type":"Polygon","coordinates":[[[17.110351,48.094906],[17.110516,48.095077],[17.112397,48.09453],[17.111737,48.094245],[17.110351,48.094906]]]},"properties":{}},{"type":"Feature","geometry":{"type":"Polygon","coordinates":[[[17.072399,48.171226],[17.072909,48.1713],[17.073788,48.171925],[17.073877,48.172049],[17.073938,48.172192],[17.073937,48.172296],[17.073926,48.172296],[17.073926,48.172305],[17.073937,48.172305],[17.073924,48.173286],[17.073549,48.173871],[17.070184,48.175556],[17.070207,48.175266],[17.070216,48.175108],[17.070196,48.174944],[17.070098,48.174537],[17.070056,48.174363],[17.069959,48.174288],[17.069811,48.172975],[17.069849,48.172686],[17.070001,48.172535],[17.072399,48.171226]]]},"properties":{}},{"type":"Feature","geometry":{"type":"Polygon","coordinates":[[[17.03625,48.198619],[17.039078,48.199115],[17.039852,48.197137],[17.039636,48.197101],[17.03883,48.196968],[17.038345,48.196859],[17.037924,48.197148],[17.037511,48.197458],[17.0373,48.197616],[17.037015,48.197891],[17.036982,48.197921],[17.03625,48.198619]]]},"properties":{}},{"type":"Feature","geometry":{"type":"Polygon","coordinates":[[[17.047483,48.18917],[17.047447,48.189099],[17.04813,48.18798],[17.048615,48.188286],[17.0483,48.188508],[17.048001,48.188749],[17.047862,48.188917],[17.047709,48.189191],[17.047662,48.189215],[17.047536,48.189208],[17.047483,48.18917]]]},"properties":{}},{"type":"Feature","geometry":{"type":"Polygon","coordinates":[[[17.056784,48.175857],[17.056095,48.174754],[17.057812,48.174263],[17.05797,48.174477],[17.058775,48.17422],[17.058908,48.174367],[17.059383,48.174182],[17.059559,48.174398],[17.059089,48.174581],[17.059516,48.175069],[17.058906,48.175243],[17.058547,48.17534],[17.058092,48.175472],[17.058009,48.175496],[17.057717,48.175581],[17.057659,48.175598],[17.057291,48.175705],[17.057007,48.17579],[17.056784,48.175857]]]},"properties":{}},{"type":"Feature","geometry":{"type":"Polygon","coordinates":[[[17.0492,48.185826],[17.048199,48.186842],[17.047887,48.186764],[17.04804,48.1865],[17.048023,48.186493],[17.047996,48.186482],[17.047967,48.18647],[17.048367,48.18597],[17.048609,48.185706],[17.048789,48.18559],[17.04882,48.185604],[17.0492,48.185826]]]},"properties":{}},{"type":"Feature","geometry":{"type":"Polygon","coordinates":[[[17.051092,48.18527],[17.050424,48.1859],[17.050221,48.185796],[17.049423,48.186491],[17.049194,48.186372],[17.049515,48.186084],[17.05027,48.185481],[17.050768,48.185095],[17.050866,48.185148],[17.051092,48.18527]]]},"properties":{}},{"type":"Feature","geometry":{"type":"Polygon","coordinates":[[[17.010935,48.201084],[17.014049,48.200184],[17.014009,48.200099],[17.014269,48.200041],[17.014337,48.200026],[17.014401,48.200041],[17.014458,48.200079],[17.014513,48.200156],[17.01487,48.200835],[17.01491,48.200911],[17.015059,48.201194],[17.015001,48.201209],[17.01445,48.201367],[17.014666,48.201697],[17.014833,48.201639],[17.015257,48.202306],[17.015694,48.202158],[17.015947,48.202597],[17.015836,48.202958],[17.015908,48.203103],[17.015745,48.203211],[17.015769,48.203412],[17.014938,48.20346],[17.011065,48.203602],[17.009612,48.203723],[17.009209,48.203269],[17.009039,48.203101],[17.008969,48.203027],[17.008885,48.202974],[17.009017,48.202662],[17.009123,48.20243],[17.009614,48.201936],[17.011166,48.201464],[17.010935,48.201084]]]},"properties":{}},{"type":"Feature","geometry":{"type":"Polygon","coordinates":[[[17.094424,48.182997],[17.093554,48.182736],[17.093216,48.182549],[17.093305,48.182297],[17.093393,48.181975],[17.093961,48.181821],[17.094537,48.182003],[17.094617,48.181885],[17.09515,48.182067],[17.095283,48.182282],[17.094835,48.182944],[17.094424,48.182997]]]},"properties":{}},{"type":"Feature","geometry":{"type":"Polygon","coordinates":[[[17.050144,48.172217],[17.050852,48.172236],[17.050853,48.172132],[17.050851,48.171977],[17.050194,48.171922],[17.050162,48.17192],[17.050144,48.172217]]]},"properties":{}},{"type":"Feature","geometry":{"type":"Polygon","coordinates":[[[17.074123,48.173613],[17.074274,48.173576],[17.074416,48.173472],[17.074454,48.17338],[17.07449,48.173366],[17.074692,48.172536],[17.07469,48.172411],[17.074165,48.172427],[17.074148,48.172955],[17.074123,48.173549],[17.074123,48.173613]]]},"properties":{}},{"type":"Feature","geometry":{"type":"Polygon","coordinates":[[[17.038902,48.187212],[17.039003,48.18723],[17.039128,48.187253],[17.03923,48.187271],[17.039209,48.187322],[17.03919,48.187369],[17.039171,48.187417],[17.039152,48.187464],[17.039133,48.187512],[17.039081,48.18764],[17.039042,48.187737],[17.039023,48.187784],[17.039003,48.187833],[17.038984,48.18788],[17.038964,48.187931],[17.038862,48.187913],[17.038701,48.187902],[17.038593,48.187884],[17.038588,48.187878],[17.038617,48.187805],[17.038858,48.187204],[17.038902,48.187212]]]},"properties":{}},{"type":"Feature","geometry":{"type":"Polygon","coordinates":[[[17.033503,48.202274],[17.033452,48.20193],[17.033201,48.201949],[17.033186,48.201858],[17.03286,48.201882],[17.032837,48.201741],[17.032662,48.201754],[17.032599,48.20176],[17.032505,48.201769],[17.032545,48.20199],[17.032332,48.20201],[17.032403,48.202408],[17.032522,48.202394],[17.032565,48.202389],[17.033503,48.202274]]]},"properties":{}},{"type":"Feature","geometry":{"type":"Polygon","coordinates":[[[17.068672,48.158661],[17.068918,48.158518],[17.068873,48.158117],[17.068693,48.157959],[17.068582,48.158042],[17.068515,48.158134],[17.068483,48.15824],[17.06848,48.158342],[17.068497,48.158456],[17.068522,48.158535],[17.068672,48.158661]]]},"properties":{}},{"type":"Feature","geometry":{"type":"Polygon","coordinates":[[[17.055847,48.178945],[17.055545,48.178925],[17.05529,48.178907],[17.054998,48.178848],[17.055234,48.178584],[17.056012,48.17787],[17.056479,48.177967],[17.05654,48.17798],[17.056492,48.178033],[17.056736,48.178102],[17.05636,48.178435],[17.055847,48.178945]]]},"properties":{}},{"type":"Feature","geometry":{"type":"Polygon","coordinates":[[[17.043453,48.168465],[17.042965,48.16832],[17.042563,48.167878],[17.041989,48.168096],[17.04249,48.16864],[17.04274,48.168729],[17.043453,48.168465]]]},"properties":{}},{"type":"Feature","geometry":{"type":"Polygon","coordinates":[[[17.002382,48.204154],[16.996681,48.204358],[16.994702,48.204416],[16.994729,48.204016],[16.994733,48.203964],[16.994744,48.203128],[16.995878,48.203112],[16.996387,48.203232],[16.997372,48.202931],[16.998509,48.203156],[16.998966,48.202692],[17.000062,48.202217],[17.001059,48.202314],[17.001349,48.202422],[17.001638,48.202742],[17.002227,48.202846],[17.002579,48.202868],[17.002574,48.20291],[17.002672,48.202918],[17.002668,48.202933],[17.002769,48.202945],[17.00292,48.203146],[17.002896,48.203299],[17.002645,48.203299],[17.00263,48.203468],[17.002196,48.203461],[17.002129,48.203774],[17.002382,48.204154]]]},"properties":{}},{"type":"Feature","geometry":{"type":"Polygon","coordinates":[[[17.054943,48.176124],[17.05451,48.176212],[17.054226,48.176219],[17.053083,48.175805],[17.052502,48.175524],[17.052046,48.176769],[17.052255,48.176704],[17.052266,48.176745],[17.052352,48.176741],[17.052383,48.17674],[17.052693,48.176689],[17.052728,48.176721],[17.052941,48.176635],[17.053912,48.176455],[17.054095,48.176455],[17.054099,48.176417],[17.054394,48.176409],[17.054383,48.176367],[17.054587,48.176317],[17.054612,48.176356],[17.054799,48.176345],[17.055017,48.176352],[17.055058,48.176338],[17.054943,48.176124]]]},"properties":{}},{"type":"Feature","geometry":{"type":"Polygon","coordinates":[[[17.080905,48.168438],[17.081294,48.168541],[17.081424,48.168508],[17.081474,48.168463],[17.081215,48.168283],[17.08109,48.168236],[17.080905,48.168438]]]},"properties":{}},{"type":"Feature","geometry":{"type":"Polygon","coordinates":[[[17.085965,48.160346],[17.085646,48.160544],[17.085545,48.160453],[17.084344,48.161246],[17.085147,48.161896],[17.086679,48.161163],[17.086847,48.161083],[17.086861,48.161077],[17.086892,48.161062],[17.086912,48.161052],[17.087035,48.160993],[17.086306,48.160543],[17.086016,48.160375],[17.085965,48.160346]]]},"properties":{}},{"type":"Feature","geometry":{"type":"Polygon","coordinates":[[[16.998213,48.165466],[16.998945,48.165055],[16.999125,48.165103],[16.999476,48.164908],[16.999621,48.164928],[17.000232,48.164624],[17.00045,48.164372],[16.999744,48.163998],[16.99987,48.16389],[17.000337,48.164059],[17.000782,48.163974],[17.001016,48.163749],[17.001305,48.163522],[17.000205,48.163107],[16.999543,48.163738],[16.999506,48.163976],[16.998736,48.164592],[16.998516,48.164581],[16.997655,48.165221],[16.997818,48.165307],[16.997858,48.16533],[16.998095,48.165466],[16.998213,48.165466]]]},"properties":{}},{"type":"Feature","geometry":{"type":"Polygon","coordinates":[[[17.069913,48.159085],[17.069935,48.159076],[17.070035,48.159067],[17.071298,48.159185],[17.071239,48.159485],[17.071513,48.159696],[17.071543,48.159735],[17.072154,48.159721],[17.072363,48.159706],[17.072469,48.159655],[17.072562,48.159589],[17.072733,48.159332],[17.072855,48.159279],[17.072934,48.159206],[17.073068,48.15901],[17.07313,48.158907],[17.073227,48.158819],[17.073372,48.158741],[17.073707,48.158631],[17.073836,48.158561],[17.073898,48.158494],[17.073932,48.158426],[17.073957,48.158304],[17.074136,48.158241],[17.074397,48.158142],[17.07444,48.157997],[17.074473,48.157882],[17.074547,48.157647],[17.074626,48.157402],[17.074707,48.157151],[17.074923,48.156472],[17.07508,48.155966],[17.075128,48.155822],[17.075153,48.155746],[17.075333,48.155202],[17.075442,48.154873],[17.075503,48.154762],[17.075444,48.154696],[17.075299,48.154603],[17.074967,48.15457],[17.074866,48.154542],[17.074629,48.15493],[17.074507,48.155047],[17.074252,48.155172],[17.07382,48.155385],[17.073462,48.155576],[17.073151,48.155356],[17.072174,48.15597],[17.071327,48.156544],[17.070117,48.157177],[17.070255,48.157291],[17.070627,48.157623],[17.070649,48.157637],[17.07048,48.157719],[17.071192,48.158333],[17.069845,48.159023],[17.069881,48.15905],[17.069913,48.159085]]]},"properties":{}},{"type":"Feature","geometry":{"type":"Polygon","coordinates":[[[17.069087,48.15359],[17.068989,48.153373],[17.068763,48.153399],[17.068714,48.1534],[17.06866,48.153401],[17.068507,48.153558],[17.068391,48.153584],[17.068419,48.153664],[17.068392,48.153668],[17.068426,48.153755],[17.068573,48.15373],[17.068603,48.153796],[17.068671,48.153946],[17.068895,48.1539],[17.068782,48.153652],[17.069087,48.15359]]]},"properties":{}},{"type":"Feature","geometry":{"type":"Polygon","coordinates":[[[17.079989,48.152696],[17.080827,48.152475],[17.080293,48.1509],[17.08016,48.150621],[17.079542,48.150827],[17.079305,48.150996],[17.079345,48.151098],[17.079202,48.151123],[17.079156,48.15114],[17.079146,48.15133],[17.079435,48.151831],[17.079537,48.151936],[17.079707,48.152],[17.079989,48.152696]]]},"properties":{}},{"type":"Feature","geometry":{"type":"Polygon","coordinates":[[[17.010089,48.21583],[17.011046,48.215724],[17.011389,48.215712],[17.011491,48.215739],[17.014515,48.215374],[17.014276,48.215165],[17.01425,48.214903],[17.014534,48.214521],[17.014792,48.214262],[17.014801,48.214218],[17.014791,48.214191],[17.014767,48.214168],[17.014744,48.214155],[17.01459,48.214107],[17.014442,48.214056],[17.013463,48.213727],[17.01337,48.213672],[17.012959,48.213533],[17.012882,48.213534],[17.012294,48.213338],[17.01219,48.213331],[17.012108,48.213366],[17.012091,48.213387],[17.012072,48.21341],[17.010089,48.21583]]]},"properties":{}},{"type":"Feature","geometry":{"type":"Polygon","coordinates":[[[17.058675,48.164445],[17.059,48.164117],[17.058854,48.164051],[17.058691,48.164214],[17.058616,48.164256],[17.058634,48.164433],[17.058675,48.164445]]]},"properties":{}},{"type":"Feature","geometry":{"type":"Polygon","coordinates":[[[17.074642,48.170708],[17.075255,48.170389],[17.07538,48.170655],[17.0754,48.171059],[17.07509,48.171203],[17.074976,48.170978],[17.074642,48.170708]]]},"properties":{}},{"type":"Feature","geometry":{"type":"Polygon","coordinates":[[[17.009926,48.201364],[17.010088,48.201319],[17.010305,48.201117],[17.010189,48.201089],[17.009917,48.201083],[17.009775,48.201122],[17.009926,48.201364]]]},"properties":{}},{"type":"Feature","geometry":{"type":"Polygon","coordinates":[[[17.028644,48.205026],[17.028793,48.204885],[17.028927,48.204813],[17.029071,48.204793],[17.029455,48.204554],[17.029698,48.204438],[17.029851,48.204426],[17.030135,48.204277],[17.03015,48.204298],[17.030341,48.204431],[17.030479,48.204529],[17.030836,48.204616],[17.030939,48.204645],[17.030996,48.204691],[17.030996,48.20472],[17.030997,48.204774],[17.030366,48.205635],[17.028644,48.205026]]]},"properties":{}},{"type":"Feature","geometry":{"type":"Polygon","coordinates":[[[17.033327,48.207363],[17.033214,48.207497],[17.033163,48.20757],[17.033139,48.2076],[17.032938,48.207799],[17.031399,48.207245],[17.031207,48.207316],[17.03114,48.20733],[17.030904,48.207254],[17.02975,48.206906],[17.029871,48.206738],[17.029861,48.206724],[17.02985,48.206697],[17.02984,48.206673],[17.029827,48.206648],[17.029822,48.20663],[17.029822,48.206609],[17.029824,48.206598],[17.029832,48.206579],[17.029843,48.206562],[17.029867,48.206525],[17.030052,48.206285],[17.03075,48.205406],[17.0308,48.205343],[17.031197,48.204841],[17.031234,48.20481],[17.031303,48.204781],[17.031354,48.204773],[17.031424,48.20476],[17.031561,48.204601],[17.031528,48.204557],[17.031536,48.204519],[17.031574,48.204464],[17.032079,48.204098],[17.032684,48.203973],[17.032808,48.203952],[17.032852,48.203948],[17.032884,48.203949],[17.032918,48.203954],[17.032957,48.203961],[17.032988,48.203971],[17.03302,48.203984],[17.033048,48.203999],[17.033078,48.204018],[17.033101,48.204036],[17.033116,48.204056],[17.033272,48.203996],[17.033407,48.203986],[17.033472,48.203983],[17.03361,48.203973],[17.034208,48.203981],[17.034451,48.204006],[17.034687,48.204056],[17.034904,48.204124],[17.035293,48.204315],[17.0357,48.204545],[17.035758,48.204573],[17.035842,48.204586],[17.035932,48.204578],[17.036022,48.204536],[17.036071,48.204489],[17.036214,48.204571],[17.036335,48.204698],[17.036614,48.20505],[17.036643,48.205277],[17.0366,48.205447],[17.036477,48.205624],[17.036283,48.205781],[17.036142,48.205879],[17.036175,48.205824],[17.036189,48.205754],[17.036187,48.205706],[17.03612,48.205658],[17.035401,48.206147],[17.035223,48.206147],[17.035118,48.206192],[17.034959,48.206309],[17.034594,48.206528],[17.034461,48.206597],[17.034401,48.206652],[17.034366,48.206691],[17.034349,48.206738],[17.034349,48.206778],[17.034382,48.206807],[17.034146,48.206926],[17.034026,48.206494],[17.034005,48.206498],[17.033327,48.207363]]]},"properties":{}},{"type":"Feature","geometry":{"type":"Polygon","coordinates":[[[17.036777,48.204212],[17.036714,48.204251],[17.036658,48.20431],[17.036645,48.204356],[17.036639,48.204413],[17.036666,48.204481],[17.036756,48.204611],[17.037046,48.204928],[17.037117,48.20497],[17.03738,48.205174],[17.037845,48.204996],[17.037959,48.205004],[17.038341,48.204668],[17.03846,48.204317],[17.038102,48.204286],[17.037052,48.204187],[17.036929,48.204185],[17.036777,48.204212]]]},"properties":{}},{"type":"Feature","geometry":{"type":"Polygon","coordinates":[[[17.030135,48.204277],[17.030273,48.204211],[17.030697,48.203992],[17.030779,48.203972],[17.030879,48.20396],[17.031798,48.203877],[17.031896,48.203909],[17.031937,48.20389],[17.031968,48.203941],[17.031971,48.203988],[17.031935,48.204045],[17.031574,48.204299],[17.031357,48.204407],[17.031255,48.2044],[17.031126,48.204425],[17.031029,48.204471],[17.03097,48.20448],[17.030665,48.204469],[17.030479,48.204529],[17.030341,48.204431],[17.03015,48.204298],[17.030135,48.204277]]]},"properties":{}},{"type":"Feature","geometry":{"type":"Polygon","coordinates":[[[17.025413,48.206551],[17.02708,48.205621],[17.026993,48.205565],[17.026489,48.205158],[17.0264,48.205074],[17.026345,48.205102],[17.026307,48.205134],[17.026264,48.205201],[17.02629,48.205295],[17.026264,48.205303],[17.026073,48.205351],[17.025991,48.205277],[17.025939,48.20526],[17.025767,48.205218],[17.025365,48.205288],[17.02518,48.205317],[17.024601,48.205478],[17.024538,48.205503],[17.024496,48.205542],[17.024491,48.205588],[17.024504,48.20562],[17.024851,48.206008],[17.025413,48.206551]]]},"properties":{}},{"type":"Feature","geometry":{"type":"Polygon","coordinates":[[[17.025469,48.204081],[17.025896,48.203958],[17.026207,48.203899],[17.026446,48.203879],[17.026612,48.203888],[17.026733,48.203931],[17.026804,48.20397],[17.026868,48.204039],[17.026895,48.204107],[17.026923,48.204236],[17.026994,48.204358],[17.027041,48.204412],[17.027067,48.204479],[17.027058,48.204551],[17.026967,48.204669],[17.026852,48.20475],[17.026699,48.204832],[17.026542,48.204881],[17.026377,48.20492],[17.026365,48.204898],[17.026277,48.204909],[17.026191,48.204896],[17.026071,48.204851],[17.025927,48.20471],[17.025868,48.204589],[17.025676,48.204493],[17.025469,48.204081]]]},"properties":{}},{"type":"Feature","geometry":{"type":"Polygon","coordinates":[[[17.023885,48.204995],[17.023859,48.205191],[17.023906,48.205291],[17.023931,48.205376],[17.024216,48.205275],[17.024273,48.205283],[17.024331,48.205294],[17.024386,48.205316],[17.02445,48.205326],[17.024486,48.205325],[17.024551,48.205313],[17.024559,48.205332],[17.025083,48.205236],[17.025679,48.205074],[17.025751,48.205033],[17.025821,48.204922],[17.025815,48.204856],[17.025704,48.204637],[17.025676,48.204493],[17.025534,48.20453],[17.024846,48.204716],[17.024376,48.204843],[17.02401,48.204967],[17.023885,48.204995]]]},"properties":{}},{"type":"Feature","geometry":{"type":"Polygon","coordinates":[[[17.023885,48.204995],[17.02401,48.204967],[17.024376,48.204843],[17.024846,48.204716],[17.025534,48.20453],[17.025676,48.204493],[17.025469,48.204081],[17.024957,48.204233],[17.024365,48.20441],[17.024251,48.204417],[17.023868,48.204515],[17.023279,48.204605],[17.023256,48.204681],[17.023337,48.204871],[17.023475,48.2049],[17.023724,48.204957],[17.023885,48.204995]]]},"properties":{}},{"type":"Feature","geometry":{"type":"Polygon","coordinates":[[[17.022113,48.208401],[17.023289,48.207734],[17.022417,48.206986],[17.022152,48.206565],[17.021947,48.206633],[17.021897,48.206609],[17.021764,48.206587],[17.021709,48.206586],[17.021599,48.206621],[17.021583,48.206604],[17.020712,48.206938],[17.022113,48.208401]]]},"properties":{}},{"type":"Feature","geometry":{"type":"Polygon","coordinates":[[[17.022193,48.204903],[17.022484,48.20529],[17.022598,48.205482],[17.022739,48.205849],[17.022687,48.205883],[17.022554,48.20597],[17.022516,48.206027],[17.022465,48.206061],[17.022367,48.2061],[17.022222,48.206175],[17.022106,48.206219],[17.022029,48.20622],[17.021963,48.206206],[17.0219,48.206203],[17.021833,48.206209],[17.021773,48.206207],[17.0216,48.206369],[17.021576,48.206426],[17.021544,48.206444],[17.021104,48.206657],[17.020987,48.206709],[17.020643,48.206846],[17.020095,48.207037],[17.020075,48.207009],[17.019987,48.207039],[17.019937,48.207043],[17.019862,48.20703],[17.019833,48.207024],[17.019747,48.207022],[17.019699,48.207006],[17.019197,48.206662],[17.018891,48.206373],[17.018352,48.205938],[17.018261,48.205813],[17.018246,48.205721],[17.018272,48.205663],[17.018399,48.205505],[17.018898,48.205245],[17.019373,48.205091],[17.019882,48.204993],[17.022098,48.204736],[17.022193,48.204903]]]},"properties":{}},{"type":"Feature","geometry":{"type":"Polygon","coordinates":[[[17.017172,48.2065],[17.015909,48.208215],[17.01644,48.208508],[17.016771,48.208092],[17.017031,48.208177],[17.01738,48.20772],[17.017482,48.207754],[17.01788,48.207228],[17.018182,48.206928],[17.018258,48.206957],[17.018302,48.206895],[17.018327,48.2069],[17.018367,48.206893],[17.018383,48.206885],[17.018714,48.206569],[17.017972,48.205982],[17.01786,48.205939],[17.017699,48.205966],[17.017508,48.206079],[17.017376,48.206216],[17.017172,48.2065]]]},"properties":{}},{"type":"Feature","geometry":{"type":"Polygon","coordinates":[[[17.013674,48.211276],[17.013815,48.21126],[17.014003,48.211274],[17.014382,48.211401],[17.014746,48.211565],[17.014822,48.211607],[17.014862,48.211693],[17.015116,48.211813],[17.014982,48.211934],[17.014946,48.211983],[17.014955,48.212035],[17.015001,48.212079],[17.015779,48.21235],[17.015886,48.212487],[17.015899,48.212586],[17.015857,48.212672],[17.015865,48.213179],[17.015795,48.213334],[17.015804,48.213872],[17.015753,48.213947],[17.015622,48.213951],[17.012302,48.212993],[17.013316,48.211677],[17.013637,48.211296],[17.013674,48.211276]]]},"properties":{}},{"type":"Feature","geometry":{"type":"Polygon","coordinates":[[[17.054788,48.154751],[17.054694,48.154693],[17.05475,48.154654],[17.054796,48.154623],[17.054903,48.154556],[17.055012,48.154491],[17.055143,48.154419],[17.055266,48.154357],[17.055407,48.154291],[17.055516,48.154244],[17.055632,48.154197],[17.055754,48.154152],[17.05589,48.154105],[17.05607,48.15405],[17.056157,48.154026],[17.056179,48.154024],[17.056197,48.15402],[17.056227,48.154005],[17.056241,48.154001],[17.05626,48.154],[17.05689,48.153849],[17.056886,48.153843],[17.05707,48.153798],[17.05708,48.153801],[17.057082,48.153817],[17.057095,48.153841],[17.05711,48.153861],[17.057131,48.153876],[17.057134,48.153883],[17.057128,48.153889],[17.056617,48.15399],[17.056522,48.154012],[17.05637,48.15405],[17.056216,48.154089],[17.056094,48.154125],[17.055931,48.154177],[17.0558,48.154223],[17.055678,48.154271],[17.055569,48.154316],[17.055432,48.154378],[17.055329,48.154428],[17.055237,48.154475],[17.055135,48.154533],[17.055031,48.154593],[17.054909,48.15467],[17.054788,48.154751]]]},"properties":{}},{"type":"Feature","geometry":{"type":"Polygon","coordinates":[[[17.058251,48.153623],[17.058195,48.153519],[17.057827,48.153613],[17.057189,48.153769],[17.057174,48.153781],[17.057167,48.153794],[17.05717,48.153812],[17.05718,48.153828],[17.057199,48.153837],[17.057216,48.153841],[17.057244,48.153837],[17.057597,48.153753],[17.057884,48.153686],[17.058199,48.153635],[17.058251,48.153623]]]},"properties":{}},{"type":"Feature","geometry":{"type":"Polygon","coordinates":[[[17.054702,48.154787],[17.054736,48.154761],[17.054662,48.154715],[17.054502,48.154837],[17.0544,48.154924],[17.054302,48.155013],[17.054179,48.155138],[17.054073,48.155254],[17.053915,48.155465],[17.05364,48.155856],[17.053196,48.156482],[17.053274,48.156506],[17.053679,48.155945],[17.053865,48.155687],[17.053946,48.155573],[17.054029,48.155459],[17.054102,48.155363],[17.054175,48.155274],[17.054243,48.155196],[17.054332,48.155104],[17.05443,48.155009],[17.054513,48.154935],[17.054602,48.154864],[17.054702,48.154787]]]},"properties":{}},{"type":"Feature","geometry":{"type":"Polygon","coordinates":[[[17.053142,48.156546],[17.05327,48.156587],[17.053242,48.156624],[17.053147,48.156723],[17.053061,48.156814],[17.052774,48.15722],[17.052677,48.157201],[17.053142,48.156546]]]},"properties":{}},{"type":"Feature","geometry":{"type":"Polygon","coordinates":[[[17.052515,48.157409],[17.052521,48.157407],[17.052529,48.157407],[17.052619,48.157437],[17.051736,48.158678],[17.051642,48.158648],[17.05232,48.157704],[17.052307,48.1577],[17.052515,48.157409]]]},"properties":{}},{"type":"Feature","geometry":{"type":"Polygon","coordinates":[[[17.051622,48.158688],[17.051701,48.158714],[17.05129,48.159289],[17.051211,48.159264],[17.051622,48.158688]]]},"properties":{}},{"type":"Feature","geometry":{"type":"Polygon","coordinates":[[[17.051154,48.159336],[17.051244,48.159364],[17.051075,48.159599],[17.050499,48.160408],[17.050418,48.160521],[17.050296,48.160683],[17.050216,48.160778],[17.050116,48.160881],[17.050006,48.160983],[17.049896,48.161074],[17.049758,48.161176],[17.049591,48.161294],[17.049398,48.161428],[17.049254,48.16153],[17.049139,48.161617],[17.049048,48.161694],[17.048944,48.161789],[17.048839,48.1619],[17.048723,48.162038],[17.048647,48.162145],[17.04864,48.162143],[17.048245,48.162696],[17.048176,48.162674],[17.048573,48.162121],[17.048566,48.162118],[17.04864,48.162014],[17.048778,48.161847],[17.048875,48.161744],[17.048993,48.161635],[17.049101,48.161545],[17.049197,48.161473],[17.049449,48.161295],[17.049617,48.161177],[17.049748,48.161083],[17.049837,48.161015],[17.049933,48.160935],[17.050054,48.160824],[17.050129,48.160744],[17.050197,48.160665],[17.050244,48.160606],[17.050299,48.160534],[17.050496,48.160258],[17.051154,48.159336]]]},"properties":{}},{"type":"Feature","geometry":{"type":"Polygon","coordinates":[[[17.04813,48.162731],[17.048253,48.162773],[17.048205,48.162841],[17.048065,48.162974],[17.047724,48.163456],[17.047716,48.163462],[17.047704,48.163462],[17.047633,48.163441],[17.047631,48.163437],[17.047632,48.16343],[17.047926,48.163015],[17.04813,48.162731]]]},"properties":{}},{"type":"Feature","geometry":{"type":"Polygon","coordinates":[[[17.046309,48.165591],[17.046409,48.165591],[17.046408,48.165523],[17.046411,48.165467],[17.046417,48.165412],[17.046426,48.165362],[17.046438,48.165315],[17.046458,48.165254],[17.046487,48.165185],[17.046509,48.165144],[17.046526,48.165115],[17.046439,48.165091],[17.046411,48.165143],[17.04639,48.165184],[17.046371,48.165227],[17.046353,48.165273],[17.046337,48.165325],[17.046325,48.165375],[17.046315,48.165436],[17.046311,48.165479],[17.046309,48.165523],[17.046309,48.165591]]]},"properties":{}},{"type":"Feature","geometry":{"type":"Polygon","coordinates":[[[17.046533,48.165085],[17.046464,48.165067],[17.046628,48.164839],[17.046881,48.164482],[17.046826,48.164467],[17.046904,48.164357],[17.04709,48.164162],[17.047384,48.163753],[17.047509,48.163577],[17.047515,48.163571],[17.047526,48.16357],[17.047535,48.163572],[17.047609,48.163594],[17.047254,48.164085],[17.046975,48.164474],[17.046967,48.164474],[17.046533,48.165085]]]},"properties":{}},{"type":"Feature","geometry":{"type":"Polygon","coordinates":[[[17.058306,48.153521],[17.058334,48.153574],[17.059234,48.153363],[17.059206,48.15331],[17.058306,48.153521]]]},"properties":{}},{"type":"Feature","geometry":{"type":"Polygon","coordinates":[[[17.059344,48.153366],[17.059291,48.153261],[17.059519,48.153219],[17.05965,48.153191],[17.059783,48.153161],[17.059866,48.153139],[17.059957,48.153111],[17.060055,48.153077],[17.060153,48.15304],[17.060254,48.152997],[17.060355,48.152949],[17.060448,48.1529],[17.060533,48.152849],[17.060613,48.152798],[17.060704,48.152732],[17.060778,48.152674],[17.06085,48.152613],[17.060978,48.152677],[17.060905,48.152737],[17.060814,48.152804],[17.060719,48.152868],[17.060651,48.152908],[17.060579,48.152949],[17.060485,48.152996],[17.060384,48.153041],[17.060265,48.153089],[17.060142,48.153135],[17.060035,48.153171],[17.059933,48.153203],[17.059668,48.153281],[17.059479,48.153332],[17.059344,48.153366]]]},"properties":{}},{"type":"Feature","geometry":{"type":"Polygon","coordinates":[[[17.060915,48.152553],[17.061028,48.15261],[17.061152,48.152484],[17.061204,48.152425],[17.061267,48.152346],[17.061323,48.152267],[17.061396,48.15216],[17.061384,48.152151],[17.061365,48.152144],[17.06134,48.15214],[17.06131,48.152141],[17.061286,48.152148],[17.061263,48.152163],[17.061239,48.152193],[17.061146,48.152329],[17.061098,48.152395],[17.061082,48.152412],[17.061011,48.152476],[17.060958,48.15252],[17.060915,48.152553]]]},"properties":{}},{"type":"Feature","geometry":{"type":"Polygon","coordinates":[[[17.061352,48.152056],[17.061442,48.152083],[17.061918,48.151378],[17.061774,48.151334],[17.06163,48.151544],[17.061653,48.15155],[17.061553,48.151734],[17.061493,48.151841],[17.061352,48.152056]]]},"properties":{}},{"type":"Feature","geometry":{"type":"Polygon","coordinates":[[[17.070117,48.157177],[17.068618,48.157961],[17.068449,48.158132],[17.068397,48.158335],[17.068438,48.15851],[17.068551,48.158632],[17.068733,48.15875],[17.069098,48.158995],[17.069401,48.159353],[17.069623,48.159233],[17.069855,48.159107],[17.069913,48.159085],[17.069881,48.15905],[17.069845,48.159023],[17.071192,48.158333],[17.07048,48.157719],[17.070649,48.157637],[17.070627,48.157623],[17.070255,48.157291],[17.070117,48.157177]]]},"properties":{}},{"type":"Feature","geometry":{"type":"Polygon","coordinates":[[[17.043942,48.177332],[17.044733,48.177751],[17.044894,48.177635],[17.045175,48.177779],[17.045493,48.177525],[17.045166,48.177169],[17.045509,48.177151],[17.045165,48.176967],[17.045059,48.177051],[17.044577,48.176798],[17.043942,48.177332]]]},"properties":{}},{"type":"Feature","geometry":{"type":"Polygon","coordinates":[[[17.024376,48.204843],[17.024336,48.20462],[17.024359,48.204536],[17.024478,48.204508],[17.024443,48.204444],[17.024654,48.204383],[17.024846,48.204716],[17.024376,48.204843]]]},"properties":{}},{"type":"Feature","geometry":{"type":"Polygon","coordinates":[[[17.007565,48.15729],[17.008231,48.158092],[17.007801,48.158288],[17.00691,48.158741],[17.006093,48.159175],[17.004714,48.159923],[17.004057,48.159093],[17.00632,48.15793],[17.007565,48.15729]]]},"properties":{}},{"type":"Feature","geometry":{"type":"Polygon","coordinates":[[[17.082402,48.190257],[17.082604,48.190478],[17.082881,48.190864],[17.082434,48.191066],[17.081741,48.190837],[17.081955,48.190575],[17.082002,48.190474],[17.081996,48.190409],[17.082061,48.190385],[17.082402,48.190257]]]},"properties":{}},{"type":"Feature","geometry":{"type":"Polygon","coordinates":[[[17.056989,48.178066],[17.057019,48.178065],[17.057057,48.178083],[17.057316,48.17823],[17.05746,48.178311],[17.058003,48.178617],[17.058147,48.178704],[17.058253,48.178762],[17.058454,48.178877],[17.058373,48.178957],[17.058903,48.17895],[17.059359,48.178887],[17.060346,48.178337],[17.061086,48.177879],[17.061857,48.177151],[17.062017,48.176862],[17.062123,48.176568],[17.06187,48.176332],[17.061553,48.176099],[17.062154,48.17531],[17.061812,48.175182],[17.061539,48.175273],[17.059847,48.175834],[17.059523,48.176044],[17.058223,48.177076],[17.058104,48.177199],[17.05728,48.177842],[17.057233,48.177898],[17.056936,48.178092],[17.056989,48.178066]]]},"properties":{}},{"type":"Feature","geometry":{"type":"Polygon","coordinates":[[[17.056513,48.178481],[17.057247,48.178824],[17.057492,48.178751],[17.057999,48.178969],[17.058373,48.178957],[17.058454,48.178877],[17.058253,48.178762],[17.058147,48.178704],[17.058003,48.178617],[17.05746,48.178311],[17.057316,48.17823],[17.057057,48.178083],[17.057019,48.178065],[17.056989,48.178066],[17.056936,48.178092],[17.05691,48.178108],[17.056809,48.178176],[17.056758,48.178219],[17.056622,48.178323],[17.056514,48.17842],[17.056443,48.178475],[17.056492,48.178498],[17.056513,48.178481]]]},"properties":{}},{"type":"Feature","geometry":{"type":"Polygon","coordinates":[[[17.055787,48.176433],[17.056081,48.176273],[17.056441,48.176122],[17.056253,48.175843],[17.055537,48.176025],[17.055605,48.176177],[17.055636,48.176221],[17.055666,48.176263],[17.055787,48.176433]]]},"properties":{}},{"type":"Feature","geometry":{"type":"Polygon","coordinates":[[[17.094399,48.166038],[17.094683,48.166223],[17.094759,48.166263],[17.09501,48.166099],[17.094703,48.165854],[17.094399,48.166038]]]},"properties":{}},{"type":"Feature","geometry":{"type":"Polygon","coordinates":[[[17.035356,48.187039],[17.036519,48.187243],[17.036885,48.186476],[17.036233,48.186363],[17.036217,48.186361],[17.036153,48.18651],[17.035604,48.186413],[17.035356,48.187039]]]},"properties":{}},{"type":"Feature","geometry":{"type":"Polygon","coordinates":[[[17.026882,48.202979],[17.02703,48.203173],[17.027818,48.203134],[17.027914,48.203132],[17.028177,48.203126],[17.029003,48.203085],[17.029395,48.203051],[17.029774,48.203037],[17.030026,48.203026],[17.030273,48.20302],[17.030562,48.203006],[17.030315,48.20263],[17.030093,48.202305],[17.029904,48.202034],[17.028622,48.202282],[17.027954,48.20243],[17.02751,48.202578],[17.026882,48.202979]]]},"properties":{}},{"type":"Feature","geometry":{"type":"Polygon","coordinates":[[[17.028448,48.204822],[17.028439,48.204592],[17.028591,48.204458],[17.028863,48.204107],[17.030379,48.203947],[17.030401,48.204087],[17.029824,48.204385],[17.029768,48.204377],[17.029665,48.204303],[17.029618,48.204284],[17.029572,48.204291],[17.028463,48.204851],[17.028448,48.204822]]]},"properties":{}},{"type":"Feature","geometry":{"type":"Polygon","coordinates":[[[17.056894,48.160946],[17.057145,48.160677],[17.057376,48.160794],[17.057126,48.161056],[17.056894,48.160946]]]},"properties":{}},{"type":"Feature","geometry":{"type":"Polygon","coordinates":[[[17.035639,48.186283],[17.036233,48.186363],[17.036885,48.186476],[17.037051,48.185935],[17.035816,48.185737],[17.035622,48.186255],[17.035639,48.186283]]]},"properties":{}},{"type":"Feature","geometry":{"type":"Polygon","coordinates":[[[17.064082,48.174821],[17.064004,48.174679],[17.06446,48.174568],[17.064537,48.17471],[17.064082,48.174821]]]},"properties":{}},{"type":"Feature","geometry":{"type":"Polygon","coordinates":[[[17.061918,48.151378],[17.061774,48.151334],[17.062273,48.150582],[17.062336,48.150497],[17.06241,48.150402],[17.062429,48.150376],[17.062438,48.150358],[17.062462,48.150301],[17.062516,48.150186],[17.06253,48.150166],[17.06255,48.150149],[17.062575,48.150136],[17.062599,48.150127],[17.062619,48.150119],[17.062702,48.150143],[17.062714,48.150149],[17.062724,48.150157],[17.062728,48.150165],[17.062728,48.150181],[17.062501,48.150507],[17.062477,48.150548],[17.062451,48.150608],[17.062433,48.150604],[17.061918,48.151378]]]},"properties":{}},{"type":"Feature","geometry":{"type":"Polygon","coordinates":[[[17.058879,48.189596],[17.058848,48.189378],[17.058888,48.189345],[17.059134,48.189325],[17.059164,48.189577],[17.058879,48.189596]]]},"properties":{}},{"type":"Feature","geometry":{"type":"Polygon","coordinates":[[[17.049512,48.162898],[17.048925,48.162711],[17.049108,48.162456],[17.048959,48.162409],[17.049222,48.162035],[17.049653,48.162171],[17.049717,48.162191],[17.049852,48.162232],[17.050075,48.162297],[17.049722,48.162784],[17.049617,48.162932],[17.049512,48.162898]]]},"properties":{}},{"type":"Feature","geometry":{"type":"Polygon","coordinates":[[[17.047403,48.167077],[17.047417,48.167066],[17.047473,48.16702],[17.04748,48.167015],[17.048566,48.167635],[17.048558,48.167641],[17.048721,48.167733],[17.048905,48.167844],[17.04905,48.167948],[17.049163,48.16804],[17.049259,48.168129],[17.049367,48.168246],[17.049462,48.16837],[17.04955,48.168508],[17.049606,48.16862],[17.049659,48.16876],[17.049691,48.168877],[17.049714,48.169013],[17.049719,48.169105],[17.049721,48.169159],[17.049734,48.169158],[17.04971,48.169272],[17.04968,48.169641],[17.049675,48.169655],[17.049663,48.169666],[17.049648,48.169672],[17.049637,48.169674],[17.049629,48.169672],[17.049601,48.169639],[17.049587,48.169611],[17.049581,48.169584],[17.049577,48.169532],[17.049582,48.16953],[17.049584,48.169525],[17.049581,48.169522],[17.049578,48.16952],[17.049576,48.169469],[17.049596,48.169268],[17.049597,48.169163],[17.049595,48.169104],[17.049589,48.16902],[17.049575,48.16889],[17.049547,48.168776],[17.049497,48.16864],[17.049445,48.168532],[17.049362,48.168402],[17.049268,48.168283],[17.049159,48.168169],[17.049058,48.168082],[17.048959,48.168003],[17.048823,48.167905],[17.048651,48.167795],[17.048492,48.167699],[17.047403,48.167077]]]},"properties":{}},{"type":"Feature","geometry":{"type":"Polygon","coordinates":[[[17.049658,48.169891],[17.04962,48.170311],[17.049513,48.170305],[17.049533,48.170127],[17.049525,48.170112],[17.049553,48.169921],[17.049558,48.169905],[17.049567,48.169889],[17.049576,48.169881],[17.049591,48.169875],[17.04961,48.169872],[17.049629,48.169874],[17.049651,48.169881],[17.049658,48.169891]]]},"properties":{}},{"type":"Feature","geometry":{"type":"Polygon","coordinates":[[[17.049514,48.170388],[17.049604,48.170391],[17.049558,48.171004],[17.049589,48.171005],[17.049544,48.17149],[17.049494,48.171982],[17.049378,48.173121],[17.049361,48.173291],[17.04935,48.173407],[17.049345,48.173399],[17.049334,48.173409],[17.049313,48.173532],[17.049292,48.173626],[17.049287,48.173625],[17.049241,48.173816],[17.049129,48.17424],[17.049027,48.174265],[17.049046,48.174191],[17.049053,48.174192],[17.049208,48.173588],[17.049197,48.173587],[17.049215,48.173497],[17.049243,48.173346],[17.049257,48.173218],[17.049266,48.173152],[17.049255,48.173152],[17.049259,48.173107],[17.049313,48.172593],[17.049374,48.171978],[17.049405,48.171708],[17.049417,48.171549],[17.049418,48.171502],[17.04943,48.171502],[17.049514,48.170388]]]},"properties":{}},{"type":"Feature","geometry":{"type":"Polygon","coordinates":[[[17.049012,48.174308],[17.049021,48.174309],[17.04912,48.174287],[17.049104,48.174357],[17.048993,48.174669],[17.048995,48.17468],[17.049004,48.174676],[17.048938,48.174826],[17.048867,48.17497],[17.048788,48.175113],[17.048692,48.175268],[17.048576,48.175445],[17.048449,48.175611],[17.048326,48.175763],[17.04819,48.175911],[17.048038,48.17606],[17.047852,48.176232],[17.047654,48.176407],[17.04743,48.176595],[17.047051,48.176888],[17.046308,48.177475],[17.046223,48.177424],[17.046305,48.177362],[17.046296,48.177357],[17.046977,48.176839],[17.047351,48.176545],[17.04757,48.176363],[17.047764,48.176188],[17.047943,48.176016],[17.048085,48.175865],[17.04816,48.175781],[17.048171,48.175785],[17.048279,48.17566],[17.048407,48.175501],[17.048531,48.175331],[17.048614,48.175201],[17.048673,48.175103],[17.048741,48.174983],[17.048787,48.174895],[17.048828,48.174805],[17.048881,48.174687],[17.04892,48.174583],[17.048955,48.174488],[17.048994,48.174368],[17.049012,48.174308]]]},"properties":{}},{"type":"Feature","geometry":{"type":"Polygon","coordinates":[[[17.155566,48.188865],[17.158719,48.18743],[17.159703,48.186426],[17.15853,48.185376],[17.159288,48.184941],[17.159311,48.184642],[17.159398,48.184055],[17.159285,48.183673],[17.15888,48.183081],[17.158228,48.182093],[17.158147,48.182038],[17.158214,48.181733],[17.158429,48.181382],[17.15554,48.180393],[17.148482,48.178036],[17.148471,48.17805],[17.148184,48.178282],[17.147751,48.178634],[17.147404,48.178918],[17.145959,48.178024],[17.145447,48.178379],[17.145324,48.178304],[17.145114,48.178449],[17.144372,48.177937],[17.144254,48.177987],[17.143574,48.177344],[17.142029,48.178054],[17.140656,48.178659],[17.139976,48.178967],[17.139673,48.179104],[17.139722,48.179339],[17.139829,48.179533],[17.13983,48.179658],[17.140329,48.180233],[17.139773,48.180456],[17.139188,48.17978],[17.138886,48.179458],[17.137774,48.179962],[17.137916,48.180104],[17.137954,48.180143],[17.139132,48.181398],[17.138978,48.181455],[17.139212,48.181726],[17.13865,48.181939],[17.138681,48.181977],[17.139227,48.18262],[17.139308,48.182703],[17.139322,48.182718],[17.139516,48.182921],[17.13971,48.183135],[17.139453,48.183307],[17.139899,48.183791],[17.139298,48.184086],[17.139121,48.184171],[17.138685,48.184395],[17.13881,48.184518],[17.138814,48.184523],[17.138885,48.184615],[17.137231,48.185402],[17.137419,48.185826],[17.137579,48.185983],[17.137121,48.186223],[17.137793,48.186569],[17.139083,48.18705],[17.141354,48.187308],[17.142004,48.187379],[17.155566,48.188865]]]},"properties":{}},{"type":"Feature","geometry":{"type":"Polygon","coordinates":[[[17.157968,48.202228],[17.157241,48.20307],[17.158666,48.203615],[17.159361,48.202736],[17.157968,48.202228]]]},"properties":{}},{"type":"Feature","geometry":{"type":"Polygon","coordinates":[[[17.162617,48.182845],[17.163178,48.18305],[17.165124,48.183669],[17.165285,48.183726],[17.167017,48.184339],[17.171051,48.185765],[17.171568,48.185949],[17.171822,48.186081],[17.171991,48.186102],[17.172384,48.186263],[17.172663,48.186472],[17.173201,48.186677],[17.173912,48.186915],[17.174078,48.187014],[17.174147,48.186934],[17.174934,48.187219],[17.175252,48.187334],[17.175323,48.187362],[17.17574,48.187543],[17.175966,48.187654],[17.176306,48.187818],[17.176152,48.187914],[17.176483,48.188047],[17.177186,48.188359],[17.17858,48.1889],[17.179508,48.189172],[17.180191,48.189336],[17.181007,48.189412],[17.18283,48.189634],[17.183462,48.189793],[17.183589,48.189854],[17.183619,48.189871],[17.184046,48.190109],[17.184566,48.190174],[17.184827,48.189915],[17.184888,48.189869],[17.185052,48.18988],[17.188416,48.190009],[17.18909,48.190062],[17.189323,48.190006],[17.189536,48.189912],[17.190534,48.189958],[17.190576,48.189986],[17.191665,48.190025],[17.192179,48.190046],[17.193041,48.190081],[17.194068,48.190095],[17.195252,48.190569],[17.196394,48.191048],[17.196431,48.191779],[17.197255,48.191917],[17.197101,48.192232],[17.196804,48.192199],[17.196641,48.19333],[17.19485,48.193043],[17.194813,48.193234],[17.194618,48.193236],[17.193884,48.19279],[17.193659,48.192648],[17.193678,48.192306],[17.190604,48.192228],[17.190515,48.191842],[17.189681,48.191806],[17.189422,48.191204],[17.189325,48.190911],[17.189081,48.190379],[17.188893,48.19176],[17.188768,48.19255],[17.186445,48.192402],[17.184379,48.192283],[17.184415,48.192006],[17.184226,48.191986],[17.184185,48.191982],[17.181136,48.191657],[17.177899,48.191287],[17.177961,48.191116],[17.176504,48.190994],[17.176418,48.191384],[17.175601,48.191293],[17.175727,48.190844],[17.171173,48.19038],[17.170764,48.190196],[17.17044,48.190489],[17.167287,48.190155],[17.167199,48.190001],[17.166486,48.18997],[17.165981,48.189988],[17.165753,48.189959],[17.165774,48.189865],[17.165143,48.189786],[17.164896,48.189668],[17.165391,48.189204],[17.165099,48.189091],[17.165664,48.1886],[17.164589,48.188049],[17.163259,48.187398],[17.163467,48.187162],[17.163311,48.186947],[17.160967,48.187773],[17.160865,48.187925],[17.160257,48.188456],[17.159687,48.188747],[17.159714,48.188806],[17.158719,48.189029],[17.158838,48.188599],[17.159417,48.18764],[17.159287,48.187227],[17.159056,48.187085],[17.159703,48.186426],[17.159879,48.186583],[17.161002,48.18504],[17.162617,48.182845]]]},"properties":{}},{"type":"Feature","geometry":{"type":"Polygon","coordinates":[[[17.136668,48.200101],[17.135627,48.199341],[17.135212,48.198932],[17.135195,48.198939],[17.135085,48.198827],[17.135145,48.198801],[17.135205,48.198776],[17.135214,48.198771],[17.13539,48.198696],[17.135528,48.198638],[17.135516,48.198625],[17.135421,48.198527],[17.135483,48.198501],[17.135494,48.198512],[17.135576,48.198478],[17.135643,48.198449],[17.135697,48.198426],[17.137081,48.197837],[17.137369,48.197713],[17.138414,48.198818],[17.138799,48.199229],[17.136668,48.200101]]]},"properties":{}},{"type":"Feature","geometry":{"type":"Polygon","coordinates":[[[17.174777,48.213551],[17.175194,48.21393],[17.177008,48.215578],[17.177604,48.216119],[17.177933,48.216419],[17.178071,48.216544],[17.178182,48.216646],[17.178322,48.216766],[17.178464,48.216901],[17.179522,48.217903],[17.179604,48.217996],[17.179669,48.218084],[17.179741,48.218194],[17.179812,48.218312],[17.179867,48.218419],[17.17992,48.218535],[17.179984,48.218706],[17.18001,48.218792],[17.180072,48.219051],[17.179974,48.219051],[17.178975,48.219051],[17.178398,48.218851],[17.177803,48.218674],[17.177368,48.218556],[17.177197,48.218554],[17.17709,48.218546],[17.17695,48.218514],[17.176705,48.21846],[17.17652,48.21842],[17.176213,48.218367],[17.175816,48.218316],[17.175162,48.218231],[17.174598,48.218162],[17.174245,48.218129],[17.174153,48.218132],[17.174038,48.218108],[17.173548,48.217874],[17.173209,48.217713],[17.173784,48.217141],[17.173097,48.216803],[17.171829,48.216228],[17.173664,48.214551],[17.173889,48.214402],[17.174713,48.213625],[17.174777,48.213551]]]},"properties":{}},{"type":"Feature","geometry":{"type":"Polygon","coordinates":[[[17.190205,48.218658],[17.193302,48.219137],[17.193733,48.218719],[17.194212,48.218256],[17.193551,48.217816],[17.195813,48.215869],[17.192217,48.214032],[17.191731,48.213834],[17.191127,48.213639],[17.190911,48.213805],[17.190706,48.213964],[17.190605,48.21405],[17.190521,48.214126],[17.190396,48.214239],[17.190064,48.214572],[17.189798,48.214836],[17.189591,48.215052],[17.189523,48.215131],[17.189412,48.21526],[17.189314,48.215365],[17.189265,48.215413],[17.189184,48.215486],[17.1891,48.215561],[17.189012,48.215629],[17.188857,48.215739],[17.1887,48.215855],[17.188396,48.216072],[17.18808,48.216299],[17.187399,48.216796],[17.187173,48.216957],[17.187121,48.216994],[17.186724,48.21726],[17.18724,48.217549],[17.187296,48.21758],[17.187644,48.217301],[17.187971,48.217035],[17.188396,48.216704],[17.188475,48.216749],[17.189013,48.217052],[17.189787,48.217478],[17.190908,48.218095],[17.190205,48.218658]]]},"properties":{}},{"type":"Feature","geometry":{"type":"Polygon","coordinates":[[[17.170495,48.179408],[17.170704,48.179479],[17.171387,48.179705],[17.171586,48.179772],[17.171665,48.179669],[17.174043,48.180388],[17.17484,48.18064],[17.174814,48.180677],[17.175363,48.180876],[17.175345,48.180905],[17.175334,48.180921],[17.176277,48.181232],[17.176497,48.180943],[17.177318,48.181213],[17.177134,48.181462],[17.177399,48.181548],[17.177298,48.181683],[17.176925,48.182206],[17.176884,48.182268],[17.17736,48.182429],[17.177642,48.182524],[17.177734,48.182551],[17.178115,48.181901],[17.178802,48.180937],[17.179,48.180659],[17.17894,48.180449],[17.17888,48.180471],[17.178246,48.180281],[17.178209,48.18027],[17.178178,48.180261],[17.177691,48.180115],[17.177413,48.180017],[17.177054,48.17989],[17.17702,48.179932],[17.174496,48.179082],[17.172793,48.178263],[17.17221,48.178837],[17.171361,48.178469],[17.171181,48.178661],[17.170736,48.179116],[17.170731,48.179214],[17.170665,48.179316],[17.170495,48.179408]]]},"properties":{}},{"type":"Feature","geometry":{"type":"Polygon","coordinates":[[[17.182296,48.17141],[17.182373,48.171406],[17.182871,48.170865],[17.182881,48.170854],[17.183081,48.170637],[17.183577,48.170098],[17.184447,48.170344],[17.184612,48.170482],[17.184628,48.170556],[17.184615,48.170637],[17.184483,48.170943],[17.184485,48.171064],[17.184535,48.171173],[17.184597,48.171257],[17.184688,48.171327],[17.184896,48.171502],[17.185067,48.171544],[17.185101,48.171507],[17.185556,48.171587],[17.185788,48.171672],[17.185897,48.171711],[17.185992,48.171777],[17.186145,48.171884],[17.186327,48.172072],[17.186361,48.172108],[17.186531,48.172353],[17.186605,48.17246],[17.187425,48.17366],[17.185678,48.173151],[17.185171,48.173924],[17.183748,48.173533],[17.183398,48.173335],[17.183365,48.173316],[17.183341,48.173303],[17.182534,48.175113],[17.181842,48.176313],[17.181292,48.176742],[17.179495,48.175908],[17.179238,48.176285],[17.178967,48.176193],[17.178685,48.176503],[17.178478,48.176411],[17.177581,48.177573],[17.177144,48.177447],[17.17664,48.17811],[17.175799,48.177814],[17.17419,48.177084],[17.170289,48.175271],[17.173414,48.17257],[17.17366,48.172312],[17.1742,48.171746],[17.175787,48.169782],[17.177461,48.167711],[17.180297,48.16889],[17.180057,48.169134],[17.180083,48.169152],[17.180117,48.169164],[17.179739,48.169514],[17.179253,48.169959],[17.179242,48.169969],[17.178677,48.169713],[17.178459,48.169916],[17.179473,48.170395],[17.1788,48.17104],[17.179089,48.171151],[17.179684,48.171377],[17.179727,48.171393],[17.179753,48.171402],[17.179782,48.171413],[17.179942,48.171471],[17.17996,48.171476],[17.180117,48.171524],[17.181192,48.171871],[17.181706,48.172038],[17.181945,48.171783],[17.182065,48.171656],[17.182296,48.17141]]]},"properties":{}},{"type":"Feature","geometry":{"type":"Polygon","coordinates":[[[17.152813,48.165607],[17.154644,48.165571],[17.157841,48.165495],[17.157897,48.166134],[17.157729,48.166137],[17.157731,48.166367],[17.157673,48.166372],[17.157681,48.16654],[17.157553,48.166525],[17.157503,48.166603],[17.156678,48.166964],[17.156511,48.166977],[17.156509,48.167056],[17.155377,48.167096],[17.154886,48.166784],[17.154362,48.166575],[17.15398,48.166392],[17.1539,48.166334],[17.152822,48.165861],[17.152809,48.165628],[17.152813,48.165607]]]},"properties":{}},{"type":"Feature","geometry":{"type":"Polygon","coordinates":[[[17.155621,48.164942],[17.155626,48.1647],[17.155628,48.164633],[17.155629,48.164229],[17.155642,48.164219],[17.155639,48.164176],[17.155651,48.164146],[17.1557,48.16412],[17.155754,48.164121],[17.15576,48.164112],[17.155911,48.164106],[17.156725,48.164089],[17.157307,48.164077],[17.157552,48.164071],[17.157581,48.164657],[17.157587,48.164896],[17.156477,48.164925],[17.15644,48.164925],[17.156287,48.164925],[17.156246,48.164926],[17.156175,48.164928],[17.155621,48.164942]]]},"properties":{}},{"type":"Feature","geometry":{"type":"Polygon","coordinates":[[[17.131264,48.179229],[17.129221,48.180078],[17.129656,48.180602],[17.129758,48.180938],[17.129784,48.181023],[17.129611,48.18107],[17.129364,48.181132],[17.129478,48.181497],[17.129732,48.181816],[17.130164,48.182198],[17.130845,48.182843],[17.130933,48.182923],[17.131659,48.182574],[17.132008,48.182424],[17.132373,48.182274],[17.132732,48.182136],[17.131264,48.179229]]]},"properties":{}},{"type":"Feature","geometry":{"type":"Polygon","coordinates":[[[17.128627,48.180028],[17.127477,48.180122],[17.125616,48.180268],[17.12545,48.179513],[17.125736,48.179482],[17.125812,48.179804],[17.126002,48.179789],[17.126023,48.179936],[17.127274,48.179825],[17.128524,48.179709],[17.128627,48.180028]]]},"properties":{}},{"type":"Feature","geometry":{"type":"Polygon","coordinates":[[[17.16636,48.182892],[17.166073,48.183267],[17.167137,48.183625],[17.167146,48.183628],[17.167397,48.183714],[17.168956,48.184245],[17.170087,48.184601],[17.170263,48.184365],[17.17069,48.18451],[17.170461,48.184795],[17.171589,48.185195],[17.172002,48.184698],[17.172026,48.18467],[17.172427,48.18482],[17.172451,48.184828],[17.172775,48.184435],[17.172838,48.184372],[17.171781,48.183124],[17.171122,48.182314],[17.171001,48.182174],[17.170527,48.181618],[17.169611,48.180542],[17.169504,48.180404],[17.169147,48.180839],[17.168869,48.180744],[17.168863,48.180753],[17.168604,48.180673],[17.168372,48.180954],[17.168853,48.181113],[17.168203,48.18196],[17.168164,48.182005],[17.167262,48.181701],[17.167233,48.181738],[17.167169,48.181823],[17.16636,48.182892]]]},"properties":{}},{"type":"Feature","geometry":{"type":"Polygon","coordinates":[[[17.130316,48.176059],[17.130292,48.176004],[17.130028,48.17534],[17.129868,48.174751],[17.13001,48.174726],[17.130099,48.174693],[17.130092,48.174684],[17.130101,48.17468],[17.131514,48.173997],[17.131844,48.174369],[17.13231,48.174191],[17.133232,48.175129],[17.132405,48.175467],[17.13242,48.175488],[17.132438,48.175515],[17.132462,48.175554],[17.13208,48.175647],[17.130316,48.176059]]]},"properties":{}},{"type":"Feature","geometry":{"type":"Polygon","coordinates":[[[17.128428,48.170822],[17.127798,48.171058],[17.127565,48.17115],[17.127711,48.171333],[17.127793,48.171437],[17.127658,48.171444],[17.127653,48.171421],[17.127596,48.171425],[17.127462,48.171432],[17.127464,48.171456],[17.127165,48.171472],[17.127165,48.171474],[17.127255,48.172232],[17.127259,48.172253],[17.127347,48.172714],[17.127348,48.172717],[17.127354,48.172749],[17.127359,48.172781],[17.127445,48.172774],[17.127469,48.172894],[17.127504,48.173095],[17.12752,48.173181],[17.127833,48.173156],[17.127911,48.173133],[17.12797,48.17313],[17.127984,48.173179],[17.128002,48.17324],[17.128427,48.173196],[17.12852,48.173579],[17.12909,48.173418],[17.128993,48.173045],[17.128565,48.171237],[17.128526,48.17124],[17.128493,48.171243],[17.128428,48.170822]]]},"properties":{}},{"type":"Feature","geometry":{"type":"Polygon","coordinates":[[[17.128052,48.176413],[17.128321,48.176391],[17.129974,48.176091],[17.129723,48.175364],[17.129493,48.174696],[17.129381,48.174723],[17.129275,48.174747],[17.129247,48.174728],[17.128138,48.174972],[17.127883,48.175027],[17.127786,48.175049],[17.127964,48.175905],[17.128052,48.176413]]]},"properties":{}},{"type":"Feature","geometry":{"type":"Polygon","coordinates":[[[17.147151,48.171252],[17.147086,48.171184],[17.146958,48.171058],[17.146985,48.17103],[17.14707,48.170937],[17.147515,48.170719],[17.147341,48.170553],[17.147175,48.170396],[17.14714,48.170412],[17.147089,48.170355],[17.14719,48.17031],[17.147309,48.170208],[17.147268,48.17017],[17.147199,48.170206],[17.147107,48.170217],[17.147032,48.17018],[17.147016,48.170118],[17.147077,48.170073],[17.147281,48.169985],[17.147891,48.169694],[17.148513,48.169196],[17.148589,48.169189],[17.148768,48.169277],[17.148794,48.169322],[17.148791,48.169345],[17.148755,48.169401],[17.148791,48.169429],[17.148826,48.169457],[17.148906,48.169417],[17.148975,48.169403],[17.149019,48.16944],[17.149128,48.169538],[17.149218,48.169624],[17.149476,48.169823],[17.149338,48.169886],[17.149385,48.169926],[17.149558,48.170083],[17.148196,48.170688],[17.148243,48.17076],[17.148236,48.170763],[17.148346,48.170876],[17.147988,48.171036],[17.147648,48.171188],[17.147262,48.171362],[17.147215,48.171315],[17.147151,48.171252]]]},"properties":{}},{"type":"Feature","geometry":{"type":"Polygon","coordinates":[[[17.198347,48.194951],[17.197927,48.197556],[17.197622,48.198961],[17.197567,48.199096],[17.197531,48.199188],[17.197467,48.199247],[17.197379,48.199294],[17.197302,48.199313],[17.19725,48.199311],[17.197164,48.199301],[17.197088,48.199291],[17.19659,48.199068],[17.191335,48.196464],[17.190811,48.196213],[17.190132,48.195871],[17.189964,48.195769],[17.189925,48.195583],[17.195774,48.194937],[17.195871,48.195009],[17.196262,48.194963],[17.196358,48.195001],[17.196463,48.19503],[17.196813,48.195015],[17.197154,48.195003],[17.198347,48.194951]]]},"properties":{}},{"type":"Feature","geometry":{"type":"Polygon","coordinates":[[[17.195082,48.198532],[17.194717,48.198956],[17.194654,48.199299],[17.192202,48.198126],[17.192025,48.1983],[17.188903,48.196451],[17.187314,48.197631],[17.186181,48.19738],[17.18676,48.196077],[17.189435,48.195768],[17.191115,48.196594],[17.192961,48.197477],[17.192652,48.19774],[17.193167,48.19798],[17.193469,48.197739],[17.195082,48.198532]]]},"properties":{}},{"type":"Feature","geometry":{"type":"Polygon","coordinates":[[[17.199594,48.21104],[17.199981,48.210781],[17.199228,48.210391],[17.19889,48.210613],[17.198839,48.210646],[17.198777,48.21069],[17.198658,48.210775],[17.198748,48.210831],[17.198866,48.21089],[17.199064,48.210763],[17.199594,48.21104]]]},"properties":{}},{"type":"Feature","geometry":{"type":"Polygon","coordinates":[[[17.18768,48.214332],[17.187424,48.214419],[17.186816,48.213774],[17.186444,48.213895],[17.185849,48.214753],[17.186386,48.215198],[17.185656,48.215631],[17.186583,48.216281],[17.187375,48.216735],[17.188097,48.21621],[17.188914,48.215599],[17.18768,48.214332]]]},"properties":{}},{"type":"Feature","geometry":{"type":"Polygon","coordinates":[[[17.162721,48.202859],[17.164821,48.20462],[17.164044,48.205034],[17.165045,48.205592],[17.163725,48.206287],[17.16294,48.205625],[17.161432,48.206429],[17.161473,48.206464],[17.161246,48.206586],[17.161137,48.206594],[17.160095,48.206029],[17.159847,48.20593],[17.160257,48.205566],[17.160189,48.205523],[17.160605,48.205159],[17.160131,48.204757],[17.160073,48.204671],[17.159952,48.204508],[17.159965,48.204429],[17.160187,48.20431],[17.160408,48.204495],[17.161102,48.204121],[17.160844,48.2039],[17.160806,48.203867],[17.160774,48.203729],[17.1615,48.203391],[17.16167,48.20326],[17.161854,48.203165],[17.162606,48.202776],[17.162625,48.202791],[17.162711,48.202864],[17.162721,48.202859]]]},"properties":{}},{"type":"Feature","geometry":{"type":"Polygon","coordinates":[[[17.159441,48.205447],[17.158759,48.205052],[17.159053,48.204787],[17.159164,48.204697],[17.159243,48.204613],[17.159249,48.204482],[17.159232,48.204287],[17.159229,48.204043],[17.158794,48.203838],[17.159477,48.20333],[17.159879,48.203503],[17.16024,48.203791],[17.160276,48.20383],[17.160216,48.203893],[17.159999,48.204018],[17.159843,48.204139],[17.159693,48.204303],[17.15963,48.204514],[17.159441,48.205447]]]},"properties":{}},{"type":"Feature","geometry":{"type":"Polygon","coordinates":[[[17.157644,48.167296],[17.157741,48.167394],[17.157766,48.167421],[17.157784,48.167437],[17.157794,48.167439],[17.157855,48.1675],[17.158208,48.167617],[17.158215,48.167607],[17.158347,48.167432],[17.158634,48.167291],[17.159023,48.167413],[17.159053,48.167364],[17.159158,48.167188],[17.159295,48.166958],[17.159317,48.166917],[17.159177,48.166784],[17.15903,48.166642],[17.158966,48.166672],[17.158884,48.166711],[17.157644,48.167296]]]},"properties":{}},{"type":"Feature","geometry":{"type":"Polygon","coordinates":[[[17.18123,48.160328],[17.181225,48.160351],[17.181165,48.160346],[17.181129,48.160338],[17.181104,48.160303],[17.181059,48.16025],[17.18101,48.160226],[17.180929,48.160214],[17.180867,48.160229],[17.180825,48.160244],[17.18079,48.160285],[17.180676,48.160525],[17.180105,48.160703],[17.180054,48.160728],[17.179433,48.161025],[17.179316,48.161032],[17.179198,48.161086],[17.178623,48.161349],[17.178037,48.162031],[17.178006,48.162073],[17.178001,48.162113],[17.178019,48.162145],[17.178072,48.162175],[17.179094,48.162486],[17.17916,48.162506],[17.179205,48.162506],[17.179292,48.16248],[17.179343,48.162472],[17.179389,48.162455],[17.17941,48.162425],[17.179492,48.1623],[17.179526,48.162187],[17.179537,48.162188],[17.179595,48.161967],[17.179771,48.161887],[17.180748,48.161423],[17.180829,48.16143],[17.181421,48.161153],[17.181552,48.161088],[17.181567,48.161017],[17.181662,48.160507],[17.181634,48.160504],[17.181654,48.1604],[17.181563,48.160391],[17.181567,48.160354],[17.18123,48.160328]]]},"properties":{}},{"type":"Feature","geometry":{"type":"Polygon","coordinates":[[[17.16684,48.157272],[17.167067,48.157286],[17.167091,48.157131],[17.166869,48.157114],[17.16684,48.157272]]]},"properties":{}},{"type":"Feature","geometry":{"type":"Polygon","coordinates":[[[17.186093,48.159469],[17.186031,48.158939],[17.186499,48.158916],[17.186716,48.159371],[17.186583,48.159392],[17.186093,48.159469]]]},"properties":{}},{"type":"Feature","geometry":{"type":"Polygon","coordinates":[[[17.17523,48.169141],[17.175089,48.169315],[17.174728,48.16976],[17.174712,48.169779],[17.174541,48.16999],[17.174424,48.169947],[17.174382,48.169937],[17.174339,48.169935],[17.174287,48.16994],[17.174223,48.169962],[17.174186,48.169987],[17.17409,48.170104],[17.174004,48.170208],[17.174058,48.170237],[17.174212,48.170321],[17.17444,48.170445],[17.17445,48.17045],[17.174456,48.170454],[17.174628,48.170546],[17.174657,48.170551],[17.174683,48.170547],[17.17469,48.170538],[17.174709,48.170518],[17.174766,48.170445],[17.175046,48.170092],[17.175085,48.170086],[17.175199,48.169956],[17.175717,48.169327],[17.175248,48.169148],[17.17523,48.169141]]]},"properties":{}},{"type":"Feature","geometry":{"type":"Polygon","coordinates":[[[17.11972,48.164173],[17.119242,48.16435],[17.119103,48.164401],[17.118283,48.163393],[17.118884,48.163157],[17.11972,48.164173]]]},"properties":{}},{"type":"Feature","geometry":{"type":"Polygon","coordinates":[[[17.178461,48.159776],[17.177807,48.159812],[17.177698,48.159818],[17.177302,48.159795],[17.177302,48.159788],[17.177307,48.159759],[17.177311,48.159733],[17.177315,48.159708],[17.177319,48.159681],[17.177324,48.159654],[17.177328,48.159626],[17.177333,48.159599],[17.177337,48.159573],[17.177341,48.159546],[17.177346,48.15952],[17.17735,48.159493],[17.177354,48.159466],[17.177359,48.159439],[17.177363,48.159412],[17.177372,48.159357],[17.177377,48.159329],[17.177381,48.159301],[17.177383,48.159294],[17.177426,48.159003],[17.177967,48.159036],[17.178317,48.15921],[17.178334,48.159255],[17.178368,48.159273],[17.178397,48.159288],[17.178603,48.159383],[17.178604,48.159439],[17.178573,48.159543],[17.178461,48.159776]]]},"properties":{}},{"type":"Feature","geometry":{"type":"Polygon","coordinates":[[[17.162648,48.213623],[17.164399,48.212734],[17.164472,48.212797],[17.1645,48.212821],[17.164527,48.212845],[17.164554,48.212869],[17.164581,48.212892],[17.164608,48.212916],[17.164616,48.212922],[17.165133,48.213333],[17.168055,48.215336],[17.169936,48.216539],[17.169691,48.216753],[17.169681,48.216846],[17.169635,48.216886],[17.169491,48.217017],[17.169374,48.217122],[17.169372,48.217169],[17.168492,48.216901],[17.166018,48.215711],[17.164355,48.214925],[17.164178,48.214835],[17.162868,48.214222],[17.162911,48.2142],[17.163052,48.214133],[17.162948,48.214052],[17.163085,48.213978],[17.162648,48.213623]]]},"properties":{}},{"type":"Feature","geometry":{"type":"Polygon","coordinates":[[[17.159355,48.212003],[17.159541,48.212155],[17.16011,48.212626],[17.160177,48.212601],[17.160434,48.212471],[17.161662,48.211852],[17.161963,48.211691],[17.162812,48.211273],[17.161777,48.210361],[17.161625,48.210349],[17.161805,48.2105],[17.160757,48.210936],[17.160526,48.211034],[17.160113,48.211365],[17.160168,48.211478],[17.159893,48.211633],[17.159743,48.211702],[17.15957,48.21182],[17.159598,48.211842],[17.159481,48.211908],[17.159355,48.212003]]]},"properties":{}},{"type":"Feature","geometry":{"type":"Polygon","coordinates":[[[17.160807,48.200636],[17.160771,48.200541],[17.16122,48.200459],[17.161286,48.200642],[17.161252,48.200648],[17.16117,48.200664],[17.161136,48.200578],[17.160807,48.200636]]]},"properties":{}},{"type":"Feature","geometry":{"type":"Polygon","coordinates":[[[17.157434,48.205421],[17.157548,48.205539],[17.157596,48.205588],[17.157612,48.205605],[17.157617,48.205689],[17.15778,48.205858],[17.157932,48.205989],[17.157997,48.206044],[17.158369,48.20634],[17.159243,48.205895],[17.159392,48.205722],[17.159459,48.205462],[17.158441,48.204872],[17.157434,48.205421]]]},"properties":{}},{"type":"Feature","geometry":{"type":"Polygon","coordinates":[[[17.159526,48.20265],[17.158806,48.202384],[17.159239,48.201879],[17.159769,48.202001],[17.15995,48.202078],[17.15997,48.202115],[17.159526,48.20265]]]},"properties":{}},{"type":"Feature","geometry":{"type":"Polygon","coordinates":[[[17.135019,48.191093],[17.137186,48.189991],[17.137127,48.189939],[17.136577,48.189455],[17.135736,48.188705],[17.135281,48.188304],[17.135128,48.18838],[17.135095,48.18835],[17.134953,48.188423],[17.134892,48.188453],[17.134826,48.188482],[17.134767,48.188511],[17.134726,48.188532],[17.134712,48.188538],[17.134647,48.188571],[17.134266,48.188763],[17.13432,48.188813],[17.13435,48.18884],[17.134481,48.188959],[17.134076,48.189165],[17.133626,48.189396],[17.133538,48.189773],[17.135019,48.191093]]]},"properties":{}},{"type":"Feature","geometry":{"type":"Polygon","coordinates":[[[17.1614,48.193135],[17.160897,48.19511],[17.160849,48.195482],[17.160785,48.196022],[17.160653,48.196046],[17.160139,48.196141],[17.160092,48.196024],[17.159383,48.196153],[17.159551,48.195433],[17.160206,48.193001],[17.160267,48.193009],[17.160301,48.193013],[17.1614,48.193135]]]},"properties":{}},{"type":"Feature","geometry":{"type":"Polygon","coordinates":[[[17.142259,48.163154],[17.142694,48.163321],[17.143209,48.162742],[17.1428,48.162576],[17.142259,48.163154]]]},"properties":{}},{"type":"Feature","geometry":{"type":"Polygon","coordinates":[[[17.139485,48.198948],[17.13999,48.19948],[17.140027,48.19952],[17.140079,48.199575],[17.140089,48.199571],[17.140116,48.199598],[17.140149,48.199634],[17.140139,48.199638],[17.140323,48.199831],[17.140311,48.199835],[17.1403,48.19984],[17.140313,48.199855],[17.140386,48.199931],[17.140395,48.19994],[17.140418,48.199931],[17.141187,48.20075],[17.140296,48.200928],[17.14071,48.201379],[17.139204,48.201994],[17.138424,48.201962],[17.137975,48.201459],[17.137661,48.201175],[17.136668,48.200101],[17.138799,48.199229],[17.139485,48.198948]]]},"properties":{}},{"type":"Feature","geometry":{"type":"Polygon","coordinates":[[[17.18951,48.16948],[17.189668,48.168812],[17.189706,48.168649],[17.189733,48.168652],[17.189767,48.168504],[17.189778,48.168456],[17.189783,48.168433],[17.189829,48.168407],[17.189854,48.168293],[17.18993,48.167697],[17.188889,48.167587],[17.188863,48.167608],[17.188628,48.167998],[17.188498,48.168228],[17.188324,48.168568],[17.188278,48.16867],[17.188103,48.169066],[17.188004,48.169305],[17.18951,48.16948]]]},"properties":{}},{"type":"Feature","geometry":{"type":"Polygon","coordinates":[[[17.195252,48.190569],[17.194068,48.190095],[17.193041,48.190081],[17.192179,48.190046],[17.191665,48.190025],[17.191705,48.189641],[17.199752,48.190046],[17.19968,48.190305],[17.199523,48.190877],[17.199257,48.191843],[17.196431,48.191779],[17.196394,48.191048],[17.195252,48.190569]]]},"properties":{}},{"type":"Feature","geometry":{"type":"Polygon","coordinates":[[[17.17296,48.191528],[17.173268,48.191749],[17.174424,48.192588],[17.1744,48.192649],[17.174381,48.192699],[17.173483,48.1926],[17.173269,48.193445],[17.173256,48.193492],[17.173042,48.193677],[17.172791,48.19388],[17.172379,48.193833],[17.172327,48.193885],[17.171802,48.193829],[17.170789,48.193716],[17.169791,48.193604],[17.169777,48.193644],[17.168656,48.194904],[17.166336,48.195135],[17.164826,48.195314],[17.16438,48.195427],[17.163823,48.19552],[17.160073,48.196253],[17.157855,48.196629],[17.157649,48.196664],[17.15713,48.196648],[17.156769,48.196577],[17.156749,48.196553],[17.156601,48.196375],[17.157589,48.192661],[17.158106,48.191184],[17.15848,48.190247],[17.158582,48.190084],[17.158972,48.190012],[17.159145,48.190006],[17.162106,48.190318],[17.168547,48.191042],[17.17296,48.191528]]]},"properties":{}},{"type":"Feature","geometry":{"type":"Polygon","coordinates":[[[17.19641,48.189606],[17.1991,48.18969],[17.199213,48.188803],[17.199384,48.187457],[17.198009,48.187384],[17.196601,48.187335],[17.196457,48.187446],[17.196423,48.187517],[17.196337,48.187633],[17.196205,48.189019],[17.196179,48.18936],[17.196212,48.189496],[17.196287,48.189557],[17.19641,48.189606]]]},"properties":{}},{"type":"Feature","geometry":{"type":"Polygon","coordinates":[[[17.18191,48.188871],[17.182304,48.188923],[17.182334,48.188882],[17.182674,48.188905],[17.182694,48.18886],[17.182757,48.188867],[17.18281,48.188697],[17.182848,48.188613],[17.182882,48.188505],[17.182959,48.188264],[17.183241,48.187315],[17.182102,48.187083],[17.18221,48.185642],[17.182145,48.185468],[17.181994,48.185337],[17.181901,48.185267],[17.181585,48.185107],[17.181232,48.18497],[17.180807,48.184825],[17.180602,48.184747],[17.180235,48.184099],[17.180286,48.183529],[17.180318,48.183435],[17.180373,48.183225],[17.180174,48.183152],[17.180007,48.183074],[17.178077,48.182461],[17.17776,48.18311],[17.176858,48.184489],[17.175833,48.185875],[17.17547,48.186521],[17.175795,48.186927],[17.176747,48.18753],[17.177384,48.187812],[17.178501,48.18821],[17.179329,48.188461],[17.179926,48.188609],[17.180547,48.188726],[17.180777,48.188721],[17.18191,48.188871]]]},"properties":{}},{"type":"Feature","geometry":{"type":"Polygon","coordinates":[[[17.164216,48.183016],[17.165934,48.183666],[17.170091,48.185119],[17.174026,48.186495],[17.174135,48.186533],[17.174234,48.186516],[17.174272,48.186509],[17.174398,48.18645],[17.174467,48.186387],[17.174479,48.186306],[17.172838,48.184372],[17.172775,48.184435],[17.172451,48.184828],[17.172427,48.18482],[17.172026,48.18467],[17.172002,48.184698],[17.171589,48.185195],[17.170461,48.184795],[17.17069,48.18451],[17.170263,48.184365],[17.170087,48.184601],[17.168956,48.184245],[17.167397,48.183714],[17.167146,48.183628],[17.167137,48.183625],[17.166073,48.183267],[17.16636,48.182892],[17.164976,48.182428],[17.164873,48.182558],[17.164682,48.182491],[17.164557,48.182586],[17.164216,48.183016]]]},"properties":{}},{"type":"Feature","geometry":{"type":"Polygon","coordinates":[[[17.169706,48.180052],[17.170371,48.180856],[17.171787,48.182582],[17.174386,48.185578],[17.174708,48.185895],[17.174905,48.186098],[17.175061,48.186111],[17.175301,48.185989],[17.175428,48.185876],[17.175486,48.185824],[17.175618,48.185675],[17.176152,48.1848],[17.176079,48.184802],[17.174818,48.184395],[17.174775,48.184348],[17.173809,48.183198],[17.173735,48.183116],[17.173884,48.182918],[17.173899,48.182898],[17.174255,48.182413],[17.174365,48.182261],[17.174784,48.18168],[17.175041,48.181325],[17.175334,48.180921],[17.175345,48.180905],[17.175363,48.180876],[17.174814,48.180677],[17.17484,48.18064],[17.174043,48.180388],[17.171665,48.179669],[17.171586,48.179772],[17.171387,48.179705],[17.170495,48.179408],[17.170414,48.179454],[17.170405,48.179673],[17.170121,48.180041],[17.169706,48.180052]]]},"properties":{}},{"type":"Feature","geometry":{"type":"Polygon","coordinates":[[[17.194172,48.163224],[17.19452,48.16299],[17.194164,48.162754],[17.193961,48.16262],[17.193615,48.162855],[17.194172,48.163224]]]},"properties":{}},{"type":"Feature","geometry":{"type":"Polygon","coordinates":[[[17.189365,48.165044],[17.190407,48.163383],[17.191309,48.163599],[17.191513,48.163649],[17.19182,48.163676],[17.192091,48.163652],[17.192328,48.163516],[17.193037,48.162247],[17.193148,48.162061],[17.193512,48.161799],[17.190454,48.159833],[17.18995,48.159154],[17.189844,48.158499],[17.188839,48.159273],[17.188325,48.159528],[17.187081,48.160144],[17.186661,48.160287],[17.186421,48.160439],[17.185573,48.162017],[17.184179,48.162073],[17.183625,48.162972],[17.18379,48.164046],[17.186915,48.164868],[17.187466,48.164344],[17.187562,48.164601],[17.187793,48.164955],[17.190141,48.165431],[17.189365,48.165044]]]},"properties":{}},{"type":"Feature","geometry":{"type":"Polygon","coordinates":[[[17.148889,48.173107],[17.149849,48.172445],[17.149907,48.172485],[17.15014,48.172324],[17.150748,48.172635],[17.150319,48.172859],[17.149949,48.173356],[17.149509,48.173214],[17.14947,48.17323],[17.148889,48.173107]]]},"properties":{}},{"type":"Feature","geometry":{"type":"Polygon","coordinates":[[[17.195082,48.198532],[17.197245,48.199592],[17.197076,48.199901],[17.196651,48.200456],[17.195508,48.199889],[17.195439,48.199618],[17.195211,48.199533],[17.194819,48.199504],[17.194773,48.199691],[17.194604,48.199669],[17.194654,48.199299],[17.194717,48.198956],[17.195082,48.198532]]]},"properties":{}},{"type":"Feature","geometry":{"type":"Polygon","coordinates":[[[17.135447,48.158313],[17.135374,48.15837],[17.135245,48.158388],[17.135,48.158355],[17.134941,48.15833],[17.134963,48.158263],[17.134974,48.158204],[17.135011,48.158082],[17.13495,48.158075],[17.134981,48.157964],[17.135046,48.157973],[17.135113,48.157755],[17.135594,48.15782],[17.135447,48.158313]]]},"properties":{}},{"type":"Feature","geometry":{"type":"Polygon","coordinates":[[[17.181603,48.169422],[17.183577,48.170098],[17.183081,48.170637],[17.182881,48.170854],[17.182871,48.170865],[17.182373,48.171406],[17.182296,48.17141],[17.180476,48.170796],[17.180426,48.170779],[17.18155,48.169413],[17.181603,48.169422]]]},"properties":{}},{"type":"Feature","geometry":{"type":"Polygon","coordinates":[[[17.143574,48.177344],[17.144254,48.177987],[17.144372,48.177937],[17.145114,48.178449],[17.145324,48.178304],[17.145447,48.178379],[17.145959,48.178024],[17.147404,48.178918],[17.147751,48.178634],[17.148184,48.178282],[17.148471,48.17805],[17.148482,48.178036],[17.147171,48.1774],[17.14552,48.176456],[17.144736,48.176814],[17.144443,48.176948],[17.143574,48.177344]]]},"properties":{}},{"type":"Feature","geometry":{"type":"Polygon","coordinates":[[[17.136577,48.189455],[17.136758,48.189367],[17.136765,48.189363],[17.136771,48.18936],[17.136517,48.189146],[17.136151,48.188878],[17.136023,48.188788],[17.135694,48.188532],[17.135452,48.18831],[17.135281,48.188304],[17.135736,48.188705],[17.136577,48.189455]]]},"properties":{}},{"type":"Feature","geometry":{"type":"Polygon","coordinates":[[[17.13983,48.179658],[17.140329,48.180233],[17.139773,48.180456],[17.139188,48.17978],[17.138886,48.179458],[17.139547,48.179161],[17.139673,48.179104],[17.139722,48.179339],[17.139829,48.179533],[17.13983,48.179658]]]},"properties":{}},{"type":"Feature","geometry":{"type":"Polygon","coordinates":[[[17.15656,48.169767],[17.156917,48.169949],[17.157078,48.170034],[17.155411,48.171498],[17.155308,48.171445],[17.154875,48.171246],[17.154836,48.171233],[17.154793,48.171206],[17.154702,48.171146],[17.154488,48.171262],[17.154067,48.17103],[17.154305,48.170817],[17.154149,48.17073],[17.153959,48.170633],[17.153836,48.170568],[17.153852,48.170544],[17.153697,48.170465],[17.153646,48.170438],[17.153512,48.170603],[17.153459,48.170576],[17.153166,48.170403],[17.154053,48.169609],[17.155365,48.16847],[17.15519,48.16837],[17.155622,48.168224],[17.155925,48.168115],[17.156004,48.168183],[17.156195,48.168348],[17.156159,48.16841],[17.156106,48.168487],[17.156148,48.168507],[17.156206,48.168536],[17.156389,48.168597],[17.156832,48.168818],[17.157026,48.168928],[17.157199,48.16903],[17.157215,48.169109],[17.157197,48.169241],[17.157061,48.169373],[17.157027,48.169407],[17.156826,48.169581],[17.156755,48.169643],[17.156719,48.169626],[17.15656,48.169767]]]},"properties":{}},{"type":"Feature","geometry":{"type":"Polygon","coordinates":[[[17.125169,48.158171],[17.125185,48.158308],[17.125677,48.16005],[17.125723,48.160177],[17.125766,48.160601],[17.125736,48.1607],[17.125659,48.160955],[17.126145,48.162753],[17.126558,48.163936],[17.126576,48.16428],[17.126732,48.165309],[17.127154,48.166461],[17.1276,48.166418],[17.127506,48.165314],[17.127454,48.164846],[17.127401,48.164363],[17.127373,48.164189],[17.127358,48.16412],[17.127076,48.163037],[17.12703,48.162847],[17.126701,48.16148],[17.126648,48.161246],[17.126618,48.161114],[17.126586,48.161116],[17.126583,48.161097],[17.126591,48.161038],[17.126377,48.160187],[17.126268,48.159974],[17.125639,48.158744],[17.125611,48.158695],[17.125563,48.158516],[17.125552,48.158447],[17.125548,48.158325],[17.125547,48.158256],[17.125469,48.158205],[17.125169,48.158171]]]},"properties":{}},{"type":"Feature","geometry":{"type":"Polygon","coordinates":[[[17.130316,48.176059],[17.132462,48.175554],[17.132883,48.176049],[17.130617,48.176812],[17.130316,48.176059]]]},"properties":{}},{"type":"Feature","geometry":{"type":"Polygon","coordinates":[[[17.116207,48.152716],[17.116252,48.152693],[17.116303,48.152665],[17.116665,48.152464],[17.116434,48.152288],[17.116286,48.152214],[17.115933,48.152521],[17.116093,48.152638],[17.116207,48.152716]]]},"properties":{}},{"type":"Feature","geometry":{"type":"Polygon","coordinates":[[[17.161921,48.212153],[17.162295,48.211974],[17.162233,48.211923],[17.161963,48.211691],[17.161662,48.211852],[17.160434,48.212471],[17.160177,48.212601],[17.160442,48.212828],[17.160452,48.212836],[17.160546,48.21279],[17.160784,48.212672],[17.161896,48.212129],[17.161921,48.212153]]]},"properties":{}},{"type":"Feature","geometry":{"type":"Polygon","coordinates":[[[17.189492,48.212558],[17.188758,48.213161],[17.188625,48.213052],[17.187421,48.213538],[17.18757,48.213831],[17.187725,48.214257],[17.188928,48.215473],[17.189033,48.215457],[17.190084,48.214301],[17.190062,48.214223],[17.190077,48.214211],[17.190004,48.21417],[17.190116,48.214086],[17.190245,48.213975],[17.190393,48.213964],[17.191161,48.213454],[17.189492,48.212558]]]},"properties":{}},{"type":"Feature","geometry":{"type":"Polygon","coordinates":[[[17.152603,48.214075],[17.152377,48.214026],[17.152065,48.213942],[17.15201,48.213912],[17.152064,48.213773],[17.152123,48.213684],[17.152226,48.213519],[17.152219,48.213516],[17.152225,48.213507],[17.152231,48.213497],[17.152268,48.213438],[17.152372,48.213464],[17.152475,48.21349],[17.152544,48.213506],[17.152533,48.213526],[17.152642,48.213552],[17.152656,48.213535],[17.152748,48.213552],[17.152915,48.213359],[17.152977,48.21328],[17.153013,48.213261],[17.153027,48.213247],[17.153112,48.213277],[17.153268,48.213255],[17.153303,48.213307],[17.153007,48.213624],[17.152888,48.213804],[17.152798,48.213779],[17.152603,48.214075]]]},"properties":{}},{"type":"Feature","geometry":{"type":"Polygon","coordinates":[[[17.111171,48.155036],[17.111151,48.155044],[17.110986,48.155113],[17.110922,48.15511],[17.110869,48.155117],[17.11083,48.155122],[17.110815,48.155124],[17.110793,48.155127],[17.11073,48.155135],[17.110734,48.155162],[17.110825,48.155467],[17.110832,48.15549],[17.110921,48.155475],[17.110974,48.155468],[17.111016,48.155462],[17.111086,48.155452],[17.111102,48.155509],[17.111298,48.155452],[17.111502,48.155392],[17.11147,48.155356],[17.111262,48.155131],[17.111179,48.155042],[17.111171,48.155036]]]},"properties":{}},{"type":"Feature","geometry":{"type":"Polygon","coordinates":[[[17.155192,48.164117],[17.15548,48.164115],[17.155911,48.164106],[17.156725,48.164089],[17.157307,48.164077],[17.157258,48.163344],[17.157013,48.163341],[17.157015,48.163299],[17.156354,48.163312],[17.156074,48.163292],[17.15594,48.163136],[17.155337,48.163325],[17.155121,48.163419],[17.155121,48.163493],[17.155136,48.163733],[17.155157,48.163733],[17.155174,48.163732],[17.155196,48.164036],[17.155192,48.164117]]]},"properties":{}},{"type":"Feature","geometry":{"type":"Polygon","coordinates":[[[17.167262,48.181701],[17.167176,48.181671],[17.165651,48.181154],[17.165308,48.181036],[17.165193,48.180998],[17.165188,48.180996],[17.16504,48.181194],[17.16482,48.181496],[17.164634,48.181752],[17.164618,48.181775],[17.164284,48.181652],[17.164209,48.181746],[17.163955,48.182134],[17.16393,48.182166],[17.164251,48.182269],[17.164213,48.182321],[17.164526,48.182436],[17.164682,48.182491],[17.164873,48.182558],[17.164976,48.182428],[17.16636,48.182892],[17.167169,48.181823],[17.167233,48.181738],[17.167262,48.181701]]]},"properties":{}},{"type":"Feature","geometry":{"type":"Polygon","coordinates":[[[17.164682,48.182491],[17.164526,48.182436],[17.164213,48.182321],[17.164251,48.182269],[17.16393,48.182166],[17.163564,48.182042],[17.163503,48.182125],[17.163462,48.182178],[17.163332,48.182358],[17.163294,48.182422],[17.163261,48.182508],[17.163268,48.182568],[17.163302,48.18263],[17.163388,48.182683],[17.163755,48.182807],[17.164216,48.183016],[17.164557,48.182586],[17.164682,48.182491]]]},"properties":{}},{"type":"Feature","geometry":{"type":"Polygon","coordinates":[[[17.169504,48.180404],[17.169416,48.180373],[17.16728,48.179472],[17.166566,48.179167],[17.165798,48.180172],[17.165188,48.180996],[17.165193,48.180998],[17.165308,48.181036],[17.165651,48.181154],[17.167176,48.181671],[17.167262,48.181701],[17.168164,48.182005],[17.168203,48.18196],[17.168853,48.181113],[17.168372,48.180954],[17.168604,48.180673],[17.168863,48.180753],[17.168869,48.180744],[17.169147,48.180839],[17.169504,48.180404]]]},"properties":{}},{"type":"Feature","geometry":{"type":"Polygon","coordinates":[[[17.162156,48.213869],[17.1625,48.21405],[17.1627,48.214147],[17.162868,48.214222],[17.162911,48.2142],[17.163052,48.214133],[17.162948,48.214052],[17.163085,48.213978],[17.162648,48.213623],[17.162517,48.213685],[17.162364,48.213767],[17.162306,48.213795],[17.162219,48.213838],[17.162156,48.213869]]]},"properties":{}},{"type":"Feature","geometry":{"type":"Polygon","coordinates":[[[17.162219,48.213838],[17.162156,48.213869],[17.161167,48.21321],[17.161123,48.213194],[17.161079,48.213177],[17.160857,48.213062],[17.160759,48.212976],[17.160565,48.212805],[17.160546,48.21279],[17.161896,48.212129],[17.161921,48.212153],[17.162295,48.211974],[17.162233,48.211923],[17.161963,48.211691],[17.162812,48.211273],[17.162908,48.211355],[17.162842,48.211388],[17.162869,48.211411],[17.162897,48.211436],[17.162924,48.211459],[17.162952,48.211483],[17.162979,48.211506],[17.163007,48.211531],[17.163034,48.211554],[17.163062,48.211578],[17.16309,48.211602],[17.163112,48.211622],[17.163139,48.211645],[17.163167,48.211669],[17.163195,48.211693],[17.163223,48.211718],[17.16325,48.211741],[17.163277,48.211765],[17.163305,48.211788],[17.163332,48.211812],[17.163361,48.211837],[17.163378,48.211852],[17.163406,48.211876],[17.163434,48.2119],[17.16346,48.211923],[17.163487,48.211946],[17.163514,48.21197],[17.163542,48.211994],[17.16357,48.212018],[17.163597,48.212041],[17.163608,48.212051],[17.163636,48.212075],[17.163663,48.212099],[17.16369,48.212122],[17.163719,48.212147],[17.163747,48.212171],[17.163774,48.212194],[17.163801,48.212218],[17.163829,48.212242],[17.163857,48.212266],[17.163884,48.212289],[17.163912,48.212314],[17.163939,48.212337],[17.163967,48.212362],[17.163994,48.212386],[17.164022,48.212409],[17.16405,48.212434],[17.164077,48.212457],[17.164105,48.212482],[17.164133,48.212505],[17.164161,48.212529],[17.164188,48.212553],[17.164216,48.212577],[17.164244,48.212602],[17.164271,48.212625],[17.164298,48.212649],[17.164326,48.212673],[17.164399,48.212734],[17.162648,48.213623],[17.162517,48.213685],[17.162364,48.213767],[17.162306,48.213795],[17.162219,48.213838]]]},"properties":{}},{"type":"Feature","geometry":{"type":"Polygon","coordinates":[[[17.13525,48.15594],[17.135264,48.155879],[17.13486,48.155821],[17.134705,48.155745],[17.134517,48.155729],[17.135183,48.15521],[17.135233,48.155171],[17.135245,48.155162],[17.135275,48.155166],[17.135919,48.155254],[17.136293,48.155302],[17.136303,48.155313],[17.13611,48.155979],[17.13602,48.156014],[17.135957,48.156032],[17.135942,48.15603],[17.135944,48.156023],[17.135877,48.156014],[17.13525,48.15594]]]},"properties":{}},{"type":"Feature","geometry":{"type":"Polygon","coordinates":[[[17.189855,48.164697],[17.191222,48.165057],[17.191265,48.16502],[17.191486,48.164888],[17.191611,48.164682],[17.191626,48.164656],[17.19181,48.164353],[17.191928,48.164146],[17.192088,48.163879],[17.190693,48.163544],[17.19061,48.163537],[17.190531,48.163548],[17.189886,48.164653],[17.189858,48.164691],[17.189855,48.164697]]]},"properties":{}},{"type":"Feature","geometry":{"type":"Polygon","coordinates":[[[17.180404,48.157228],[17.18008,48.157381],[17.180242,48.157561],[17.180608,48.1579],[17.180994,48.158132],[17.181453,48.157855],[17.18186,48.15759],[17.181814,48.157225],[17.181803,48.157159],[17.181654,48.156855],[17.180404,48.157228]]]},"properties":{}},{"type":"Feature","geometry":{"type":"Polygon","coordinates":[[[17.180117,48.156763],[17.180217,48.157033],[17.180404,48.157228],[17.181654,48.156855],[17.18117,48.156447],[17.181004,48.156492],[17.180558,48.156628],[17.180117,48.156763]]]},"properties":{}},{"type":"Feature","geometry":{"type":"Polygon","coordinates":[[[17.180015,48.156163],[17.180347,48.156087],[17.180697,48.155989],[17.180758,48.156001],[17.181031,48.156276],[17.18117,48.156447],[17.181004,48.156492],[17.180558,48.156628],[17.180117,48.156763],[17.180088,48.156684],[17.180015,48.156163]]]},"properties":{}},{"type":"Feature","geometry":{"type":"Polygon","coordinates":[[[17.180535,48.163083],[17.179561,48.164518],[17.179392,48.164783],[17.179266,48.164956],[17.178422,48.166044],[17.178334,48.166079],[17.178249,48.166082],[17.177464,48.165755],[17.177104,48.165565],[17.176835,48.165433],[17.176707,48.165365],[17.176177,48.165135],[17.175823,48.16504],[17.17576,48.165012],[17.175721,48.164948],[17.175746,48.164904],[17.176508,48.163954],[17.176585,48.163863],[17.176735,48.163676],[17.177126,48.16317],[17.177155,48.163131],[17.177293,48.162966],[17.17782,48.162321],[17.177871,48.162307],[17.177938,48.162309],[17.177967,48.16232],[17.179128,48.162667],[17.179525,48.162769],[17.180535,48.163083]]]},"properties":{}},{"type":"Feature","geometry":{"type":"Polygon","coordinates":[[[17.196804,48.192199],[17.197101,48.192232],[17.198224,48.192362],[17.197951,48.193491],[17.196774,48.193352],[17.196641,48.19333],[17.196804,48.192199]]]},"properties":{}},{"type":"Feature","geometry":{"type":"Polygon","coordinates":[[[17.117564,48.16614],[17.117454,48.166127],[17.117228,48.165705],[17.117102,48.165469],[17.116871,48.165126],[17.116845,48.165021],[17.116832,48.16462],[17.116844,48.164524],[17.116854,48.164463],[17.116853,48.164433],[17.116852,48.164403],[17.116851,48.164373],[17.11685,48.164342],[17.116844,48.164313],[17.116824,48.164193],[17.116793,48.163927],[17.116773,48.163792],[17.116709,48.163584],[17.116605,48.163336],[17.116521,48.163151],[17.116471,48.163084],[17.116321,48.162888],[17.116179,48.162707],[17.116017,48.162494],[17.115943,48.162396],[17.115755,48.162124],[17.115618,48.161912],[17.11552,48.161777],[17.115475,48.161696],[17.115465,48.161615],[17.115468,48.161501],[17.115476,48.161402],[17.116108,48.16219],[17.116617,48.16283],[17.116847,48.163076],[17.117265,48.163685],[17.117387,48.163905],[17.117772,48.164696],[17.118117,48.165391],[17.118317,48.165777],[17.118593,48.16619],[17.119078,48.166769],[17.119221,48.166927],[17.119443,48.167127],[17.11974,48.167312],[17.12017,48.167639],[17.120472,48.167891],[17.12098,48.168282],[17.121406,48.16862],[17.121763,48.16894],[17.121558,48.169032],[17.121396,48.168867],[17.12126,48.168758],[17.120956,48.16859],[17.120303,48.168353],[17.120089,48.168249],[17.119988,48.168213],[17.119687,48.168158],[17.119585,48.168122],[17.119114,48.167898],[17.118581,48.167617],[17.1184,48.167531],[17.117936,48.167305],[17.117681,48.167186],[17.117574,48.167094],[17.117462,48.166974],[17.117386,48.166876],[17.117334,48.166726],[17.117347,48.166607],[17.117379,48.166545],[17.117465,48.166356],[17.117564,48.16614]]]},"properties":{}},{"type":"Feature","geometry":{"type":"Polygon","coordinates":[[[17.156566,48.172703],[17.156744,48.172542],[17.157791,48.171585],[17.157898,48.171489],[17.158546,48.170903],[17.158872,48.170608],[17.158945,48.170578],[17.159018,48.170572],[17.159106,48.170604],[17.158869,48.170394],[17.157284,48.169091],[17.157215,48.169109],[17.157197,48.169241],[17.157061,48.169373],[17.157027,48.169407],[17.156826,48.169581],[17.156755,48.169643],[17.156719,48.169626],[17.15656,48.169767],[17.156917,48.169949],[17.157078,48.170034],[17.155411,48.171498],[17.155308,48.171445],[17.154875,48.171246],[17.154836,48.171233],[17.154793,48.171206],[17.154702,48.171146],[17.154488,48.171262],[17.154067,48.17103],[17.154305,48.170817],[17.154149,48.17073],[17.153959,48.170633],[17.153836,48.170568],[17.153852,48.170544],[17.153697,48.170465],[17.153646,48.170438],[17.153512,48.170603],[17.153459,48.170576],[17.153166,48.170403],[17.15227,48.169843],[17.149214,48.171223],[17.146783,48.172316],[17.145671,48.17286],[17.145149,48.172983],[17.14431,48.173254],[17.143619,48.173443],[17.143304,48.173607],[17.143198,48.173662],[17.144415,48.174882],[17.144965,48.175435],[17.145171,48.175317],[17.145563,48.175748],[17.145403,48.175864],[17.145756,48.176185],[17.146408,48.176596],[17.147551,48.177198],[17.148875,48.17778],[17.150433,48.178312],[17.150776,48.177998],[17.150913,48.177873],[17.15118,48.177627],[17.152004,48.176861],[17.152249,48.176205],[17.152845,48.174627],[17.153343,48.174536],[17.155549,48.175623],[17.156635,48.174667],[17.157351,48.17403],[17.157376,48.174007],[17.157154,48.173901],[17.156938,48.173789],[17.156713,48.173673],[17.156629,48.173632],[17.156561,48.1736],[17.156538,48.173581],[17.155929,48.173303],[17.155782,48.173247],[17.155973,48.173066],[17.156015,48.173028],[17.156332,48.172737],[17.156566,48.172703]]]},"properties":{}},{"type":"Feature","geometry":{"type":"Polygon","coordinates":[[[17.15118,48.177627],[17.152802,48.178387],[17.153138,48.178543],[17.152945,48.178729],[17.153888,48.179144],[17.154927,48.178091],[17.156395,48.176603],[17.155625,48.176195],[17.155998,48.175851],[17.155817,48.175761],[17.155549,48.175623],[17.153343,48.174536],[17.152845,48.174627],[17.152249,48.176205],[17.152004,48.176861],[17.15118,48.177627]]]},"properties":{}},{"type":"Feature","geometry":{"type":"Polygon","coordinates":[[[17.115019,48.165666],[17.115457,48.165627],[17.115347,48.165228],[17.115051,48.16521],[17.115029,48.165443],[17.115019,48.165666]]]},"properties":{}},{"type":"Feature","geometry":{"type":"Polygon","coordinates":[[[17.158429,48.181382],[17.158481,48.181404],[17.160308,48.182008],[17.159566,48.183012],[17.1594,48.182961],[17.159295,48.183096],[17.159069,48.183025],[17.15888,48.183081],[17.158228,48.182093],[17.158147,48.182038],[17.158214,48.181733],[17.158429,48.181382]]]},"properties":{}},{"type":"Feature","geometry":{"type":"Polygon","coordinates":[[[17.161002,48.18504],[17.160452,48.184857],[17.160391,48.184938],[17.159731,48.184718],[17.159695,48.184762],[17.159311,48.184642],[17.159398,48.184055],[17.159285,48.183673],[17.15888,48.183081],[17.159069,48.183025],[17.159295,48.183096],[17.1594,48.182961],[17.159566,48.183012],[17.160308,48.182008],[17.161795,48.182547],[17.162617,48.182845],[17.161002,48.18504]]]},"properties":{}},{"type":"Feature","geometry":{"type":"Polygon","coordinates":[[[17.159703,48.186426],[17.15853,48.185376],[17.159288,48.184941],[17.159311,48.184642],[17.159695,48.184762],[17.159731,48.184718],[17.160391,48.184938],[17.160452,48.184857],[17.161002,48.18504],[17.159879,48.186583],[17.159703,48.186426]]]},"properties":{}},{"type":"Feature","geometry":{"type":"Polygon","coordinates":[[[17.165099,48.189091],[17.164268,48.189794],[17.158679,48.189185],[17.158719,48.189029],[17.159714,48.188806],[17.159687,48.188747],[17.160257,48.188456],[17.160865,48.187925],[17.160967,48.187773],[17.163311,48.186947],[17.163467,48.187162],[17.163259,48.187398],[17.164589,48.188049],[17.165664,48.1886],[17.165099,48.189091]]]},"properties":{}},{"type":"Feature","geometry":{"type":"Polygon","coordinates":[[[17.175334,48.180921],[17.175041,48.181325],[17.174784,48.18168],[17.174365,48.182261],[17.174255,48.182413],[17.173899,48.182898],[17.173884,48.182918],[17.173735,48.183116],[17.173809,48.183198],[17.174775,48.184348],[17.174818,48.184395],[17.176079,48.184802],[17.176152,48.1848],[17.176896,48.183718],[17.177734,48.182551],[17.177642,48.182524],[17.17736,48.182429],[17.176884,48.182268],[17.176925,48.182206],[17.175929,48.181874],[17.176378,48.181265],[17.176277,48.181232],[17.175334,48.180921]]]},"properties":{}},{"type":"Feature","geometry":{"type":"Polygon","coordinates":[[[17.171361,48.178469],[17.1714,48.178425],[17.170423,48.177703],[17.170238,48.177218],[17.169529,48.176764],[17.169166,48.176594],[17.168881,48.176461],[17.168838,48.176441],[17.167723,48.177493],[17.167745,48.177775],[17.168674,48.178806],[17.169706,48.180052],[17.170121,48.180041],[17.170405,48.179673],[17.170414,48.179454],[17.170495,48.179408],[17.170665,48.179316],[17.170731,48.179214],[17.170736,48.179116],[17.171181,48.178661],[17.171361,48.178469]]]},"properties":{}},{"type":"Feature","geometry":{"type":"Polygon","coordinates":[[[17.17894,48.180449],[17.179063,48.180284],[17.179175,48.180147],[17.179244,48.18005],[17.179274,48.180009],[17.179475,48.179722],[17.179763,48.179257],[17.17976,48.179232],[17.179853,48.179187],[17.179217,48.178983],[17.178695,48.178816],[17.178289,48.178689],[17.177863,48.179429],[17.177461,48.179287],[17.177054,48.17989],[17.177413,48.180017],[17.177691,48.180115],[17.178178,48.180261],[17.178209,48.18027],[17.178246,48.180281],[17.17888,48.180471],[17.17894,48.180449]]]},"properties":{}},{"type":"Feature","geometry":{"type":"Polygon","coordinates":[[[17.126,48.159026],[17.125803,48.15866],[17.125787,48.158581],[17.125804,48.158286],[17.125824,48.158261],[17.125855,48.15825],[17.12634,48.158279],[17.126461,48.158286],[17.126643,48.158316],[17.127011,48.158342],[17.127107,48.158349],[17.127218,48.158377],[17.127399,48.158432],[17.127601,48.158508],[17.127631,48.158532],[17.127773,48.158586],[17.127809,48.158582],[17.127997,48.158649],[17.127998,48.158707],[17.128375,48.158796],[17.128446,48.158844],[17.128805,48.159172],[17.129143,48.159514],[17.12923,48.159609],[17.129023,48.159691],[17.128943,48.159718],[17.128984,48.159774],[17.128755,48.159871],[17.128713,48.159888],[17.128669,48.15985],[17.128436,48.159641],[17.12837,48.159668],[17.128294,48.159696],[17.128274,48.159676],[17.127868,48.159851],[17.127888,48.159869],[17.127678,48.159963],[17.127369,48.159644],[17.126967,48.159817],[17.127277,48.16012],[17.127369,48.160213],[17.127384,48.160229],[17.127369,48.160237],[17.127528,48.160407],[17.126839,48.160699],[17.126825,48.160682],[17.126784,48.160697],[17.12671,48.160602],[17.126733,48.16059],[17.126694,48.160538],[17.126718,48.160528],[17.12668,48.160476],[17.126703,48.160465],[17.126659,48.160408],[17.126686,48.160395],[17.126645,48.160345],[17.12667,48.160334],[17.12663,48.160283],[17.126554,48.160147],[17.126603,48.160104],[17.126997,48.159937],[17.126946,48.159884],[17.12663,48.160025],[17.126601,48.159994],[17.126538,48.159926],[17.126471,48.159937],[17.12627,48.159576],[17.12608,48.159172],[17.126,48.159026]]]},"properties":{}},{"type":"Feature","geometry":{"type":"Polygon","coordinates":[[[17.178599,48.17106],[17.17842,48.171074],[17.178213,48.171262],[17.178142,48.171329],[17.178598,48.171539],[17.178703,48.171588],[17.179393,48.171916],[17.179524,48.171793],[17.179568,48.171716],[17.179545,48.171549],[17.17955,48.171524],[17.179545,48.171497],[17.179352,48.171407],[17.179294,48.171381],[17.17898,48.171237],[17.178877,48.171188],[17.178599,48.17106]]]},"properties":{}},{"type":"Feature","geometry":{"type":"Polygon","coordinates":[[[17.179942,48.171471],[17.180476,48.170796],[17.182296,48.17141],[17.182065,48.171656],[17.181945,48.171783],[17.181706,48.172038],[17.181192,48.171871],[17.180117,48.171524],[17.17996,48.171476],[17.179942,48.171471]]]},"properties":{}},{"type":"Feature","geometry":{"type":"Polygon","coordinates":[[[17.180297,48.16889],[17.181304,48.16932],[17.18155,48.169413],[17.180426,48.170779],[17.180476,48.170796],[17.179942,48.171471],[17.179782,48.171413],[17.179753,48.171402],[17.179727,48.171393],[17.179684,48.171377],[17.179089,48.171151],[17.1788,48.17104],[17.179473,48.170395],[17.178459,48.169916],[17.178677,48.169713],[17.179242,48.169969],[17.179253,48.169959],[17.179739,48.169514],[17.180117,48.169164],[17.180083,48.169152],[17.180057,48.169134],[17.180297,48.16889]]]},"properties":{}},{"type":"Feature","geometry":{"type":"Polygon","coordinates":[[[17.124357,48.171262],[17.124312,48.171593],[17.124285,48.171687],[17.124213,48.171684],[17.124194,48.171762],[17.124227,48.172199],[17.124161,48.172373],[17.124179,48.172486],[17.124198,48.172511],[17.124242,48.172567],[17.124393,48.172561],[17.125,48.172513],[17.125098,48.172463],[17.124973,48.171819],[17.125048,48.171701],[17.125075,48.171699],[17.125309,48.171711],[17.125314,48.171671],[17.125315,48.171646],[17.125344,48.171445],[17.125281,48.171441],[17.125273,48.17144],[17.125289,48.171329],[17.125077,48.171315],[17.124808,48.171298],[17.124499,48.171274],[17.124507,48.171215],[17.124442,48.171211],[17.124434,48.171267],[17.124357,48.171262]]]},"properties":{}},{"type":"Feature","geometry":{"type":"Polygon","coordinates":[[[17.15227,48.169843],[17.153317,48.169379],[17.154197,48.168765],[17.154992,48.168356],[17.155789,48.167999],[17.155607,48.16787],[17.155304,48.168011],[17.154891,48.168195],[17.154543,48.168325],[17.154013,48.168504],[17.153529,48.16864],[17.153199,48.168698],[17.152853,48.168746],[17.152475,48.168801],[17.152019,48.168949],[17.151554,48.169145],[17.151048,48.169373],[17.151003,48.169362],[17.150935,48.169409],[17.1508,48.169508],[17.150838,48.169547],[17.150454,48.169716],[17.149558,48.170083],[17.148196,48.170688],[17.148243,48.17076],[17.148236,48.170763],[17.148346,48.170876],[17.147988,48.171036],[17.147648,48.171188],[17.147262,48.171362],[17.14626,48.171821],[17.145444,48.172185],[17.145049,48.172361],[17.145086,48.172399],[17.145026,48.172435],[17.144637,48.172626],[17.144278,48.172831],[17.143699,48.17319],[17.143061,48.173468],[17.143194,48.173427],[17.143352,48.173582],[17.143619,48.173443],[17.14431,48.173254],[17.145149,48.172983],[17.145671,48.17286],[17.146783,48.172316],[17.149214,48.171223],[17.15227,48.169843]]]},"properties":{}},{"type":"Feature","geometry":{"type":"Polygon","coordinates":[[[17.115941,48.152954],[17.116056,48.152891],[17.116176,48.152825],[17.11651,48.152641],[17.116571,48.152614],[17.116598,48.1526],[17.116648,48.152571],[17.116676,48.152631],[17.116758,48.152682],[17.116843,48.152694],[17.116955,48.152672],[17.117136,48.152797],[17.117386,48.152986],[17.117394,48.153023],[17.117506,48.153113],[17.116495,48.153538],[17.116078,48.153118],[17.115645,48.153306],[17.115524,48.153182],[17.115941,48.152954]]]},"properties":{}},{"type":"Feature","geometry":{"type":"Polygon","coordinates":[[[17.199523,48.190877],[17.198925,48.190832],[17.199004,48.190264],[17.19968,48.190305],[17.199523,48.190877]]]},"properties":{}},{"type":"Feature","geometry":{"type":"Polygon","coordinates":[[[17.135119,48.1837],[17.135035,48.183608],[17.134973,48.183541],[17.134323,48.182842],[17.133872,48.18304],[17.134094,48.183364],[17.134307,48.183657],[17.1345,48.183905],[17.134535,48.183947],[17.135119,48.1837]]]},"properties":{}},{"type":"Feature","geometry":{"type":"Polygon","coordinates":[[[17.192417,48.172591],[17.191608,48.172308],[17.191711,48.171956],[17.191919,48.171682],[17.192125,48.171651],[17.193039,48.171779],[17.192417,48.172591]]]},"properties":{}},{"type":"Feature","geometry":{"type":"Polygon","coordinates":[[[17.1578,48.171116],[17.157883,48.171189],[17.157898,48.171289],[17.157832,48.171256],[17.157803,48.171282],[17.157778,48.171305],[17.157753,48.171327],[17.157729,48.17135],[17.157704,48.171372],[17.157679,48.171395],[17.157653,48.171418],[17.157629,48.171441],[17.157604,48.171463],[17.157578,48.171486],[17.157553,48.171509],[17.157528,48.171532],[17.157503,48.171555],[17.157478,48.171577],[17.157453,48.1716],[17.157428,48.171623],[17.157403,48.171645],[17.157378,48.171668],[17.157353,48.171691],[17.157328,48.171713],[17.157303,48.171736],[17.157278,48.171759],[17.157253,48.171782],[17.157229,48.171804],[17.157204,48.171826],[17.157179,48.171849],[17.157154,48.171872],[17.157129,48.171894],[17.157104,48.171917],[17.157079,48.171939],[17.157054,48.171962],[17.157029,48.171985],[17.157004,48.172007],[17.156979,48.17203],[17.156954,48.172053],[17.156929,48.172076],[17.156904,48.172098],[17.156879,48.172121],[17.156854,48.172144],[17.156828,48.172167],[17.156803,48.17219],[17.156778,48.172213],[17.156752,48.172236],[17.156727,48.172259],[17.156702,48.172282],[17.156676,48.172305],[17.156651,48.172328],[17.156625,48.172351],[17.1566,48.172374],[17.156575,48.172396],[17.15655,48.172419],[17.156524,48.172443],[17.156497,48.172468],[17.156563,48.1725],[17.156512,48.17255],[17.156445,48.172517],[17.156418,48.172542],[17.156393,48.172564],[17.156369,48.172587],[17.156344,48.172609],[17.156319,48.172632],[17.156294,48.172655],[17.156267,48.172679],[17.156333,48.172712],[17.156332,48.172737],[17.156015,48.173028],[17.155973,48.173066],[17.155782,48.173247],[17.155262,48.172994],[17.155148,48.172936],[17.154941,48.17283],[17.154337,48.173387],[17.153833,48.17314],[17.1537,48.173256],[17.152964,48.172877],[17.154627,48.171403],[17.154828,48.171392],[17.155059,48.171501],[17.155206,48.17157],[17.155406,48.171554],[17.155519,48.17154],[17.155688,48.171487],[17.156605,48.170693],[17.156686,48.170643],[17.156785,48.170616],[17.156832,48.170616],[17.157148,48.170765],[17.157312,48.170858],[17.1578,48.171116]]]},"properties":{}},{"type":"Feature","geometry":{"type":"Polygon","coordinates":[[[17.139485,48.198948],[17.138799,48.199229],[17.138414,48.198818],[17.139096,48.198531],[17.139485,48.198948]]]},"properties":{}},{"type":"Feature","geometry":{"type":"Polygon","coordinates":[[[17.152945,48.178729],[17.152684,48.179103],[17.152964,48.179185],[17.153483,48.179369],[17.15356,48.1794],[17.153596,48.179407],[17.153622,48.179405],[17.153643,48.179399],[17.153814,48.179229],[17.153888,48.179144],[17.152945,48.178729]]]},"properties":{}},{"type":"Feature","geometry":{"type":"Polygon","coordinates":[[[17.156395,48.176603],[17.154927,48.178091],[17.15533,48.178257],[17.154622,48.178994],[17.154362,48.178889],[17.153767,48.179488],[17.155821,48.180182],[17.156161,48.179636],[17.156329,48.179451],[17.156711,48.179605],[17.156813,48.179634],[17.156709,48.179792],[17.156856,48.179842],[17.156765,48.179917],[17.156689,48.179925],[17.156363,48.180363],[17.157128,48.180628],[17.157549,48.179966],[17.157565,48.179885],[17.157589,48.179765],[17.157547,48.179153],[17.15766,48.178722],[17.15783,48.178065],[17.158123,48.177406],[17.156395,48.176603]]]},"properties":{}},{"type":"Feature","geometry":{"type":"Polygon","coordinates":[[[17.148094,48.215474],[17.148351,48.21563],[17.148521,48.21545],[17.14916,48.214955],[17.149353,48.214827],[17.149571,48.214658],[17.149786,48.214461],[17.149535,48.214294],[17.149507,48.21432],[17.148944,48.214798],[17.148094,48.215474]]]},"properties":{}},{"type":"Feature","geometry":{"type":"Polygon","coordinates":[[[17.140812,48.159988],[17.141456,48.160249],[17.141466,48.160238],[17.142022,48.159633],[17.142104,48.159546],[17.142103,48.159484],[17.141769,48.159311],[17.141611,48.159453],[17.141484,48.159389],[17.140988,48.159836],[17.140888,48.159923],[17.140843,48.159961],[17.140812,48.159988]]]},"properties":{}},{"type":"Feature","geometry":{"type":"Polygon","coordinates":[[[17.171829,48.216228],[17.169535,48.215381],[17.168786,48.21471],[17.167952,48.213963],[17.168132,48.213872],[17.168665,48.213601],[17.168903,48.21353],[17.169237,48.213431],[17.169193,48.213363],[17.16916,48.213315],[17.169477,48.213217],[17.170623,48.21266],[17.170094,48.212169],[17.171582,48.211428],[17.17181,48.211376],[17.172013,48.211442],[17.172737,48.212077],[17.172859,48.212067],[17.17328,48.212459],[17.173342,48.212521],[17.17355,48.212542],[17.1736,48.212546],[17.173679,48.212553],[17.174777,48.213551],[17.174713,48.213625],[17.173889,48.214402],[17.173664,48.214551],[17.171829,48.216228]]]},"properties":{}},{"type":"Feature","geometry":{"type":"Polygon","coordinates":[[[17.165925,48.21436],[17.165301,48.214049],[17.164392,48.214893],[17.164428,48.214945],[17.165175,48.215298],[17.165247,48.215229],[17.165279,48.215178],[17.16547,48.214999],[17.165425,48.214981],[17.166045,48.214419],[17.165925,48.21436]]]},"properties":{}},{"type":"Feature","geometry":{"type":"Polygon","coordinates":[[[17.189967,48.157461],[17.189574,48.157703],[17.188381,48.158472],[17.188192,48.158314],[17.187969,48.158453],[17.186716,48.159371],[17.186499,48.158916],[17.186321,48.158577],[17.186822,48.158448],[17.186441,48.158182],[17.187029,48.157965],[17.1881,48.157637],[17.188671,48.157432],[17.189803,48.15682],[17.189687,48.157048],[17.189579,48.157156],[17.189967,48.157461]]]},"properties":{}},{"type":"Feature","geometry":{"type":"Polygon","coordinates":[[[17.186822,48.158448],[17.186441,48.158182],[17.186275,48.158075],[17.185901,48.157796],[17.185716,48.157658],[17.185366,48.157398],[17.184905,48.157829],[17.183946,48.158421],[17.183946,48.158542],[17.184122,48.158754],[17.184699,48.158726],[17.185401,48.158693],[17.185914,48.158734],[17.186321,48.158577],[17.186822,48.158448]]]},"properties":{}},{"type":"Feature","geometry":{"type":"Polygon","coordinates":[[[17.190306,48.157246],[17.189967,48.157461],[17.189579,48.157156],[17.189687,48.157048],[17.189803,48.15682],[17.190044,48.156349],[17.190264,48.156451],[17.190292,48.156427],[17.190764,48.156645],[17.190715,48.156721],[17.19084,48.156816],[17.19086,48.156868],[17.190611,48.15705],[17.190306,48.157246]]]},"properties":{}},{"type":"Feature","geometry":{"type":"Polygon","coordinates":[[[17.158546,48.170903],[17.157898,48.171489],[17.158028,48.171447],[17.158086,48.171459],[17.158177,48.171505],[17.158377,48.171605],[17.15857,48.1717],[17.158641,48.171728],[17.158831,48.171755],[17.159163,48.171451],[17.158735,48.171082],[17.15864,48.170987],[17.158546,48.170903]]]},"properties":{}},{"type":"Feature","geometry":{"type":"Polygon","coordinates":[[[17.157898,48.171489],[17.157791,48.171585],[17.156744,48.172542],[17.156566,48.172703],[17.156752,48.172793],[17.15676,48.172788],[17.157089,48.172948],[17.157073,48.172963],[17.157238,48.173044],[17.157363,48.173103],[17.157554,48.172929],[17.157614,48.172929],[17.157646,48.172942],[17.157959,48.172664],[17.158033,48.172593],[17.157976,48.172563],[17.15822,48.172336],[17.158436,48.172441],[17.158106,48.172742],[17.158494,48.172947],[17.158966,48.172507],[17.159289,48.172207],[17.159275,48.172201],[17.159661,48.171887],[17.159163,48.171451],[17.158831,48.171755],[17.158641,48.171728],[17.15857,48.1717],[17.158377,48.171605],[17.158177,48.171505],[17.158086,48.171459],[17.158028,48.171447],[17.157898,48.171489]]]},"properties":{}},{"type":"Feature","geometry":{"type":"Polygon","coordinates":[[[17.157238,48.173044],[17.15709,48.173181],[17.157029,48.173151],[17.156984,48.173193],[17.156964,48.173183],[17.15688,48.173257],[17.156888,48.173262],[17.156871,48.173277],[17.156568,48.173553],[17.156538,48.173581],[17.156561,48.1736],[17.156629,48.173632],[17.156713,48.173673],[17.156938,48.173789],[17.157154,48.173901],[17.157376,48.174007],[17.157401,48.173985],[17.157671,48.173743],[17.157891,48.17355],[17.157862,48.173535],[17.158494,48.172947],[17.158106,48.172742],[17.158436,48.172441],[17.15822,48.172336],[17.157976,48.172563],[17.158033,48.172593],[17.157959,48.172664],[17.157646,48.172942],[17.157614,48.172929],[17.157554,48.172929],[17.157363,48.173103],[17.157238,48.173044]]]},"properties":{}},{"type":"Feature","geometry":{"type":"Polygon","coordinates":[[[17.158012,48.170998],[17.158248,48.170983],[17.158378,48.170917],[17.15885,48.170472],[17.158473,48.170151],[17.15841,48.170182],[17.158319,48.1701],[17.158373,48.170068],[17.157921,48.169677],[17.15723,48.170265],[17.157469,48.17039],[17.157245,48.170592],[17.158012,48.170998]]]},"properties":{}},{"type":"Feature","geometry":{"type":"Polygon","coordinates":[[[17.169255,48.171132],[17.169339,48.171054],[17.169409,48.170988],[17.169323,48.170949],[17.169605,48.1707],[17.169654,48.170659],[17.170185,48.170943],[17.169722,48.171361],[17.169613,48.171319],[17.169255,48.171132]]]},"properties":{}},{"type":"Feature","geometry":{"type":"Polygon","coordinates":[[[17.105225,48.156178],[17.105065,48.156618],[17.104875,48.156591],[17.104767,48.156575],[17.104696,48.156565],[17.104509,48.156534],[17.104464,48.156526],[17.10459,48.156094],[17.105039,48.156152],[17.105225,48.156178]]]},"properties":{}},{"type":"Feature","geometry":{"type":"Polygon","coordinates":[[[17.137639,48.191479],[17.137629,48.191485],[17.137566,48.191521],[17.137505,48.191561],[17.137072,48.191813],[17.137043,48.191832],[17.136954,48.191888],[17.136317,48.192526],[17.137288,48.193184],[17.137915,48.193601],[17.13947,48.192651],[17.139389,48.192586],[17.139114,48.192724],[17.139074,48.192691],[17.139034,48.192664],[17.139156,48.192582],[17.139188,48.192516],[17.139177,48.19246],[17.138413,48.191786],[17.138276,48.19176],[17.138152,48.191645],[17.138113,48.191615],[17.137994,48.191517],[17.137814,48.191615],[17.137639,48.191479]]]},"properties":{}},{"type":"Feature","geometry":{"type":"Polygon","coordinates":[[[17.109374,48.150742],[17.109504,48.150707],[17.109512,48.150704],[17.109738,48.150641],[17.109574,48.15049],[17.109448,48.150547],[17.109317,48.150605],[17.109374,48.150742]]]},"properties":{}},{"type":"Feature","geometry":{"type":"Polygon","coordinates":[[[17.126422,48.159593],[17.128351,48.158822],[17.129027,48.15948],[17.128533,48.159679],[17.128179,48.15929],[17.126674,48.159924],[17.126422,48.159593]]]},"properties":{}},{"type":"Feature","geometry":{"type":"Polygon","coordinates":[[[17.166026,48.156161],[17.166035,48.156097],[17.166089,48.1561],[17.166145,48.155737],[17.166209,48.155692],[17.166767,48.155727],[17.166817,48.155742],[17.166768,48.156074],[17.166705,48.156122],[17.166682,48.156204],[17.166026,48.156161]]]},"properties":{}},{"type":"Feature","geometry":{"type":"Polygon","coordinates":[[[17.132943,48.165307],[17.133249,48.165176],[17.133013,48.164931],[17.132707,48.165062],[17.132943,48.165307]]]},"properties":{}},{"type":"Feature","geometry":{"type":"Polygon","coordinates":[[[17.169462,48.172085],[17.169916,48.171691],[17.170231,48.171859],[17.170128,48.17193],[17.170298,48.17202],[17.170284,48.172032],[17.170307,48.172044],[17.170283,48.172064],[17.170155,48.172171],[17.169957,48.172345],[17.169462,48.172085]]]},"properties":{}},{"type":"Feature","geometry":{"type":"Polygon","coordinates":[[[17.132232,48.157791],[17.132717,48.157369],[17.133232,48.15763],[17.132881,48.158036],[17.132232,48.157791]]]},"properties":{}}]}