{"type":"FeatureCollection","features":[{"type":"Feature","geometry":{"type":"Polygon","coordinates":[[[17.099949,48.112615],[17.100478,48.113161],[17.100286,48.113244],[17.099796,48.113456],[17.099494,48.113146],[17.099362,48.113009],[17.099262,48.112909],[17.099346,48.112873],[17.09953,48.112793],[17.099735,48.112707],[17.09987,48.112647],[17.099949,48.112615]]]},"properties":{}},{"type":"Feature","geometry":{"type":"Polygon","coordinates":[[[17.050178,48.088502],[17.049669,48.088803],[17.051191,48.090008],[17.051928,48.090591],[17.053313,48.091689],[17.054883,48.092937],[17.055577,48.093488],[17.056321,48.094079],[17.055839,48.094259],[17.055508,48.093996],[17.055052,48.093634],[17.054756,48.093781],[17.05522,48.094142],[17.055484,48.094348],[17.054979,48.094448],[17.054422,48.094617],[17.053925,48.094755],[17.054057,48.094866],[17.055578,48.096045],[17.057033,48.095099],[17.057227,48.095235],[17.057804,48.094951],[17.056913,48.094125],[17.056816,48.094038],[17.056939,48.093963],[17.057258,48.093689],[17.057339,48.09361],[17.057507,48.093448],[17.058177,48.093215],[17.058725,48.093058],[17.0589,48.093042],[17.059037,48.093049],[17.05916,48.093077],[17.05993,48.093785],[17.060035,48.093888],[17.060111,48.093976],[17.060168,48.094014],[17.060361,48.094281],[17.060672,48.094765],[17.060783,48.094974],[17.060053,48.095188],[17.060261,48.095486],[17.059389,48.095745],[17.059799,48.096203],[17.060474,48.096591],[17.061572,48.095745],[17.062396,48.096182],[17.062803,48.096457],[17.063192,48.096719],[17.064183,48.095934],[17.065484,48.096716],[17.064979,48.097009],[17.065069,48.09711],[17.065396,48.097475],[17.065586,48.097705],[17.066319,48.09728],[17.066584,48.097488],[17.067133,48.097922],[17.066204,48.098413],[17.066627,48.098904],[17.066827,48.099134],[17.068126,48.098374],[17.068569,48.098114],[17.068989,48.097884],[17.068553,48.097549],[17.068808,48.097411],[17.069228,48.097731],[17.069413,48.097617],[17.069005,48.097302],[17.069216,48.097177],[17.069635,48.09751],[17.069853,48.097372],[17.070227,48.097155],[17.071082,48.096654],[17.071411,48.096461],[17.073035,48.09551],[17.073179,48.095621],[17.074942,48.094614],[17.075091,48.094703],[17.074504,48.095055],[17.074751,48.09525],[17.074514,48.095395],[17.074911,48.095672],[17.075027,48.095608],[17.075418,48.095889],[17.076275,48.095441],[17.076452,48.095629],[17.076857,48.096001],[17.076844,48.096036],[17.075998,48.096553],[17.076659,48.096972],[17.077404,48.096607],[17.078045,48.09722],[17.07839,48.097578],[17.07742,48.098144],[17.077542,48.098239],[17.07852,48.097701],[17.078607,48.097656],[17.078461,48.097514],[17.078692,48.097419],[17.078419,48.097073],[17.080252,48.096392],[17.079846,48.095644],[17.077453,48.096489],[17.077322,48.096345],[17.077177,48.096187],[17.077022,48.096016],[17.07775,48.095725],[17.077707,48.095643],[17.076885,48.095928],[17.076558,48.095589],[17.077419,48.095263],[17.077226,48.094996],[17.077125,48.094856],[17.076158,48.095203],[17.075818,48.094966],[17.076579,48.094682],[17.076438,48.094527],[17.075592,48.094844],[17.075163,48.094603],[17.074783,48.094384],[17.074251,48.094137],[17.074041,48.09403],[17.074572,48.09384],[17.074417,48.093606],[17.075259,48.093282],[17.074976,48.092918],[17.077706,48.091904],[17.075861,48.088673],[17.075457,48.088483],[17.075266,48.088455],[17.07512,48.08838],[17.074937,48.088195],[17.074385,48.08717],[17.074008,48.086518],[17.072275,48.085722],[17.072398,48.085583],[17.074237,48.085871],[17.074299,48.08588],[17.072988,48.08356],[17.072184,48.08243],[17.071155,48.08113],[17.068372,48.078375],[17.068161,48.078163],[17.067951,48.078249],[17.06815,48.078455],[17.067406,48.078744],[17.067914,48.079394],[17.068279,48.079728],[17.065464,48.08071],[17.065055,48.080284],[17.064535,48.080518],[17.065677,48.081745],[17.066287,48.0824],[17.066164,48.082446],[17.066833,48.083213],[17.067275,48.083692],[17.067128,48.083767],[17.066453,48.082995],[17.06614,48.08313],[17.065984,48.083198],[17.066518,48.083788],[17.066364,48.083858],[17.066081,48.083971],[17.066512,48.084473],[17.066219,48.084583],[17.066104,48.084468],[17.065701,48.084651],[17.065562,48.084714],[17.065338,48.084775],[17.065262,48.084796],[17.065487,48.084999],[17.065061,48.085181],[17.065271,48.085406],[17.064863,48.085582],[17.065429,48.086216],[17.065118,48.086981],[17.065008,48.087252],[17.0627,48.084742],[17.062457,48.084842],[17.064886,48.087527],[17.064627,48.087918],[17.063224,48.086361],[17.062958,48.086463],[17.064455,48.088128],[17.064375,48.088273],[17.064002,48.087909],[17.063752,48.087963],[17.063927,48.08816],[17.063736,48.088255],[17.062765,48.08721],[17.06274,48.087221],[17.062544,48.0873],[17.062347,48.087378],[17.063462,48.088646],[17.063266,48.088718],[17.062143,48.087462],[17.061749,48.087619],[17.062779,48.088765],[17.062913,48.088914],[17.062745,48.088984],[17.062529,48.089074],[17.061958,48.088457],[17.061599,48.088608],[17.061509,48.088611],[17.061493,48.088619],[17.057988,48.090341],[17.057393,48.089702],[17.057173,48.0898],[17.05776,48.090439],[17.057461,48.090576],[17.05641,48.089482],[17.056071,48.089602],[17.057154,48.090742],[17.057023,48.090808],[17.054203,48.087936],[17.053948,48.088036],[17.056673,48.090964],[17.056565,48.090988],[17.055336,48.0901],[17.054954,48.089777],[17.054698,48.089634],[17.053868,48.08907],[17.053579,48.088894],[17.053233,48.088704],[17.05259,48.08843],[17.052386,48.088545],[17.052261,48.088613],[17.052086,48.088748],[17.05185,48.088936],[17.051372,48.088679],[17.050814,48.089008],[17.050233,48.088544],[17.050178,48.088502]]]},"properties":{}},{"type":"Feature","geometry":{"type":"Polygon","coordinates":[[[17.095555,48.121581],[17.095781,48.121498],[17.096492,48.12124],[17.096491,48.121235],[17.096716,48.12115],[17.096791,48.121123],[17.096874,48.121224],[17.096986,48.121202],[17.097129,48.121148],[17.097105,48.121119],[17.097017,48.121007],[17.096754,48.120683],[17.096704,48.120621],[17.096376,48.12074],[17.095606,48.121022],[17.095414,48.121092],[17.094998,48.121244],[17.094948,48.121265],[17.0949,48.121353],[17.095199,48.121713],[17.095217,48.121706],[17.095555,48.121581]]]},"properties":{}},{"type":"Feature","geometry":{"type":"Polygon","coordinates":[[[17.070835,48.148043],[17.071239,48.148004],[17.071631,48.147967],[17.07169,48.147933],[17.071666,48.147896],[17.071672,48.14788],[17.071756,48.147848],[17.071625,48.147655],[17.071281,48.147765],[17.070892,48.147888],[17.070799,48.147939],[17.070789,48.147968],[17.070785,48.147998],[17.070804,48.148025],[17.070835,48.148043]]]},"properties":{}},{"type":"Feature","geometry":{"type":"Polygon","coordinates":[[[17.053281,48.095236],[17.053545,48.095436],[17.053692,48.095349],[17.053428,48.095142],[17.053281,48.095236]]]},"properties":{}},{"type":"Feature","geometry":{"type":"Polygon","coordinates":[[[17.040278,48.107076],[17.039779,48.106845],[17.040543,48.106452],[17.040987,48.10683],[17.040812,48.106956],[17.040543,48.106938],[17.040278,48.107076]]]},"properties":{}},{"type":"Feature","geometry":{"type":"Polygon","coordinates":[[[17.052205,48.087402],[17.049293,48.085676],[17.049338,48.085365],[17.049211,48.085207],[17.04855,48.0851],[17.048116,48.085281],[17.043049,48.084378],[17.042296,48.084099],[17.039236,48.083556],[17.039216,48.083489],[17.039169,48.083431],[17.045061,48.081075],[17.046447,48.080575],[17.049069,48.083402],[17.049171,48.083361],[17.049269,48.08346],[17.049638,48.083626],[17.052838,48.087061],[17.052205,48.087402]]]},"properties":{}},{"type":"Feature","geometry":{"type":"Polygon","coordinates":[[[17.09637,48.133039],[17.096567,48.13315],[17.097177,48.133614],[17.097325,48.133732],[17.097524,48.133868],[17.097818,48.134036],[17.097966,48.134126],[17.098376,48.134357],[17.098777,48.134554],[17.098929,48.134516],[17.098967,48.134526],[17.098998,48.134534],[17.09902,48.134571],[17.099063,48.134577],[17.099093,48.134616],[17.099366,48.134708],[17.099694,48.134768],[17.09995,48.134805],[17.10005,48.134828],[17.100066,48.134842],[17.100235,48.134864],[17.100227,48.134881],[17.100223,48.134903],[17.100543,48.134987],[17.100699,48.135065],[17.101444,48.135634],[17.102017,48.136066],[17.102296,48.136218],[17.102341,48.1362],[17.102374,48.136189],[17.102487,48.136246],[17.102701,48.136291],[17.103531,48.136365],[17.103686,48.136378],[17.103936,48.136415],[17.104204,48.136433],[17.10438,48.136446],[17.104416,48.135886],[17.104427,48.135656],[17.104318,48.135651],[17.104332,48.135517],[17.104349,48.135362],[17.104304,48.135302],[17.1043,48.135199],[17.104371,48.134509],[17.104306,48.134077],[17.104211,48.133796],[17.103959,48.133382],[17.103918,48.133314],[17.103764,48.13312],[17.103285,48.132606],[17.103019,48.132396],[17.102922,48.132323],[17.102761,48.132306],[17.102761,48.132253],[17.102543,48.132187],[17.102389,48.132183],[17.102349,48.132181],[17.102259,48.132185],[17.101138,48.132238],[17.101117,48.132239],[17.10112,48.132261],[17.100995,48.132267],[17.099741,48.132334],[17.099736,48.132257],[17.099257,48.132272],[17.09917,48.132275],[17.098969,48.132282],[17.097941,48.132328],[17.097396,48.132346],[17.097102,48.132456],[17.096806,48.132632],[17.096491,48.132819],[17.096387,48.132944],[17.09637,48.133039]]]},"properties":{}},{"type":"Feature","geometry":{"type":"Polygon","coordinates":[[[17.099559,48.130891],[17.099643,48.130848],[17.099697,48.130837],[17.099761,48.130834],[17.099761,48.130811],[17.100879,48.130761],[17.100934,48.131531],[17.09968,48.131574],[17.099583,48.131442],[17.099559,48.130891]]]},"properties":{}},{"type":"Feature","geometry":{"type":"Polygon","coordinates":[[[17.088071,48.141558],[17.088082,48.141584],[17.088263,48.142033],[17.088275,48.142063],[17.089663,48.141794],[17.091093,48.141518],[17.091734,48.141382],[17.091674,48.141207],[17.091506,48.140842],[17.090493,48.14102],[17.089712,48.141174],[17.0893,48.141254],[17.088354,48.141434],[17.088042,48.141494],[17.088071,48.141558]]]},"properties":{}},{"type":"Feature","geometry":{"type":"Polygon","coordinates":[[[17.094028,48.141354],[17.093706,48.140951],[17.0936,48.140812],[17.094568,48.140582],[17.095865,48.140344],[17.096521,48.140242],[17.096966,48.140201],[17.09705,48.1405],[17.096561,48.140576],[17.096815,48.141224],[17.096367,48.141308],[17.095067,48.141579],[17.094886,48.141137],[17.094191,48.141384],[17.094028,48.141354]]]},"properties":{}},{"type":"Feature","geometry":{"type":"Polygon","coordinates":[[[17.040798,48.099447],[17.040887,48.099254],[17.040893,48.099174],[17.039251,48.099698],[17.038279,48.100114],[17.037795,48.099555],[17.03828,48.099354],[17.038117,48.099174],[17.037487,48.099446],[17.037384,48.09934],[17.036755,48.099615],[17.036848,48.09972],[17.035639,48.100357],[17.03615,48.100432],[17.03617,48.100494],[17.035279,48.100937],[17.034902,48.101152],[17.033768,48.101701],[17.033453,48.102043],[17.032028,48.102753],[17.03295,48.103396],[17.032981,48.103417],[17.032808,48.103526],[17.031775,48.103563],[17.03096,48.103584],[17.029408,48.103678],[17.029422,48.104015],[17.029444,48.104163],[17.029538,48.10444],[17.029595,48.104584],[17.029632,48.104641],[17.029243,48.104746],[17.02925,48.104779],[17.029342,48.105199],[17.029873,48.105153],[17.029939,48.105416],[17.031013,48.105332],[17.030922,48.104671],[17.031905,48.104507],[17.031974,48.105554],[17.032416,48.105556],[17.032365,48.104468],[17.032839,48.104478],[17.032883,48.105395],[17.03327,48.105379],[17.033253,48.104592],[17.033525,48.104588],[17.033698,48.104659],[17.033741,48.106174],[17.03394,48.106174],[17.033943,48.10585],[17.033945,48.105635],[17.034143,48.105638],[17.034166,48.104767],[17.034908,48.104836],[17.03491,48.105563],[17.03532,48.10555],[17.035294,48.104894],[17.035572,48.104896],[17.035569,48.105444],[17.035933,48.105444],[17.03595,48.104877],[17.036749,48.104865],[17.036752,48.105332],[17.036883,48.105336],[17.036877,48.104867],[17.03712,48.10483],[17.037629,48.104739],[17.03761,48.105126],[17.038092,48.105145],[17.038373,48.105209],[17.038371,48.105407],[17.038703,48.105418],[17.03879,48.104696],[17.038795,48.104661],[17.039112,48.104611],[17.039072,48.104965],[17.039351,48.104971],[17.039415,48.104552],[17.039605,48.104517],[17.039937,48.104456],[17.039834,48.105162],[17.040112,48.105219],[17.040232,48.10441],[17.040627,48.104345],[17.040574,48.104708],[17.041013,48.104695],[17.041015,48.105166],[17.041281,48.105154],[17.041337,48.104672],[17.041503,48.104695],[17.041568,48.104241],[17.041592,48.104075],[17.041785,48.104011],[17.041889,48.104197],[17.041927,48.104209],[17.042086,48.104199],[17.042192,48.104685],[17.042193,48.104812],[17.041838,48.104753],[17.041687,48.105076],[17.042164,48.105189],[17.042229,48.104995],[17.042328,48.10502],[17.042811,48.10488],[17.042843,48.104955],[17.04266,48.10502],[17.04285,48.105022],[17.042908,48.105079],[17.043096,48.105091],[17.043116,48.105254],[17.042928,48.105255],[17.042895,48.105157],[17.042813,48.105159],[17.042792,48.10542],[17.043117,48.105409],[17.043101,48.105507],[17.043191,48.10551],[17.043169,48.105694],[17.042998,48.10606],[17.042819,48.106028],[17.042744,48.10622],[17.042799,48.10623],[17.042541,48.106552],[17.042436,48.106587],[17.042326,48.106761],[17.042544,48.106822],[17.042598,48.106759],[17.042721,48.10681],[17.042668,48.106875],[17.042751,48.106923],[17.043077,48.106551],[17.04322,48.10635],[17.043292,48.106185],[17.043738,48.105121],[17.043894,48.105038],[17.043918,48.105071],[17.044279,48.105549],[17.044216,48.105576],[17.044645,48.106178],[17.044141,48.106224],[17.0442,48.106533],[17.044366,48.106611],[17.044535,48.106877],[17.044598,48.106917],[17.045599,48.106432],[17.046335,48.105985],[17.047091,48.106752],[17.048522,48.108252],[17.048568,48.108299],[17.048837,48.108199],[17.049647,48.107875],[17.049784,48.107819],[17.048235,48.106205],[17.048308,48.106172],[17.048193,48.106047],[17.048079,48.106081],[17.047452,48.105434],[17.047536,48.105383],[17.047413,48.105268],[17.04731,48.10534],[17.046942,48.104968],[17.046608,48.104709],[17.046259,48.104511],[17.045864,48.104357],[17.045982,48.104129],[17.045625,48.10404],[17.044844,48.103882],[17.044751,48.104057],[17.044018,48.10388],[17.043916,48.103855],[17.043783,48.103823],[17.043815,48.103591],[17.04369,48.103548],[17.043027,48.103132],[17.042676,48.102686],[17.042048,48.102129],[17.041821,48.102052],[17.041421,48.101683],[17.041253,48.100426],[17.041086,48.100031],[17.041004,48.099894],[17.040882,48.099625],[17.040853,48.099575],[17.040891,48.099548],[17.044328,48.102463],[17.044787,48.1017],[17.045138,48.101173],[17.045546,48.100716],[17.046104,48.100209],[17.047182,48.099362],[17.050092,48.097143],[17.050146,48.097082],[17.050127,48.097008],[17.050057,48.097006],[17.049971,48.096891],[17.049348,48.097137],[17.048699,48.097316],[17.048348,48.09741],[17.047022,48.097769],[17.046204,48.098007],[17.045031,48.098342],[17.044009,48.098622],[17.04294,48.098917],[17.042033,48.099181],[17.040967,48.099482],[17.0409,48.099496],[17.040873,48.099487],[17.040844,48.099454],[17.040798,48.099447]]]},"properties":{}},{"type":"Feature","geometry":{"type":"Polygon","coordinates":[[[17.029242,48.104678],[17.029155,48.104288],[17.02858,48.104363],[17.028278,48.103857],[17.027521,48.104304],[17.027007,48.104799],[17.026706,48.10502],[17.026751,48.105066],[17.026974,48.105297],[17.029242,48.104678]]]},"properties":{}},{"type":"Feature","geometry":{"type":"Polygon","coordinates":[[[17.069228,48.097731],[17.069413,48.097617],[17.069005,48.097302],[17.068808,48.097411],[17.069228,48.097731]]]},"properties":{}},{"type":"Feature","geometry":{"type":"Polygon","coordinates":[[[17.098458,48.113748],[17.098855,48.113577],[17.099005,48.113511],[17.098741,48.113236],[17.098687,48.11318],[17.098228,48.113385],[17.098202,48.113431],[17.09821,48.113473],[17.098266,48.113537],[17.098458,48.113748]]]},"properties":{}},{"type":"Feature","geometry":{"type":"Polygon","coordinates":[[[17.092194,48.114085],[17.091255,48.114081],[17.090562,48.114305],[17.089882,48.114564],[17.089752,48.114577],[17.089672,48.114261],[17.089554,48.114028],[17.088956,48.113275],[17.089248,48.113142],[17.089588,48.113013],[17.089715,48.112967],[17.090238,48.112777],[17.090554,48.112662],[17.090697,48.112612],[17.091231,48.112414],[17.091384,48.112376],[17.091454,48.112453],[17.091584,48.11254],[17.091792,48.11282],[17.092058,48.113117],[17.092384,48.113513],[17.092479,48.113624],[17.092517,48.11371],[17.09267,48.113895],[17.092194,48.114085]]]},"properties":{}},{"type":"Feature","geometry":{"type":"Polygon","coordinates":[[[17.090121,48.117919],[17.089693,48.117477],[17.089717,48.117903],[17.089628,48.117898],[17.088769,48.117906],[17.088398,48.117609],[17.086534,48.118006],[17.086524,48.118346],[17.08663,48.118556],[17.087013,48.119315],[17.087256,48.119792],[17.087708,48.120679],[17.087261,48.120787],[17.087232,48.120805],[17.087195,48.120837],[17.087208,48.120899],[17.087249,48.120972],[17.087157,48.121019],[17.087187,48.121124],[17.087244,48.121218],[17.08712,48.121254],[17.087424,48.12173],[17.087829,48.121636],[17.088063,48.121578],[17.088273,48.121527],[17.087893,48.120775],[17.08799,48.120687],[17.091357,48.119969],[17.091545,48.119929],[17.091588,48.119817],[17.090682,48.118706],[17.090557,48.118534],[17.090121,48.117919]]]},"properties":{}},{"type":"Feature","geometry":{"type":"Polygon","coordinates":[[[17.067597,48.147473],[17.068559,48.147212],[17.068283,48.146687],[17.06728,48.146892],[17.067597,48.147473]]]},"properties":{}},{"type":"Feature","geometry":{"type":"Polygon","coordinates":[[[17.09579,48.121834],[17.095917,48.122026],[17.095815,48.122067],[17.095367,48.122196],[17.095394,48.122241],[17.095411,48.122267],[17.095636,48.12258],[17.095673,48.122633],[17.096358,48.122414],[17.096709,48.122926],[17.09772,48.122608],[17.097382,48.122115],[17.097311,48.12201],[17.097234,48.121898],[17.097051,48.12163],[17.096942,48.121595],[17.096899,48.121542],[17.096867,48.121503],[17.09579,48.121834]]]},"properties":{}},{"type":"Feature","geometry":{"type":"Polygon","coordinates":[[[16.996609,48.135038],[16.997222,48.136335],[16.998858,48.135972],[16.99892,48.135956],[16.999082,48.136169],[16.999354,48.136523],[16.999409,48.136515],[16.999433,48.136508],[16.999694,48.136453],[17.001351,48.136097],[17.00164,48.136262],[17.00115,48.13648],[16.999641,48.13692],[16.999927,48.137163],[17.000394,48.137509],[17.000462,48.13756],[17.000504,48.137591],[17.000555,48.137823],[17.000604,48.138051],[17.001038,48.137974],[17.001123,48.138316],[17.001443,48.138706],[17.001579,48.138815],[17.00248,48.139378],[17.002718,48.139641],[17.004082,48.138966],[17.004137,48.138938],[17.004534,48.139018],[17.004586,48.138893],[17.004406,48.138822],[17.004307,48.138783],[17.004094,48.138258],[17.003998,48.137804],[17.004112,48.13768],[17.005259,48.137276],[17.005333,48.137297],[17.00562,48.137573],[17.005798,48.137765],[17.006115,48.13775],[17.006356,48.137688],[17.006525,48.137885],[17.00719,48.137725],[17.007231,48.137765],[17.007315,48.137848],[17.007759,48.138296],[17.006501,48.1392],[17.006667,48.139291],[17.006731,48.139318],[17.007952,48.138437],[17.008692,48.1379],[17.009097,48.13756],[17.01014,48.136708],[17.010773,48.136325],[17.011677,48.13589],[17.013373,48.135156],[17.014333,48.134581],[17.015124,48.134122],[17.015275,48.133908],[17.015351,48.133817],[17.015522,48.133726],[17.015688,48.133651],[17.015973,48.133537],[17.016139,48.133479],[17.01671,48.133217],[17.017378,48.132863],[17.018038,48.132513],[17.019692,48.131832],[17.020137,48.131614],[17.020929,48.131141],[17.021095,48.130947],[17.021466,48.130749],[17.021522,48.130642],[17.021428,48.130527],[17.021413,48.130407],[17.021547,48.130321],[17.021722,48.130241],[17.022036,48.13003],[17.021882,48.129896],[17.021658,48.129746],[17.02123,48.12994],[17.019725,48.13079],[17.019522,48.131058],[17.018695,48.131487],[17.017895,48.131811],[17.017063,48.132249],[17.016921,48.13218],[17.017812,48.131712],[17.017747,48.131654],[17.018935,48.131049],[17.018906,48.130873],[17.019192,48.130792],[17.019408,48.130534],[17.020559,48.129938],[17.021213,48.129504],[17.020895,48.129296],[17.019535,48.129624],[17.018795,48.130125],[17.019157,48.130421],[17.018771,48.130604],[17.018546,48.130581],[17.017742,48.130831],[17.017119,48.131081],[17.016083,48.131597],[17.014359,48.132337],[17.010921,48.133032],[17.009908,48.133116],[17.00908,48.133073],[17.00871,48.132949],[17.008192,48.132956],[17.007928,48.133009],[17.008011,48.133137],[17.007423,48.133262],[17.007368,48.133119],[17.006127,48.1331],[17.005834,48.132663],[17.005205,48.132818],[17.004784,48.132426],[17.004458,48.132278],[17.003851,48.132591],[17.003348,48.132244],[17.003802,48.131929],[17.004729,48.131236],[17.006334,48.130176],[17.006861,48.129771],[17.00647,48.129596],[17.00629,48.129674],[17.005946,48.129581],[17.005867,48.129687],[17.005178,48.129227],[17.005262,48.129108],[17.004483,48.128663],[17.004017,48.128301],[17.003721,48.128437],[17.004221,48.128842],[17.003231,48.129959],[17.002285,48.131102],[17.001718,48.131764],[17.001305,48.131843],[17.000742,48.13219],[17.000881,48.132252],[17.000289,48.132605],[16.999445,48.133114],[16.999366,48.133085],[16.999336,48.133024],[16.999299,48.132621],[16.999327,48.132196],[16.999577,48.132187],[16.99964,48.13215],[16.999805,48.13207],[17.000137,48.131807],[17.00037,48.131623],[17.000531,48.131496],[17.000812,48.131132],[17.001089,48.130931],[17.001176,48.130877],[17.001319,48.130775],[17.001461,48.130673],[17.00163,48.130602],[17.00174,48.130618],[17.001533,48.130858],[17.001928,48.130986],[17.002287,48.130496],[17.002636,48.13002],[17.00174,48.129472],[17.00105,48.130214],[17.000424,48.130887],[17.000446,48.130958],[17.000338,48.131122],[17.00011,48.131075],[17.000205,48.130853],[16.999924,48.130771],[16.999798,48.131012],[16.999095,48.130759],[16.998985,48.130578],[16.998711,48.130619],[16.998585,48.130648],[16.998812,48.131179],[16.998891,48.131255],[16.999037,48.131327],[16.999133,48.131408],[16.999228,48.131599],[16.999252,48.131675],[16.999288,48.1317],[16.999304,48.131747],[16.999255,48.132029],[16.99821,48.132047],[16.998151,48.132471],[16.997854,48.133378],[16.997739,48.133979],[16.997805,48.134389],[16.997958,48.134682],[16.997885,48.134721],[16.996584,48.134985],[16.996596,48.135011],[16.996609,48.135038]]]},"properties":{}},{"type":"Feature","geometry":{"type":"Polygon","coordinates":[[[17.063715,48.147733],[17.063707,48.147901],[17.063726,48.147901],[17.063854,48.147904],[17.063863,48.147919],[17.063908,48.147906],[17.063896,48.147888],[17.063901,48.147798],[17.063914,48.147799],[17.063922,48.147666],[17.063909,48.147665],[17.063911,48.147624],[17.063868,48.147623],[17.06387,48.147589],[17.063845,48.147588],[17.063846,48.147578],[17.063848,48.147565],[17.063784,48.147564],[17.063761,48.147566],[17.06374,48.147572],[17.063727,48.147586],[17.063721,48.147603],[17.063716,48.14772],[17.063715,48.147733]]]},"properties":{}},{"type":"Feature","geometry":{"type":"Polygon","coordinates":[[[17.088474,48.113941],[17.088417,48.113871],[17.088196,48.113576],[17.088216,48.113512],[17.088941,48.113255],[17.088956,48.113275],[17.089554,48.114028],[17.089672,48.114261],[17.089752,48.114577],[17.089758,48.114894],[17.089679,48.115246],[17.08956,48.115407],[17.089548,48.115327],[17.088474,48.113941]]]},"properties":{}},{"type":"Feature","geometry":{"type":"Polygon","coordinates":[[[17.095694,48.120928],[17.095655,48.120943],[17.095617,48.120957],[17.095565,48.120976],[17.095559,48.120978],[17.094523,48.119694],[17.094389,48.119527],[17.09414,48.119219],[17.095108,48.118861],[17.095383,48.119192],[17.095699,48.119588],[17.095741,48.119575],[17.095747,48.119581],[17.095809,48.11956],[17.095832,48.119592],[17.095893,48.119678],[17.095837,48.119698],[17.095869,48.119738],[17.096571,48.120571],[17.096571,48.120597],[17.096544,48.120618],[17.096252,48.120723],[17.096235,48.120702],[17.096038,48.120446],[17.095474,48.12065],[17.095694,48.120928]]]},"properties":{}},{"type":"Feature","geometry":{"type":"Polygon","coordinates":[[[17.08371,48.104923],[17.082474,48.105772],[17.081454,48.106391],[17.081671,48.106602],[17.081882,48.106979],[17.081885,48.107046],[17.082012,48.106992],[17.082176,48.106985],[17.082305,48.106875],[17.082675,48.106407],[17.082769,48.106409],[17.083008,48.106349],[17.08333,48.106629],[17.084369,48.106995],[17.08521,48.106032],[17.085579,48.105617],[17.085556,48.105549],[17.085593,48.105417],[17.084929,48.104626],[17.084814,48.104459],[17.084774,48.104412],[17.084685,48.104299],[17.08371,48.104923]]]},"properties":{}},{"type":"Feature","geometry":{"type":"Polygon","coordinates":[[[17.005595,48.128289],[17.005494,48.128393],[17.005364,48.128526],[17.005308,48.128482],[17.003761,48.127265],[17.003483,48.127046],[17.003904,48.126917],[17.00406,48.127044],[17.005595,48.128289]]]},"properties":{}},{"type":"Feature","geometry":{"type":"Polygon","coordinates":[[[17.069098,48.148014],[17.069133,48.148078],[17.069726,48.148087],[17.070671,48.147812],[17.070529,48.147633],[17.071123,48.14747],[17.071081,48.147416],[17.071059,48.147384],[17.071091,48.147375],[17.071051,48.147317],[17.071047,48.147312],[17.070465,48.146201],[17.070416,48.146138],[17.069906,48.146212],[17.068825,48.146654],[17.068702,48.146835],[17.068543,48.147056],[17.068623,48.147185],[17.068669,48.147258],[17.068719,48.147329],[17.069098,48.148014]]]},"properties":{}},{"type":"Feature","geometry":{"type":"Polygon","coordinates":[[[17.06409,48.150163],[17.063718,48.150056],[17.063654,48.150163],[17.063659,48.150237],[17.063648,48.150306],[17.063655,48.150315],[17.063714,48.150345],[17.063503,48.150527],[17.063389,48.150487],[17.063336,48.150564],[17.063305,48.150554],[17.063252,48.150622],[17.063165,48.150641],[17.062807,48.150535],[17.062794,48.150524],[17.062755,48.150514],[17.062812,48.150429],[17.062997,48.150157],[17.063027,48.150143],[17.063082,48.150155],[17.06316,48.150065],[17.063223,48.149976],[17.063204,48.149971],[17.063186,48.149954],[17.063182,48.149924],[17.063195,48.149895],[17.06363,48.149209],[17.063844,48.149267],[17.063911,48.149287],[17.063986,48.149313],[17.064127,48.149332],[17.064205,48.149344],[17.064287,48.149369],[17.064296,48.149354],[17.064354,48.149372],[17.064548,48.149433],[17.06409,48.150163]]]},"properties":{}},{"type":"Feature","geometry":{"type":"Polygon","coordinates":[[[17.072223,48.147356],[17.07126,48.147643],[17.071221,48.147652],[17.071281,48.147765],[17.071625,48.147655],[17.071732,48.147668],[17.071783,48.147742],[17.072288,48.147596],[17.072482,48.147541],[17.072388,48.147389],[17.072343,48.147322],[17.072297,48.147335],[17.072223,48.147356]]]},"properties":{}},{"type":"Feature","geometry":{"type":"Polygon","coordinates":[[[17.050233,48.088544],[17.051116,48.088048],[17.051793,48.088302],[17.052386,48.088545],[17.052261,48.088613],[17.052086,48.088748],[17.05185,48.088936],[17.051372,48.088679],[17.050814,48.089008],[17.050233,48.088544]]]},"properties":{}},{"type":"Feature","geometry":{"type":"Polygon","coordinates":[[[17.051899,48.087376],[17.050039,48.086281],[17.049051,48.085681],[17.048674,48.085735],[17.048596,48.085792],[17.047952,48.086649],[17.048464,48.086829],[17.049145,48.087084],[17.049634,48.087294],[17.050939,48.087765],[17.051195,48.087768],[17.051509,48.087626],[17.051899,48.087376]]]},"properties":{}},{"type":"Feature","geometry":{"type":"Polygon","coordinates":[[[17.082885,48.147689],[17.082775,48.147572],[17.082984,48.147407],[17.08354,48.147099],[17.083413,48.146978],[17.084018,48.146767],[17.084177,48.146732],[17.084215,48.146833],[17.084902,48.146749],[17.084985,48.146945],[17.084569,48.147085],[17.08514,48.147591],[17.085575,48.147906],[17.085843,48.147801],[17.086057,48.148076],[17.08548,48.148473],[17.083748,48.149023],[17.08331,48.149162],[17.082546,48.149376],[17.082425,48.149134],[17.082315,48.149128],[17.082151,48.148796],[17.082439,48.148626],[17.082362,48.148445],[17.082458,48.148286],[17.082619,48.148161],[17.08282,48.1481],[17.083244,48.148143],[17.083465,48.148235],[17.083735,48.148177],[17.083848,48.148218],[17.084282,48.148137],[17.084298,48.148001],[17.084446,48.147935],[17.084057,48.147477],[17.083909,48.147514],[17.083797,48.147418],[17.083174,48.147634],[17.083019,48.14762],[17.082885,48.147689]]]},"properties":{}},{"type":"Feature","geometry":{"type":"Polygon","coordinates":[[[17.048412,48.085722],[17.048324,48.085567],[17.04823,48.085514],[17.048056,48.085439],[17.047612,48.085339],[17.047213,48.085829],[17.047075,48.085998],[17.046905,48.086242],[17.047635,48.086481],[17.0478,48.086427],[17.048412,48.085722]]]},"properties":{}},{"type":"Feature","geometry":{"type":"Polygon","coordinates":[[[17.047612,48.085339],[17.046523,48.085138],[17.045523,48.084919],[17.045399,48.084891],[17.042537,48.084423],[17.042309,48.085075],[17.043888,48.085335],[17.044413,48.085457],[17.045386,48.085713],[17.046368,48.086063],[17.046905,48.086242],[17.047075,48.085998],[17.047213,48.085829],[17.047612,48.085339]]]},"properties":{}},{"type":"Feature","geometry":{"type":"Polygon","coordinates":[[[17.051374,48.087926],[17.051476,48.087967],[17.052012,48.088206],[17.05283,48.08788],[17.052315,48.087379],[17.052017,48.087515],[17.051694,48.087701],[17.051374,48.087926]]]},"properties":{}},{"type":"Feature","geometry":{"type":"Polygon","coordinates":[[[17.066294,48.148109],[17.065672,48.148111],[17.065609,48.148074],[17.06562,48.148062],[17.065645,48.148035],[17.065662,48.147959],[17.065661,48.147847],[17.06566,48.147843],[17.06566,48.147815],[17.065741,48.147815],[17.065769,48.147815],[17.065769,48.147792],[17.065936,48.147792],[17.065936,48.147781],[17.066019,48.14778],[17.066019,48.147741],[17.066189,48.147743],[17.066202,48.147743],[17.066213,48.147743],[17.066275,48.147743],[17.066278,48.147769],[17.066294,48.148109]]]},"properties":{}},{"type":"Feature","geometry":{"type":"Polygon","coordinates":[[[17.067115,48.150177],[17.06744,48.149918],[17.066977,48.149626],[17.066968,48.1496],[17.06675,48.149466],[17.066374,48.149738],[17.066397,48.149751],[17.066542,48.149841],[17.066604,48.149883],[17.067029,48.150125],[17.06705,48.150138],[17.067115,48.150177]]]},"properties":{}},{"type":"Feature","geometry":{"type":"Polygon","coordinates":[[[17.099202,48.147635],[17.099353,48.147751],[17.099391,48.147781],[17.099475,48.147852],[17.099486,48.147855],[17.099509,48.147883],[17.099514,48.147886],[17.099538,48.147914],[17.099604,48.147987],[17.099697,48.14809],[17.099715,48.148115],[17.099777,48.148093],[17.099913,48.148028],[17.10004,48.147902],[17.100317,48.147791],[17.099923,48.147346],[17.099638,48.147469],[17.099202,48.147635]]]},"properties":{}},{"type":"Feature","geometry":{"type":"Polygon","coordinates":[[[17.100532,48.140779],[17.100335,48.140787],[17.098869,48.140913],[17.098398,48.140953],[17.098264,48.140898],[17.098259,48.14074],[17.098167,48.140443],[17.099278,48.14031],[17.099286,48.140105],[17.099378,48.140101],[17.100139,48.140073],[17.101152,48.140094],[17.101126,48.140133],[17.101118,48.140158],[17.101185,48.140176],[17.101207,48.140491],[17.100768,48.140478],[17.100568,48.140451],[17.100532,48.140779]]]},"properties":{}},{"type":"Feature","geometry":{"type":"Polygon","coordinates":[[[17.097736,48.146938],[17.098432,48.146759],[17.098101,48.146057],[17.097371,48.146126],[17.097384,48.146161],[17.097504,48.146421],[17.097736,48.146938]]]},"properties":{}},{"type":"Feature","geometry":{"type":"Polygon","coordinates":[[[17.068072,48.148423],[17.067241,48.148975],[17.067221,48.14896],[17.066948,48.149158],[17.066363,48.149593],[17.066375,48.1496],[17.066195,48.149754],[17.066095,48.149828],[17.066027,48.149868],[17.065764,48.149981],[17.065518,48.150065],[17.065398,48.150093],[17.065332,48.150092],[17.065297,48.150046],[17.065857,48.148392],[17.065887,48.148368],[17.065929,48.148351],[17.067326,48.14836],[17.067492,48.148382],[17.068043,48.148381],[17.068072,48.148423]]]},"properties":{}},{"type":"Feature","geometry":{"type":"Polygon","coordinates":[[[17.065205,48.149895],[17.064449,48.149938],[17.06464,48.149421],[17.06534,48.149519],[17.065205,48.149895]]]},"properties":{}},{"type":"Feature","geometry":{"type":"Polygon","coordinates":[[[17.06535,48.149482],[17.064868,48.149417],[17.065082,48.148773],[17.06522,48.148363],[17.06527,48.148367],[17.065276,48.148352],[17.065658,48.148351],[17.065659,48.14837],[17.065659,48.148438],[17.065706,48.148437],[17.065514,48.149012],[17.06535,48.149482]]]},"properties":{}},{"type":"Feature","geometry":{"type":"Polygon","coordinates":[[[17.05921,48.147967],[17.059294,48.147673],[17.059067,48.14754],[17.058559,48.14747],[17.058517,48.147605],[17.059177,48.147701],[17.059215,48.147729],[17.059222,48.147762],[17.059113,48.14807],[17.059077,48.14811],[17.059041,48.148131],[17.058388,48.148071],[17.058401,48.148007],[17.056752,48.147871],[17.056739,48.148059],[17.056721,48.148074],[17.056631,48.148088],[17.056569,48.148105],[17.056423,48.148148],[17.056417,48.148137],[17.056483,48.147197],[17.056638,48.1472],[17.056866,48.147176],[17.057844,48.147214],[17.057848,48.147182],[17.058085,48.147182],[17.05832,48.147195],[17.058469,48.147206],[17.058485,48.147255],[17.058798,48.147229],[17.058896,48.147209],[17.05902,48.147205],[17.059748,48.147263],[17.059685,48.147414],[17.060126,48.147436],[17.060116,48.14748],[17.060357,48.147521],[17.060352,48.147543],[17.060773,48.147589],[17.061175,48.147619],[17.061808,48.147627],[17.061929,48.147635],[17.061995,48.147646],[17.062472,48.147803],[17.062212,48.148097],[17.061761,48.148045],[17.061451,48.148002],[17.061425,48.148011],[17.060003,48.147894],[17.059997,48.147927],[17.0611,48.148015],[17.062024,48.14811],[17.063233,48.148347],[17.063304,48.14838],[17.063284,48.148466],[17.059349,48.148045],[17.05929,48.148032],[17.059255,48.148019],[17.059223,48.147997],[17.05921,48.147967]]]},"properties":{}},{"type":"Feature","geometry":{"type":"Polygon","coordinates":[[[17.058922,48.148714],[17.059131,48.14814],[17.05919,48.148114],[17.059257,48.148103],[17.059421,48.148116],[17.060796,48.148256],[17.06212,48.148398],[17.06278,48.14846],[17.062777,48.148477],[17.062929,48.148489],[17.062872,48.148747],[17.062886,48.148748],[17.062881,48.148766],[17.063138,48.148811],[17.063105,48.148886],[17.063143,48.148892],[17.063159,48.148896],[17.062991,48.1492],[17.062956,48.149223],[17.062891,48.149218],[17.061798,48.149073],[17.061869,48.14879],[17.061901,48.148662],[17.060959,48.148565],[17.060173,48.148503],[17.060181,48.148452],[17.05971,48.14842],[17.059313,48.148389],[17.059164,48.148758],[17.058922,48.148714]]]},"properties":{}},{"type":"Feature","geometry":{"type":"Polygon","coordinates":[[[17.057796,48.149323],[17.057713,48.149316],[17.057652,48.149312],[17.05762,48.149299],[17.05759,48.149269],[17.057576,48.149226],[17.057505,48.148453],[17.0575,48.148422],[17.057501,48.148293],[17.057583,48.148],[17.058047,48.148048],[17.058388,48.148071],[17.059041,48.148131],[17.059131,48.14814],[17.058922,48.148714],[17.058826,48.148697],[17.058801,48.148778],[17.058382,48.149394],[17.057796,48.149323]]]},"properties":{}},{"type":"Feature","geometry":{"type":"Polygon","coordinates":[[[17.047897,48.147673],[17.047953,48.147683],[17.047987,48.147718],[17.047927,48.147788],[17.047823,48.147883],[17.047698,48.147934],[17.047501,48.147994],[17.047377,48.148005],[17.047271,48.148003],[17.047264,48.148012],[17.047131,48.148013],[17.047066,48.148023],[17.046993,48.148042],[17.046903,48.148073],[17.046819,48.148107],[17.046751,48.148155],[17.046654,48.148271],[17.046617,48.148348],[17.046595,48.148429],[17.046622,48.148597],[17.04666,48.14865],[17.046606,48.148682],[17.046692,48.148759],[17.046726,48.148742],[17.046748,48.148762],[17.046785,48.148763],[17.04683,48.148788],[17.046968,48.148837],[17.047071,48.148862],[17.047145,48.148869],[17.047221,48.148866],[17.047296,48.148861],[17.047379,48.148844],[17.048027,48.148677],[17.048172,48.14864],[17.048328,48.148601],[17.048378,48.148589],[17.048573,48.148543],[17.04868,48.148715],[17.048472,48.148765],[17.048519,48.148833],[17.048423,48.148874],[17.048866,48.149277],[17.048725,48.149359],[17.048616,48.149455],[17.048517,48.149482],[17.04847,48.149483],[17.048434,48.149468],[17.04827,48.14922],[17.048212,48.149169],[17.048153,48.149189],[17.048381,48.149485],[17.048412,48.149508],[17.04847,48.149524],[17.048505,48.149531],[17.048549,48.149561],[17.04851,48.149649],[17.048496,48.149744],[17.048437,48.149754],[17.048441,48.149774],[17.047294,48.149827],[17.04709,48.149838],[17.046966,48.149861],[17.046826,48.149891],[17.046861,48.14993],[17.046823,48.149946],[17.046804,48.149927],[17.046636,48.149996],[17.046605,48.149964],[17.045778,48.150372],[17.045594,48.150084],[17.045536,48.150101],[17.045743,48.150413],[17.045709,48.150498],[17.045589,48.150627],[17.045524,48.150749],[17.045485,48.150921],[17.04547,48.151054],[17.045468,48.151153],[17.045519,48.151654],[17.045472,48.151736],[17.04525,48.151891],[17.045188,48.151911],[17.045151,48.151914],[17.045132,48.151911],[17.045107,48.151904],[17.045085,48.15189],[17.045079,48.151876],[17.04509,48.151754],[17.045061,48.151555],[17.045032,48.151186],[17.044962,48.151102],[17.044879,48.15097],[17.044791,48.150863],[17.044723,48.150782],[17.044692,48.150738],[17.044678,48.150712],[17.044656,48.150667],[17.044675,48.150668],[17.044677,48.15056],[17.044688,48.150529],[17.044842,48.150349],[17.044851,48.150219],[17.04488,48.15022],[17.044885,48.150146],[17.044957,48.15],[17.044994,48.149868],[17.044888,48.149862],[17.044873,48.149768],[17.044826,48.149771],[17.044818,48.149733],[17.044733,48.149755],[17.044624,48.149538],[17.04434,48.14912],[17.044381,48.1491],[17.044376,48.149089],[17.044357,48.149094],[17.044291,48.148983],[17.044348,48.148928],[17.044515,48.148869],[17.044592,48.148864],[17.044835,48.148799],[17.044844,48.148771],[17.044944,48.148749],[17.044985,48.148758],[17.045014,48.148787],[17.045199,48.148708],[17.04516,48.148666],[17.045347,48.148583],[17.045352,48.148565],[17.045401,48.148544],[17.04544,48.14858],[17.045437,48.148599],[17.04549,48.148596],[17.045537,48.148551],[17.045684,48.148488],[17.045694,48.148422],[17.045727,48.148405],[17.04583,48.14834],[17.046215,48.148136],[17.04626,48.148121],[17.046289,48.14812],[17.046326,48.148101],[17.046604,48.148025],[17.046664,48.148],[17.046789,48.14794],[17.046797,48.147948],[17.046909,48.1479],[17.04734,48.147756],[17.047332,48.147742],[17.047516,48.147699],[17.047738,48.147671],[17.047897,48.147673]]]},"properties":{}},{"type":"Feature","geometry":{"type":"Polygon","coordinates":[[[17.047654,48.148667],[17.04761,48.148622],[17.047535,48.148656],[17.047376,48.148696],[17.047394,48.148728],[17.047253,48.148752],[17.047125,48.148746],[17.047025,48.14873],[17.046924,48.148693],[17.046836,48.148632],[17.046796,48.148583],[17.046765,48.148519],[17.046749,48.148439],[17.04679,48.148321],[17.046856,48.148234],[17.046966,48.148172],[17.04701,48.148159],[17.047143,48.148126],[17.047451,48.14812],[17.04749,48.148168],[17.04775,48.148131],[17.047901,48.148089],[17.048164,48.147945],[17.048223,48.147889],[17.048297,48.148023],[17.048578,48.147943],[17.048602,48.147985],[17.049582,48.147737],[17.049606,48.147768],[17.049944,48.147646],[17.050517,48.147526],[17.050572,48.147524],[17.050951,48.147523],[17.051229,48.147502],[17.051718,48.147505],[17.051651,48.147698],[17.051645,48.147857],[17.051617,48.147891],[17.050833,48.147883],[17.050092,48.148017],[17.049742,48.148098],[17.049708,48.148033],[17.049292,48.148135],[17.049214,48.148131],[17.049134,48.148136],[17.048746,48.148234],[17.048818,48.148366],[17.048722,48.14839],[17.048729,48.148403],[17.047654,48.148667]]]},"properties":{}},{"type":"Feature","geometry":{"type":"Polygon","coordinates":[[[17.049988,48.14864],[17.049937,48.148565],[17.049921,48.14853],[17.04991,48.148425],[17.049943,48.148277],[17.049964,48.148224],[17.05002,48.148164],[17.050061,48.148132],[17.050084,48.14819],[17.050712,48.148078],[17.050942,48.14805],[17.051198,48.148069],[17.051203,48.148105],[17.051349,48.148113],[17.05147,48.148139],[17.05137,48.148311],[17.051367,48.148449],[17.049988,48.14864]]]},"properties":{}},{"type":"Feature","geometry":{"type":"Polygon","coordinates":[[[17.041574,48.153341],[17.04153,48.153292],[17.040959,48.152167],[17.04089,48.151917],[17.04084,48.151846],[17.040753,48.151809],[17.040671,48.151736],[17.040604,48.151525],[17.040488,48.15101],[17.04047,48.150908],[17.040245,48.150466],[17.040143,48.150318],[17.040143,48.150266],[17.040141,48.150245],[17.040153,48.150219],[17.040184,48.150199],[17.040387,48.150128],[17.040888,48.150192],[17.041003,48.150157],[17.041745,48.149897],[17.04223,48.149729],[17.042938,48.149462],[17.043251,48.149322],[17.043449,48.14924],[17.043759,48.149206],[17.0438,48.14933],[17.044089,48.149372],[17.044177,48.149245],[17.044321,48.149262],[17.04457,48.14962],[17.044714,48.149926],[17.044696,48.150393],[17.044568,48.150499],[17.044518,48.150518],[17.044472,48.150519],[17.044413,48.150508],[17.044342,48.150472],[17.044283,48.150414],[17.044079,48.150161],[17.043972,48.150173],[17.043829,48.150224],[17.043781,48.150351],[17.043604,48.150405],[17.043687,48.150457],[17.044016,48.15115],[17.044121,48.151438],[17.043991,48.15146],[17.043793,48.151488],[17.043768,48.151409],[17.043624,48.151434],[17.043525,48.151455],[17.043261,48.151715],[17.043273,48.151743],[17.043123,48.151916],[17.04314,48.151959],[17.043027,48.151953],[17.042973,48.151964],[17.043018,48.152079],[17.042733,48.152216],[17.042144,48.152782],[17.042138,48.152835],[17.041574,48.153341]]]},"properties":{}},{"type":"Feature","geometry":{"type":"Polygon","coordinates":[[[17.053095,48.151661],[17.053067,48.151669],[17.052738,48.15168],[17.052646,48.151688],[17.052356,48.151701],[17.052212,48.151703],[17.052055,48.15171],[17.052038,48.151699],[17.051969,48.151032],[17.051969,48.150962],[17.051996,48.150816],[17.052024,48.150766],[17.052561,48.150009],[17.052597,48.14997],[17.052695,48.149896],[17.052772,48.149857],[17.052876,48.149825],[17.053005,48.149791],[17.053087,48.149782],[17.053926,48.149739],[17.054117,48.149789],[17.054263,48.149783],[17.054268,48.149825],[17.054371,48.149822],[17.054443,48.149818],[17.054488,48.149828],[17.054521,48.149854],[17.054537,48.149886],[17.054584,48.150358],[17.054595,48.150472],[17.055038,48.150453],[17.055044,48.150616],[17.05524,48.15061],[17.055262,48.15095],[17.055019,48.150956],[17.054922,48.151028],[17.05491,48.151106],[17.054708,48.151161],[17.054711,48.151219],[17.054678,48.151257],[17.054694,48.151383],[17.054657,48.151401],[17.05427,48.151493],[17.05411,48.151699],[17.053885,48.151691],[17.053849,48.151656],[17.053887,48.151619],[17.054154,48.151252],[17.054203,48.151216],[17.054321,48.151209],[17.054254,48.150536],[17.054193,48.149967],[17.053915,48.149981],[17.053915,48.150017],[17.05393,48.150169],[17.053961,48.150464],[17.053637,48.150476],[17.053535,48.150496],[17.053409,48.150572],[17.053161,48.150897],[17.053039,48.15109],[17.053095,48.151661]]]},"properties":{}},{"type":"Feature","geometry":{"type":"Polygon","coordinates":[[[17.157822,48.144594],[17.160057,48.144792],[17.160574,48.144123],[17.160717,48.143898],[17.160716,48.143635],[17.160388,48.14363],[17.160386,48.143404],[17.160501,48.143382],[17.16056,48.143333],[17.160556,48.142922],[17.160441,48.142924],[17.159679,48.142937],[17.159635,48.142938],[17.158956,48.142948],[17.158948,48.142627],[17.156459,48.142669],[17.156473,48.142986],[17.156476,48.143055],[17.156526,48.144197],[17.157463,48.144185],[17.15761,48.144204],[17.157859,48.144267],[17.157866,48.144488],[17.157822,48.144594]]]},"properties":{}},{"type":"Feature","geometry":{"type":"Polygon","coordinates":[[[17.108809,48.121749],[17.109044,48.122097],[17.109316,48.12198],[17.10981,48.122303],[17.109943,48.122389],[17.11008,48.122336],[17.110167,48.122424],[17.110628,48.122227],[17.111355,48.12191],[17.111161,48.1217],[17.111107,48.121645],[17.111074,48.121611],[17.110777,48.121316],[17.110122,48.121608],[17.109834,48.121327],[17.109609,48.121099],[17.109512,48.121141],[17.109371,48.121201],[17.109576,48.121416],[17.108809,48.121749]]]},"properties":{}},{"type":"Feature","geometry":{"type":"Polygon","coordinates":[[[17.132811,48.143781],[17.134115,48.143646],[17.134025,48.143245],[17.133788,48.142298],[17.132462,48.142343],[17.132764,48.143542],[17.132811,48.143781]]]},"properties":{}},{"type":"Feature","geometry":{"type":"Polygon","coordinates":[[[17.099949,48.112615],[17.100478,48.113161],[17.100286,48.113244],[17.099796,48.113456],[17.099494,48.113146],[17.099362,48.113009],[17.099262,48.112909],[17.099346,48.112873],[17.09953,48.112793],[17.099735,48.112707],[17.09987,48.112647],[17.099949,48.112615]]]},"properties":{}},{"type":"Feature","geometry":{"type":"Polygon","coordinates":[[[17.156865,48.134076],[17.157267,48.133743],[17.157556,48.133547],[17.15806,48.133223],[17.158285,48.133091],[17.158493,48.133022],[17.158674,48.132809],[17.159722,48.132525],[17.160192,48.132495],[17.160312,48.13251],[17.16048,48.132374],[17.160525,48.132327],[17.160679,48.13219],[17.160836,48.132022],[17.160998,48.131834],[17.161154,48.131622],[17.161084,48.131309],[17.159992,48.131665],[17.159708,48.131737],[17.159412,48.131783],[17.159067,48.131814],[17.158754,48.131805],[17.158585,48.131799],[17.158304,48.131765],[17.15805,48.131705],[17.157953,48.131721],[17.157778,48.131907],[17.157627,48.132086],[17.157583,48.132143],[17.157525,48.132078],[17.156924,48.131848],[17.156603,48.132103],[17.156238,48.132288],[17.155235,48.13355],[17.155269,48.133912],[17.155519,48.134153],[17.15616,48.134318],[17.156568,48.133956],[17.156865,48.134076]]]},"properties":{}},{"type":"Feature","geometry":{"type":"Polygon","coordinates":[[[17.152296,48.146045],[17.152525,48.145249],[17.152674,48.144735],[17.152599,48.144724],[17.151957,48.144634],[17.15179,48.144699],[17.151748,48.144755],[17.151647,48.145069],[17.151521,48.145059],[17.151362,48.145413],[17.151341,48.14546],[17.151332,48.145479],[17.151246,48.145698],[17.151152,48.145933],[17.151208,48.145942],[17.151186,48.145994],[17.15117,48.146032],[17.151115,48.146023],[17.150784,48.146836],[17.15077,48.146866],[17.15084,48.146867],[17.150824,48.14692],[17.150754,48.14691],[17.150744,48.146935],[17.151655,48.147045],[17.151788,48.147059],[17.151985,48.147081],[17.15203,48.147056],[17.152316,48.14605],[17.152296,48.146045]]]},"properties":{}},{"type":"Feature","geometry":{"type":"Polygon","coordinates":[[[17.124563,48.140547],[17.124547,48.14047],[17.124474,48.14003],[17.124471,48.14001],[17.12445,48.139883],[17.124447,48.13987],[17.124443,48.139846],[17.124441,48.139828],[17.12442,48.139704],[17.124413,48.139668],[17.124449,48.139522],[17.123905,48.139579],[17.123776,48.139183],[17.123548,48.139207],[17.120307,48.139463],[17.1189,48.139519],[17.117799,48.139551],[17.117509,48.139631],[17.117499,48.14001],[17.118105,48.139982],[17.118252,48.140066],[17.119171,48.140294],[17.119405,48.140355],[17.119403,48.140401],[17.119413,48.140449],[17.119475,48.140832],[17.119468,48.140864],[17.119454,48.14089],[17.124499,48.140552],[17.124563,48.140547]]]},"properties":{}},{"type":"Feature","geometry":{"type":"Polygon","coordinates":[[[17.146156,48.144632],[17.146109,48.14451],[17.145626,48.1445],[17.145377,48.144494],[17.144993,48.144493],[17.144853,48.144495],[17.144658,48.144497],[17.144618,48.144526],[17.144695,48.144863],[17.144749,48.145001],[17.144812,48.145138],[17.144853,48.145265],[17.144923,48.145477],[17.145065,48.145869],[17.146136,48.145717],[17.146407,48.145673],[17.14634,48.145423],[17.146287,48.145283],[17.1462,48.144733],[17.146156,48.144632]]]},"properties":{}},{"type":"Feature","geometry":{"type":"Polygon","coordinates":[[[17.122631,48.090183],[17.124329,48.090981],[17.124539,48.091043],[17.124812,48.091091],[17.125797,48.09114],[17.127353,48.089784],[17.127458,48.089703],[17.128329,48.08895],[17.129262,48.08808],[17.12914,48.087999],[17.129015,48.087918],[17.128891,48.087837],[17.128811,48.087786],[17.128718,48.087724],[17.128636,48.08767],[17.128542,48.087608],[17.128417,48.087527],[17.128292,48.087445],[17.128167,48.087364],[17.128071,48.087298],[17.127989,48.087242],[17.127894,48.087177],[17.127772,48.087094],[17.12765,48.08701],[17.127528,48.086926],[17.127392,48.086834],[17.127246,48.086734],[17.127171,48.086683],[17.127035,48.086589],[17.126815,48.086461],[17.126615,48.086412],[17.126593,48.086406],[17.126309,48.086348],[17.125321,48.08619],[17.125078,48.086137],[17.124989,48.086119],[17.12499,48.086057],[17.124948,48.086047],[17.124765,48.086014],[17.124353,48.085938],[17.124274,48.08634],[17.124157,48.086831],[17.123897,48.087453],[17.123115,48.08911],[17.123021,48.089393],[17.122631,48.090183]]]},"properties":{}},{"type":"Feature","geometry":{"type":"Polygon","coordinates":[[[17.122391,48.109045],[17.122465,48.10892],[17.123056,48.108057],[17.123124,48.107953],[17.123088,48.107924],[17.122591,48.107759],[17.12274,48.107545],[17.123505,48.107782],[17.12359,48.107931],[17.123432,48.10832],[17.122769,48.109153],[17.122667,48.109123],[17.122391,48.109045]]]},"properties":{}},{"type":"Feature","geometry":{"type":"Polygon","coordinates":[[[17.12228,48.108854],[17.122142,48.109139],[17.121573,48.108978],[17.12155,48.109012],[17.121845,48.109203],[17.121533,48.109402],[17.121355,48.109504],[17.121215,48.10958],[17.12075,48.109841],[17.120516,48.109914],[17.12007,48.110225],[17.119788,48.110418],[17.119665,48.11052],[17.119739,48.110562],[17.119684,48.110609],[17.119616,48.110667],[17.119685,48.110703],[17.119528,48.110842],[17.119435,48.110854],[17.119387,48.11086],[17.11913,48.110814],[17.119207,48.110652],[17.119253,48.110653],[17.119337,48.110521],[17.119288,48.110494],[17.119409,48.110386],[17.119352,48.110353],[17.119602,48.110147],[17.119971,48.10983],[17.120118,48.109706],[17.120454,48.109654],[17.120465,48.109661],[17.120737,48.109467],[17.120891,48.10938],[17.121064,48.109304],[17.121111,48.109261],[17.121177,48.109181],[17.121266,48.109046],[17.121242,48.109029],[17.121364,48.108908],[17.121502,48.108683],[17.121515,48.108661],[17.121725,48.108712],[17.121736,48.108693],[17.121925,48.108744],[17.122094,48.108805],[17.12228,48.108854]]]},"properties":{}},{"type":"Feature","geometry":{"type":"Polygon","coordinates":[[[17.193695,48.136601],[17.194477,48.136637],[17.194495,48.13591],[17.194498,48.135584],[17.194689,48.13521],[17.195123,48.134491],[17.195291,48.134173],[17.195531,48.133398],[17.195836,48.132409],[17.195857,48.132253],[17.195987,48.131974],[17.194995,48.131919],[17.194935,48.131917],[17.194921,48.132022],[17.193884,48.131966],[17.193752,48.132637],[17.194585,48.132676],[17.194529,48.133068],[17.194733,48.133272],[17.19469,48.133659],[17.194276,48.133636],[17.194043,48.134728],[17.193649,48.134721],[17.193671,48.135776],[17.193695,48.136601]]]},"properties":{}},{"type":"Feature","geometry":{"type":"Polygon","coordinates":[[[17.193611,48.131966],[17.193863,48.13098],[17.193867,48.130935],[17.193853,48.130915],[17.19377,48.130899],[17.1937,48.130856],[17.193652,48.130827],[17.190334,48.13067],[17.190325,48.130735],[17.190232,48.131406],[17.190221,48.131484],[17.190212,48.131552],[17.190203,48.131614],[17.190193,48.131771],[17.191319,48.131832],[17.193611,48.131966]]]},"properties":{}},{"type":"Feature","geometry":{"type":"Polygon","coordinates":[[[17.124449,48.139522],[17.125146,48.139424],[17.125124,48.139351],[17.125293,48.139328],[17.125277,48.139266],[17.125279,48.139235],[17.125298,48.139208],[17.125332,48.139185],[17.126302,48.13905],[17.126744,48.13904],[17.127134,48.13908],[17.127485,48.139172],[17.127759,48.139254],[17.128138,48.139437],[17.128229,48.139531],[17.128535,48.140248],[17.126536,48.140378],[17.124563,48.140547],[17.124547,48.14047],[17.124474,48.14003],[17.124471,48.14001],[17.12445,48.139883],[17.124447,48.13987],[17.124443,48.139846],[17.124441,48.139828],[17.12442,48.139704],[17.124413,48.139668],[17.124449,48.139522]]]},"properties":{}},{"type":"Feature","geometry":{"type":"Polygon","coordinates":[[[17.09637,48.133039],[17.096567,48.13315],[17.097177,48.133614],[17.097325,48.133732],[17.097524,48.133868],[17.097818,48.134036],[17.097966,48.134126],[17.098376,48.134357],[17.098777,48.134554],[17.098929,48.134516],[17.098967,48.134526],[17.098998,48.134534],[17.09902,48.134571],[17.099063,48.134577],[17.099093,48.134616],[17.099366,48.134708],[17.099694,48.134768],[17.09995,48.134805],[17.10005,48.134828],[17.100066,48.134842],[17.100235,48.134864],[17.100227,48.134881],[17.100223,48.134903],[17.100543,48.134987],[17.100699,48.135065],[17.101444,48.135634],[17.102017,48.136066],[17.102296,48.136218],[17.102341,48.1362],[17.102374,48.136189],[17.102487,48.136246],[17.102701,48.136291],[17.103531,48.136365],[17.103686,48.136378],[17.103936,48.136415],[17.104204,48.136433],[17.10438,48.136446],[17.104416,48.135886],[17.104427,48.135656],[17.104318,48.135651],[17.104332,48.135517],[17.104349,48.135362],[17.104304,48.135302],[17.1043,48.135199],[17.104371,48.134509],[17.104306,48.134077],[17.104211,48.133796],[17.103959,48.133382],[17.103918,48.133314],[17.103764,48.13312],[17.103285,48.132606],[17.103019,48.132396],[17.102922,48.132323],[17.102761,48.132306],[17.102761,48.132253],[17.102543,48.132187],[17.102389,48.132183],[17.102349,48.132181],[17.102259,48.132185],[17.101138,48.132238],[17.101117,48.132239],[17.10112,48.132261],[17.100995,48.132267],[17.099741,48.132334],[17.099736,48.132257],[17.099257,48.132272],[17.09917,48.132275],[17.098969,48.132282],[17.097941,48.132328],[17.097396,48.132346],[17.097102,48.132456],[17.096806,48.132632],[17.096491,48.132819],[17.096387,48.132944],[17.09637,48.133039]]]},"properties":{}},{"type":"Feature","geometry":{"type":"Polygon","coordinates":[[[17.099559,48.130891],[17.099643,48.130848],[17.099697,48.130837],[17.099761,48.130834],[17.099761,48.130811],[17.100879,48.130761],[17.100934,48.131531],[17.09968,48.131574],[17.099583,48.131442],[17.099559,48.130891]]]},"properties":{}},{"type":"Feature","geometry":{"type":"Polygon","coordinates":[[[17.139512,48.145642],[17.139475,48.145436],[17.139391,48.145058],[17.139386,48.145038],[17.140517,48.144922],[17.140681,48.144905],[17.140732,48.144941],[17.14081,48.144997],[17.140532,48.145336],[17.140479,48.145438],[17.140435,48.14554],[17.139512,48.145642]]]},"properties":{}},{"type":"Feature","geometry":{"type":"Polygon","coordinates":[[[17.198322,48.102463],[17.19871,48.102396],[17.200921,48.10155],[17.200045,48.098742],[17.197155,48.099262],[17.197495,48.099998],[17.196779,48.100215],[17.197073,48.101016],[17.197426,48.101992],[17.198111,48.101958],[17.198322,48.102463]]]},"properties":{}},{"type":"Feature","geometry":{"type":"Polygon","coordinates":[[[17.12187,48.149929],[17.121795,48.149912],[17.121683,48.149891],[17.121638,48.149778],[17.121625,48.149757],[17.121482,48.149523],[17.121538,48.149484],[17.121467,48.149382],[17.121396,48.149382],[17.121291,48.149206],[17.121303,48.149148],[17.121366,48.149155],[17.121755,48.149201],[17.122378,48.149275],[17.122964,48.149335],[17.123526,48.149391],[17.123684,48.149411],[17.123838,48.149421],[17.124031,48.149433],[17.124221,48.149414],[17.124704,48.149345],[17.124862,48.149322],[17.124952,48.149309],[17.125182,48.149937],[17.125306,48.150334],[17.125373,48.15057],[17.125398,48.150672],[17.125567,48.151212],[17.125618,48.151412],[17.125644,48.15152],[17.125666,48.151635],[17.125696,48.151855],[17.125721,48.152077],[17.125743,48.152301],[17.125747,48.152449],[17.125744,48.152594],[17.125729,48.152895],[17.125717,48.153037],[17.125701,48.153172],[17.125681,48.153306],[17.125657,48.153442],[17.125632,48.153567],[17.125618,48.153625],[17.125606,48.153679],[17.125572,48.153791],[17.125416,48.153764],[17.125219,48.153702],[17.125106,48.153667],[17.125002,48.15363],[17.124737,48.153526],[17.123761,48.153134],[17.123748,48.153059],[17.12492,48.151685],[17.123302,48.151038],[17.12323,48.151099],[17.122937,48.151423],[17.122909,48.151453],[17.122743,48.151638],[17.122695,48.151688],[17.122054,48.152376],[17.121933,48.152399],[17.120946,48.152003],[17.120603,48.151873],[17.120382,48.151783],[17.120114,48.151648],[17.119953,48.151568],[17.11996,48.151523],[17.121455,48.150409],[17.121721,48.150208],[17.121751,48.150146],[17.121776,48.150108],[17.12184,48.149987],[17.12187,48.149929]]]},"properties":{}},{"type":"Feature","geometry":{"type":"Polygon","coordinates":[[[17.142379,48.145921],[17.142794,48.145876],[17.142834,48.145859],[17.14379,48.145753],[17.143809,48.145842],[17.14385,48.146034],[17.144228,48.145977],[17.144622,48.145921],[17.144596,48.146164],[17.144313,48.146536],[17.144241,48.146508],[17.144132,48.14652],[17.144129,48.14652],[17.144125,48.146521],[17.144113,48.146521],[17.143942,48.146539],[17.143952,48.146591],[17.143778,48.146609],[17.143494,48.146637],[17.143198,48.146667],[17.143037,48.146683],[17.142736,48.146714],[17.142708,48.146714],[17.142705,48.1467],[17.142544,48.146716],[17.142433,48.146166],[17.142379,48.145921]]]},"properties":{}},{"type":"Feature","geometry":{"type":"Polygon","coordinates":[[[17.114394,48.132463],[17.11439,48.132434],[17.114387,48.132418],[17.115729,48.132366],[17.11577,48.132799],[17.115755,48.132818],[17.115723,48.132841],[17.115684,48.132855],[17.115162,48.132836],[17.114698,48.132817],[17.114597,48.1327],[17.114523,48.132614],[17.114394,48.132463]]]},"properties":{}},{"type":"Feature","geometry":{"type":"Polygon","coordinates":[[[17.158699,48.149251],[17.158836,48.149658],[17.15869,48.14965],[17.158061,48.149618],[17.158004,48.149458],[17.158018,48.149264],[17.158034,48.149237],[17.158042,48.149222],[17.158093,48.149201],[17.15812,48.149167],[17.158619,48.148996],[17.158643,48.149074],[17.158699,48.149251]]]},"properties":{}},{"type":"Feature","geometry":{"type":"Polygon","coordinates":[[[17.127521,48.127841],[17.127651,48.127869],[17.128091,48.127997],[17.128534,48.128209],[17.129234,48.128446],[17.12902,48.128696],[17.128547,48.128532],[17.127546,48.12818],[17.127521,48.127841]]]},"properties":{}},{"type":"Feature","geometry":{"type":"Polygon","coordinates":[[[17.117767,48.129844],[17.118038,48.129835],[17.119069,48.129787],[17.119107,48.129785],[17.119167,48.129766],[17.119222,48.129673],[17.119201,48.129467],[17.119172,48.129089],[17.119077,48.129088],[17.119025,48.129098],[17.11898,48.129109],[17.118996,48.129128],[17.118665,48.129264],[17.118495,48.12931],[17.118318,48.129333],[17.118185,48.129324],[17.118065,48.129306],[17.117893,48.129238],[17.117814,48.129261],[17.117801,48.129455],[17.117767,48.129844]]]},"properties":{}},{"type":"Feature","geometry":{"type":"Polygon","coordinates":[[[17.19671,48.131283],[17.197799,48.13158],[17.197975,48.131365],[17.198469,48.131522],[17.198544,48.131376],[17.197466,48.131093],[17.197031,48.131118],[17.19671,48.131283]]]},"properties":{}},{"type":"Feature","geometry":{"type":"Polygon","coordinates":[[[17.121539,48.114015],[17.121992,48.113374],[17.121941,48.113359],[17.12186,48.113334],[17.12142,48.113192],[17.121251,48.113139],[17.12103,48.113069],[17.120894,48.113026],[17.120496,48.112899],[17.120431,48.112879],[17.120242,48.113149],[17.119999,48.113496],[17.120817,48.113772],[17.121539,48.114015]]]},"properties":{}},{"type":"Feature","geometry":{"type":"Polygon","coordinates":[[[17.154246,48.137609],[17.155125,48.137187],[17.155066,48.137289],[17.155127,48.137393],[17.155433,48.137698],[17.156253,48.138024],[17.156505,48.13824],[17.156651,48.138491],[17.156691,48.138875],[17.156611,48.13905],[17.15797,48.139037],[17.157975,48.139037],[17.158112,48.13904],[17.158869,48.139052],[17.158863,48.139067],[17.158744,48.139376],[17.15862,48.139684],[17.158652,48.140145],[17.158657,48.140361],[17.15589,48.139833],[17.155881,48.139753],[17.154544,48.139499],[17.153748,48.139515],[17.153122,48.138969],[17.153329,48.138863],[17.154765,48.13872],[17.1547,48.138625],[17.154669,48.138447],[17.154225,48.138299],[17.153503,48.138244],[17.153529,48.138074],[17.153963,48.138101],[17.153959,48.138147],[17.154332,48.138173],[17.154628,48.138286],[17.154468,48.137975],[17.154246,48.137609]]]},"properties":{}},{"type":"Feature","geometry":{"type":"Polygon","coordinates":[[[17.16042,48.11784],[17.161166,48.117265],[17.162002,48.116607],[17.162116,48.116559],[17.16226,48.116535],[17.162477,48.116538],[17.162935,48.116572],[17.163628,48.116807],[17.163767,48.116889],[17.163838,48.116985],[17.163862,48.117064],[17.163854,48.117163],[17.163474,48.118016],[17.163279,48.118468],[17.163167,48.118745],[17.162166,48.118601],[17.162273,48.118328],[17.162239,48.118321],[17.162206,48.118315],[17.162253,48.118201],[17.161335,48.118061],[17.161219,48.118174],[17.16042,48.11784]]]},"properties":{}},{"type":"Feature","geometry":{"type":"Polygon","coordinates":[[[17.117121,48.143631],[17.117541,48.143735],[17.11824,48.142787],[17.117917,48.142682],[17.117604,48.14258],[17.117568,48.142567],[17.117489,48.14259],[17.117121,48.143631]]]},"properties":{}},{"type":"Feature","geometry":{"type":"Polygon","coordinates":[[[17.125625,48.146183],[17.124437,48.146341],[17.124149,48.146246],[17.123907,48.14556],[17.123587,48.144708],[17.123584,48.144641],[17.123619,48.14461],[17.123665,48.144584],[17.123707,48.144584],[17.127559,48.145833],[17.127594,48.145929],[17.127512,48.146001],[17.125625,48.146183]]]},"properties":{}},{"type":"Feature","geometry":{"type":"Polygon","coordinates":[[[17.135464,48.142244],[17.135513,48.142476],[17.135538,48.142587],[17.135558,48.142685],[17.135603,48.142883],[17.135648,48.143078],[17.135654,48.143104],[17.135851,48.143069],[17.136093,48.143048],[17.136114,48.143129],[17.136065,48.143135],[17.136155,48.143514],[17.13629,48.143501],[17.136347,48.143752],[17.136213,48.143767],[17.136273,48.144037],[17.136298,48.14434],[17.136117,48.144358],[17.136153,48.144516],[17.136207,48.144748],[17.136214,48.144813],[17.136454,48.144789],[17.136489,48.144785],[17.136797,48.144755],[17.136836,48.144751],[17.136856,48.144749],[17.13761,48.144675],[17.137647,48.14467],[17.138205,48.144614],[17.138273,48.144607],[17.138341,48.144598],[17.13923,48.144507],[17.139239,48.144506],[17.139301,48.144501],[17.139775,48.14445],[17.140091,48.144418],[17.140025,48.14413],[17.140438,48.144081],[17.140341,48.143659],[17.140339,48.143652],[17.140244,48.143229],[17.140182,48.142976],[17.140102,48.142622],[17.139943,48.142602],[17.139739,48.142107],[17.13885,48.142142],[17.138545,48.14215],[17.138354,48.142156],[17.136704,48.142206],[17.136651,48.142207],[17.136458,48.142344],[17.136329,48.142344],[17.13633,48.1424],[17.13619,48.142402],[17.13619,48.142377],[17.135928,48.142382],[17.135799,48.142238],[17.135464,48.142244]]]},"properties":{}},{"type":"Feature","geometry":{"type":"Polygon","coordinates":[[[17.124386,48.143504],[17.124305,48.14352],[17.124238,48.143701],[17.124233,48.143792],[17.124144,48.143903],[17.124031,48.143875],[17.123884,48.144075],[17.123816,48.144151],[17.12465,48.14442],[17.124487,48.144652],[17.124568,48.14468],[17.12496,48.144824],[17.125724,48.145072],[17.126617,48.145361],[17.126643,48.145327],[17.126696,48.145256],[17.126714,48.145232],[17.126727,48.145216],[17.126808,48.145103],[17.126933,48.144929],[17.127094,48.144708],[17.127229,48.144752],[17.127351,48.144791],[17.127387,48.14474],[17.127609,48.14443],[17.127497,48.144393],[17.127569,48.144292],[17.127593,48.144259],[17.127094,48.144097],[17.127195,48.143951],[17.126661,48.143768],[17.126822,48.14354],[17.126971,48.14333],[17.125795,48.142943],[17.125884,48.142815],[17.125462,48.14268],[17.125137,48.14271],[17.12504,48.142678],[17.12492,48.142679],[17.124848,48.142673],[17.124759,48.142674],[17.124672,48.142683],[17.124632,48.1427],[17.124595,48.142731],[17.124281,48.143164],[17.124094,48.143409],[17.124171,48.143434],[17.124386,48.143504]]]},"properties":{}},{"type":"Feature","geometry":{"type":"Polygon","coordinates":[[[17.129624,48.146046],[17.127399,48.146285],[17.126188,48.146414],[17.126351,48.14657],[17.126415,48.146844],[17.126579,48.147525],[17.126664,48.147568],[17.127448,48.14778],[17.128715,48.1481],[17.128763,48.148081],[17.128757,48.148065],[17.128669,48.147673],[17.128648,48.147588],[17.129505,48.147497],[17.129505,48.147504],[17.130592,48.147378],[17.130598,48.1474],[17.130808,48.14738],[17.130834,48.147394],[17.131078,48.146749],[17.13132,48.1461],[17.131316,48.146046],[17.131297,48.146005],[17.131106,48.145897],[17.129624,48.146046]]]},"properties":{}},{"type":"Feature","geometry":{"type":"Polygon","coordinates":[[[17.11794,48.093607],[17.117877,48.092573],[17.117874,48.092529],[17.117868,48.092462],[17.117815,48.091782],[17.117889,48.091779],[17.119274,48.091729],[17.119339,48.091728],[17.119381,48.092469],[17.119258,48.092623],[17.11942,48.092821],[17.119478,48.093449],[17.118718,48.09357],[17.118104,48.093606],[17.11794,48.093607]]]},"properties":{}},{"type":"Feature","geometry":{"type":"Polygon","coordinates":[[[17.115785,48.122457],[17.115694,48.122487],[17.114811,48.122548],[17.11478,48.122124],[17.115814,48.122088],[17.115817,48.122107],[17.115819,48.122152],[17.115833,48.122178],[17.115847,48.122394],[17.115837,48.12242],[17.115785,48.122457]]]},"properties":{}},{"type":"Feature","geometry":{"type":"Polygon","coordinates":[[[17.113592,48.093844],[17.113629,48.093686],[17.113574,48.093023],[17.113316,48.092838],[17.113513,48.092663],[17.113441,48.092012],[17.1136,48.092008],[17.113689,48.092014],[17.115897,48.091934],[17.11594,48.091933],[17.116025,48.09193],[17.116571,48.091912],[17.116567,48.091887],[17.116927,48.091878],[17.117196,48.091845],[17.117294,48.091832],[17.117772,48.091781],[17.117815,48.091782],[17.117868,48.092462],[17.117874,48.092529],[17.117877,48.092573],[17.11794,48.093607],[17.117946,48.093702],[17.116295,48.093757],[17.116295,48.093693],[17.115571,48.09372],[17.115569,48.093785],[17.11379,48.093838],[17.113592,48.093844]]]},"properties":{}},{"type":"Feature","geometry":{"type":"Polygon","coordinates":[[[17.190713,48.135934],[17.190704,48.136047],[17.19153,48.13609],[17.191488,48.136364],[17.192844,48.136425],[17.192832,48.136545],[17.192806,48.13669],[17.193499,48.136721],[17.193478,48.136453],[17.193471,48.136384],[17.193461,48.136059],[17.193453,48.135872],[17.193103,48.135866],[17.193071,48.13605],[17.190713,48.135934]]]},"properties":{}},{"type":"Feature","geometry":{"type":"Polygon","coordinates":[[[17.189447,48.135269],[17.189408,48.135102],[17.189408,48.135066],[17.191023,48.135143],[17.191023,48.135009],[17.1894,48.134935],[17.189376,48.134878],[17.189352,48.134805],[17.191857,48.134926],[17.19182,48.135188],[17.191785,48.135378],[17.191162,48.135359],[17.189447,48.135269]]]},"properties":{}},{"type":"Feature","geometry":{"type":"Polygon","coordinates":[[[17.193407,48.134214],[17.193415,48.133604],[17.19129,48.133491],[17.191218,48.134104],[17.193407,48.134214]]]},"properties":{}},{"type":"Feature","geometry":{"type":"Polygon","coordinates":[[[17.193752,48.132637],[17.194585,48.132676],[17.194529,48.133068],[17.194733,48.133272],[17.19469,48.133659],[17.194276,48.133636],[17.194043,48.134728],[17.193649,48.134721],[17.193609,48.134218],[17.19362,48.133588],[17.193752,48.132637]]]},"properties":{}},{"type":"Feature","geometry":{"type":"Polygon","coordinates":[[[17.193884,48.131966],[17.194014,48.131556],[17.194718,48.131592],[17.195696,48.131632],[17.195718,48.131542],[17.195916,48.13156],[17.196191,48.131586],[17.196154,48.131657],[17.196014,48.131925],[17.195987,48.131974],[17.194995,48.131919],[17.194935,48.131917],[17.194921,48.132022],[17.193884,48.131966]]]},"properties":{}},{"type":"Feature","geometry":{"type":"Polygon","coordinates":[[[17.133629,48.122836],[17.134247,48.122818],[17.134451,48.122809],[17.134959,48.122142],[17.134972,48.122147],[17.134975,48.122142],[17.135129,48.122196],[17.135195,48.122104],[17.136256,48.120716],[17.13613,48.120662],[17.136089,48.120467],[17.136073,48.120345],[17.135375,48.120112],[17.135341,48.120102],[17.135166,48.12004],[17.135125,48.120293],[17.135101,48.120412],[17.135085,48.12045],[17.134996,48.12073],[17.134904,48.121046],[17.134825,48.121154],[17.134851,48.121162],[17.134724,48.121335],[17.134756,48.121352],[17.134327,48.121922],[17.133629,48.122836]]]},"properties":{}},{"type":"Feature","geometry":{"type":"Polygon","coordinates":[[[17.13565,48.145421],[17.137711,48.145211],[17.137939,48.146212],[17.137889,48.146237],[17.135716,48.145714],[17.13565,48.145421]]]},"properties":{}},{"type":"Feature","geometry":{"type":"Polygon","coordinates":[[[17.147315,48.145933],[17.147333,48.145197],[17.147354,48.144656],[17.147688,48.144651],[17.148169,48.144661],[17.14818,48.144668],[17.148264,48.144671],[17.148371,48.144672],[17.148707,48.144679],[17.148707,48.14469],[17.148659,48.145958],[17.14863,48.145957],[17.14853,48.145955],[17.14823,48.145947],[17.14802,48.145944],[17.147977,48.145944],[17.147315,48.145933]]]},"properties":{}},{"type":"Feature","geometry":{"type":"Polygon","coordinates":[[[17.137869,48.145193],[17.137917,48.145399],[17.138003,48.145546],[17.138161,48.146276],[17.1406,48.146863],[17.140576,48.14673],[17.140452,48.146152],[17.140384,48.145841],[17.140412,48.145658],[17.14042,48.145606],[17.140435,48.14554],[17.139512,48.145642],[17.139475,48.145436],[17.139391,48.145058],[17.139386,48.145038],[17.137869,48.145193]]]},"properties":{}},{"type":"Feature","geometry":{"type":"Polygon","coordinates":[[[17.168353,48.150214],[17.168396,48.149914],[17.168424,48.149726],[17.168434,48.149653],[17.166869,48.149383],[17.166804,48.149394],[17.16639,48.149958],[17.166414,48.150057],[17.166504,48.150086],[17.168353,48.150214]]]},"properties":{}},{"type":"Feature","geometry":{"type":"Polygon","coordinates":[[[17.129692,48.142037],[17.129595,48.141887],[17.12861,48.140255],[17.128311,48.139541],[17.128061,48.138755],[17.127976,48.138574],[17.126151,48.13886],[17.124482,48.139111],[17.123776,48.139183],[17.123548,48.139207],[17.120307,48.139463],[17.1189,48.139519],[17.117799,48.139551],[17.117509,48.139631],[17.117499,48.14001],[17.118105,48.139982],[17.118252,48.140066],[17.119171,48.140294],[17.119405,48.140355],[17.119403,48.140401],[17.119413,48.140449],[17.119475,48.140832],[17.119468,48.140864],[17.119454,48.14089],[17.124499,48.140552],[17.124563,48.140547],[17.124754,48.140789],[17.124761,48.140844],[17.124824,48.141315],[17.124911,48.141311],[17.124922,48.141383],[17.124948,48.141533],[17.124956,48.141588],[17.124907,48.141807],[17.125022,48.142417],[17.129491,48.142085],[17.129692,48.142037]]]},"properties":{}},{"type":"Feature","geometry":{"type":"Polygon","coordinates":[[[17.102965,48.093083],[17.10393,48.092848],[17.106473,48.092753],[17.108463,48.092695],[17.108439,48.092355],[17.107785,48.092377],[17.107778,48.092337],[17.10735,48.092353],[17.106731,48.092373],[17.10488,48.092436],[17.104862,48.092355],[17.104859,48.092339],[17.104818,48.09234],[17.104405,48.09235],[17.104011,48.092293],[17.102545,48.092081],[17.102567,48.09237],[17.102599,48.092794],[17.102965,48.093083]]]},"properties":{}},{"type":"Feature","geometry":{"type":"Polygon","coordinates":[[[17.122257,48.09823],[17.122787,48.09822],[17.122805,48.09821],[17.122871,48.097912],[17.123855,48.097895],[17.124354,48.097888],[17.124369,48.098236],[17.124983,48.098217],[17.124634,48.098591],[17.125249,48.09858],[17.125267,48.09858],[17.125346,48.098579],[17.125398,48.098578],[17.126068,48.098568],[17.126083,48.098879],[17.126085,48.099043],[17.125879,48.099048],[17.125886,48.099218],[17.125124,48.099255],[17.124805,48.099268],[17.123886,48.099293],[17.123882,48.09957],[17.123169,48.099598],[17.122989,48.099694],[17.122782,48.099694],[17.122462,48.099708],[17.122236,48.099716],[17.121893,48.099729],[17.121619,48.099691],[17.121542,48.099372],[17.122762,48.09933],[17.12275,48.099228],[17.12256,48.098958],[17.122524,48.098806],[17.122466,48.098696],[17.122462,48.098689],[17.122447,48.098662],[17.122306,48.098538],[17.122271,48.098525],[17.122257,48.09823]]]},"properties":{}},{"type":"Feature","geometry":{"type":"Polygon","coordinates":[[[17.1345,48.142734],[17.13487,48.142704],[17.13484,48.142537],[17.134977,48.142527],[17.135025,48.142395],[17.134993,48.142258],[17.134926,48.142258],[17.134732,48.142266],[17.13461,48.142271],[17.134528,48.142275],[17.134435,48.142279],[17.134347,48.14228],[17.134335,48.142281],[17.134075,48.142291],[17.134028,48.142306],[17.133995,48.142331],[17.133989,48.142358],[17.133982,48.14241],[17.134021,48.142578],[17.134046,48.14259],[17.134075,48.142594],[17.134102,48.142698],[17.134058,48.142726],[17.13406,48.142769],[17.1345,48.142734]]]},"properties":{}},{"type":"Feature","geometry":{"type":"Polygon","coordinates":[[[17.128958,48.144513],[17.129226,48.14415],[17.1293,48.14405],[17.128619,48.143823],[17.128728,48.14367],[17.128768,48.143631],[17.128703,48.143607],[17.128109,48.143393],[17.127779,48.143849],[17.127615,48.144075],[17.128682,48.144422],[17.128958,48.144513]]]},"properties":{}},{"type":"Feature","geometry":{"type":"Polygon","coordinates":[[[17.140335,48.142089],[17.140878,48.14207],[17.140955,48.142091],[17.140979,48.142109],[17.141002,48.142115],[17.141015,48.14215],[17.141053,48.142278],[17.141064,48.14232],[17.141072,48.142351],[17.141172,48.142798],[17.141179,48.142829],[17.141218,48.143006],[17.141247,48.143132],[17.140457,48.143206],[17.140359,48.143218],[17.140244,48.143229],[17.140182,48.142976],[17.140102,48.142622],[17.139943,48.142602],[17.139739,48.142107],[17.140335,48.142089]]]},"properties":{}},{"type":"Feature","geometry":{"type":"Polygon","coordinates":[[[17.105311,48.134651],[17.105229,48.13464],[17.105145,48.134607],[17.105021,48.134512],[17.105037,48.134287],[17.105075,48.134167],[17.105148,48.13394],[17.105279,48.133694],[17.105403,48.13353],[17.105767,48.13312],[17.106073,48.13283],[17.106109,48.132798],[17.106212,48.132709],[17.106258,48.132669],[17.106527,48.132421],[17.106617,48.132339],[17.106657,48.132304],[17.1067,48.13227],[17.106798,48.132193],[17.106863,48.132148],[17.106936,48.132106],[17.107054,48.132045],[17.107188,48.13199],[17.107431,48.131932],[17.107452,48.131934],[17.107871,48.131898],[17.108573,48.131878],[17.108578,48.131904],[17.108579,48.131917],[17.109567,48.13188],[17.109635,48.131877],[17.110398,48.13185],[17.11049,48.131865],[17.110532,48.131873],[17.110574,48.131883],[17.110739,48.13194],[17.110881,48.131989],[17.110932,48.132],[17.110977,48.132001],[17.111041,48.131992],[17.111087,48.131978],[17.111124,48.13196],[17.111142,48.131934],[17.111212,48.131969],[17.111276,48.131974],[17.111239,48.132017],[17.111218,48.132064],[17.111213,48.13211],[17.111219,48.132151],[17.111243,48.132188],[17.111281,48.132218],[17.11128,48.132274],[17.111278,48.132298],[17.111275,48.132317],[17.111269,48.132331],[17.111257,48.132353],[17.111225,48.132415],[17.111158,48.132438],[17.111103,48.132475],[17.111049,48.132523],[17.110986,48.132661],[17.110876,48.132791],[17.109284,48.133377],[17.108763,48.133574],[17.107767,48.134003],[17.107475,48.134036],[17.107184,48.134036],[17.106912,48.133997],[17.106098,48.134564],[17.105948,48.134649],[17.105628,48.134627],[17.105479,48.134631],[17.105311,48.134651]]]},"properties":{}},{"type":"Feature","geometry":{"type":"Polygon","coordinates":[[[17.183768,48.128327],[17.183704,48.128325],[17.183686,48.128325],[17.183625,48.12943],[17.183621,48.129499],[17.18374,48.129509],[17.184175,48.129546],[17.18492,48.12958],[17.184915,48.129647],[17.18574,48.129772],[17.186525,48.12989],[17.186704,48.129643],[17.187447,48.128448],[17.185351,48.128379],[17.183808,48.128328],[17.183768,48.128327]]]},"properties":{}},{"type":"Feature","geometry":{"type":"Polygon","coordinates":[[[17.132084,48.148252],[17.132041,48.148177],[17.131962,48.148041],[17.131844,48.147837],[17.131625,48.147463],[17.1316,48.147419],[17.131565,48.14736],[17.132777,48.147051],[17.132102,48.145887],[17.13205,48.145834],[17.131985,48.14583],[17.131852,48.145846],[17.131742,48.145852],[17.131725,48.145912],[17.131617,48.146195],[17.131828,48.146231],[17.131822,48.146247],[17.131816,48.146263],[17.131599,48.146844],[17.131392,48.146808],[17.131202,48.147303],[17.131167,48.147382],[17.131141,48.14738],[17.131119,48.147439],[17.13115,48.147444],[17.130938,48.14801],[17.13074,48.148538],[17.131091,48.14862],[17.13113,48.14863],[17.131123,48.148645],[17.131552,48.148749],[17.131844,48.14882],[17.131854,48.148804],[17.132466,48.148952],[17.132551,48.148787],[17.132569,48.148754],[17.13271,48.148786],[17.132721,48.148789],[17.13345,48.148966],[17.133431,48.148995],[17.133788,48.148913],[17.133849,48.148895],[17.133366,48.148063],[17.133321,48.147988],[17.132978,48.14808],[17.132947,48.148036],[17.132464,48.148155],[17.132405,48.14817],[17.132283,48.148201],[17.132174,48.148228],[17.132084,48.148252]]]},"properties":{}},{"type":"Feature","geometry":{"type":"Polygon","coordinates":[[[17.108361,48.106732],[17.108356,48.106755],[17.108658,48.106935],[17.10867,48.107066],[17.108855,48.107053],[17.109035,48.10716],[17.109059,48.107173],[17.109066,48.107254],[17.108398,48.107266],[17.108018,48.106755],[17.108064,48.106755],[17.108361,48.106732]]]},"properties":{}},{"type":"Feature","geometry":{"type":"Polygon","coordinates":[[[17.126571,48.151635],[17.126008,48.151655],[17.125992,48.151613],[17.125985,48.15156],[17.125826,48.150931],[17.125735,48.150639],[17.125642,48.150444],[17.125298,48.149351],[17.125217,48.149116],[17.124784,48.147753],[17.124754,48.147655],[17.124791,48.147635],[17.124943,48.147583],[17.125471,48.147509],[17.125474,48.147521],[17.125529,48.14769],[17.125657,48.148106],[17.125691,48.148215],[17.125896,48.148188],[17.125927,48.148299],[17.125715,48.148328],[17.125745,48.148432],[17.12571,48.148557],[17.125864,48.149068],[17.125865,48.149072],[17.125981,48.149442],[17.125909,48.149454],[17.126399,48.15085],[17.126459,48.151012],[17.126418,48.151032],[17.126476,48.151264],[17.126509,48.151392],[17.126537,48.1515],[17.126571,48.151635]]]},"properties":{}},{"type":"Feature","geometry":{"type":"Polygon","coordinates":[[[17.099202,48.147635],[17.099353,48.147751],[17.099391,48.147781],[17.099475,48.147852],[17.099486,48.147855],[17.099509,48.147883],[17.099514,48.147886],[17.099538,48.147914],[17.099604,48.147987],[17.099697,48.14809],[17.099715,48.148115],[17.099777,48.148093],[17.099913,48.148028],[17.10004,48.147902],[17.100317,48.147791],[17.099923,48.147346],[17.099638,48.147469],[17.099202,48.147635]]]},"properties":{}},{"type":"Feature","geometry":{"type":"Polygon","coordinates":[[[17.154698,48.144513],[17.154655,48.144939],[17.154671,48.145638],[17.155188,48.145685],[17.155655,48.14568],[17.155797,48.14483],[17.155824,48.144678],[17.155825,48.144665],[17.155758,48.144662],[17.155696,48.144659],[17.15571,48.144536],[17.154848,48.144496],[17.154698,48.144513]]]},"properties":{}},{"type":"Feature","geometry":{"type":"Polygon","coordinates":[[[17.189278,48.131719],[17.188599,48.131681],[17.188708,48.131895],[17.189248,48.131925],[17.189278,48.131719]]]},"properties":{}},{"type":"Feature","geometry":{"type":"Polygon","coordinates":[[[17.193035,48.139667],[17.192925,48.139809],[17.19291,48.139821],[17.19273,48.140027],[17.192627,48.14015],[17.192598,48.140191],[17.192307,48.140339],[17.190729,48.139236],[17.190743,48.139212],[17.193035,48.139667]]]},"properties":{}},{"type":"Feature","geometry":{"type":"Polygon","coordinates":[[[17.190546,48.138188],[17.190521,48.138079],[17.190482,48.137906],[17.190359,48.137771],[17.190554,48.137781],[17.190762,48.13779],[17.192805,48.137894],[17.193044,48.137906],[17.193242,48.137932],[17.193403,48.137945],[17.193445,48.137952],[17.193493,48.137991],[17.193504,48.138026],[17.193482,48.138307],[17.193472,48.138372],[17.192166,48.13829],[17.190546,48.138188]]]},"properties":{}},{"type":"Feature","geometry":{"type":"Polygon","coordinates":[[[17.111836,48.094221],[17.114768,48.094115],[17.114787,48.094344],[17.114225,48.094363],[17.11337,48.094414],[17.112947,48.094435],[17.112606,48.094471],[17.11245,48.094516],[17.111869,48.094237],[17.111836,48.094221]]]},"properties":{}},{"type":"Feature","geometry":{"type":"Polygon","coordinates":[[[17.157614,48.145919],[17.159362,48.14606],[17.159536,48.145927],[17.159543,48.145881],[17.159606,48.14551],[17.159602,48.145508],[17.159616,48.145419],[17.15964,48.145426],[17.159646,48.14539],[17.159649,48.145359],[17.159668,48.145263],[17.159711,48.145202],[17.159824,48.144902],[17.159172,48.144845],[17.158376,48.144775],[17.157819,48.144726],[17.157798,48.144822],[17.157661,48.145626],[17.157624,48.145841],[17.157616,48.145889],[17.157614,48.145919]]]},"properties":{}},{"type":"Feature","geometry":{"type":"Polygon","coordinates":[[[17.19603,48.132471],[17.197587,48.132877],[17.197057,48.133831],[17.196807,48.134677],[17.196475,48.135883],[17.195761,48.135791],[17.195646,48.136186],[17.195564,48.1363],[17.194636,48.136069],[17.194648,48.135762],[17.194722,48.135506],[17.19484,48.135232],[17.195225,48.134625],[17.195398,48.134318],[17.195957,48.132502],[17.19603,48.132471]]]},"properties":{}},{"type":"Feature","geometry":{"type":"Polygon","coordinates":[[[17.119515,48.091799],[17.119526,48.092002],[17.119779,48.091996],[17.119768,48.091793],[17.119515,48.091799]]]},"properties":{}},{"type":"Feature","geometry":{"type":"Polygon","coordinates":[[[17.100532,48.140779],[17.100335,48.140787],[17.098869,48.140913],[17.098398,48.140953],[17.098264,48.140898],[17.098259,48.14074],[17.098167,48.140443],[17.099278,48.14031],[17.099286,48.140105],[17.099378,48.140101],[17.100139,48.140073],[17.101152,48.140094],[17.101126,48.140133],[17.101118,48.140158],[17.101185,48.140176],[17.101207,48.140491],[17.100768,48.140478],[17.100568,48.140451],[17.100532,48.140779]]]},"properties":{}},{"type":"Feature","geometry":{"type":"Polygon","coordinates":[[[17.110198,48.130757],[17.109566,48.130763],[17.108802,48.130771],[17.108466,48.131234],[17.107098,48.131262],[17.106758,48.131081],[17.106707,48.131024],[17.106692,48.131007],[17.106626,48.130941],[17.105479,48.129714],[17.105456,48.129689],[17.105415,48.129647],[17.10537,48.129429],[17.105371,48.129349],[17.10537,48.129323],[17.105422,48.129221],[17.105555,48.129027],[17.105749,48.128908],[17.105817,48.128869],[17.105992,48.129009],[17.106074,48.12907],[17.106152,48.129125],[17.106269,48.129201],[17.106406,48.129287],[17.106674,48.129457],[17.106968,48.129618],[17.107136,48.129705],[17.10732,48.129797],[17.107682,48.129971],[17.107987,48.130096],[17.10818,48.130169],[17.108376,48.130238],[17.108693,48.130338],[17.109004,48.130434],[17.10934,48.130522],[17.109646,48.130589],[17.109625,48.130635],[17.10972,48.130652],[17.109866,48.13068],[17.110114,48.13073],[17.110178,48.130739],[17.110198,48.130757]]]},"properties":{}},{"type":"Feature","geometry":{"type":"Polygon","coordinates":[[[17.047594,48.189432],[17.047524,48.189499],[17.047417,48.189607],[17.047409,48.189673],[17.047397,48.189728],[17.047382,48.189774],[17.047248,48.19018],[17.047141,48.190536],[17.046969,48.19112],[17.046865,48.191494],[17.046823,48.191646],[17.046711,48.192033],[17.046682,48.192154],[17.046662,48.192268],[17.046642,48.192388],[17.046629,48.192505],[17.046618,48.192641],[17.046615,48.192769],[17.046615,48.1929],[17.046618,48.193033],[17.046617,48.193311],[17.046636,48.193578],[17.04665,48.193765],[17.046654,48.193882],[17.046661,48.194072],[17.046654,48.194304],[17.046638,48.194405],[17.046611,48.194571],[17.046583,48.19472],[17.046552,48.194865],[17.046516,48.195017],[17.046492,48.195091],[17.046473,48.195157],[17.046355,48.195475],[17.046228,48.195792],[17.045749,48.19697],[17.045551,48.197438],[17.045308,48.198011],[17.045069,48.198539],[17.045,48.198692],[17.045162,48.198719],[17.046259,48.1989],[17.046955,48.199089],[17.046897,48.199165],[17.046692,48.199447],[17.046499,48.199784],[17.046333,48.200113],[17.046315,48.200156],[17.046301,48.200186],[17.046292,48.200238],[17.046282,48.20035],[17.046296,48.20046],[17.046319,48.200531],[17.046348,48.200628],[17.046359,48.200663],[17.046197,48.200685],[17.046307,48.201026],[17.047126,48.201665],[17.047381,48.201515],[17.047749,48.201299],[17.047754,48.20119],[17.047413,48.200924],[17.047426,48.200894],[17.047566,48.200859],[17.047647,48.200822],[17.046957,48.200701],[17.046929,48.200657],[17.046924,48.200506],[17.046975,48.200323],[17.047258,48.199995],[17.048121,48.198913],[17.049566,48.19944],[17.049619,48.199435],[17.04965,48.199396],[17.050532,48.198579],[17.050607,48.19833],[17.050999,48.198333],[17.051031,48.198355],[17.051967,48.197942],[17.052035,48.19796],[17.052199,48.197966],[17.052286,48.197967],[17.052341,48.197976],[17.052393,48.197997],[17.05255,48.198014],[17.052687,48.19801],[17.052877,48.19799],[17.053009,48.197984],[17.053154,48.198009],[17.053692,48.198213],[17.053564,48.197802],[17.053301,48.197783],[17.052801,48.19771],[17.052228,48.197345],[17.051611,48.197037],[17.052289,48.196769],[17.053511,48.196292],[17.055177,48.195644],[17.054877,48.195326],[17.054848,48.195296],[17.054922,48.195273],[17.055149,48.195192],[17.055036,48.195069],[17.055445,48.19492],[17.055606,48.194871],[17.056849,48.194486],[17.056935,48.194443],[17.05816,48.194007],[17.058896,48.193684],[17.05914,48.19362],[17.059111,48.193581],[17.059274,48.193289],[17.059926,48.193037],[17.060536,48.193032],[17.06154,48.192379],[17.062802,48.191178],[17.063269,48.1907],[17.063244,48.190629],[17.063571,48.190633],[17.063876,48.19027],[17.063129,48.189987],[17.062486,48.190698],[17.062447,48.190726],[17.062454,48.190794],[17.062446,48.190846],[17.062427,48.190902],[17.062233,48.191065],[17.062161,48.191055],[17.061819,48.190856],[17.061196,48.191237],[17.060791,48.19147],[17.059404,48.191761],[17.058685,48.192005],[17.058214,48.191997],[17.058011,48.191885],[17.057433,48.19185],[17.056768,48.191808],[17.056528,48.1919],[17.055979,48.191894],[17.055848,48.191926],[17.055749,48.192092],[17.055098,48.191998],[17.054732,48.19187],[17.054561,48.191958],[17.054419,48.191824],[17.05466,48.19171],[17.054475,48.191509],[17.054281,48.191581],[17.054015,48.191224],[17.053882,48.19127],[17.053595,48.190885],[17.053818,48.190805],[17.05375,48.190544],[17.053847,48.190519],[17.053761,48.190354],[17.053855,48.190327],[17.053836,48.190277],[17.053954,48.190236],[17.053834,48.190066],[17.052289,48.189127],[17.051606,48.18918],[17.051535,48.189017],[17.051642,48.188432],[17.051566,48.1882],[17.05228,48.187475],[17.053853,48.186633],[17.055926,48.186554],[17.057215,48.186448],[17.057934,48.186434],[17.057997,48.186334],[17.05806,48.186256],[17.05809,48.18619],[17.058086,48.186133],[17.057997,48.186049],[17.057762,48.185917],[17.059122,48.184297],[17.059477,48.18436],[17.060779,48.182603],[17.061329,48.182128],[17.061011,48.181288],[17.059551,48.18136],[17.059257,48.181136],[17.057722,48.181898],[17.056992,48.182029],[17.054518,48.183095],[17.052498,48.184273],[17.051548,48.184809],[17.051092,48.18527],[17.050424,48.1859],[17.048534,48.187614],[17.04813,48.18798],[17.048615,48.188286],[17.048687,48.18833],[17.048359,48.188543],[17.048172,48.188681],[17.048041,48.188807],[17.047934,48.188935],[17.047792,48.189188],[17.04777,48.18921],[17.047686,48.189322],[17.047594,48.189432]]]},"properties":{}},{"type":"Feature","geometry":{"type":"Polygon","coordinates":[[[17.038902,48.187212],[17.039003,48.18723],[17.039128,48.187253],[17.03923,48.187271],[17.039209,48.187322],[17.03919,48.187369],[17.039171,48.187417],[17.039152,48.187464],[17.039133,48.187512],[17.039081,48.18764],[17.039042,48.187737],[17.039023,48.187784],[17.039003,48.187833],[17.038984,48.18788],[17.038964,48.187931],[17.038862,48.187913],[17.038701,48.187902],[17.038593,48.187884],[17.038588,48.187878],[17.038617,48.187805],[17.038858,48.187204],[17.038902,48.187212]]]},"properties":{}},{"type":"Feature","geometry":{"type":"Polygon","coordinates":[[[17.050128,48.174438],[17.049965,48.173913],[17.050838,48.174072],[17.05151,48.174143],[17.05153,48.174751],[17.051087,48.174656],[17.050128,48.174438]]]},"properties":{}},{"type":"Feature","geometry":{"type":"Polygon","coordinates":[[[17.05632,48.175944],[17.056267,48.175875],[17.055926,48.17594],[17.054958,48.176143],[17.055029,48.176291],[17.054485,48.176525],[17.05383,48.177351],[17.05488,48.177473],[17.054963,48.177483],[17.055469,48.176726],[17.055787,48.176433],[17.055666,48.176263],[17.055636,48.176221],[17.055605,48.176177],[17.055861,48.176096],[17.055983,48.176057],[17.05632,48.175944]]]},"properties":{}},{"type":"Feature","geometry":{"type":"Polygon","coordinates":[[[17.015949,48.210744],[17.016481,48.210104],[17.017015,48.209447],[17.01717,48.209446],[17.017834,48.209966],[17.018597,48.210563],[17.01749,48.211241],[17.015949,48.210744]]]},"properties":{}},{"type":"Feature","geometry":{"type":"Polygon","coordinates":[[[17.091006,48.15417],[17.091478,48.153819],[17.092052,48.154093],[17.092607,48.154358],[17.092272,48.154637],[17.091851,48.154424],[17.091638,48.154343],[17.091006,48.15417]]]},"properties":{}},{"type":"Feature","geometry":{"type":"Polygon","coordinates":[[[17.081507,48.159383],[17.081832,48.159261],[17.082622,48.159133],[17.082635,48.158732],[17.083103,48.158422],[17.082764,48.158262],[17.082948,48.157981],[17.082169,48.157818],[17.081416,48.158551],[17.080974,48.158991],[17.081041,48.159128],[17.081197,48.159329],[17.08129,48.159459],[17.081507,48.159383]]]},"properties":{}},{"type":"Feature","geometry":{"type":"Polygon","coordinates":[[[17.092468,48.168253],[17.092143,48.16812],[17.092084,48.167982],[17.092038,48.167875],[17.092336,48.167336],[17.092709,48.167541],[17.092939,48.167689],[17.092468,48.168253]]]},"properties":{}},{"type":"Feature","geometry":{"type":"Polygon","coordinates":[[[17.032513,48.198952],[17.032846,48.198073],[17.032854,48.19805],[17.032915,48.198035],[17.032979,48.198036],[17.033603,48.198137],[17.033936,48.198159],[17.034804,48.198301],[17.035652,48.198441],[17.036317,48.198545],[17.03625,48.198619],[17.035742,48.199078],[17.035711,48.199097],[17.035553,48.199197],[17.035266,48.19938],[17.033645,48.19914],[17.032686,48.198979],[17.032513,48.198952]]]},"properties":{}},{"type":"Feature","geometry":{"type":"Polygon","coordinates":[[[17.081504,48.156644],[17.081573,48.156635],[17.081834,48.156518],[17.08186,48.156322],[17.081535,48.156183],[17.081899,48.155836],[17.080807,48.15573],[17.080618,48.156445],[17.081074,48.156549],[17.081504,48.156644]]]},"properties":{}},{"type":"Feature","geometry":{"type":"Polygon","coordinates":[[[17.010398,48.158309],[17.011098,48.15822],[17.011251,48.158407],[17.012867,48.158157],[17.013173,48.157983],[17.013281,48.157747],[17.01393,48.157542],[17.01468,48.157286],[17.015746,48.156847],[17.015515,48.156606],[17.014698,48.156809],[17.011415,48.157443],[17.010356,48.15765],[17.009515,48.157854],[17.008818,48.158053],[17.008016,48.15844],[17.008557,48.158397],[17.008934,48.158387],[17.008912,48.158172],[17.010411,48.158122],[17.010398,48.158309]]]},"properties":{}},{"type":"Feature","geometry":{"type":"Polygon","coordinates":[[[17.034902,48.19824],[17.035673,48.198379],[17.036164,48.198474],[17.036453,48.198174],[17.036811,48.197857],[17.037023,48.197659],[17.03646,48.197522],[17.036113,48.197469],[17.03565,48.197409],[17.035355,48.197399],[17.035358,48.19744],[17.035168,48.197494],[17.034902,48.19824]]]},"properties":{}},{"type":"Feature","geometry":{"type":"Polygon","coordinates":[[[17.055847,48.178945],[17.055545,48.178925],[17.05529,48.178907],[17.054998,48.178848],[17.055234,48.178584],[17.056012,48.17787],[17.056479,48.177967],[17.05654,48.17798],[17.056492,48.178033],[17.056736,48.178102],[17.05636,48.178435],[17.055847,48.178945]]]},"properties":{}},{"type":"Feature","geometry":{"type":"Polygon","coordinates":[[[17.039242,48.194769],[17.03916,48.194688],[17.039348,48.194214],[17.039842,48.194301],[17.039893,48.194312],[17.040141,48.194356],[17.039904,48.19495],[17.039667,48.194908],[17.039352,48.194854],[17.039242,48.194769]]]},"properties":{}},{"type":"Feature","geometry":{"type":"Polygon","coordinates":[[[17.018085,48.208585],[17.019073,48.207879],[17.019654,48.20745],[17.019994,48.207446],[17.020293,48.207635],[17.020852,48.208078],[17.02164,48.208703],[17.021531,48.208767],[17.021173,48.208977],[17.021141,48.208996],[17.020483,48.20941],[17.018815,48.210427],[17.018597,48.210563],[17.017834,48.209966],[17.01717,48.209446],[17.017326,48.209314],[17.017315,48.20912],[17.018085,48.208585]]]},"properties":{}},{"type":"Feature","geometry":{"type":"Polygon","coordinates":[[[17.025406,48.196922],[17.025451,48.196991],[17.025602,48.197032],[17.02573,48.19704],[17.025751,48.197041],[17.026001,48.197058],[17.026222,48.197074],[17.026622,48.197103],[17.026725,48.197111],[17.027232,48.197148],[17.027754,48.197182],[17.027879,48.197191],[17.028033,48.1972],[17.028089,48.197167],[17.02814,48.197016],[17.02824,48.196732],[17.028202,48.196725],[17.028114,48.196708],[17.028008,48.196688],[17.027763,48.19664],[17.027339,48.196559],[17.02696,48.196523],[17.02632,48.196502],[17.025891,48.196499],[17.025613,48.196497],[17.025528,48.196504],[17.025466,48.196509],[17.025365,48.196555],[17.025337,48.19663],[17.025406,48.196922]]]},"properties":{}},{"type":"Feature","geometry":{"type":"Polygon","coordinates":[[[17.02573,48.19704],[17.025751,48.197041],[17.026001,48.197058],[17.026222,48.197074],[17.026622,48.197103],[17.026725,48.197111],[17.027232,48.197148],[17.027754,48.197182],[17.027879,48.197191],[17.028033,48.1972],[17.028198,48.197301],[17.028187,48.197746],[17.025694,48.19766],[17.02573,48.19704]]]},"properties":{}},{"type":"Feature","geometry":{"type":"Polygon","coordinates":[[[17.028198,48.197301],[17.028033,48.1972],[17.028089,48.197167],[17.02814,48.197016],[17.02824,48.196732],[17.028324,48.19674],[17.028756,48.196779],[17.02918,48.196817],[17.029275,48.196819],[17.029277,48.196914],[17.029302,48.197201],[17.029302,48.197249],[17.029295,48.19754],[17.029276,48.197637],[17.028554,48.197607],[17.028596,48.197765],[17.028187,48.197746],[17.028198,48.197301]]]},"properties":{}},{"type":"Feature","geometry":{"type":"Polygon","coordinates":[[[17.029337,48.197277],[17.029488,48.197284],[17.029628,48.19749],[17.030513,48.197635],[17.030795,48.197006],[17.030181,48.196819],[17.029916,48.196763],[17.029438,48.1967],[17.02937,48.196688],[17.029309,48.196851],[17.029337,48.197277]]]},"properties":{}},{"type":"Feature","geometry":{"type":"Polygon","coordinates":[[[17.037015,48.196739],[17.037174,48.196373],[17.036905,48.196247],[17.036601,48.196025],[17.036439,48.195946],[17.036244,48.195861],[17.035913,48.195737],[17.035797,48.195739],[17.035715,48.195778],[17.035508,48.196328],[17.036495,48.1965],[17.03678,48.196702],[17.037015,48.196739]]]},"properties":{}},{"type":"Feature","geometry":{"type":"Polygon","coordinates":[[[17.029886,48.208673],[17.028661,48.208208],[17.026856,48.207606],[17.02673,48.207605],[17.026606,48.207665],[17.026019,48.208364],[17.026822,48.209035],[17.029003,48.209803],[17.029886,48.208673]]]},"properties":{}},{"type":"Feature","geometry":{"type":"Polygon","coordinates":[[[17.02924,48.206702],[17.029279,48.206728],[17.029308,48.206769],[17.02932,48.20681],[17.02942,48.206907],[17.029529,48.206927],[17.029605,48.206932],[17.029695,48.206923],[17.02975,48.206906],[17.030904,48.207254],[17.029938,48.208455],[17.02981,48.208545],[17.028071,48.207971],[17.028084,48.207835],[17.02701,48.207454],[17.026875,48.207337],[17.027333,48.20679],[17.027789,48.206201],[17.02924,48.206702]]]},"properties":{}},{"type":"Feature","geometry":{"type":"Polygon","coordinates":[[[17.07957,48.169902],[17.079973,48.170064],[17.079992,48.170139],[17.080075,48.17018],[17.080278,48.170278],[17.080302,48.170272],[17.08065,48.169889],[17.08078,48.169802],[17.081101,48.169493],[17.081165,48.169423],[17.081164,48.169361],[17.08149,48.169014],[17.08144,48.168946],[17.081398,48.168877],[17.081373,48.168832],[17.081389,48.168785],[17.081597,48.168555],[17.081474,48.168463],[17.081215,48.168283],[17.08109,48.168236],[17.080895,48.168521],[17.080659,48.16879],[17.080571,48.168754],[17.080239,48.169112],[17.080291,48.169131],[17.07957,48.169902]]]},"properties":{}},{"type":"Feature","geometry":{"type":"Polygon","coordinates":[[[17.076991,48.160578],[17.076976,48.161635],[17.077378,48.16167],[17.077569,48.161596],[17.077648,48.161423],[17.077707,48.161205],[17.077837,48.160851],[17.077915,48.160511],[17.07734,48.160586],[17.076991,48.160578]]]},"properties":{}},{"type":"Feature","geometry":{"type":"Polygon","coordinates":[[[17.06409,48.150163],[17.063732,48.150067],[17.063659,48.150171],[17.063659,48.150237],[17.063648,48.150306],[17.063655,48.150315],[17.063714,48.150345],[17.063503,48.150527],[17.063389,48.150487],[17.063336,48.150564],[17.063305,48.150554],[17.063252,48.150622],[17.063165,48.150641],[17.062758,48.150521],[17.063015,48.15015],[17.063191,48.149891],[17.06363,48.149209],[17.063862,48.149279],[17.063934,48.149315],[17.064011,48.149335],[17.064128,48.149349],[17.064241,48.14935],[17.064585,48.149408],[17.06409,48.150163]]]},"properties":{}},{"type":"Feature","geometry":{"type":"Polygon","coordinates":[[[16.997892,48.169212],[16.997631,48.169019],[16.997411,48.168964],[16.997564,48.168815],[16.998355,48.167461],[16.998577,48.166978],[16.997763,48.166681],[16.997853,48.166534],[16.997547,48.166363],[16.997395,48.166055],[16.997609,48.165842],[16.997899,48.165874],[16.998296,48.165989],[16.998687,48.165967],[16.999454,48.165577],[16.999809,48.165298],[17.000192,48.165132],[17.000474,48.165028],[17.000723,48.164942],[17.000997,48.164717],[17.001227,48.164425],[17.001431,48.164035],[17.00174,48.164189],[17.002255,48.164268],[17.002577,48.164404],[17.002855,48.164683],[17.002941,48.165084],[17.003135,48.165355],[17.003295,48.166128],[17.003521,48.166958],[17.003692,48.167381],[17.003885,48.167953],[17.003875,48.168533],[17.003673,48.16852],[17.003622,48.168326],[17.003539,48.167953],[17.0034,48.167412],[17.003243,48.167014],[17.003069,48.166644],[17.002975,48.166601],[17.002847,48.166581],[17.002337,48.167003],[17.002167,48.167246],[17.001967,48.167214],[17.001552,48.167379],[17.001115,48.16767],[17.001034,48.167829],[17.000864,48.167916],[17.000631,48.168118],[17.000239,48.168364],[17.000032,48.168493],[16.999701,48.168669],[16.999271,48.169028],[16.999101,48.169063],[16.99845,48.169105],[16.998194,48.169107],[16.998015,48.169115],[16.997892,48.169212]]]},"properties":{}},{"type":"Feature","geometry":{"type":"Polygon","coordinates":[[[17.069913,48.159085],[17.069935,48.159076],[17.070035,48.159067],[17.071298,48.159185],[17.071239,48.159485],[17.071513,48.159696],[17.071543,48.159735],[17.072154,48.159721],[17.072363,48.159706],[17.072469,48.159655],[17.072562,48.159589],[17.072733,48.159332],[17.072855,48.159279],[17.072934,48.159206],[17.073068,48.15901],[17.07313,48.158907],[17.073227,48.158819],[17.073372,48.158741],[17.073707,48.158631],[17.073836,48.158561],[17.073898,48.158494],[17.073932,48.158426],[17.073957,48.158304],[17.074136,48.158241],[17.074397,48.158142],[17.074434,48.158014],[17.074547,48.157647],[17.074646,48.157343],[17.074707,48.157151],[17.074923,48.156472],[17.07508,48.155966],[17.075333,48.155202],[17.075442,48.154873],[17.075503,48.154762],[17.075444,48.154696],[17.075299,48.154603],[17.074967,48.15457],[17.074866,48.154542],[17.074629,48.15493],[17.074507,48.155047],[17.074252,48.155172],[17.07382,48.155385],[17.073462,48.155576],[17.073151,48.155356],[17.072174,48.15597],[17.071327,48.156544],[17.070117,48.157177],[17.070255,48.157291],[17.070627,48.157623],[17.070649,48.157637],[17.07048,48.157719],[17.071192,48.158333],[17.069845,48.159023],[17.069881,48.15905],[17.069913,48.159085]]]},"properties":{}},{"type":"Feature","geometry":{"type":"Polygon","coordinates":[[[17.010089,48.21583],[17.011046,48.215724],[17.011389,48.215712],[17.011491,48.215739],[17.014515,48.215374],[17.014276,48.215165],[17.01425,48.214903],[17.014534,48.214521],[17.014792,48.214262],[17.014801,48.214218],[17.014791,48.214191],[17.014767,48.214168],[17.014744,48.214155],[17.01459,48.214107],[17.014442,48.214056],[17.013463,48.213727],[17.01337,48.213672],[17.012959,48.213533],[17.012882,48.213534],[17.012294,48.213338],[17.01219,48.213331],[17.012108,48.213366],[17.012091,48.213387],[17.012072,48.21341],[17.010089,48.21583]]]},"properties":{}},{"type":"Feature","geometry":{"type":"Polygon","coordinates":[[[17.076432,48.169296],[17.076519,48.169255],[17.076869,48.169085],[17.076903,48.169069],[17.077019,48.169014],[17.077259,48.168902],[17.077293,48.168884],[17.077339,48.168892],[17.077133,48.169439],[17.077063,48.169624],[17.077036,48.169697],[17.076342,48.16953],[17.076432,48.169296]]]},"properties":{}},{"type":"Feature","geometry":{"type":"Polygon","coordinates":[[[17.072019,48.160022],[17.07281,48.159913],[17.072777,48.159765],[17.071964,48.159787],[17.071557,48.159796],[17.071425,48.159799],[17.071353,48.159801],[17.071133,48.159822],[17.071203,48.159665],[17.071239,48.159485],[17.071298,48.159185],[17.070035,48.159067],[17.069935,48.159076],[17.069913,48.159085],[17.069855,48.159107],[17.069623,48.159233],[17.069401,48.159353],[17.069794,48.159891],[17.069848,48.159982],[17.069887,48.160062],[17.069923,48.160193],[17.069896,48.160435],[17.069855,48.16054],[17.069963,48.16055],[17.070175,48.160412],[17.070251,48.160367],[17.07027,48.16038],[17.070552,48.160203],[17.071413,48.160106],[17.072019,48.160022]]]},"properties":{}},{"type":"Feature","geometry":{"type":"Polygon","coordinates":[[[17.027429,48.200769],[17.026872,48.201284],[17.02592,48.201923],[17.025414,48.202051],[17.025431,48.20207],[17.025813,48.202504],[17.025976,48.202688],[17.025991,48.202706],[17.026016,48.202735],[17.02633,48.202697],[17.026631,48.202651],[17.026876,48.202607],[17.027179,48.202543],[17.027503,48.202436],[17.027748,48.202345],[17.027905,48.202313],[17.028029,48.2023],[17.028004,48.202218],[17.028084,48.20203],[17.028157,48.201842],[17.028146,48.201463],[17.028173,48.201315],[17.02827,48.201082],[17.028141,48.201046],[17.027969,48.200887],[17.027903,48.2009],[17.027722,48.200862],[17.027599,48.200839],[17.027541,48.200815],[17.027429,48.200769]]]},"properties":{}},{"type":"Feature","geometry":{"type":"Polygon","coordinates":[[[17.028644,48.205026],[17.028793,48.204885],[17.028927,48.204813],[17.029071,48.204793],[17.029455,48.204554],[17.029698,48.204438],[17.029851,48.204426],[17.030135,48.204277],[17.03015,48.204298],[17.030341,48.204431],[17.030479,48.204529],[17.030836,48.204616],[17.030939,48.204645],[17.030996,48.204691],[17.030996,48.20472],[17.030997,48.204774],[17.030366,48.205635],[17.028644,48.205026]]]},"properties":{}},{"type":"Feature","geometry":{"type":"Polygon","coordinates":[[[17.033327,48.207363],[17.033214,48.207497],[17.033163,48.20757],[17.033139,48.2076],[17.032938,48.207799],[17.031399,48.207245],[17.031207,48.207316],[17.03114,48.20733],[17.030904,48.207254],[17.02975,48.206906],[17.029871,48.206738],[17.029861,48.206724],[17.02985,48.206697],[17.02984,48.206673],[17.029827,48.206648],[17.029822,48.20663],[17.029822,48.206609],[17.029824,48.206598],[17.029832,48.206579],[17.029843,48.206562],[17.029867,48.206525],[17.030052,48.206285],[17.03075,48.205406],[17.0308,48.205343],[17.031197,48.204841],[17.031234,48.20481],[17.031303,48.204781],[17.031354,48.204773],[17.031424,48.20476],[17.031561,48.204601],[17.031528,48.204557],[17.031536,48.204519],[17.031574,48.204464],[17.032079,48.204098],[17.032684,48.203973],[17.032808,48.203952],[17.032852,48.203948],[17.032884,48.203949],[17.032918,48.203954],[17.032957,48.203961],[17.032988,48.203971],[17.03302,48.203984],[17.033048,48.203999],[17.033078,48.204018],[17.033101,48.204036],[17.033116,48.204056],[17.033272,48.203996],[17.033407,48.203986],[17.033472,48.203983],[17.03361,48.203973],[17.034208,48.203981],[17.034451,48.204006],[17.034687,48.204056],[17.034904,48.204124],[17.035293,48.204315],[17.0357,48.204545],[17.035758,48.204573],[17.035842,48.204586],[17.035932,48.204578],[17.036022,48.204536],[17.036071,48.204489],[17.036214,48.204571],[17.036335,48.204698],[17.036614,48.20505],[17.036643,48.205277],[17.0366,48.205447],[17.036477,48.205624],[17.036283,48.205781],[17.036142,48.205879],[17.036175,48.205824],[17.036189,48.205754],[17.036187,48.205706],[17.03612,48.205658],[17.035401,48.206147],[17.035223,48.206147],[17.035118,48.206192],[17.034959,48.206309],[17.034594,48.206528],[17.034461,48.206597],[17.034401,48.206652],[17.034366,48.206691],[17.034349,48.206738],[17.034349,48.206778],[17.034382,48.206807],[17.034146,48.206926],[17.034026,48.206494],[17.034005,48.206498],[17.033327,48.207363]]]},"properties":{}},{"type":"Feature","geometry":{"type":"Polygon","coordinates":[[[17.036777,48.204212],[17.036714,48.204251],[17.036658,48.20431],[17.036645,48.204356],[17.036639,48.204413],[17.036666,48.204481],[17.036756,48.204611],[17.037046,48.204928],[17.037117,48.20497],[17.03738,48.205174],[17.037845,48.204996],[17.037959,48.205004],[17.038341,48.204668],[17.03846,48.204317],[17.038102,48.204286],[17.037052,48.204187],[17.036929,48.204185],[17.036777,48.204212]]]},"properties":{}},{"type":"Feature","geometry":{"type":"Polygon","coordinates":[[[17.030135,48.204277],[17.030273,48.204211],[17.030697,48.203992],[17.030779,48.203972],[17.030879,48.20396],[17.031798,48.203877],[17.031896,48.203909],[17.031937,48.20389],[17.031968,48.203941],[17.031971,48.203988],[17.031935,48.204045],[17.031574,48.204299],[17.031357,48.204407],[17.031255,48.2044],[17.031126,48.204425],[17.031029,48.204471],[17.03097,48.20448],[17.030665,48.204469],[17.030479,48.204529],[17.030341,48.204431],[17.03015,48.204298],[17.030135,48.204277]]]},"properties":{}},{"type":"Feature","geometry":{"type":"Polygon","coordinates":[[[17.025413,48.206551],[17.02708,48.205621],[17.026993,48.205565],[17.026489,48.205158],[17.0264,48.205074],[17.026345,48.205102],[17.026307,48.205134],[17.026264,48.205201],[17.02629,48.205295],[17.026264,48.205303],[17.026073,48.205351],[17.025991,48.205277],[17.025939,48.20526],[17.025767,48.205218],[17.025365,48.205288],[17.02518,48.205317],[17.024601,48.205478],[17.024538,48.205503],[17.024496,48.205542],[17.024491,48.205588],[17.024504,48.20562],[17.024851,48.206008],[17.025413,48.206551]]]},"properties":{}},{"type":"Feature","geometry":{"type":"Polygon","coordinates":[[[17.025469,48.204081],[17.025896,48.203958],[17.026207,48.203899],[17.026446,48.203879],[17.026612,48.203888],[17.026733,48.203931],[17.026804,48.20397],[17.026868,48.204039],[17.026895,48.204107],[17.026923,48.204236],[17.026994,48.204358],[17.027041,48.204412],[17.027067,48.204479],[17.027058,48.204551],[17.026967,48.204669],[17.026852,48.20475],[17.026699,48.204832],[17.026542,48.204881],[17.026377,48.20492],[17.026365,48.204898],[17.026277,48.204909],[17.026191,48.204896],[17.026071,48.204851],[17.025927,48.20471],[17.025868,48.204589],[17.025676,48.204493],[17.025469,48.204081]]]},"properties":{}},{"type":"Feature","geometry":{"type":"Polygon","coordinates":[[[17.023885,48.204995],[17.023859,48.205191],[17.023906,48.205291],[17.023931,48.205376],[17.024216,48.205275],[17.024273,48.205283],[17.024331,48.205294],[17.024386,48.205316],[17.02445,48.205326],[17.024486,48.205325],[17.024551,48.205313],[17.024559,48.205332],[17.025083,48.205236],[17.025679,48.205074],[17.025751,48.205033],[17.025821,48.204922],[17.025815,48.204856],[17.025704,48.204637],[17.025676,48.204493],[17.025534,48.20453],[17.024846,48.204716],[17.024376,48.204843],[17.02401,48.204967],[17.023885,48.204995]]]},"properties":{}},{"type":"Feature","geometry":{"type":"Polygon","coordinates":[[[17.023885,48.204995],[17.02401,48.204967],[17.024376,48.204843],[17.024846,48.204716],[17.025534,48.20453],[17.025676,48.204493],[17.025469,48.204081],[17.024957,48.204233],[17.024365,48.20441],[17.024251,48.204417],[17.023868,48.204515],[17.023279,48.204605],[17.023256,48.204681],[17.023337,48.204871],[17.023475,48.2049],[17.023724,48.204957],[17.023885,48.204995]]]},"properties":{}},{"type":"Feature","geometry":{"type":"Polygon","coordinates":[[[17.022113,48.208401],[17.023289,48.207734],[17.022417,48.206986],[17.022152,48.206565],[17.021947,48.206633],[17.021897,48.206609],[17.021764,48.206587],[17.021709,48.206586],[17.021599,48.206621],[17.021583,48.206604],[17.020712,48.206938],[17.022113,48.208401]]]},"properties":{}},{"type":"Feature","geometry":{"type":"Polygon","coordinates":[[[17.022193,48.204903],[17.022484,48.20529],[17.022598,48.205482],[17.022739,48.205849],[17.022687,48.205883],[17.022554,48.20597],[17.022516,48.206027],[17.022465,48.206061],[17.022367,48.2061],[17.022222,48.206175],[17.022106,48.206219],[17.022029,48.20622],[17.021963,48.206206],[17.0219,48.206203],[17.021833,48.206209],[17.021773,48.206207],[17.0216,48.206369],[17.021576,48.206426],[17.021544,48.206444],[17.021104,48.206657],[17.020987,48.206709],[17.020643,48.206846],[17.020095,48.207037],[17.020075,48.207009],[17.019987,48.207039],[17.019937,48.207043],[17.019862,48.20703],[17.019833,48.207024],[17.019747,48.207022],[17.019699,48.207006],[17.019197,48.206662],[17.018891,48.206373],[17.018352,48.205938],[17.018261,48.205813],[17.018246,48.205721],[17.018272,48.205663],[17.018399,48.205505],[17.018898,48.205245],[17.019373,48.205091],[17.019882,48.204993],[17.022098,48.204736],[17.022193,48.204903]]]},"properties":{}},{"type":"Feature","geometry":{"type":"Polygon","coordinates":[[[17.017172,48.2065],[17.015909,48.208215],[17.01644,48.208508],[17.016771,48.208092],[17.017031,48.208177],[17.01738,48.20772],[17.017482,48.207754],[17.01788,48.207228],[17.018182,48.206928],[17.018258,48.206957],[17.018302,48.206895],[17.018327,48.2069],[17.018367,48.206893],[17.018383,48.206885],[17.018714,48.206569],[17.017972,48.205982],[17.01786,48.205939],[17.017699,48.205966],[17.017508,48.206079],[17.017376,48.206216],[17.017172,48.2065]]]},"properties":{}},{"type":"Feature","geometry":{"type":"Polygon","coordinates":[[[17.013674,48.211276],[17.013815,48.21126],[17.014003,48.211274],[17.014382,48.211401],[17.014746,48.211565],[17.014822,48.211607],[17.014862,48.211693],[17.015116,48.211813],[17.014982,48.211934],[17.014946,48.211983],[17.014955,48.212035],[17.015001,48.212079],[17.015779,48.21235],[17.015886,48.212487],[17.015899,48.212586],[17.015857,48.212672],[17.015865,48.213179],[17.015795,48.213334],[17.015804,48.213872],[17.015753,48.213947],[17.015622,48.213951],[17.012302,48.212993],[17.013316,48.211677],[17.013637,48.211296],[17.013674,48.211276]]]},"properties":{}},{"type":"Feature","geometry":{"type":"Polygon","coordinates":[[[17.067115,48.150177],[17.06744,48.149918],[17.066977,48.149626],[17.066604,48.149883],[17.067029,48.150125],[17.06705,48.150138],[17.067115,48.150177]]]},"properties":{}},{"type":"Feature","geometry":{"type":"Polygon","coordinates":[[[17.070117,48.157177],[17.068618,48.157961],[17.068449,48.158132],[17.068397,48.158335],[17.068438,48.15851],[17.068551,48.158632],[17.068733,48.15875],[17.069098,48.158995],[17.069401,48.159353],[17.069623,48.159233],[17.069855,48.159107],[17.069913,48.159085],[17.069881,48.15905],[17.069845,48.159023],[17.071192,48.158333],[17.07048,48.157719],[17.070649,48.157637],[17.070627,48.157623],[17.070255,48.157291],[17.070117,48.157177]]]},"properties":{}},{"type":"Feature","geometry":{"type":"Polygon","coordinates":[[[17.01683,48.183612],[17.016795,48.183271],[17.016991,48.183197],[17.016897,48.183058],[17.016631,48.183097],[17.016521,48.182959],[17.016624,48.18286],[17.016695,48.182783],[17.01688,48.182677],[17.01713,48.182572],[17.017333,48.182504],[17.017619,48.182353],[17.018786,48.182124],[17.019053,48.182117],[17.01917,48.182689],[17.018836,48.18281],[17.018482,48.182876],[17.017833,48.183155],[17.01683,48.183612]]]},"properties":{}},{"type":"Feature","geometry":{"type":"Polygon","coordinates":[[[17.099433,48.201868],[17.099585,48.202236],[17.099437,48.202593],[17.099272,48.202739],[17.099126,48.202868],[17.099066,48.202921],[17.098801,48.202767],[17.098775,48.202649],[17.098538,48.202575],[17.098652,48.202455],[17.098978,48.202332],[17.099028,48.201996],[17.099433,48.201868]]]},"properties":{}},{"type":"Feature","geometry":{"type":"Polygon","coordinates":[[[17.05383,48.177351],[17.053795,48.177414],[17.053752,48.17748],[17.053621,48.17746],[17.052716,48.177325],[17.051933,48.177206],[17.05198,48.177068],[17.052003,48.176915],[17.052046,48.176769],[17.052255,48.176704],[17.052266,48.176745],[17.052352,48.176741],[17.052383,48.17674],[17.052693,48.176689],[17.052728,48.176721],[17.052941,48.176635],[17.053912,48.176455],[17.054095,48.176455],[17.054485,48.176525],[17.05383,48.177351]]]},"properties":{}},{"type":"Feature","geometry":{"type":"Polygon","coordinates":[[[17.162617,48.182845],[17.163178,48.18305],[17.165124,48.183669],[17.165285,48.183726],[17.167017,48.184339],[17.171051,48.185765],[17.171568,48.185949],[17.171822,48.186081],[17.171991,48.186102],[17.172384,48.186263],[17.172663,48.186472],[17.173201,48.186677],[17.173912,48.186915],[17.174078,48.187014],[17.174147,48.186934],[17.174934,48.187219],[17.175252,48.187334],[17.175323,48.187362],[17.17574,48.187543],[17.175966,48.187654],[17.176306,48.187818],[17.176152,48.187914],[17.176483,48.188047],[17.177186,48.188359],[17.17858,48.1889],[17.179508,48.189172],[17.180191,48.189336],[17.181007,48.189412],[17.18283,48.189634],[17.183462,48.189793],[17.183589,48.189854],[17.183619,48.189871],[17.184046,48.190109],[17.184566,48.190174],[17.184827,48.189915],[17.184888,48.189869],[17.185052,48.18988],[17.188416,48.190009],[17.18909,48.190062],[17.189323,48.190006],[17.189536,48.189912],[17.190534,48.189958],[17.190576,48.189986],[17.191665,48.190025],[17.192179,48.190046],[17.193041,48.190081],[17.194068,48.190095],[17.195252,48.190569],[17.196394,48.191048],[17.196431,48.191779],[17.197255,48.191917],[17.197101,48.192232],[17.196804,48.192199],[17.196641,48.19333],[17.19485,48.193043],[17.194813,48.193234],[17.194618,48.193236],[17.193884,48.19279],[17.193659,48.192648],[17.193678,48.192306],[17.190604,48.192228],[17.190515,48.191842],[17.189681,48.191806],[17.189422,48.191204],[17.189325,48.190911],[17.189081,48.190379],[17.188893,48.19176],[17.188768,48.19255],[17.186445,48.192402],[17.184379,48.192283],[17.184415,48.192006],[17.184226,48.191986],[17.184185,48.191982],[17.181136,48.191657],[17.177899,48.191287],[17.177961,48.191116],[17.176504,48.190994],[17.176418,48.191384],[17.175601,48.191293],[17.175727,48.190844],[17.171173,48.19038],[17.170764,48.190196],[17.17044,48.190489],[17.167287,48.190155],[17.167199,48.190001],[17.166486,48.18997],[17.165981,48.189988],[17.165753,48.189959],[17.165774,48.189865],[17.165143,48.189786],[17.164896,48.189668],[17.165391,48.189204],[17.165099,48.189091],[17.165664,48.1886],[17.164589,48.188049],[17.163259,48.187398],[17.163467,48.187162],[17.163311,48.186947],[17.160967,48.187773],[17.160865,48.187925],[17.160257,48.188456],[17.159687,48.188747],[17.159714,48.188806],[17.158719,48.189029],[17.158838,48.188599],[17.159417,48.18764],[17.159287,48.187227],[17.159056,48.187085],[17.159703,48.186426],[17.159879,48.186583],[17.161002,48.18504],[17.162617,48.182845]]]},"properties":{}},{"type":"Feature","geometry":{"type":"Polygon","coordinates":[[[17.127981,48.187331],[17.129653,48.186811],[17.130294,48.187514],[17.130323,48.187504],[17.130396,48.187475],[17.131328,48.187089],[17.132193,48.186767],[17.130721,48.186279],[17.129937,48.186026],[17.129197,48.185702],[17.12895,48.185583],[17.128848,48.185593],[17.128758,48.185819],[17.128611,48.186068],[17.128503,48.18623],[17.128324,48.186488],[17.128176,48.186746],[17.128036,48.187139],[17.127981,48.187331]]]},"properties":{}},{"type":"Feature","geometry":{"type":"Polygon","coordinates":[[[17.130312,48.176944],[17.130821,48.178185],[17.130767,48.178213],[17.130777,48.178232],[17.13072,48.178259],[17.130643,48.178277],[17.130623,48.178238],[17.130446,48.178275],[17.129873,48.178406],[17.129649,48.178425],[17.129539,48.178143],[17.129316,48.177395],[17.129012,48.177436],[17.12898,48.177453],[17.128942,48.177474],[17.12867,48.177513],[17.128554,48.177592],[17.128286,48.177628],[17.128268,48.177566],[17.12852,48.177511],[17.128491,48.177422],[17.128229,48.177433],[17.12823,48.177362],[17.12937,48.177103],[17.130312,48.176944]]]},"properties":{}},{"type":"Feature","geometry":{"type":"Polygon","coordinates":[[[17.169416,48.180373],[17.167388,48.177964],[17.167006,48.177626],[17.166453,48.177052],[17.165883,48.177509],[17.16495,48.17702],[17.164768,48.178282],[17.165405,48.178484],[17.165413,48.178472],[17.166459,48.179123],[17.166566,48.179167],[17.16728,48.179472],[17.169416,48.180373]]]},"properties":{}},{"type":"Feature","geometry":{"type":"Polygon","coordinates":[[[17.128052,48.176413],[17.128321,48.176391],[17.129974,48.176091],[17.129723,48.175364],[17.129493,48.174696],[17.129381,48.174723],[17.129275,48.174747],[17.129247,48.174728],[17.128138,48.174972],[17.127883,48.175027],[17.127786,48.175049],[17.127964,48.175905],[17.128052,48.176413]]]},"properties":{}},{"type":"Feature","geometry":{"type":"Polygon","coordinates":[[[17.193386,48.212118],[17.193686,48.21232],[17.193146,48.212683],[17.192786,48.21248],[17.193042,48.212303],[17.193386,48.212118]]]},"properties":{}},{"type":"Feature","geometry":{"type":"Polygon","coordinates":[[[17.125034,48.171792],[17.125203,48.171798],[17.125576,48.171764],[17.126,48.171731],[17.12614,48.172479],[17.125189,48.172566],[17.125167,48.172457],[17.125039,48.171817],[17.125034,48.171792]]]},"properties":{}},{"type":"Feature","geometry":{"type":"Polygon","coordinates":[[[17.106453,48.172657],[17.106645,48.172785],[17.107153,48.173106],[17.107571,48.17349],[17.108125,48.173314],[17.108344,48.173584],[17.108378,48.173616],[17.108711,48.173509],[17.108918,48.173448],[17.10884,48.173295],[17.108604,48.17334],[17.108422,48.173031],[17.108218,48.172804],[17.108039,48.172634],[17.107849,48.172482],[17.107469,48.17222],[17.107324,48.172152],[17.107201,48.172038],[17.106969,48.171762],[17.106733,48.17189],[17.106714,48.171914],[17.106711,48.171934],[17.106722,48.171955],[17.10669,48.171968],[17.106647,48.171987],[17.106632,48.171974],[17.106609,48.171968],[17.106563,48.171975],[17.10651,48.172003],[17.106474,48.172039],[17.106461,48.172071],[17.106462,48.172157],[17.106494,48.172324],[17.106483,48.172403],[17.106453,48.172657]]]},"properties":{}},{"type":"Feature","geometry":{"type":"Polygon","coordinates":[[[17.157644,48.167296],[17.157741,48.167394],[17.157766,48.167421],[17.157784,48.167437],[17.157794,48.167439],[17.157855,48.1675],[17.158208,48.167617],[17.158215,48.167607],[17.158347,48.167432],[17.158634,48.167291],[17.159023,48.167413],[17.159053,48.167364],[17.159158,48.167188],[17.159295,48.166958],[17.159317,48.166917],[17.159177,48.166784],[17.15903,48.166642],[17.158966,48.166672],[17.158884,48.166711],[17.157644,48.167296]]]},"properties":{}},{"type":"Feature","geometry":{"type":"Polygon","coordinates":[[[17.18123,48.160328],[17.181225,48.160351],[17.181165,48.160346],[17.181129,48.160338],[17.181104,48.160303],[17.181059,48.16025],[17.18101,48.160226],[17.180929,48.160214],[17.180867,48.160229],[17.180825,48.160244],[17.18079,48.160285],[17.180676,48.160525],[17.180105,48.160703],[17.180054,48.160728],[17.179433,48.161025],[17.179316,48.161032],[17.179198,48.161086],[17.178623,48.161349],[17.178037,48.162031],[17.178006,48.162073],[17.178001,48.162113],[17.178019,48.162145],[17.178072,48.162175],[17.179094,48.162486],[17.17916,48.162506],[17.179205,48.162506],[17.179292,48.16248],[17.179343,48.162472],[17.179389,48.162455],[17.17941,48.162425],[17.179492,48.1623],[17.179526,48.162187],[17.179537,48.162188],[17.179595,48.161967],[17.179771,48.161887],[17.180748,48.161423],[17.180829,48.16143],[17.181421,48.161153],[17.181552,48.161088],[17.181567,48.161017],[17.181662,48.160507],[17.181634,48.160504],[17.181654,48.1604],[17.181563,48.160391],[17.181567,48.160354],[17.18123,48.160328]]]},"properties":{}},{"type":"Feature","geometry":{"type":"Polygon","coordinates":[[[17.124022,48.159505],[17.12365,48.159657],[17.123877,48.159902],[17.123717,48.15997],[17.123642,48.160004],[17.123675,48.160041],[17.12376,48.16013],[17.123361,48.160297],[17.123176,48.160376],[17.123194,48.160393],[17.123203,48.160402],[17.123601,48.16082],[17.123659,48.160882],[17.123341,48.161015],[17.124011,48.161914],[17.124092,48.16188],[17.124132,48.161924],[17.125423,48.161386],[17.125384,48.161344],[17.125518,48.16128],[17.124022,48.159505]]]},"properties":{}},{"type":"Feature","geometry":{"type":"Polygon","coordinates":[[[17.16684,48.157272],[17.167067,48.157286],[17.167091,48.157131],[17.166869,48.157114],[17.16684,48.157272]]]},"properties":{}},{"type":"Feature","geometry":{"type":"Polygon","coordinates":[[[17.17523,48.169141],[17.175089,48.169315],[17.174728,48.16976],[17.174712,48.169779],[17.174541,48.16999],[17.174424,48.169947],[17.174382,48.169937],[17.174339,48.169935],[17.174287,48.16994],[17.174223,48.169962],[17.174186,48.169987],[17.17409,48.170104],[17.174004,48.170208],[17.174058,48.170237],[17.174212,48.170321],[17.17444,48.170445],[17.17445,48.17045],[17.174456,48.170454],[17.174628,48.170546],[17.174657,48.170551],[17.174683,48.170547],[17.17469,48.170538],[17.174709,48.170518],[17.174766,48.170445],[17.175046,48.170092],[17.175085,48.170086],[17.175199,48.169956],[17.175717,48.169327],[17.175248,48.169148],[17.17523,48.169141]]]},"properties":{}},{"type":"Feature","geometry":{"type":"Polygon","coordinates":[[[17.115458,48.153069],[17.115408,48.152997],[17.115161,48.152633],[17.115162,48.15262],[17.115171,48.152607],[17.115683,48.152444],[17.115801,48.152579],[17.115917,48.152727],[17.116018,48.152823],[17.115782,48.152956],[17.115522,48.153091],[17.115495,48.153096],[17.115474,48.153095],[17.115458,48.153069]]]},"properties":{}},{"type":"Feature","geometry":{"type":"Polygon","coordinates":[[[17.18951,48.16948],[17.189668,48.168812],[17.189706,48.168649],[17.189733,48.168652],[17.189767,48.168504],[17.189778,48.168456],[17.189783,48.168433],[17.189829,48.168407],[17.189854,48.168293],[17.18993,48.167697],[17.188889,48.167587],[17.188863,48.167608],[17.188628,48.167998],[17.188498,48.168228],[17.188324,48.168568],[17.188278,48.16867],[17.188103,48.169066],[17.188004,48.169305],[17.18951,48.16948]]]},"properties":{}},{"type":"Feature","geometry":{"type":"Polygon","coordinates":[[[17.195252,48.190569],[17.194068,48.190095],[17.193041,48.190081],[17.192179,48.190046],[17.191665,48.190025],[17.191705,48.189641],[17.199752,48.190046],[17.19968,48.190305],[17.199523,48.190877],[17.199257,48.191843],[17.196431,48.191779],[17.196394,48.191048],[17.195252,48.190569]]]},"properties":{}},{"type":"Feature","geometry":{"type":"Polygon","coordinates":[[[17.18191,48.188871],[17.182304,48.188923],[17.182334,48.188882],[17.182674,48.188905],[17.182694,48.18886],[17.182757,48.188867],[17.18281,48.188697],[17.182848,48.188613],[17.182882,48.188505],[17.182959,48.188264],[17.183241,48.187315],[17.182102,48.187083],[17.18221,48.185642],[17.182145,48.185468],[17.181994,48.185337],[17.181901,48.185267],[17.181585,48.185107],[17.181232,48.18497],[17.180807,48.184825],[17.180602,48.184747],[17.180235,48.184099],[17.180286,48.183529],[17.180318,48.183435],[17.180373,48.183225],[17.180174,48.183152],[17.180007,48.183074],[17.178077,48.182461],[17.17776,48.18311],[17.176858,48.184489],[17.175833,48.185875],[17.17547,48.186521],[17.175795,48.186927],[17.176747,48.18753],[17.177384,48.187812],[17.178501,48.18821],[17.179329,48.188461],[17.179926,48.188609],[17.180547,48.188726],[17.180777,48.188721],[17.18191,48.188871]]]},"properties":{}},{"type":"Feature","geometry":{"type":"Polygon","coordinates":[[[17.164216,48.183016],[17.165934,48.183666],[17.170091,48.185119],[17.174026,48.186495],[17.174135,48.186533],[17.174234,48.186516],[17.174272,48.186509],[17.174398,48.18645],[17.174467,48.186387],[17.174479,48.186306],[17.172838,48.184372],[17.172775,48.184435],[17.172451,48.184828],[17.172427,48.18482],[17.172026,48.18467],[17.172002,48.184698],[17.171589,48.185195],[17.170461,48.184795],[17.17069,48.18451],[17.170263,48.184365],[17.170087,48.184601],[17.168956,48.184245],[17.167397,48.183714],[17.167146,48.183628],[17.167137,48.183625],[17.166073,48.183267],[17.16636,48.182892],[17.164976,48.182428],[17.164873,48.182558],[17.164682,48.182491],[17.164557,48.182586],[17.164216,48.183016]]]},"properties":{}},{"type":"Feature","geometry":{"type":"Polygon","coordinates":[[[17.169706,48.180052],[17.170371,48.180856],[17.171787,48.182582],[17.174386,48.185578],[17.174708,48.185895],[17.174905,48.186098],[17.175061,48.186111],[17.175301,48.185989],[17.175428,48.185876],[17.175486,48.185824],[17.175618,48.185675],[17.176152,48.1848],[17.176079,48.184802],[17.174818,48.184395],[17.174775,48.184348],[17.173809,48.183198],[17.173735,48.183116],[17.173884,48.182918],[17.173899,48.182898],[17.174255,48.182413],[17.174365,48.182261],[17.174784,48.18168],[17.175041,48.181325],[17.175334,48.180921],[17.175345,48.180905],[17.175363,48.180876],[17.174814,48.180677],[17.17484,48.18064],[17.174043,48.180388],[17.171665,48.179669],[17.171586,48.179772],[17.171387,48.179705],[17.170495,48.179408],[17.170414,48.179454],[17.170405,48.179673],[17.170121,48.180041],[17.169706,48.180052]]]},"properties":{}},{"type":"Feature","geometry":{"type":"Polygon","coordinates":[[[17.155549,48.175623],[17.155817,48.175761],[17.155998,48.175851],[17.155625,48.176195],[17.156395,48.176603],[17.158123,48.177406],[17.158435,48.177513],[17.158921,48.177501],[17.159295,48.177538],[17.159335,48.177487],[17.159346,48.177471],[17.160009,48.17738],[17.160665,48.177208],[17.160736,48.177212],[17.162277,48.175753],[17.16274,48.175331],[17.160843,48.1745],[17.162159,48.173333],[17.160125,48.17151],[17.159661,48.171887],[17.159275,48.172201],[17.159289,48.172207],[17.158966,48.172507],[17.158494,48.172947],[17.157862,48.173535],[17.157891,48.17355],[17.157671,48.173743],[17.157401,48.173985],[17.157376,48.174007],[17.157351,48.17403],[17.156635,48.174667],[17.155549,48.175623]]]},"properties":{}},{"type":"Feature","geometry":{"type":"Polygon","coordinates":[[[17.119847,48.156117],[17.120075,48.156044],[17.120081,48.156052],[17.120122,48.156039],[17.120166,48.156025],[17.12016,48.156017],[17.120392,48.155945],[17.120381,48.155932],[17.120364,48.155908],[17.121257,48.15555],[17.121541,48.155929],[17.121616,48.156025],[17.12186,48.156369],[17.121861,48.156431],[17.121797,48.156436],[17.121493,48.156532],[17.121416,48.156559],[17.121429,48.156576],[17.12085,48.15676],[17.120837,48.156743],[17.120814,48.156715],[17.12079,48.156681],[17.120668,48.156518],[17.120549,48.156555],[17.120542,48.156546],[17.120498,48.15656],[17.120458,48.156572],[17.120464,48.156581],[17.12023,48.156655],[17.120227,48.156652],[17.120234,48.156649],[17.120024,48.156365],[17.119847,48.156117]]]},"properties":{}},{"type":"Feature","geometry":{"type":"Polygon","coordinates":[[[17.189365,48.165044],[17.190407,48.163383],[17.191309,48.163599],[17.191513,48.163649],[17.19182,48.163676],[17.192091,48.163652],[17.192328,48.163516],[17.193037,48.162247],[17.193148,48.162061],[17.193512,48.161799],[17.190454,48.159833],[17.18995,48.159154],[17.189844,48.158499],[17.188839,48.159273],[17.188325,48.159528],[17.187081,48.160144],[17.186661,48.160287],[17.186421,48.160439],[17.185573,48.162017],[17.184179,48.162073],[17.183625,48.162972],[17.18379,48.164046],[17.186915,48.164868],[17.187466,48.164344],[17.187562,48.164601],[17.187793,48.164955],[17.190141,48.165431],[17.189365,48.165044]]]},"properties":{}},{"type":"Feature","geometry":{"type":"Polygon","coordinates":[[[17.131226,48.188596],[17.131065,48.188633],[17.131055,48.188482],[17.130999,48.188349],[17.13089,48.18813],[17.130762,48.187902],[17.130666,48.187758],[17.130553,48.187622],[17.130858,48.187501],[17.132646,48.18766],[17.133742,48.187756],[17.131226,48.188596]]]},"properties":{}},{"type":"Feature","geometry":{"type":"Polygon","coordinates":[[[17.148889,48.173107],[17.149849,48.172445],[17.149907,48.172485],[17.15014,48.172324],[17.150748,48.172635],[17.150319,48.172859],[17.149949,48.173356],[17.149509,48.173214],[17.14947,48.17323],[17.148889,48.173107]]]},"properties":{}},{"type":"Feature","geometry":{"type":"Polygon","coordinates":[[[17.12187,48.149929],[17.121795,48.149912],[17.121683,48.149891],[17.121638,48.149778],[17.121625,48.149757],[17.121482,48.149523],[17.121538,48.149484],[17.121467,48.149382],[17.121396,48.149382],[17.121291,48.149206],[17.121303,48.149148],[17.121366,48.149155],[17.121755,48.149201],[17.122378,48.149275],[17.122964,48.149335],[17.123526,48.149391],[17.123684,48.149411],[17.123838,48.149421],[17.124031,48.149433],[17.124221,48.149414],[17.124704,48.149345],[17.124862,48.149322],[17.124952,48.149309],[17.125182,48.149937],[17.125306,48.150334],[17.125373,48.15057],[17.125398,48.150672],[17.125567,48.151212],[17.125618,48.151412],[17.125644,48.15152],[17.125666,48.151635],[17.125696,48.151855],[17.125721,48.152077],[17.125743,48.152301],[17.125747,48.152449],[17.125744,48.152594],[17.125729,48.152895],[17.125717,48.153037],[17.125701,48.153172],[17.125681,48.153306],[17.125657,48.153442],[17.125632,48.153567],[17.125618,48.153625],[17.125606,48.153679],[17.125572,48.153791],[17.125416,48.153764],[17.125219,48.153702],[17.125106,48.153667],[17.125002,48.15363],[17.124737,48.153526],[17.123761,48.153134],[17.123748,48.153059],[17.12492,48.151685],[17.123302,48.151038],[17.12323,48.151099],[17.122937,48.151423],[17.122909,48.151453],[17.122743,48.151638],[17.122695,48.151688],[17.122054,48.152376],[17.121933,48.152399],[17.120946,48.152003],[17.120603,48.151873],[17.120382,48.151783],[17.120114,48.151648],[17.119953,48.151568],[17.11996,48.151523],[17.121455,48.150409],[17.121721,48.150208],[17.121751,48.150146],[17.121776,48.150108],[17.12184,48.149987],[17.12187,48.149929]]]},"properties":{}},{"type":"Feature","geometry":{"type":"Polygon","coordinates":[[[17.121257,48.15555],[17.12155,48.155441],[17.122717,48.154995],[17.122809,48.154959],[17.12426,48.155813],[17.124112,48.155935],[17.123203,48.156249],[17.123141,48.156269],[17.122877,48.156353],[17.122863,48.156357],[17.122849,48.156361],[17.122779,48.156261],[17.122704,48.156148],[17.122605,48.156013],[17.122542,48.155924],[17.122511,48.155886],[17.122233,48.155831],[17.122192,48.155844],[17.122174,48.15585],[17.121884,48.155942],[17.121846,48.155954],[17.121816,48.155963],[17.121682,48.156005],[17.121642,48.156017],[17.121616,48.156025],[17.121541,48.155929],[17.121257,48.15555]]]},"properties":{}},{"type":"Feature","geometry":{"type":"Polygon","coordinates":[[[17.102678,48.158455],[17.103,48.158427],[17.103333,48.158371],[17.103314,48.158049],[17.103314,48.157986],[17.102735,48.15794],[17.102691,48.158095],[17.102678,48.158455]]]},"properties":{}},{"type":"Feature","geometry":{"type":"Polygon","coordinates":[[[17.118171,48.155958],[17.118004,48.156022],[17.118006,48.156023],[17.118039,48.156049],[17.118121,48.156115],[17.118307,48.156262],[17.118325,48.156277],[17.118586,48.156484],[17.118666,48.156438],[17.118793,48.156366],[17.118812,48.156381],[17.118834,48.156397],[17.119097,48.156247],[17.119128,48.156229],[17.119445,48.156063],[17.119441,48.15603],[17.119448,48.155977],[17.119285,48.15546],[17.119122,48.155521],[17.118807,48.155637],[17.118612,48.155709],[17.118647,48.155777],[17.118171,48.155958]]]},"properties":{}},{"type":"Feature","geometry":{"type":"Polygon","coordinates":[[[17.166802,48.153294],[17.166796,48.153348],[17.167386,48.153393],[17.16761,48.151988],[17.167548,48.151984],[17.166693,48.151862],[17.166688,48.151906],[17.16665,48.152019],[17.166546,48.152001],[17.166465,48.151973],[17.166448,48.151999],[17.166582,48.152253],[17.166655,48.152544],[17.166672,48.152668],[17.166758,48.153138],[17.166788,48.153207],[17.166829,48.153221],[17.166807,48.15326],[17.166802,48.153294]]]},"properties":{}},{"type":"Feature","geometry":{"type":"Polygon","coordinates":[[[17.135441,48.181317],[17.136158,48.181028],[17.137429,48.182385],[17.136734,48.182682],[17.135441,48.181317]]]},"properties":{}},{"type":"Feature","geometry":{"type":"Polygon","coordinates":[[[17.195082,48.198532],[17.197245,48.199592],[17.197076,48.199901],[17.196651,48.200456],[17.195508,48.199889],[17.195439,48.199618],[17.195211,48.199533],[17.194819,48.199504],[17.194773,48.199691],[17.194604,48.199669],[17.194654,48.199299],[17.194717,48.198956],[17.195082,48.198532]]]},"properties":{}},{"type":"Feature","geometry":{"type":"Polygon","coordinates":[[[17.133793,48.158215],[17.133989,48.158008],[17.133766,48.157914],[17.133851,48.157798],[17.134061,48.157511],[17.13416,48.157376],[17.134219,48.157295],[17.134019,48.157183],[17.133906,48.157117],[17.133853,48.157088],[17.133959,48.157001],[17.133801,48.15691],[17.133887,48.156839],[17.133551,48.15665],[17.13399,48.156308],[17.134358,48.156519],[17.134843,48.156131],[17.134978,48.156172],[17.134988,48.156179],[17.135049,48.156187],[17.135117,48.156196],[17.13519,48.156205],[17.135264,48.156215],[17.135531,48.156249],[17.135786,48.156279],[17.136046,48.1563],[17.135892,48.15684],[17.135649,48.157684],[17.135632,48.157747],[17.135601,48.157778],[17.134884,48.157694],[17.134806,48.157995],[17.13465,48.158145],[17.134349,48.158444],[17.133793,48.158215]]]},"properties":{}},{"type":"Feature","geometry":{"type":"Polygon","coordinates":[[[17.181603,48.169422],[17.183577,48.170098],[17.183081,48.170637],[17.182881,48.170854],[17.182871,48.170865],[17.182373,48.171406],[17.182296,48.17141],[17.180476,48.170796],[17.180426,48.170779],[17.18155,48.169413],[17.181603,48.169422]]]},"properties":{}},{"type":"Feature","geometry":{"type":"Polygon","coordinates":[[[17.143574,48.177344],[17.144254,48.177987],[17.144372,48.177937],[17.145114,48.178449],[17.145324,48.178304],[17.145447,48.178379],[17.145959,48.178024],[17.147404,48.178918],[17.147751,48.178634],[17.148184,48.178282],[17.148471,48.17805],[17.148482,48.178036],[17.147171,48.1774],[17.14552,48.176456],[17.144736,48.176814],[17.144443,48.176948],[17.143574,48.177344]]]},"properties":{}},{"type":"Feature","geometry":{"type":"Polygon","coordinates":[[[17.173485,48.170946],[17.173447,48.170978],[17.172726,48.171582],[17.173087,48.171766],[17.173136,48.17179],[17.173111,48.171832],[17.173461,48.172008],[17.17349,48.171973],[17.173364,48.171911],[17.173516,48.171781],[17.173652,48.171847],[17.174134,48.171257],[17.174166,48.171212],[17.173929,48.17113],[17.173723,48.171058],[17.173707,48.171052],[17.173703,48.171051],[17.173596,48.171003],[17.173485,48.170946]]]},"properties":{}},{"type":"Feature","geometry":{"type":"Polygon","coordinates":[[[17.171745,48.171973],[17.172262,48.171515],[17.172733,48.171758],[17.173341,48.172073],[17.172943,48.1725],[17.172786,48.172638],[17.171789,48.172098],[17.171717,48.172059],[17.171745,48.171973]]]},"properties":{}},{"type":"Feature","geometry":{"type":"Polygon","coordinates":[[[17.175143,48.199636],[17.175025,48.199568],[17.174882,48.199488],[17.175647,48.198969],[17.175883,48.199128],[17.175143,48.199636]]]},"properties":{}},{"type":"Feature","geometry":{"type":"Polygon","coordinates":[[[17.13983,48.179658],[17.140329,48.180233],[17.139773,48.180456],[17.139188,48.17978],[17.138886,48.179458],[17.139547,48.179161],[17.139673,48.179104],[17.139722,48.179339],[17.139829,48.179533],[17.13983,48.179658]]]},"properties":{}},{"type":"Feature","geometry":{"type":"Polygon","coordinates":[[[17.148567,48.165662],[17.147965,48.165413],[17.147939,48.165357],[17.148412,48.164822],[17.149936,48.165451],[17.150038,48.165886],[17.149874,48.166195],[17.148567,48.165662]]]},"properties":{}},{"type":"Feature","geometry":{"type":"Polygon","coordinates":[[[17.15656,48.169767],[17.156917,48.169949],[17.157078,48.170034],[17.155411,48.171498],[17.155308,48.171445],[17.154875,48.171246],[17.154836,48.171233],[17.154793,48.171206],[17.154702,48.171146],[17.154488,48.171262],[17.154067,48.17103],[17.154305,48.170817],[17.154149,48.17073],[17.153959,48.170633],[17.153836,48.170568],[17.153852,48.170544],[17.153697,48.170465],[17.153646,48.170438],[17.153512,48.170603],[17.153459,48.170576],[17.153166,48.170403],[17.154053,48.169609],[17.155365,48.16847],[17.15519,48.16837],[17.155622,48.168224],[17.155925,48.168115],[17.156004,48.168183],[17.156195,48.168348],[17.156159,48.16841],[17.156106,48.168487],[17.156148,48.168507],[17.156206,48.168536],[17.156389,48.168597],[17.156832,48.168818],[17.157026,48.168928],[17.157199,48.16903],[17.157215,48.169109],[17.157197,48.169241],[17.157061,48.169373],[17.157027,48.169407],[17.156826,48.169581],[17.156755,48.169643],[17.156719,48.169626],[17.15656,48.169767]]]},"properties":{}},{"type":"Feature","geometry":{"type":"Polygon","coordinates":[[[17.132883,48.176049],[17.133353,48.175859],[17.133769,48.17566],[17.133282,48.175148],[17.132438,48.175515],[17.132462,48.175554],[17.132883,48.176049]]]},"properties":{}},{"type":"Feature","geometry":{"type":"Polygon","coordinates":[[[17.161921,48.212153],[17.162295,48.211974],[17.162233,48.211923],[17.161963,48.211691],[17.161662,48.211852],[17.160434,48.212471],[17.160177,48.212601],[17.160442,48.212828],[17.160452,48.212836],[17.160546,48.21279],[17.160784,48.212672],[17.161896,48.212129],[17.161921,48.212153]]]},"properties":{}},{"type":"Feature","geometry":{"type":"Polygon","coordinates":[[[17.137566,48.191521],[17.137505,48.191561],[17.137043,48.191832],[17.136954,48.191888],[17.136516,48.192149],[17.136222,48.192509],[17.136168,48.192476],[17.136149,48.192491],[17.136228,48.192544],[17.136193,48.192574],[17.135579,48.192449],[17.134019,48.192144],[17.133916,48.192113],[17.133904,48.192073],[17.134666,48.191547],[17.134902,48.191379],[17.135223,48.191141],[17.135693,48.190906],[17.136006,48.190737],[17.136478,48.190501],[17.136731,48.190727],[17.137388,48.191354],[17.137521,48.19148],[17.137566,48.191521]]]},"properties":{}},{"type":"Feature","geometry":{"type":"Polygon","coordinates":[[[17.142921,48.155304],[17.143157,48.155334],[17.143331,48.15477],[17.143789,48.154829],[17.143991,48.154853],[17.144282,48.154888],[17.144343,48.154823],[17.1452,48.155047],[17.145437,48.155079],[17.145362,48.155217],[17.144161,48.15578],[17.143874,48.155885],[17.143502,48.15592],[17.142768,48.155851],[17.142921,48.155304]]]},"properties":{}},{"type":"Feature","geometry":{"type":"Polygon","coordinates":[[[17.155553,48.212442],[17.15558,48.212456],[17.155637,48.212484],[17.156062,48.212241],[17.156103,48.212274],[17.156239,48.212198],[17.155799,48.211866],[17.155663,48.211894],[17.155567,48.211969],[17.155156,48.212211],[17.15537,48.212319],[17.155553,48.212442]]]},"properties":{}},{"type":"Feature","geometry":{"type":"Polygon","coordinates":[[[17.121432,48.16916],[17.121499,48.169122],[17.121727,48.16944],[17.121838,48.16963],[17.122049,48.169826],[17.122093,48.170154],[17.121991,48.170218],[17.12172,48.170516],[17.12113,48.170035],[17.120633,48.169967],[17.120783,48.169816],[17.121432,48.16916]]]},"properties":{}},{"type":"Feature","geometry":{"type":"Polygon","coordinates":[[[17.117802,48.169119],[17.117542,48.168914],[17.117439,48.168703],[17.11744,48.168652],[17.117478,48.168337],[17.117455,48.168211],[17.117767,48.167592],[17.117886,48.167645],[17.118722,48.167977],[17.1195,48.168367],[17.118775,48.168919],[17.120783,48.169816],[17.120633,48.169967],[17.120175,48.170082],[17.119646,48.170215],[17.119513,48.170248],[17.118861,48.1698],[17.118492,48.170032],[17.117564,48.169363],[17.117802,48.169119]]]},"properties":{}},{"type":"Feature","geometry":{"type":"Polygon","coordinates":[[[17.119182,48.170414],[17.118893,48.170513],[17.118708,48.170579],[17.118176,48.170654],[17.118219,48.171342],[17.116746,48.173213],[17.117758,48.173068],[17.118187,48.17293],[17.118818,48.172161],[17.119305,48.171541],[17.119239,48.17095],[17.119182,48.170414]]]},"properties":{}},{"type":"Feature","geometry":{"type":"Polygon","coordinates":[[[17.132069,48.162061],[17.131676,48.161654],[17.131844,48.161582],[17.132268,48.161397],[17.132271,48.1614],[17.132479,48.161614],[17.132664,48.161806],[17.132593,48.161834],[17.132069,48.162061]]]},"properties":{}},{"type":"Feature","geometry":{"type":"Polygon","coordinates":[[[17.136683,48.164763],[17.13753,48.1644],[17.137655,48.164268],[17.13771,48.164292],[17.137794,48.164203],[17.137806,48.16421],[17.137857,48.164155],[17.137845,48.164149],[17.137929,48.164061],[17.137874,48.164037],[17.138073,48.163828],[17.138187,48.163708],[17.138168,48.1637],[17.138051,48.16365],[17.137988,48.163717],[17.137976,48.163712],[17.13795,48.163738],[17.137963,48.163744],[17.137833,48.163881],[17.13782,48.163875],[17.137794,48.163903],[17.137807,48.163908],[17.137739,48.163981],[17.137671,48.163951],[17.137587,48.16404],[17.137575,48.164035],[17.137523,48.164089],[17.137535,48.164094],[17.137452,48.164183],[17.13752,48.164211],[17.137451,48.164283],[17.137438,48.164279],[17.137412,48.164305],[17.137425,48.164311],[17.137414,48.164322],[17.137239,48.164397],[17.137231,48.164389],[17.13719,48.164407],[17.137198,48.164415],[17.136991,48.164504],[17.136983,48.164496],[17.136943,48.164513],[17.136951,48.164522],[17.136747,48.164608],[17.136739,48.1646],[17.136698,48.164617],[17.136706,48.164626],[17.13664,48.164654],[17.136597,48.164673],[17.136683,48.164763]]]},"properties":{}},{"type":"Feature","geometry":{"type":"Polygon","coordinates":[[[17.155192,48.164117],[17.15548,48.164115],[17.155911,48.164106],[17.156725,48.164089],[17.157307,48.164077],[17.157258,48.163344],[17.157013,48.163341],[17.157015,48.163299],[17.156354,48.163312],[17.156074,48.163292],[17.15594,48.163136],[17.155337,48.163325],[17.155121,48.163419],[17.155121,48.163493],[17.155136,48.163733],[17.155157,48.163733],[17.155174,48.163732],[17.155196,48.164036],[17.155192,48.164117]]]},"properties":{}},{"type":"Feature","geometry":{"type":"Polygon","coordinates":[[[17.164682,48.182491],[17.164526,48.182436],[17.164213,48.182321],[17.164251,48.182269],[17.16393,48.182166],[17.163564,48.182042],[17.163503,48.182125],[17.163462,48.182178],[17.163332,48.182358],[17.163294,48.182422],[17.163261,48.182508],[17.163268,48.182568],[17.163302,48.18263],[17.163388,48.182683],[17.163755,48.182807],[17.164216,48.183016],[17.164557,48.182586],[17.164682,48.182491]]]},"properties":{}},{"type":"Feature","geometry":{"type":"Polygon","coordinates":[[[17.195296,48.173474],[17.194978,48.173339],[17.194588,48.17322],[17.19339,48.172842],[17.192667,48.172613],[17.192059,48.173676],[17.191797,48.174135],[17.1924,48.17429],[17.192638,48.174351],[17.192116,48.175278],[17.192918,48.176064],[17.193631,48.176232],[17.195296,48.173474]]]},"properties":{}},{"type":"Feature","geometry":{"type":"Polygon","coordinates":[[[17.162156,48.213869],[17.1625,48.21405],[17.1627,48.214147],[17.162868,48.214222],[17.162911,48.2142],[17.163052,48.214133],[17.162948,48.214052],[17.163085,48.213978],[17.162648,48.213623],[17.162517,48.213685],[17.162364,48.213767],[17.162306,48.213795],[17.162219,48.213838],[17.162156,48.213869]]]},"properties":{}},{"type":"Feature","geometry":{"type":"Polygon","coordinates":[[[17.162219,48.213838],[17.162156,48.213869],[17.161167,48.21321],[17.161123,48.213194],[17.161079,48.213177],[17.160857,48.213062],[17.160759,48.212976],[17.160565,48.212805],[17.160546,48.21279],[17.161896,48.212129],[17.161921,48.212153],[17.162295,48.211974],[17.162233,48.211923],[17.161963,48.211691],[17.162812,48.211273],[17.162908,48.211355],[17.162842,48.211388],[17.162869,48.211411],[17.162897,48.211436],[17.162924,48.211459],[17.162952,48.211483],[17.162979,48.211506],[17.163007,48.211531],[17.163034,48.211554],[17.163062,48.211578],[17.16309,48.211602],[17.163112,48.211622],[17.163139,48.211645],[17.163167,48.211669],[17.163195,48.211693],[17.163223,48.211718],[17.16325,48.211741],[17.163277,48.211765],[17.163305,48.211788],[17.163332,48.211812],[17.163361,48.211837],[17.163378,48.211852],[17.163406,48.211876],[17.163434,48.2119],[17.16346,48.211923],[17.163487,48.211946],[17.163514,48.21197],[17.163542,48.211994],[17.16357,48.212018],[17.163597,48.212041],[17.163608,48.212051],[17.163636,48.212075],[17.163663,48.212099],[17.16369,48.212122],[17.163719,48.212147],[17.163747,48.212171],[17.163774,48.212194],[17.163801,48.212218],[17.163829,48.212242],[17.163857,48.212266],[17.163884,48.212289],[17.163912,48.212314],[17.163939,48.212337],[17.163967,48.212362],[17.163994,48.212386],[17.164022,48.212409],[17.16405,48.212434],[17.164077,48.212457],[17.164105,48.212482],[17.164133,48.212505],[17.164161,48.212529],[17.164188,48.212553],[17.164216,48.212577],[17.164244,48.212602],[17.164271,48.212625],[17.164298,48.212649],[17.164326,48.212673],[17.164399,48.212734],[17.162648,48.213623],[17.162517,48.213685],[17.162364,48.213767],[17.162306,48.213795],[17.162219,48.213838]]]},"properties":{}},{"type":"Feature","geometry":{"type":"Polygon","coordinates":[[[17.13525,48.15594],[17.135264,48.155879],[17.13486,48.155821],[17.134705,48.155745],[17.134517,48.155729],[17.135183,48.15521],[17.135233,48.155171],[17.135245,48.155162],[17.135275,48.155166],[17.135919,48.155254],[17.136293,48.155302],[17.136303,48.155313],[17.13611,48.155979],[17.13602,48.156014],[17.135957,48.156032],[17.135942,48.15603],[17.135944,48.156023],[17.135877,48.156014],[17.13525,48.15594]]]},"properties":{}},{"type":"Feature","geometry":{"type":"Polygon","coordinates":[[[17.168353,48.150214],[17.168396,48.149914],[17.168424,48.149726],[17.168434,48.149653],[17.166869,48.149383],[17.166804,48.149394],[17.16639,48.149958],[17.166414,48.150057],[17.166504,48.150086],[17.168353,48.150214]]]},"properties":{}},{"type":"Feature","geometry":{"type":"Polygon","coordinates":[[[17.189855,48.164697],[17.191222,48.165057],[17.191265,48.16502],[17.191486,48.164888],[17.191611,48.164682],[17.191626,48.164656],[17.19181,48.164353],[17.191928,48.164146],[17.192088,48.163879],[17.190693,48.163544],[17.19061,48.163537],[17.190531,48.163548],[17.189886,48.164653],[17.189858,48.164691],[17.189855,48.164697]]]},"properties":{}},{"type":"Feature","geometry":{"type":"Polygon","coordinates":[[[17.133766,48.157914],[17.133989,48.158008],[17.134444,48.157651],[17.134637,48.157503],[17.134573,48.157464],[17.134607,48.157274],[17.134033,48.156942],[17.133887,48.156839],[17.133801,48.15691],[17.133959,48.157001],[17.133853,48.157088],[17.133906,48.157117],[17.134019,48.157183],[17.134219,48.157295],[17.13416,48.157376],[17.134061,48.157511],[17.133851,48.157798],[17.133766,48.157914]]]},"properties":{}},{"type":"Feature","geometry":{"type":"Polygon","coordinates":[[[17.125658,48.16238],[17.125775,48.162525],[17.125813,48.162572],[17.125999,48.162959],[17.125994,48.162999],[17.125948,48.163022],[17.12587,48.163042],[17.125064,48.163289],[17.125035,48.163298],[17.125028,48.163283],[17.124425,48.162446],[17.124142,48.162013],[17.124167,48.161977],[17.12443,48.161864],[17.125068,48.161595],[17.125216,48.161758],[17.125234,48.161972],[17.125583,48.162405],[17.125604,48.162399],[17.125658,48.16238]]]},"properties":{}},{"type":"Feature","geometry":{"type":"Polygon","coordinates":[[[17.180535,48.163083],[17.179561,48.164518],[17.179392,48.164783],[17.179266,48.164956],[17.178422,48.166044],[17.178334,48.166079],[17.178249,48.166082],[17.177464,48.165755],[17.177104,48.165565],[17.176835,48.165433],[17.176707,48.165365],[17.176177,48.165135],[17.175823,48.16504],[17.17576,48.165012],[17.175721,48.164948],[17.175746,48.164904],[17.176508,48.163954],[17.176585,48.163863],[17.176735,48.163676],[17.177126,48.16317],[17.177155,48.163131],[17.177293,48.162966],[17.17782,48.162321],[17.177871,48.162307],[17.177938,48.162309],[17.177967,48.16232],[17.179128,48.162667],[17.179525,48.162769],[17.180535,48.163083]]]},"properties":{}},{"type":"Feature","geometry":{"type":"Polygon","coordinates":[[[17.15692,48.211446],[17.156921,48.211462],[17.156925,48.211634],[17.157005,48.211774],[17.157246,48.211982],[17.157361,48.212072],[17.157423,48.212123],[17.157101,48.212308],[17.157197,48.212378],[17.157168,48.212422],[17.157061,48.212496],[17.157054,48.212641],[17.156329,48.213054],[17.155647,48.212534],[17.155637,48.212484],[17.156062,48.212241],[17.156103,48.212274],[17.156239,48.212198],[17.155799,48.211866],[17.155727,48.211809],[17.155752,48.211785],[17.155855,48.211731],[17.15593,48.211702],[17.15692,48.211446]]]},"properties":{}},{"type":"Feature","geometry":{"type":"Polygon","coordinates":[[[17.196804,48.192199],[17.197101,48.192232],[17.198224,48.192362],[17.197951,48.193491],[17.196774,48.193352],[17.196641,48.19333],[17.196804,48.192199]]]},"properties":{}},{"type":"Feature","geometry":{"type":"Polygon","coordinates":[[[17.1195,48.168367],[17.119993,48.168317],[17.120942,48.168652],[17.121319,48.168878],[17.121499,48.169122],[17.121432,48.16916],[17.120783,48.169816],[17.118775,48.168919],[17.1195,48.168367]]]},"properties":{}},{"type":"Feature","geometry":{"type":"Polygon","coordinates":[[[17.115047,48.166912],[17.115304,48.166911],[17.115013,48.16599],[17.115003,48.16594],[17.11496,48.165849],[17.114899,48.165685],[17.114921,48.165594],[17.114519,48.165669],[17.115047,48.166912]]]},"properties":{}},{"type":"Feature","geometry":{"type":"Polygon","coordinates":[[[17.111257,48.163863],[17.111649,48.164156],[17.111846,48.1644],[17.112006,48.164618],[17.112027,48.164648],[17.112187,48.164584],[17.113518,48.163959],[17.113479,48.163928],[17.113107,48.163636],[17.11246,48.163055],[17.111941,48.163442],[17.111257,48.163863]]]},"properties":{}},{"type":"Feature","geometry":{"type":"Polygon","coordinates":[[[17.128854,48.153865],[17.128857,48.153835],[17.128886,48.153652],[17.128941,48.153365],[17.128969,48.153343],[17.129407,48.153398],[17.129323,48.153481],[17.129054,48.153737],[17.128891,48.153873],[17.128854,48.153865]]]},"properties":{}},{"type":"Feature","geometry":{"type":"Polygon","coordinates":[[[17.149874,48.166195],[17.14968,48.166552],[17.149566,48.166651],[17.149371,48.166585],[17.149367,48.166592],[17.148137,48.166157],[17.148243,48.166021],[17.148567,48.165662],[17.149874,48.166195]]]},"properties":{}},{"type":"Feature","geometry":{"type":"Polygon","coordinates":[[[17.126698,48.151962],[17.126571,48.151635],[17.126537,48.1515],[17.126509,48.151392],[17.126684,48.151265],[17.127075,48.151198],[17.12716,48.151213],[17.12719,48.151217],[17.127252,48.151448],[17.127258,48.151467],[17.127483,48.152364],[17.127499,48.152384],[17.127575,48.152473],[17.127589,48.152489],[17.127577,48.152494],[17.127564,48.152499],[17.127246,48.152621],[17.127073,48.152686],[17.126963,48.152254],[17.126954,48.152219],[17.126955,48.152208],[17.126698,48.151962]]]},"properties":{}},{"type":"Feature","geometry":{"type":"Polygon","coordinates":[[[17.11744,48.168652],[17.116025,48.168799],[17.115908,48.168615],[17.115922,48.168508],[17.117478,48.168337],[17.11744,48.168652]]]},"properties":{}},{"type":"Feature","geometry":{"type":"Polygon","coordinates":[[[17.166932,48.16954],[17.167217,48.16971],[17.166769,48.170103],[17.166625,48.170028],[17.166502,48.169965],[17.16647,48.169948],[17.16622,48.169813],[17.166201,48.169803],[17.166201,48.169789],[17.166222,48.169768],[17.166215,48.169764],[17.166664,48.169385],[17.166697,48.169402],[17.166932,48.16954]]]},"properties":{}},{"type":"Feature","geometry":{"type":"Polygon","coordinates":[[[17.195556,48.173464],[17.196142,48.173727],[17.196389,48.173415],[17.196828,48.172757],[17.196881,48.172638],[17.196234,48.172459],[17.196153,48.17258],[17.195856,48.173023],[17.195829,48.173063],[17.195703,48.173248],[17.195556,48.173464]]]},"properties":{}},{"type":"Feature","geometry":{"type":"Polygon","coordinates":[[[17.163264,48.202426],[17.164217,48.201947],[17.164809,48.201704],[17.165411,48.20154],[17.165729,48.202273],[17.165986,48.203019],[17.165164,48.20292],[17.164752,48.202831],[17.164492,48.202775],[17.164171,48.202706],[17.16379,48.202606],[17.163264,48.202426]]]},"properties":{}},{"type":"Feature","geometry":{"type":"Polygon","coordinates":[[[17.158429,48.181382],[17.158481,48.181404],[17.160308,48.182008],[17.159566,48.183012],[17.1594,48.182961],[17.159295,48.183096],[17.159069,48.183025],[17.15888,48.183081],[17.158228,48.182093],[17.158147,48.182038],[17.158214,48.181733],[17.158429,48.181382]]]},"properties":{}},{"type":"Feature","geometry":{"type":"Polygon","coordinates":[[[17.161002,48.18504],[17.160452,48.184857],[17.160391,48.184938],[17.159731,48.184718],[17.159695,48.184762],[17.159311,48.184642],[17.159398,48.184055],[17.159285,48.183673],[17.15888,48.183081],[17.159069,48.183025],[17.159295,48.183096],[17.1594,48.182961],[17.159566,48.183012],[17.160308,48.182008],[17.161795,48.182547],[17.162617,48.182845],[17.161002,48.18504]]]},"properties":{}},{"type":"Feature","geometry":{"type":"Polygon","coordinates":[[[17.159703,48.186426],[17.15853,48.185376],[17.159288,48.184941],[17.159311,48.184642],[17.159695,48.184762],[17.159731,48.184718],[17.160391,48.184938],[17.160452,48.184857],[17.161002,48.18504],[17.159879,48.186583],[17.159703,48.186426]]]},"properties":{}},{"type":"Feature","geometry":{"type":"Polygon","coordinates":[[[17.176277,48.181232],[17.176378,48.181265],[17.175929,48.181874],[17.176925,48.182206],[17.177298,48.181683],[17.177399,48.181548],[17.177134,48.181462],[17.177318,48.181213],[17.176497,48.180943],[17.176277,48.181232]]]},"properties":{}},{"type":"Feature","geometry":{"type":"Polygon","coordinates":[[[17.177581,48.177573],[17.177144,48.177447],[17.17664,48.17811],[17.175799,48.177814],[17.17419,48.177084],[17.170289,48.175271],[17.170203,48.17531],[17.169925,48.175646],[17.169763,48.175931],[17.169766,48.176004],[17.169534,48.17675],[17.169529,48.176764],[17.170238,48.177218],[17.170423,48.177703],[17.1714,48.178425],[17.171361,48.178469],[17.17221,48.178837],[17.172793,48.178263],[17.174496,48.179082],[17.17702,48.179932],[17.177054,48.17989],[17.177461,48.179287],[17.177863,48.179429],[17.178289,48.178689],[17.178695,48.178816],[17.17893,48.178487],[17.179061,48.178249],[17.179065,48.178085],[17.177581,48.177573]]]},"properties":{}},{"type":"Feature","geometry":{"type":"Polygon","coordinates":[[[17.14715,48.207733],[17.148108,48.208525],[17.148553,48.208267],[17.148714,48.208301],[17.14874,48.208289],[17.148941,48.208455],[17.149045,48.208417],[17.149135,48.208382],[17.149306,48.208298],[17.149972,48.207813],[17.150063,48.207737],[17.15011,48.207698],[17.149473,48.206991],[17.149303,48.20681],[17.149018,48.206686],[17.14715,48.207733]]]},"properties":{}},{"type":"Feature","geometry":{"type":"Polygon","coordinates":[[[17.122442,48.172838],[17.122571,48.172399],[17.122599,48.171864],[17.122465,48.171477],[17.122228,48.171657],[17.121907,48.171897],[17.121825,48.171962],[17.121758,48.172032],[17.121663,48.172155],[17.121594,48.1723],[17.12156,48.17242],[17.121545,48.172524],[17.121547,48.172655],[17.121562,48.172727],[17.121588,48.172824],[17.121625,48.172899],[17.12167,48.172983],[17.121698,48.173007],[17.121767,48.173032],[17.121813,48.173023],[17.12183,48.173043],[17.122442,48.172838]]]},"properties":{}},{"type":"Feature","geometry":{"type":"Polygon","coordinates":[[[17.119101,48.169854],[17.119489,48.169611],[17.119641,48.169669],[17.119764,48.169739],[17.119982,48.169898],[17.120175,48.170082],[17.119646,48.170215],[17.119541,48.170157],[17.119419,48.17007],[17.119101,48.169854]]]},"properties":{}},{"type":"Feature","geometry":{"type":"Polygon","coordinates":[[[17.124357,48.171262],[17.124312,48.171593],[17.124285,48.171687],[17.124213,48.171684],[17.124194,48.171762],[17.124227,48.172199],[17.124161,48.172373],[17.124179,48.172486],[17.124198,48.172511],[17.124242,48.172567],[17.124393,48.172561],[17.125,48.172513],[17.125098,48.172463],[17.124973,48.171819],[17.125048,48.171701],[17.125075,48.171699],[17.125309,48.171711],[17.125314,48.171671],[17.125315,48.171646],[17.125344,48.171445],[17.125281,48.171441],[17.125273,48.17144],[17.125289,48.171329],[17.125077,48.171315],[17.124808,48.171298],[17.124499,48.171274],[17.124507,48.171215],[17.124442,48.171211],[17.124434,48.171267],[17.124357,48.171262]]]},"properties":{}},{"type":"Feature","geometry":{"type":"Polygon","coordinates":[[[17.107987,48.155527],[17.107583,48.155463],[17.107645,48.155361],[17.108503,48.155113],[17.109896,48.154711],[17.112313,48.153593],[17.113843,48.152917],[17.114784,48.153596],[17.115932,48.154475],[17.117516,48.155769],[17.118288,48.156354],[17.119744,48.15747],[17.119306,48.157684],[17.117391,48.157334],[17.108935,48.155713],[17.107987,48.155527]]]},"properties":{}},{"type":"Feature","geometry":{"type":"Polygon","coordinates":[[[17.113303,48.157056],[17.11297,48.157153],[17.112705,48.157215],[17.111578,48.157487],[17.111246,48.157121],[17.111811,48.156973],[17.113133,48.156626],[17.113303,48.157056]]]},"properties":{}},{"type":"Feature","geometry":{"type":"Polygon","coordinates":[[[17.132193,48.186767],[17.132221,48.186776],[17.132341,48.186816],[17.13248,48.186863],[17.130858,48.187501],[17.130553,48.187622],[17.130396,48.187475],[17.131328,48.187089],[17.132193,48.186767]]]},"properties":{}},{"type":"Feature","geometry":{"type":"Polygon","coordinates":[[[17.148548,48.164232],[17.148559,48.164222],[17.149004,48.163738],[17.149072,48.163657],[17.149052,48.163655],[17.149012,48.16365],[17.148967,48.163646],[17.148912,48.163642],[17.148868,48.163626],[17.148832,48.163612],[17.148798,48.163597],[17.148762,48.163584],[17.148727,48.16357],[17.148695,48.163556],[17.148659,48.163543],[17.148627,48.163529],[17.148592,48.163514],[17.148557,48.163501],[17.148522,48.163488],[17.148485,48.163473],[17.148451,48.16346],[17.148415,48.163445],[17.148381,48.16343],[17.148202,48.163625],[17.148221,48.163675],[17.148162,48.163741],[17.1481,48.163809],[17.147943,48.163984],[17.147969,48.163995],[17.148436,48.164185],[17.148548,48.164232]]]},"properties":{}},{"type":"Feature","geometry":{"type":"Polygon","coordinates":[[[17.149467,48.164607],[17.149742,48.164312],[17.149792,48.164256],[17.149853,48.164189],[17.149957,48.164075],[17.15008,48.163916],[17.149572,48.163712],[17.149078,48.163666],[17.149041,48.163707],[17.148953,48.163802],[17.148658,48.164127],[17.148569,48.164226],[17.14856,48.164234],[17.149467,48.164607]]]},"properties":{}},{"type":"Feature","geometry":{"type":"Polygon","coordinates":[[[17.152945,48.178729],[17.152684,48.179103],[17.152964,48.179185],[17.153483,48.179369],[17.15356,48.1794],[17.153596,48.179407],[17.153622,48.179405],[17.153643,48.179399],[17.153814,48.179229],[17.153888,48.179144],[17.152945,48.178729]]]},"properties":{}},{"type":"Feature","geometry":{"type":"Polygon","coordinates":[[[17.148789,48.168808],[17.148664,48.169045],[17.148656,48.169084],[17.148679,48.169123],[17.148702,48.16914],[17.148821,48.169198],[17.148862,48.169214],[17.149001,48.169289],[17.149148,48.169418],[17.149206,48.169467],[17.149407,48.169658],[17.149484,48.169686],[17.149543,48.169698],[17.149609,48.169694],[17.149684,48.169675],[17.149965,48.16955],[17.150163,48.169452],[17.150238,48.169393],[17.150278,48.1693],[17.150338,48.16921],[17.150378,48.169179],[17.150437,48.169148],[17.150473,48.169126],[17.150817,48.168976],[17.150936,48.168922],[17.151028,48.168881],[17.151121,48.168839],[17.151183,48.168811],[17.151202,48.16879],[17.151221,48.168765],[17.151231,48.168738],[17.151228,48.168719],[17.151219,48.168695],[17.151168,48.168661],[17.151102,48.168631],[17.150943,48.168554],[17.150787,48.168488],[17.150565,48.168396],[17.150545,48.168387],[17.150408,48.168328],[17.150191,48.168236],[17.150088,48.168199],[17.149839,48.168134],[17.149454,48.168015],[17.149413,48.168011],[17.14937,48.168013],[17.149322,48.168024],[17.149252,48.168053],[17.149207,48.16809],[17.148947,48.168551],[17.148789,48.168808]]]},"properties":{}},{"type":"Feature","geometry":{"type":"Polygon","coordinates":[[[17.126571,48.151635],[17.126008,48.151655],[17.125992,48.151613],[17.125985,48.15156],[17.125826,48.150931],[17.125735,48.150639],[17.125642,48.150444],[17.125298,48.149351],[17.125217,48.149116],[17.124784,48.147753],[17.124754,48.147655],[17.124791,48.147635],[17.124943,48.147583],[17.125471,48.147509],[17.125474,48.147521],[17.125529,48.14769],[17.125657,48.148106],[17.125691,48.148215],[17.125896,48.148188],[17.125927,48.148299],[17.125715,48.148328],[17.125745,48.148432],[17.12571,48.148557],[17.125864,48.149068],[17.125865,48.149072],[17.125981,48.149442],[17.125909,48.149454],[17.126399,48.15085],[17.126459,48.151012],[17.126418,48.151032],[17.126476,48.151264],[17.126509,48.151392],[17.126537,48.1515],[17.126571,48.151635]]]},"properties":{}},{"type":"Feature","geometry":{"type":"Polygon","coordinates":[[[17.11872,48.170524],[17.118055,48.170656],[17.117967,48.170538],[17.118386,48.17028],[17.11872,48.170524]]]},"properties":{}},{"type":"Feature","geometry":{"type":"Polygon","coordinates":[[[17.135942,48.15603],[17.135939,48.156042],[17.135932,48.156068],[17.135922,48.156104],[17.135913,48.156138],[17.135904,48.156174],[17.135896,48.156208],[17.135886,48.156242],[17.135881,48.156263],[17.13527,48.156184],[17.135272,48.15617],[17.135198,48.156162],[17.13525,48.15594],[17.135877,48.156014],[17.135944,48.156023],[17.135942,48.15603]]]},"properties":{}},{"type":"Feature","geometry":{"type":"Polygon","coordinates":[[[17.165925,48.21436],[17.165301,48.214049],[17.164392,48.214893],[17.164428,48.214945],[17.165175,48.215298],[17.165247,48.215229],[17.165279,48.215178],[17.16547,48.214999],[17.165425,48.214981],[17.166045,48.214419],[17.165925,48.21436]]]},"properties":{}},{"type":"Feature","geometry":{"type":"Polygon","coordinates":[[[17.159163,48.171451],[17.159661,48.171887],[17.160125,48.17151],[17.159106,48.170604],[17.159018,48.170572],[17.158945,48.170578],[17.158872,48.170608],[17.158546,48.170903],[17.15864,48.170987],[17.158735,48.171082],[17.159163,48.171451]]]},"properties":{}},{"type":"Feature","geometry":{"type":"Polygon","coordinates":[[[17.158546,48.170903],[17.157898,48.171489],[17.158028,48.171447],[17.158086,48.171459],[17.158177,48.171505],[17.158377,48.171605],[17.15857,48.1717],[17.158641,48.171728],[17.158831,48.171755],[17.159163,48.171451],[17.158735,48.171082],[17.15864,48.170987],[17.158546,48.170903]]]},"properties":{}},{"type":"Feature","geometry":{"type":"Polygon","coordinates":[[[17.157898,48.171489],[17.157791,48.171585],[17.156744,48.172542],[17.156566,48.172703],[17.156752,48.172793],[17.15676,48.172788],[17.157089,48.172948],[17.157073,48.172963],[17.157238,48.173044],[17.157363,48.173103],[17.157554,48.172929],[17.157614,48.172929],[17.157646,48.172942],[17.157959,48.172664],[17.158033,48.172593],[17.157976,48.172563],[17.15822,48.172336],[17.158436,48.172441],[17.158106,48.172742],[17.158494,48.172947],[17.158966,48.172507],[17.159289,48.172207],[17.159275,48.172201],[17.159661,48.171887],[17.159163,48.171451],[17.158831,48.171755],[17.158641,48.171728],[17.15857,48.1717],[17.158377,48.171605],[17.158177,48.171505],[17.158086,48.171459],[17.158028,48.171447],[17.157898,48.171489]]]},"properties":{}},{"type":"Feature","geometry":{"type":"Polygon","coordinates":[[[17.155782,48.173247],[17.155973,48.173066],[17.156015,48.173028],[17.156332,48.172737],[17.156566,48.172703],[17.156752,48.172793],[17.15676,48.172788],[17.157089,48.172948],[17.157073,48.172963],[17.157238,48.173044],[17.15709,48.173181],[17.157029,48.173151],[17.156984,48.173193],[17.156964,48.173183],[17.15688,48.173257],[17.156888,48.173262],[17.156871,48.173277],[17.156568,48.173553],[17.156538,48.173581],[17.155929,48.173303],[17.155782,48.173247]]]},"properties":{}},{"type":"Feature","geometry":{"type":"Polygon","coordinates":[[[17.119147,48.155027],[17.119164,48.155092],[17.119215,48.155253],[17.119244,48.15535],[17.119249,48.155363],[17.119285,48.15546],[17.119122,48.155521],[17.118807,48.155637],[17.118612,48.155709],[17.118647,48.155777],[17.118171,48.155958],[17.118004,48.156022],[17.117932,48.155965],[17.117767,48.155836],[17.117689,48.155776],[17.117728,48.155754],[17.117832,48.155693],[17.117993,48.155599],[17.118488,48.155353],[17.118789,48.155202],[17.118976,48.155114],[17.119036,48.15508],[17.119147,48.155027]]]},"properties":{}},{"type":"Feature","geometry":{"type":"Polygon","coordinates":[[[17.106075,48.16917],[17.106407,48.169031],[17.106425,48.169003],[17.106463,48.168975],[17.105569,48.168294],[17.1053,48.168121],[17.105109,48.16824],[17.105132,48.168453],[17.106075,48.16917]]]},"properties":{}},{"type":"Feature","geometry":{"type":"Polygon","coordinates":[[[17.178778,48.153207],[17.178739,48.153229],[17.178643,48.153283],[17.178566,48.153322],[17.178472,48.15337],[17.178381,48.153416],[17.178234,48.153466],[17.178231,48.153475],[17.17826,48.153518],[17.178387,48.1537],[17.178407,48.153728],[17.178444,48.153781],[17.17857,48.153961],[17.17859,48.153989],[17.1786,48.153986],[17.17864,48.154045],[17.178707,48.154142],[17.178718,48.154162],[17.178871,48.154419],[17.178955,48.154536],[17.179383,48.154383],[17.179528,48.154331],[17.179387,48.154121],[17.179314,48.154014],[17.179128,48.153738],[17.178941,48.153461],[17.178882,48.153381],[17.178845,48.153342],[17.178884,48.153326],[17.178878,48.153317],[17.178825,48.153259],[17.178778,48.153207]]]},"properties":{}}]}