{"type":"FeatureCollection","features":[{"type":"Feature","geometry":{"type":"LineString","coordinates":[[17.10505,48.129429],[17.105172,48.129722],[17.105238,48.129833],[17.105327,48.12994],[17.105944,48.130495]]},"properties":{"r":2,"k":"road"}},{"type":"Feature","geometry":{"type":"LineString","coordinates":[[17.110396,48.125397],[17.110393,48.125307],[17.110389,48.12517],[17.110376,48.125016],[17.110368,48.12489],[17.110366,48.124861],[17.110352,48.124695],[17.110348,48.124629],[17.110336,48.124508],[17.110324,48.124362],[17.110307,48.124233],[17.110274,48.123847],[17.110269,48.123794],[17.110266,48.123756]]},"properties":{"r":0,"k":"road"}},{"type":"Feature","geometry":{"type":"LineString","coordinates":[[17.110096,48.12424],[17.109047,48.124275],[17.108974,48.124277],[17.108861,48.12428],[17.108358,48.124297],[17.1079,48.124312],[17.107872,48.124313],[17.107741,48.124317]]},"properties":{"r":0,"k":"road"}},{"type":"Feature","geometry":{"type":"LineString","coordinates":[[17.077975,48.124015],[17.086395,48.125117],[17.086727,48.125165],[17.08698,48.125208],[17.087157,48.125246],[17.087415,48.125304],[17.087651,48.125367],[17.087889,48.12545],[17.088159,48.12556],[17.08831,48.125629]]},"properties":{"r":3,"k":"road"}},{"type":"Feature","geometry":{"type":"LineString","coordinates":[[17.09342,48.129944],[17.093328,48.12981],[17.093224,48.129631]]},"properties":{"r":1,"k":"road"}},{"type":"Feature","geometry":{"type":"LineString","coordinates":[[17.094402,48.131364],[17.094098,48.130944]]},"properties":{"r":3,"k":"road"}},{"type":"Feature","geometry":{"type":"LineString","coordinates":[[17.094098,48.130944],[17.093886,48.130885],[17.093726,48.130863],[17.093592,48.13087],[17.093489,48.130889],[17.093368,48.130921],[17.093254,48.130962],[17.093174,48.131006],[17.093093,48.13107],[17.093052,48.131134],[17.093031,48.131214],[17.093046,48.131293],[17.093083,48.131356],[17.093146,48.131416],[17.093223,48.131465],[17.093464,48.131593]]},"properties":{"r":2,"k":"road"}},{"type":"Feature","geometry":{"type":"LineString","coordinates":[[17.09543,48.132486],[17.095689,48.132726]]},"properties":{"r":3,"k":"road"}},{"type":"Feature","geometry":{"type":"LineString","coordinates":[[17.104776,48.126263],[17.104735,48.126146],[17.104694,48.126045],[17.104634,48.125912]]},"properties":{"r":2,"k":"road"}},{"type":"Feature","geometry":{"type":"LineString","coordinates":[[17.093556,48.130772],[17.09365,48.130679],[17.093693,48.130618],[17.093726,48.13053],[17.093747,48.130427]]},"properties":{"r":2,"k":"road"}},{"type":"Feature","geometry":{"type":"LineString","coordinates":[[17.103528,48.125657],[17.103418,48.125518],[17.103374,48.125431],[17.103357,48.125388],[17.103329,48.125276],[17.103322,48.125226],[17.103318,48.12518],[17.103317,48.125138],[17.103321,48.125087],[17.103354,48.124891],[17.103376,48.124773],[17.103381,48.124716],[17.103381,48.124687],[17.103375,48.124617],[17.103362,48.124538],[17.103336,48.124434],[17.103295,48.124221]]},"properties":{"r":0,"k":"road"}},{"type":"Feature","geometry":{"type":"LineString","coordinates":[[17.104274,48.125365],[17.104135,48.125298],[17.10411,48.125279],[17.104076,48.125259],[17.104021,48.125234],[17.103972,48.12522],[17.10392,48.125212],[17.103854,48.125208],[17.103798,48.125211],[17.103761,48.125216],[17.103709,48.125228],[17.103655,48.125248],[17.103617,48.125265],[17.103589,48.125281],[17.103566,48.125298],[17.103536,48.125325],[17.103517,48.125345],[17.103493,48.125382],[17.103478,48.125419],[17.103477,48.12547],[17.103488,48.125527],[17.103528,48.125657]]},"properties":{"r":0,"k":"road"}},{"type":"Feature","geometry":{"type":"LineString","coordinates":[[17.103909,48.124654],[17.104124,48.124743],[17.104196,48.124773],[17.1043,48.124808],[17.104376,48.124827],[17.104452,48.124841],[17.104536,48.124853],[17.104651,48.124864],[17.104743,48.12487],[17.104872,48.12487],[17.105108,48.124876]]},"properties":{"r":0,"k":"road"}},{"type":"Feature","geometry":{"type":"LineString","coordinates":[[17.105108,48.124876],[17.104924,48.124913],[17.104782,48.124951],[17.104724,48.124974],[17.104669,48.125001],[17.104625,48.125032],[17.104591,48.125068],[17.104565,48.12511],[17.104547,48.125157],[17.104539,48.125195],[17.104532,48.125282],[17.104537,48.125419]]},"properties":{"r":0,"k":"road"}},{"type":"Feature","geometry":{"type":"LineString","coordinates":[[17.105826,48.124879],[17.105656,48.124898],[17.105594,48.124897],[17.105522,48.124893],[17.105406,48.124872]]},"properties":{"r":1,"k":"road"}},{"type":"Feature","geometry":{"type":"LineString","coordinates":[[17.103528,48.125657],[17.103643,48.125809],[17.103781,48.125967],[17.10393,48.126127],[17.104005,48.126202],[17.104086,48.126275],[17.104186,48.126349],[17.104246,48.126394],[17.104384,48.126472],[17.104488,48.126517],[17.104595,48.126546],[17.104689,48.126568],[17.104805,48.126582],[17.104941,48.126586],[17.105045,48.126576],[17.105162,48.126561],[17.105228,48.126545],[17.1053,48.126525],[17.105396,48.126491]]},"properties":{"r":1,"k":"road"}},{"type":"Feature","geometry":{"type":"LineString","coordinates":[[17.104859,48.129443],[17.104879,48.128966]]},"properties":{"r":2,"k":"road"}},{"type":"Feature","geometry":{"type":"LineString","coordinates":[[17.095708,48.121797],[17.095311,48.121918],[17.095167,48.121963],[17.09487,48.122053],[17.094382,48.122203],[17.094244,48.122245],[17.093958,48.122332],[17.093617,48.122436],[17.093343,48.122515],[17.093079,48.122594],[17.093,48.122619]]},"properties":{"r":0,"k":"road"}},{"type":"Feature","geometry":{"type":"LineString","coordinates":[[17.098258,48.122702],[17.097919,48.122778],[17.097235,48.123017],[17.096746,48.123174],[17.09654,48.12324],[17.09599,48.123406],[17.095552,48.123551],[17.095049,48.123722],[17.094522,48.123904],[17.094091,48.124053]]},"properties":{"r":0,"k":"road"}},{"type":"Feature","geometry":{"type":"LineString","coordinates":[[17.105797,48.125193],[17.105648,48.125024],[17.105561,48.124947],[17.105406,48.124872]]},"properties":{"r":1,"k":"road"}},{"type":"Feature","geometry":{"type":"LineString","coordinates":[[17.105814,48.126045],[17.105923,48.126048],[17.106245,48.126042]]},"properties":{"r":0,"k":"road"}},{"type":"Feature","geometry":{"type":"LineString","coordinates":[[17.098164,48.124381],[17.098324,48.124285],[17.098454,48.12419],[17.098541,48.124098],[17.098624,48.123857]]},"properties":{"r":0,"k":"road"}},{"type":"Feature","geometry":{"type":"LineString","coordinates":[[17.102525,48.12946],[17.102191,48.129477],[17.102099,48.129489],[17.10204,48.129501],[17.101961,48.129528]]},"properties":{"r":0,"k":"road"}},{"type":"Feature","geometry":{"type":"LineString","coordinates":[[17.096341,48.129807],[17.096274,48.128896],[17.096268,48.128823]]},"properties":{"r":0,"k":"road"}},{"type":"Feature","geometry":{"type":"LineString","coordinates":[[17.099481,48.13078],[17.09949,48.130939],[17.099491,48.130966],[17.099515,48.131427],[17.099523,48.131591],[17.099524,48.1316]]},"properties":{"r":0,"k":"road"}},{"type":"Feature","geometry":{"type":"LineString","coordinates":[[17.09833,48.130827],[17.098324,48.130688],[17.098317,48.130478],[17.098308,48.130375],[17.098281,48.130056],[17.098267,48.129862],[17.098209,48.129333]]},"properties":{"r":0,"k":"road"}},{"type":"Feature","geometry":{"type":"LineString","coordinates":[[17.096666,48.128107],[17.096792,48.12798],[17.097154,48.127617],[17.097207,48.127564],[17.097547,48.127226],[17.097847,48.126924],[17.098025,48.12673],[17.098178,48.12656],[17.098211,48.126523],[17.09841,48.126508],[17.098448,48.126506],[17.099017,48.126489],[17.099278,48.126482],[17.099463,48.126476],[17.100762,48.126432],[17.101208,48.126419],[17.101333,48.126415],[17.101811,48.126399],[17.102885,48.12636],[17.102985,48.126353],[17.103174,48.126337],[17.103284,48.126328]]},"properties":{"r":0,"k":"road"}},{"type":"Feature","geometry":{"type":"LineString","coordinates":[[17.098211,48.126523],[17.097996,48.126431],[17.097653,48.126286],[17.097404,48.126179],[17.097142,48.12606],[17.096927,48.125971],[17.09671,48.125875],[17.096551,48.125805],[17.096445,48.125757]]},"properties":{"r":0,"k":"road"}},{"type":"Feature","geometry":{"type":"LineString","coordinates":[[17.103589,48.130504],[17.102525,48.12946]]},"properties":{"r":0,"k":"road"}},{"type":"Feature","geometry":{"type":"LineString","coordinates":[[17.104964,48.126235],[17.105024,48.126427],[17.10505,48.126523],[17.105073,48.12662],[17.105091,48.126722],[17.105107,48.126813],[17.105118,48.1269],[17.105126,48.126992],[17.105136,48.127121],[17.105141,48.127245],[17.10514,48.127489]]},"properties":{"r":2,"k":"road"}},{"type":"Feature","geometry":{"type":"LineString","coordinates":[[17.10673,48.122954],[17.106742,48.123131],[17.106711,48.123231],[17.106601,48.123463]]},"properties":{"r":0,"k":"road"}},{"type":"Feature","geometry":{"type":"LineString","coordinates":[[17.101619,48.11614],[17.101702,48.116225],[17.101915,48.116446],[17.101973,48.116506],[17.102063,48.116599],[17.102295,48.116838],[17.102415,48.116963],[17.102596,48.117151],[17.102745,48.117304],[17.102773,48.117333],[17.102871,48.117434],[17.102943,48.117509],[17.102973,48.117541],[17.103338,48.117922],[17.103722,48.118322],[17.103826,48.118431]]},"properties":{"r":0,"k":"road"}},{"type":"Feature","geometry":{"type":"LineString","coordinates":[[17.106556,48.126033],[17.106571,48.126205],[17.106589,48.126415],[17.10665,48.127114],[17.106665,48.12727],[17.106676,48.127413],[17.106765,48.128284],[17.106772,48.128366],[17.106787,48.128518],[17.107278,48.128901],[17.107302,48.129014]]},"properties":{"r":0,"k":"road"}},{"type":"Feature","geometry":{"type":"LineString","coordinates":[[17.106665,48.12727],[17.106848,48.127264],[17.107939,48.127226],[17.108355,48.127213],[17.108861,48.127198],[17.1093,48.127186],[17.109782,48.127172],[17.109824,48.127171],[17.109865,48.12717],[17.109957,48.127167]]},"properties":{"r":0,"k":"road"}},{"type":"Feature","geometry":{"type":"LineString","coordinates":[[17.099682,48.11852],[17.099223,48.118722]]},"properties":{"r":0,"k":"road"}},{"type":"Feature","geometry":{"type":"LineString","coordinates":[[17.10572,48.118371],[17.105767,48.118978],[17.105722,48.119104],[17.105623,48.119212],[17.105501,48.11927],[17.105379,48.119327],[17.105174,48.119416],[17.104422,48.119734],[17.104156,48.119851],[17.104131,48.119862],[17.103995,48.119924],[17.103682,48.120063],[17.103639,48.12008],[17.103589,48.120092],[17.10354,48.120099],[17.103487,48.120103],[17.102732,48.120132]]},"properties":{"r":0,"k":"road"}},{"type":"Feature","geometry":{"type":"LineString","coordinates":[[17.094474,48.128879],[17.094626,48.128888],[17.096117,48.128828],[17.096268,48.128823],[17.098071,48.128751]]},"properties":{"r":0,"k":"road"}},{"type":"Feature","geometry":{"type":"LineString","coordinates":[[17.09833,48.130827],[17.098113,48.130835],[17.098071,48.130836],[17.09779,48.130846],[17.096312,48.130893],[17.095723,48.130913],[17.095358,48.130912],[17.095125,48.130859],[17.094935,48.130777],[17.094821,48.130707],[17.094664,48.130587],[17.094544,48.130389],[17.094529,48.130324],[17.094527,48.130285],[17.094523,48.130215],[17.094516,48.130084],[17.094501,48.129824],[17.094488,48.129601],[17.094485,48.129543],[17.094467,48.129238],[17.094446,48.12895],[17.094474,48.128879],[17.094524,48.128754],[17.094545,48.128732],[17.094598,48.128679],[17.094756,48.12852],[17.094957,48.128315],[17.095105,48.128165],[17.095165,48.128105],[17.095388,48.127882],[17.095456,48.127814],[17.095499,48.127773],[17.095573,48.127698],[17.09563,48.127642]]},"properties":{"r":0,"k":"road"}},{"type":"Feature","geometry":{"type":"LineString","coordinates":[[17.098071,48.128751],[17.098014,48.12871],[17.097946,48.128671],[17.097817,48.128605],[17.097763,48.12858],[17.097574,48.1285],[17.097275,48.12837],[17.096752,48.128143],[17.096666,48.128107],[17.096453,48.128003],[17.096151,48.127857],[17.096125,48.127847],[17.095726,48.127682],[17.09563,48.127642],[17.095424,48.127553],[17.095227,48.127468]]},"properties":{"r":0,"k":"road"}},{"type":"Feature","geometry":{"type":"LineString","coordinates":[[17.098211,48.126523],[17.098357,48.126376],[17.098381,48.126352],[17.098648,48.126084],[17.09936,48.125368]]},"properties":{"r":0,"k":"road"}},{"type":"Feature","geometry":{"type":"LineString","coordinates":[[17.103815,48.129411],[17.103812,48.129296],[17.103815,48.129261],[17.103801,48.12909],[17.103797,48.129022],[17.103787,48.128882],[17.103774,48.128701],[17.103764,48.128518],[17.103751,48.128377],[17.10374,48.12822],[17.103727,48.128054],[17.103718,48.127938],[17.10371,48.12784],[17.103704,48.127752],[17.1037,48.127696],[17.103687,48.127537],[17.103676,48.127389],[17.103665,48.127231],[17.103661,48.127175],[17.103646,48.126912],[17.103645,48.126898],[17.103641,48.126874],[17.103632,48.126845],[17.103621,48.12681],[17.103609,48.126776],[17.103594,48.126739],[17.103579,48.126705],[17.10356,48.126669],[17.103541,48.126633],[17.10352,48.126599],[17.103498,48.126566],[17.103479,48.126538],[17.10346,48.126515],[17.103284,48.126328],[17.101565,48.124407],[17.101436,48.124276],[17.100287,48.123241],[17.09989,48.122873],[17.099787,48.122788]]},"properties":{"r":0,"k":"road"}},{"type":"Feature","geometry":{"type":"LineString","coordinates":[[17.104654,48.134302],[17.104598,48.134151],[17.104573,48.134079],[17.104544,48.134005],[17.104531,48.133967],[17.104519,48.133935],[17.104496,48.133884],[17.104447,48.133783],[17.104347,48.133592],[17.104234,48.1334],[17.104201,48.133349],[17.104166,48.133297],[17.104108,48.133218],[17.104063,48.133161],[17.104019,48.133111],[17.103931,48.133016],[17.103761,48.132846],[17.103579,48.132683],[17.103351,48.132471],[17.103227,48.132375],[17.103166,48.13233],[17.103108,48.132293],[17.103043,48.132255],[17.102984,48.132226],[17.102922,48.132201],[17.102866,48.132182],[17.102795,48.132156],[17.102727,48.132136],[17.102652,48.132119],[17.102535,48.132095],[17.102401,48.132069],[17.102312,48.13205],[17.102202,48.132018]]},"properties":{"r":2,"k":"road"}},{"type":"Feature","geometry":{"type":"LineString","coordinates":[[17.104902,48.132491],[17.104991,48.132715],[17.105021,48.132758],[17.105043,48.132785],[17.105063,48.132803],[17.105081,48.132817],[17.105101,48.132827],[17.105136,48.132846],[17.105181,48.132867],[17.105243,48.132891],[17.105287,48.132908],[17.105333,48.132915],[17.105377,48.132923],[17.105469,48.132931],[17.105546,48.132931],[17.105597,48.132928],[17.105631,48.132921],[17.105664,48.132913],[17.105691,48.132904],[17.10573,48.132891],[17.105777,48.132869],[17.105875,48.132792],[17.10624,48.132491]]},"properties":{"r":2,"k":"road"}},{"type":"Feature","geometry":{"type":"LineString","coordinates":[[17.110908,48.125383],[17.110517,48.125393],[17.110396,48.125397],[17.110236,48.125402],[17.108627,48.125454]]},"properties":{"r":0,"k":"road"}},{"type":"Feature","geometry":{"type":"LineString","coordinates":[[17.109912,48.126706],[17.109957,48.127167]]},"properties":{"r":0,"k":"road"}},{"type":"Feature","geometry":{"type":"LineString","coordinates":[[17.106503,48.124846],[17.106508,48.124961],[17.106509,48.124987],[17.106512,48.125051],[17.106549,48.125875],[17.106556,48.126033]]},"properties":{"r":0,"k":"road"}},{"type":"Feature","geometry":{"type":"LineString","coordinates":[[17.112344,48.132101],[17.112313,48.132207],[17.112279,48.132242],[17.112212,48.132278]]},"properties":{"r":0,"k":"road"}},{"type":"Feature","geometry":{"type":"LineString","coordinates":[[17.112212,48.132278],[17.11215,48.132294],[17.111918,48.132361]]},"properties":{"r":0,"k":"road"}},{"type":"Feature","geometry":{"type":"LineString","coordinates":[[17.103617,48.131965],[17.103476,48.132026],[17.103429,48.132051],[17.103362,48.132101],[17.103342,48.132124],[17.103321,48.132151],[17.103306,48.132175],[17.103291,48.132207],[17.103278,48.132259],[17.103277,48.13228],[17.103285,48.132306],[17.103309,48.132354],[17.103344,48.132391],[17.103768,48.132767],[17.103825,48.132814],[17.103861,48.132835],[17.1039,48.13285],[17.103947,48.132864],[17.104002,48.132876],[17.10404,48.132881],[17.104096,48.132884],[17.10414,48.132882],[17.104186,48.132878],[17.104271,48.132864],[17.104308,48.132856],[17.104344,48.132847],[17.104421,48.132824],[17.104479,48.132802],[17.104528,48.132778],[17.104545,48.132766],[17.104608,48.132709],[17.104626,48.132683],[17.104708,48.132542]]},"properties":{"r":2,"k":"road"}},{"type":"Feature","geometry":{"type":"LineString","coordinates":[[17.107991,48.131805],[17.107668,48.131856],[17.107455,48.131885],[17.1073,48.131931],[17.10711,48.131997],[17.106915,48.132078],[17.106743,48.132174],[17.106472,48.132359],[17.106199,48.132575],[17.105707,48.132966],[17.10562,48.133038],[17.10552,48.133108],[17.105346,48.133248],[17.105129,48.133484],[17.105048,48.133605],[17.105004,48.133673],[17.104967,48.133742],[17.104906,48.133866],[17.104875,48.133944],[17.10485,48.134008],[17.104811,48.134108]]},"properties":{"r":2,"k":"road"}},{"type":"Feature","geometry":{"type":"LineString","coordinates":[[17.11659,48.13135],[17.108124,48.131656],[17.097329,48.132059],[17.096622,48.132071],[17.096005,48.132068],[17.095466,48.132049],[17.094965,48.132022],[17.094406,48.131974],[17.093836,48.131912],[17.093255,48.131829],[17.092741,48.131735],[17.092192,48.131628],[17.091624,48.131491],[17.091094,48.131351],[17.090554,48.131187],[17.090149,48.131057],[17.089755,48.130913],[17.089257,48.130763]]},"properties":{"r":4,"k":"road"}},{"type":"Feature","geometry":{"type":"LineString","coordinates":[[17.097772,48.132186],[17.09743,48.132278],[17.097132,48.132361]]},"properties":{"r":3,"k":"road"}},{"type":"Feature","geometry":{"type":"LineString","coordinates":[[17.095289,48.126914],[17.09516,48.126813],[17.092402,48.12464]]},"properties":{"r":0,"k":"road"}},{"type":"Feature","geometry":{"type":"LineString","coordinates":[[17.09654,48.12324],[17.0966,48.123327],[17.097003,48.12388],[17.097141,48.124074]]},"properties":{"r":0,"k":"road"}},{"type":"Feature","geometry":{"type":"LineString","coordinates":[[17.098258,48.122702],[17.098281,48.122785],[17.098305,48.12285],[17.098451,48.123074],[17.098426,48.123126],[17.098045,48.123261],[17.097965,48.123289],[17.098037,48.123402],[17.098199,48.123661],[17.098067,48.123781],[17.097931,48.123835],[17.097854,48.123864],[17.09774,48.123944],[17.097537,48.123941],[17.097141,48.124074]]},"properties":{"r":0,"k":"road"}},{"type":"Feature","geometry":{"type":"LineString","coordinates":[[17.091607,48.124912],[17.091639,48.124942],[17.092455,48.125599],[17.093778,48.126621],[17.094594,48.127284]]},"properties":{"r":0,"k":"road"}},{"type":"Feature","geometry":{"type":"LineString","coordinates":[[17.091509,48.126818],[17.091725,48.126721],[17.091778,48.126721],[17.091828,48.12672],[17.092084,48.12695],[17.092077,48.126984],[17.09207,48.127018],[17.091406,48.127352],[17.091061,48.127049],[17.091415,48.126867],[17.091509,48.126818]]},"properties":{"r":0,"k":"road"}},{"type":"Feature","geometry":{"type":"LineString","coordinates":[[17.089959,48.125452],[17.090693,48.126106],[17.091509,48.126818]]},"properties":{"r":0,"k":"road"}},{"type":"Feature","geometry":{"type":"LineString","coordinates":[[17.091406,48.127352],[17.091943,48.12783],[17.092606,48.128448]]},"properties":{"r":0,"k":"road"}},{"type":"Feature","geometry":{"type":"LineString","coordinates":[[17.093723,48.127522],[17.092865,48.127681],[17.092699,48.127709],[17.091943,48.12783]]},"properties":{"r":0,"k":"road"}},{"type":"Feature","geometry":{"type":"LineString","coordinates":[[17.093987,48.127727],[17.093723,48.127522],[17.093706,48.127508],[17.093572,48.127401],[17.092811,48.126796],[17.092301,48.126389],[17.091694,48.12591],[17.091261,48.125568],[17.090765,48.125177]]},"properties":{"r":0,"k":"road"}},{"type":"Feature","geometry":{"type":"LineString","coordinates":[[17.087797,48.120684],[17.089249,48.120372],[17.089742,48.120263]]},"properties":{"r":0,"k":"road"}},{"type":"Feature","geometry":{"type":"LineString","coordinates":[[17.098776,48.123163],[17.098856,48.12293],[17.098899,48.122794],[17.098908,48.122751],[17.098908,48.122715],[17.098903,48.122671],[17.0989,48.122632]]},"properties":{"r":0,"k":"road"}},{"type":"Feature","geometry":{"type":"LineString","coordinates":[[17.089742,48.120263],[17.08972,48.12022],[17.089392,48.119548],[17.089067,48.118881],[17.088761,48.118227]]},"properties":{"r":0,"k":"road"}},{"type":"Feature","geometry":{"type":"LineString","coordinates":[[17.087469,48.119964],[17.088712,48.119695],[17.089354,48.119556],[17.089392,48.119548],[17.090948,48.119207],[17.091042,48.119187]]},"properties":{"r":0,"k":"road"}},{"type":"Feature","geometry":{"type":"LineString","coordinates":[[17.086744,48.11862],[17.087145,48.118529],[17.087607,48.118481],[17.087912,48.118424],[17.088067,48.118388],[17.088134,48.118373],[17.088638,48.118259],[17.088706,48.118241],[17.088761,48.118227]]},"properties":{"r":0,"k":"road"}},{"type":"Feature","geometry":{"type":"LineString","coordinates":[[17.089067,48.118881],[17.090506,48.118558]]},"properties":{"r":0,"k":"road"}},{"type":"Feature","geometry":{"type":"LineString","coordinates":[[17.106697,48.122536],[17.106703,48.122607]]},"properties":{"r":0,"k":"road"}},{"type":"Feature","geometry":{"type":"LineString","coordinates":[[17.089041,48.130463],[17.089412,48.130659],[17.089839,48.130814],[17.090234,48.130959],[17.090625,48.131087],[17.091153,48.131247],[17.0917,48.131392],[17.092242,48.131523],[17.09278,48.13163],[17.093301,48.131719],[17.093851,48.131797],[17.094424,48.131862],[17.094863,48.1319],[17.095458,48.131936],[17.096007,48.131955],[17.096636,48.131956],[17.097144,48.131947],[17.097333,48.131946],[17.108131,48.131536],[17.11658,48.131238]]},"properties":{"r":4,"k":"road"}},{"type":"Feature","geometry":{"type":"LineString","coordinates":[[17.084305,48.128539],[17.088378,48.130203]]},"properties":{"r":4,"k":"road"}},{"type":"Feature","geometry":{"type":"LineString","coordinates":[[17.095313,48.132525],[17.095226,48.132438],[17.095122,48.13233],[17.094898,48.132064],[17.094736,48.131846],[17.094608,48.131661],[17.094402,48.131364]]},"properties":{"r":3,"k":"road"}},{"type":"Feature","geometry":{"type":"LineString","coordinates":[[17.095981,48.132993],[17.095937,48.132996],[17.095906,48.132994],[17.095826,48.132986]]},"properties":{"r":3,"k":"road"}},{"type":"Feature","geometry":{"type":"LineString","coordinates":[[17.100541,48.124098],[17.10385,48.123979]]},"properties":{"r":1,"k":"road"}},{"type":"Feature","geometry":{"type":"LineString","coordinates":[[17.105681,48.123977],[17.10385,48.123979]]},"properties":{"r":1,"k":"road"}},{"type":"Feature","geometry":{"type":"LineString","coordinates":[[17.102085,48.131628],[17.102287,48.131552],[17.102399,48.131523],[17.102516,48.131485],[17.102668,48.131414],[17.102805,48.131346],[17.102956,48.131263],[17.103115,48.131166],[17.103251,48.131062],[17.103385,48.130951],[17.103658,48.130727],[17.1042,48.130284],[17.104368,48.130144],[17.104452,48.130076],[17.104532,48.13],[17.104578,48.129951],[17.104623,48.129895],[17.104661,48.129841],[17.104701,48.129776],[17.104749,48.129694],[17.104783,48.129616],[17.104859,48.129443]]},"properties":{"r":2,"k":"road"}},{"type":"Feature","geometry":{"type":"LineString","coordinates":[[17.104789,48.130908],[17.104717,48.130755],[17.104695,48.13072],[17.104684,48.130703],[17.104671,48.130687],[17.10464,48.130656],[17.104626,48.130644],[17.104609,48.130632],[17.104587,48.130616],[17.104563,48.130601],[17.10451,48.130574],[17.10447,48.130557],[17.104428,48.130542],[17.104402,48.130534],[17.104367,48.130525],[17.104309,48.130515],[17.104278,48.130512],[17.104247,48.130511],[17.104217,48.130511],[17.104188,48.130513],[17.104119,48.13052],[17.104052,48.130533],[17.104012,48.130542],[17.103972,48.130554],[17.103943,48.130567],[17.103914,48.130583],[17.103192,48.131162],[17.103172,48.131182],[17.103154,48.131203],[17.103147,48.131217],[17.10314,48.131239],[17.103136,48.131257],[17.103136,48.131272],[17.103135,48.131287],[17.103137,48.131304],[17.103144,48.131327],[17.103148,48.131338],[17.103155,48.131353],[17.103191,48.131403],[17.10324,48.131461],[17.103268,48.131476],[17.103283,48.131485],[17.103299,48.131493],[17.103316,48.1315],[17.103335,48.131508],[17.103361,48.131515],[17.103386,48.131521],[17.103454,48.131532],[17.103714,48.131566]]},"properties":{"r":2,"k":"road"}},{"type":"Feature","geometry":{"type":"LineString","coordinates":[[17.106413,48.132352],[17.106434,48.132335],[17.106455,48.132316],[17.106475,48.132295],[17.106493,48.132276],[17.106509,48.132259],[17.106529,48.132238],[17.106538,48.132226],[17.106546,48.132214],[17.106552,48.132196],[17.106557,48.132151],[17.106549,48.132108],[17.106537,48.132072],[17.106503,48.132028],[17.106461,48.131989],[17.10644,48.131974],[17.106401,48.131955],[17.10637,48.131944],[17.106341,48.131935],[17.106306,48.131927],[17.106235,48.13191],[17.106136,48.131875]]},"properties":{"r":2,"k":"road"}},{"type":"Feature","geometry":{"type":"LineString","coordinates":[[17.095009,48.125388],[17.094933,48.125309],[17.094897,48.125263],[17.094835,48.125184],[17.094752,48.125079],[17.094531,48.124774],[17.094401,48.124594],[17.094333,48.12451],[17.094232,48.124382],[17.094057,48.124156],[17.09403,48.124074]]},"properties":{"r":0,"k":"road"}},{"type":"Feature","geometry":{"type":"LineString","coordinates":[[17.091597,48.119887],[17.092057,48.120782]]},"properties":{"r":0,"k":"road"}},{"type":"Feature","geometry":{"type":"LineString","coordinates":[[17.086255,48.117805],[17.086331,48.117857],[17.086439,48.117995],[17.086647,48.118422],[17.086744,48.11862]]},"properties":{"r":0,"k":"road"}},{"type":"Feature","geometry":{"type":"LineString","coordinates":[[17.094527,48.125699],[17.094382,48.125778],[17.094163,48.125615],[17.094055,48.125522],[17.093858,48.125354],[17.093543,48.125126],[17.09338,48.124998],[17.093083,48.124767],[17.092774,48.124501]]},"properties":{"r":0,"k":"road"}},{"type":"Feature","geometry":{"type":"LineString","coordinates":[[17.096102,48.125392],[17.096146,48.125454],[17.096139,48.125511]]},"properties":{"r":0,"k":"road"}},{"type":"Feature","geometry":{"type":"LineString","coordinates":[[17.094232,48.124382],[17.093891,48.124496],[17.093624,48.124586],[17.093427,48.124652],[17.093083,48.124767]]},"properties":{"r":0,"k":"road"}},{"type":"Feature","geometry":{"type":"LineString","coordinates":[[17.093858,48.125354],[17.094192,48.12534],[17.094451,48.125329],[17.094933,48.125309]]},"properties":{"r":0,"k":"road"}},{"type":"Feature","geometry":{"type":"LineString","coordinates":[[17.093543,48.125126],[17.094184,48.125101],[17.094752,48.125079]]},"properties":{"r":0,"k":"road"}},{"type":"Feature","geometry":{"type":"LineString","coordinates":[[17.091061,48.127049],[17.091023,48.127066],[17.090747,48.127184],[17.090706,48.127201],[17.089179,48.125828],[17.089199,48.125753]]},"properties":{"r":0,"k":"road"}},{"type":"Feature","geometry":{"type":"LineString","coordinates":[[17.110829,48.118653],[17.110993,48.118752],[17.11119,48.118949],[17.111564,48.119333],[17.111932,48.119719],[17.112306,48.120105],[17.112386,48.120131]]},"properties":{"r":0,"k":"road"}},{"type":"Feature","geometry":{"type":"LineString","coordinates":[[17.094516,48.131326],[17.094682,48.131567],[17.094879,48.131853],[17.095041,48.132062],[17.095229,48.132278],[17.095336,48.132391],[17.09543,48.132486]]},"properties":{"r":3,"k":"road"}},{"type":"Feature","geometry":{"type":"LineString","coordinates":[[17.093691,48.130092],[17.093939,48.130469]]},"properties":{"r":3,"k":"road"}},{"type":"Feature","geometry":{"type":"LineString","coordinates":[[17.096321,48.13284],[17.09628,48.132984],[17.096275,48.133063],[17.096309,48.133159],[17.096345,48.133223]]},"properties":{"r":0,"k":"road"}},{"type":"Feature","geometry":{"type":"LineString","coordinates":[[17.095968,48.133083],[17.095981,48.132993]]},"properties":{"r":0,"k":"road"}},{"type":"Feature","geometry":{"type":"LineString","coordinates":[[17.093523,48.128833],[17.093391,48.129264],[17.093363,48.129381]]},"properties":{"r":1,"k":"road"}},{"type":"Feature","geometry":{"type":"LineString","coordinates":[[17.098838,48.124007],[17.098836,48.124097],[17.09885,48.124137],[17.098839,48.124187]]},"properties":{"r":0,"k":"road"}},{"type":"Feature","geometry":{"type":"LineString","coordinates":[[17.098839,48.124187],[17.098758,48.124155],[17.098741,48.124123],[17.098624,48.123857]]},"properties":{"r":0,"k":"road"}},{"type":"Feature","geometry":{"type":"LineString","coordinates":[[17.09867,48.123669],[17.098771,48.123902],[17.098838,48.124007]]},"properties":{"r":0,"k":"road"}},{"type":"Feature","geometry":{"type":"LineString","coordinates":[[17.099816,48.129286],[17.099772,48.129286],[17.099563,48.129289],[17.099283,48.129296],[17.098835,48.129311],[17.098401,48.129328],[17.098282,48.129333],[17.098209,48.129333]]},"properties":{"r":0,"k":"road"}},{"type":"Feature","geometry":{"type":"LineString","coordinates":[[17.106579,48.121004],[17.106591,48.121151],[17.106623,48.121565],[17.106657,48.122011],[17.106673,48.122215],[17.106697,48.122536]]},"properties":{"r":0,"k":"road"}},{"type":"Feature","geometry":{"type":"LineString","coordinates":[[17.106579,48.121004],[17.10657,48.120975],[17.106556,48.120953],[17.106531,48.12093],[17.106497,48.120904],[17.106468,48.120885],[17.10643,48.120866],[17.106394,48.120853],[17.106359,48.120843],[17.106323,48.120836],[17.106287,48.120832],[17.10625,48.120833],[17.106203,48.120841],[17.106152,48.120854],[17.105893,48.120971],[17.105613,48.121086],[17.105366,48.121193],[17.105338,48.121212],[17.105328,48.121228],[17.105326,48.121264],[17.105331,48.121324],[17.105405,48.122222],[17.105423,48.122435],[17.105449,48.122482],[17.105463,48.1225],[17.105476,48.122511],[17.105487,48.122519],[17.105507,48.122531],[17.105526,48.122539],[17.105563,48.122551],[17.105606,48.122563],[17.105642,48.122569],[17.105679,48.122571],[17.105737,48.122571],[17.105922,48.122565],[17.106697,48.122536]]},"properties":{"r":0,"k":"road"}},{"type":"Feature","geometry":{"type":"LineString","coordinates":[[17.094813,48.121293],[17.093514,48.119681],[17.093482,48.119647]]},"properties":{"r":0,"k":"road"}},{"type":"Feature","geometry":{"type":"LineString","coordinates":[[17.104774,48.13113],[17.104789,48.130908]]},"properties":{"r":2,"k":"road"}},{"type":"Feature","geometry":{"type":"LineString","coordinates":[[17.104726,48.132297],[17.10475,48.131702]]},"properties":{"r":2,"k":"road"}},{"type":"Feature","geometry":{"type":"LineString","coordinates":[[17.104912,48.132298],[17.104902,48.132491]]},"properties":{"r":2,"k":"road"}},{"type":"Feature","geometry":{"type":"LineString","coordinates":[[17.104968,48.13113],[17.104948,48.131573],[17.104923,48.132072]]},"properties":{"r":2,"k":"road"}},{"type":"Feature","geometry":{"type":"LineString","coordinates":[[17.104664,48.13697],[17.10454,48.139579]]},"properties":{"r":2,"k":"road"}},{"type":"Feature","geometry":{"type":"LineString","coordinates":[[17.10462,48.135244],[17.104627,48.135027],[17.104641,48.134747],[17.104654,48.134302]]},"properties":{"r":2,"k":"road"}},{"type":"Feature","geometry":{"type":"LineString","coordinates":[[17.111769,48.117839],[17.111779,48.118025],[17.1118,48.118166],[17.111915,48.118254],[17.112025,48.118284],[17.112224,48.118274],[17.112346,48.118291],[17.112449,48.118318],[17.113566,48.118272],[17.114222,48.118254],[17.114348,48.118222],[17.114423,48.118161],[17.11442,48.117966]]},"properties":{"r":0,"k":"road"}},{"type":"Feature","geometry":{"type":"LineString","coordinates":[[17.112449,48.118318],[17.112451,48.118393],[17.112458,48.118654],[17.11246,48.118746],[17.112462,48.118819]]},"properties":{"r":0,"k":"road"}},{"type":"Feature","geometry":{"type":"LineString","coordinates":[[17.106565,48.123647],[17.106656,48.123714],[17.106732,48.123757],[17.106819,48.123809]]},"properties":{"r":0,"k":"road"}},{"type":"Feature","geometry":{"type":"LineString","coordinates":[[17.093523,48.128833],[17.093572,48.128756],[17.093653,48.128642],[17.093771,48.128495]]},"properties":{"r":1,"k":"road"}},{"type":"Feature","geometry":{"type":"LineString","coordinates":[[17.102467,48.136318],[17.10255,48.136331],[17.102634,48.136342],[17.103815,48.136463],[17.104192,48.136502],[17.104406,48.136524]]},"properties":{"r":0,"k":"road"}},{"type":"Feature","geometry":{"type":"LineString","coordinates":[[17.096345,48.133223],[17.09699,48.133627],[17.097407,48.133923]]},"properties":{"r":0,"k":"road"}},{"type":"Feature","geometry":{"type":"LineString","coordinates":[[17.095689,48.132726],[17.09586,48.132886],[17.095942,48.132957],[17.095981,48.132993]]},"properties":{"r":3,"k":"road"}},{"type":"Feature","geometry":{"type":"LineString","coordinates":[[17.095981,48.132993],[17.096345,48.133223]]},"properties":{"r":0,"k":"road"}},{"type":"Feature","geometry":{"type":"LineString","coordinates":[[17.095981,48.132993],[17.096022,48.132914],[17.096209,48.132782]]},"properties":{"r":2,"k":"road"}},{"type":"Feature","geometry":{"type":"LineString","coordinates":[[17.104388,48.140024],[17.10441,48.139577],[17.104536,48.136978]]},"properties":{"r":2,"k":"road"}},{"type":"Feature","geometry":{"type":"LineString","coordinates":[[17.104654,48.134302],[17.104669,48.133996],[17.104668,48.133806]]},"properties":{"r":2,"k":"road"}},{"type":"Feature","geometry":{"type":"LineString","coordinates":[[17.104811,48.134108],[17.104745,48.135247]]},"properties":{"r":2,"k":"road"}},{"type":"Feature","geometry":{"type":"LineString","coordinates":[[17.104902,48.132491],[17.104882,48.132833]]},"properties":{"r":2,"k":"road"}},{"type":"Feature","geometry":{"type":"LineString","coordinates":[[17.107991,48.131805],[17.106136,48.131875]]},"properties":{"r":3,"k":"road"}},{"type":"Feature","geometry":{"type":"LineString","coordinates":[[17.106136,48.131875],[17.104404,48.131938],[17.103617,48.131965]]},"properties":{"r":3,"k":"road"}},{"type":"Feature","geometry":{"type":"LineString","coordinates":[[17.102085,48.131628],[17.102525,48.131613],[17.103118,48.131588],[17.103714,48.131566]]},"properties":{"r":3,"k":"road"}},{"type":"Feature","geometry":{"type":"LineString","coordinates":[[17.104651,48.131532],[17.105572,48.131501]]},"properties":{"r":3,"k":"road"}},{"type":"Feature","geometry":{"type":"LineString","coordinates":[[17.091322,48.131165],[17.091667,48.131167],[17.091858,48.131174],[17.092011,48.131172],[17.092178,48.131159]]},"properties":{"r":2,"k":"road"}},{"type":"Feature","geometry":{"type":"LineString","coordinates":[[17.097278,48.131792],[17.099269,48.131727]]},"properties":{"r":3,"k":"road"}},{"type":"Feature","geometry":{"type":"LineString","coordinates":[[17.093413,48.129659],[17.093589,48.129949],[17.093691,48.130092]]},"properties":{"r":3,"k":"road"}},{"type":"Feature","geometry":{"type":"LineString","coordinates":[[17.09342,48.129944],[17.093216,48.12981],[17.092991,48.129616],[17.092875,48.129506],[17.092858,48.129491],[17.09276,48.12939],[17.092684,48.129308]]},"properties":{"r":3,"k":"road"}},{"type":"Feature","geometry":{"type":"LineString","coordinates":[[17.098839,48.124187],[17.099215,48.124124]]},"properties":{"r":1,"k":"road"}},{"type":"Feature","geometry":{"type":"LineString","coordinates":[[17.098838,48.124007],[17.098941,48.124062],[17.098983,48.124084],[17.099215,48.124124]]},"properties":{"r":0,"k":"road"}},{"type":"Feature","geometry":{"type":"LineString","coordinates":[[17.098624,48.123857],[17.09867,48.123669]]},"properties":{"r":0,"k":"road"}},{"type":"Feature","geometry":{"type":"LineString","coordinates":[[17.092753,48.122825],[17.092732,48.122843],[17.092557,48.122918],[17.091049,48.123271],[17.089995,48.123511],[17.089598,48.123608],[17.089354,48.123666],[17.089257,48.123665]]},"properties":{"r":0,"k":"road"}},{"type":"Feature","geometry":{"type":"LineString","coordinates":[[17.087797,48.120684],[17.087815,48.120719],[17.088148,48.121391],[17.088219,48.121534],[17.088525,48.122173],[17.089212,48.123611],[17.089257,48.123665]]},"properties":{"r":0,"k":"road"}},{"type":"Feature","geometry":{"type":"LineString","coordinates":[[17.086744,48.11862],[17.086798,48.118719],[17.087233,48.119527],[17.087469,48.119964],[17.0877,48.120406],[17.0878,48.12063],[17.087797,48.120684]]},"properties":{"r":0,"k":"road"}},{"type":"Feature","geometry":{"type":"LineString","coordinates":[[17.097482,48.120774],[17.096395,48.119419],[17.0963,48.119297],[17.096159,48.119115],[17.096013,48.118913],[17.095913,48.118758],[17.095859,48.118662],[17.095822,48.11859],[17.095788,48.118534],[17.095654,48.118287],[17.095623,48.118232],[17.095357,48.117745],[17.09524,48.117525],[17.095028,48.117123],[17.094906,48.116901],[17.094682,48.116493],[17.094602,48.116353],[17.094499,48.116161],[17.094417,48.116017],[17.094246,48.115751],[17.094072,48.115482]]},"properties":{"r":0,"k":"road"}},{"type":"Feature","geometry":{"type":"LineString","coordinates":[[17.104274,48.125365],[17.104127,48.125179],[17.103841,48.124833],[17.103295,48.124221]]},"properties":{"r":2,"k":"road"}},{"type":"Feature","geometry":{"type":"LineString","coordinates":[[17.104537,48.125419],[17.104739,48.125733],[17.104824,48.125882],[17.104884,48.126027],[17.104964,48.126235]]},"properties":{"r":2,"k":"road"}},{"type":"Feature","geometry":{"type":"LineString","coordinates":[[17.107444,48.123907],[17.106816,48.123929]]},"properties":{"r":1,"k":"road"}},{"type":"Feature","geometry":{"type":"LineString","coordinates":[[17.106816,48.123929],[17.106502,48.124033],[17.106386,48.124083],[17.106227,48.124162]]},"properties":{"r":1,"k":"road"}},{"type":"Feature","geometry":{"type":"LineString","coordinates":[[17.106068,48.124244],[17.106044,48.124162],[17.105971,48.124075],[17.105835,48.124011],[17.105681,48.123977]]},"properties":{"r":0,"k":"road"}},{"type":"Feature","geometry":{"type":"LineString","coordinates":[[17.096519,48.115937],[17.096558,48.116022],[17.096583,48.116084],[17.096611,48.116146],[17.096686,48.1163],[17.096771,48.116453],[17.096832,48.116556],[17.096881,48.116631],[17.09693,48.116705],[17.096984,48.116779],[17.097038,48.116853],[17.097195,48.117045],[17.09734,48.117218],[17.097593,48.11751],[17.098324,48.118341]]},"properties":{"r":2,"k":"road"}},{"type":"Feature","geometry":{"type":"LineString","coordinates":[[17.092606,48.128448],[17.092702,48.128545],[17.092907,48.128753],[17.093013,48.128744],[17.093061,48.128679],[17.093029,48.128647],[17.092737,48.128509],[17.092606,48.128448]]},"properties":{"r":0,"k":"road"}},{"type":"Feature","geometry":{"type":"LineString","coordinates":[[17.105846,48.124651],[17.106007,48.124355],[17.106068,48.124244]]},"properties":{"r":1,"k":"road"}},{"type":"Feature","geometry":{"type":"LineString","coordinates":[[17.105826,48.124879],[17.105843,48.124812]]},"properties":{"r":1,"k":"road"}},{"type":"Feature","geometry":{"type":"LineString","coordinates":[[17.108082,48.123832],[17.107444,48.123907]]},"properties":{"r":1,"k":"road"}},{"type":"Feature","geometry":{"type":"LineString","coordinates":[[17.099682,48.11852],[17.099544,48.118376],[17.099354,48.118179],[17.099273,48.118098],[17.099245,48.118068],[17.099067,48.117883],[17.098414,48.117203],[17.098351,48.117137],[17.098224,48.117004],[17.098188,48.116968],[17.097973,48.116745],[17.097758,48.116521],[17.097531,48.116286]]},"properties":{"r":0,"k":"road"}},{"type":"Feature","geometry":{"type":"LineString","coordinates":[[17.10631,48.131163],[17.106287,48.131086],[17.106262,48.130987],[17.106225,48.130905]]},"properties":{"r":2,"k":"road"}},{"type":"Feature","geometry":{"type":"LineString","coordinates":[[17.106705,48.131208],[17.106797,48.131239],[17.106898,48.131269],[17.106983,48.131299],[17.107049,48.131322],[17.107255,48.131375],[17.10748,48.131422]]},"properties":{"r":2,"k":"road"}},{"type":"Feature","geometry":{"type":"LineString","coordinates":[[17.106705,48.131208],[17.106698,48.13123],[17.106686,48.131251],[17.106668,48.131271],[17.106645,48.131288],[17.106619,48.131303],[17.106589,48.131314],[17.106557,48.131322],[17.106523,48.131326],[17.106488,48.131326],[17.106455,48.131321],[17.106422,48.131314],[17.106392,48.131302],[17.106366,48.131288],[17.106344,48.131271],[17.106323,48.131246],[17.10631,48.131219],[17.106306,48.131191],[17.10631,48.131163],[17.106324,48.131136],[17.106343,48.131114],[17.106368,48.131095],[17.106398,48.131079],[17.106432,48.131068],[17.106469,48.131061],[17.106504,48.131058],[17.10654,48.13106],[17.10657,48.131065],[17.106599,48.131074],[17.106626,48.131085],[17.10665,48.131099],[17.10667,48.131115],[17.106686,48.131133],[17.106697,48.131153],[17.106706,48.13118],[17.106705,48.131208]]},"properties":{"r":2,"k":"road"}},{"type":"Feature","geometry":{"type":"LineString","coordinates":[[17.105051,48.129422],[17.10505,48.129429],[17.105016,48.130107],[17.104995,48.130516],[17.104984,48.130791]]},"properties":{"r":2,"k":"road"}},{"type":"Feature","geometry":{"type":"LineString","coordinates":[[17.112622,48.131631],[17.111309,48.131683],[17.110969,48.131695]]},"properties":{"r":3,"k":"road"}},{"type":"Feature","geometry":{"type":"LineString","coordinates":[[17.109602,48.131745],[17.107991,48.131805]]},"properties":{"r":3,"k":"road"}},{"type":"Feature","geometry":{"type":"LineString","coordinates":[[17.097407,48.133923],[17.096808,48.1336],[17.096534,48.133434]]},"properties":{"r":0,"k":"road"}},{"type":"Feature","geometry":{"type":"LineString","coordinates":[[17.092842,48.129404],[17.09292,48.12943],[17.092932,48.129435],[17.092947,48.129438],[17.092961,48.12944],[17.092978,48.12944],[17.09301,48.129436],[17.093035,48.12943],[17.093059,48.129421],[17.093081,48.12941],[17.093098,48.129401],[17.093114,48.129388],[17.093139,48.129365],[17.093209,48.1293]]},"properties":{"r":1,"k":"road"}},{"type":"Feature","geometry":{"type":"LineString","coordinates":[[17.111213,48.13221],[17.111309,48.132262],[17.111385,48.132306],[17.111455,48.13234],[17.111504,48.132367]]},"properties":{"r":0,"k":"road"}},{"type":"Feature","geometry":{"type":"LineString","coordinates":[[17.111504,48.132367],[17.111421,48.132371],[17.1113,48.132374],[17.11124,48.13238],[17.111162,48.132394]]},"properties":{"r":0,"k":"road"}},{"type":"Feature","geometry":{"type":"LineString","coordinates":[[17.100541,48.124098],[17.100483,48.1241],[17.099909,48.124124]]},"properties":{"r":1,"k":"road"}},{"type":"Feature","geometry":{"type":"LineString","coordinates":[[17.096735,48.118154],[17.097097,48.118479],[17.097237,48.118603],[17.097374,48.118728],[17.09747,48.118816],[17.097566,48.11891],[17.097644,48.11899],[17.097722,48.119079],[17.099639,48.121279],[17.101972,48.123949],[17.102308,48.124334],[17.102555,48.124618],[17.102639,48.124714],[17.102754,48.124849],[17.102804,48.124908],[17.102855,48.124968],[17.102897,48.125022],[17.102968,48.12512],[17.102989,48.125151],[17.103079,48.125282],[17.103188,48.125455],[17.103473,48.125885],[17.103497,48.125921],[17.103722,48.126262],[17.103795,48.126372],[17.103863,48.126468],[17.103918,48.126536],[17.103973,48.126601]]},"properties":{"r":1,"k":"rail"}},{"type":"Feature","geometry":{"type":"LineString","coordinates":[[17.104508,48.127306],[17.104377,48.127155],[17.104117,48.126858],[17.103835,48.126533],[17.103025,48.125607],[17.102664,48.125193]]},"properties":{"r":1,"k":"rail"}},{"type":"Feature","geometry":{"type":"LineString","coordinates":[[17.102022,48.12427],[17.102464,48.124781],[17.102768,48.125132],[17.102995,48.125392],[17.103037,48.12544],[17.103182,48.125609],[17.103245,48.125681],[17.103289,48.125737],[17.103336,48.125798],[17.103397,48.125883]]},"properties":{"r":1,"k":"rail"}},{"type":"Feature","geometry":{"type":"LineString","coordinates":[[17.097809,48.120066],[17.097759,48.119994],[17.097681,48.11989],[17.097628,48.119825],[17.097582,48.119774],[17.097435,48.119605],[17.097217,48.119355]]},"properties":{"r":1,"k":"rail"}},{"type":"Feature","geometry":{"type":"LineString","coordinates":[[17.099217,48.121455],[17.097507,48.119492],[17.097355,48.119317],[17.097292,48.119248],[17.097237,48.119182],[17.097177,48.119105],[17.097109,48.11901]]},"properties":{"r":1,"k":"rail"}},{"type":"Feature","geometry":{"type":"LineString","coordinates":[[17.103705,48.126188],[17.103762,48.126253],[17.103822,48.126314],[17.103905,48.126394],[17.103975,48.126455],[17.104157,48.126618],[17.10421,48.126665],[17.104307,48.126751],[17.104456,48.126872],[17.104701,48.127065],[17.10497,48.127277]]},"properties":{"r":1,"k":"rail"}},{"type":"Feature","geometry":{"type":"LineString","coordinates":[[17.096678,48.118355],[17.096461,48.118028]]},"properties":{"r":1,"k":"rail"}},{"type":"Feature","geometry":{"type":"LineString","coordinates":[[17.102383,48.124867],[17.102032,48.124463],[17.101858,48.124263],[17.101269,48.12359],[17.099353,48.121397],[17.097498,48.119271],[17.097399,48.119154],[17.097303,48.119037],[17.09723,48.11894],[17.097089,48.118754],[17.097011,48.11865],[17.096935,48.118551],[17.09688,48.118481],[17.096789,48.118369],[17.096711,48.118277]]},"properties":{"r":1,"k":"rail"}},{"type":"Feature","geometry":{"type":"LineString","coordinates":[[17.102383,48.124867],[17.102325,48.124805],[17.102265,48.124743],[17.102179,48.124658],[17.102092,48.12458],[17.101969,48.124469],[17.101915,48.124418],[17.101858,48.124363],[17.101777,48.124275],[17.101703,48.124189],[17.101587,48.124057],[17.101198,48.123615],[17.099283,48.121424]]},"properties":{"r":1,"k":"rail"}},{"type":"Feature","geometry":{"type":"LineString","coordinates":[[17.09889,48.12136],[17.09888,48.121349],[17.098757,48.121206],[17.098094,48.120452],[17.098016,48.12036],[17.097956,48.120281],[17.097894,48.120189],[17.097824,48.120087],[17.097809,48.120066],[17.097408,48.119458]]},"properties":{"r":1,"k":"rail"}},{"type":"Feature","geometry":{"type":"LineString","coordinates":[[17.10243,48.124052],[17.102936,48.124822],[17.10299,48.124919],[17.103058,48.12506],[17.10312,48.125187],[17.103225,48.125408],[17.103308,48.125583],[17.103355,48.125679],[17.103383,48.125734],[17.103429,48.125813],[17.103473,48.125885]]},"properties":{"r":1,"k":"rail"}},{"type":"Feature","geometry":{"type":"LineString","coordinates":[[17.099693,48.121431],[17.099702,48.121442],[17.099908,48.121677],[17.101853,48.1239],[17.102139,48.124228],[17.102251,48.124359],[17.10258,48.124736],[17.102686,48.124858],[17.102785,48.124975],[17.102796,48.12499],[17.10285,48.12506],[17.102914,48.125152],[17.103152,48.125513]]},"properties":{"r":1,"k":"rail"}},{"type":"Feature","geometry":{"type":"LineString","coordinates":[[17.096278,48.11774],[17.096402,48.117848],[17.096464,48.117897],[17.096514,48.117932],[17.096565,48.117968],[17.096867,48.118187],[17.096956,48.118254],[17.097045,48.118326],[17.09713,48.118398],[17.097177,48.118439],[17.097251,48.118508],[17.097378,48.118625],[17.0974,48.118646],[17.097454,48.1187],[17.097537,48.118785],[17.097629,48.118884],[17.101619,48.123458],[17.102046,48.123948]]},"properties":{"r":1,"k":"rail"}},{"type":"Feature","geometry":{"type":"LineString","coordinates":[[17.096954,48.118211],[17.097309,48.118417],[17.097409,48.11848],[17.097507,48.118548],[17.097614,48.118633],[17.097674,48.118685],[17.097703,48.11871],[17.097785,48.118794],[17.099002,48.120193]]},"properties":{"r":1,"k":"rail"}},{"type":"Feature","geometry":{"type":"LineString","coordinates":[[17.096867,48.118187],[17.097206,48.11843],[17.097287,48.118493],[17.097362,48.118554],[17.09743,48.11861],[17.097514,48.118688],[17.097594,48.118763],[17.097694,48.118868],[17.10151,48.123246],[17.101595,48.123339],[17.101677,48.12344],[17.101769,48.123568],[17.10185,48.123692],[17.1019,48.123763],[17.101982,48.123868],[17.102046,48.123948],[17.102367,48.124313],[17.1025,48.124469],[17.102556,48.124533],[17.102615,48.124601],[17.102655,48.124654],[17.102703,48.124722],[17.102766,48.124818],[17.102968,48.12512]]},"properties":{"r":1,"k":"rail"}},{"type":"Feature","geometry":{"type":"LineString","coordinates":[[17.104067,48.126709],[17.104435,48.12713],[17.10447,48.12717],[17.104579,48.127295],[17.104942,48.127711],[17.105034,48.127817],[17.105127,48.12792],[17.105222,48.128022],[17.105321,48.128127],[17.105399,48.128206],[17.105478,48.128286],[17.105561,48.128365],[17.105647,48.128441],[17.105729,48.128518],[17.105816,48.128597],[17.105905,48.128673],[17.105995,48.128749],[17.106086,48.128821],[17.10618,48.128892],[17.106275,48.128964],[17.106369,48.129034],[17.106471,48.129103],[17.106573,48.129169],[17.106678,48.129236],[17.106785,48.1293],[17.106844,48.129336],[17.106891,48.129364],[17.106998,48.129426],[17.107109,48.129487],[17.10722,48.129546],[17.107333,48.129603],[17.107371,48.129622],[17.107385,48.129629],[17.107447,48.129659],[17.107564,48.129716],[17.107681,48.12977],[17.107799,48.129823],[17.107918,48.129874],[17.10804,48.129921],[17.108161,48.129969],[17.108286,48.130016],[17.108412,48.130061],[17.10854,48.130105],[17.108669,48.130148],[17.108799,48.130189],[17.108929,48.130228],[17.109061,48.130266],[17.109193,48.130303],[17.109326,48.130338],[17.109459,48.130371],[17.109594,48.130402],[17.109728,48.130432],[17.109867,48.13046],[17.110005,48.130487],[17.110142,48.130513],[17.11028,48.130538],[17.110421,48.130559],[17.110562,48.130578],[17.110703,48.130597],[17.110844,48.130614],[17.110985,48.130629],[17.111125,48.130642],[17.111269,48.130654],[17.111415,48.130662],[17.111556,48.130671],[17.1117,48.130678],[17.111843,48.130684],[17.111988,48.130687],[17.112129,48.130688],[17.112274,48.130689],[17.112415,48.130689],[17.11256,48.130687],[17.112704,48.130685],[17.112847,48.130682],[17.112991,48.130679],[17.113134,48.130674],[17.115312,48.130606],[17.117508,48.130533],[17.117658,48.130527],[17.117803,48.130521],[17.119967,48.130438],[17.123371,48.13032],[17.125051,48.130262],[17.126398,48.130218],[17.126674,48.130208],[17.126956,48.130195],[17.127507,48.130171],[17.127786,48.130161],[17.12806,48.130153]]},"properties":{"r":1,"k":"rail"}},{"type":"Feature","geometry":{"type":"LineString","coordinates":[[17.105683,48.127944],[17.105486,48.127789],[17.105392,48.127708],[17.105298,48.127617],[17.105247,48.127563],[17.105189,48.127491],[17.105131,48.127424],[17.105051,48.127348],[17.10497,48.127277]]},"properties":{"r":1,"k":"rail"}},{"type":"Feature","geometry":{"type":"LineString","coordinates":[[17.101917,48.129331],[17.101817,48.12934],[17.10179,48.129339],[17.101477,48.129353],[17.101321,48.129321],[17.10125,48.129306]]},"properties":{"r":0,"k":"road"}},{"type":"Feature","geometry":{"type":"LineString","coordinates":[[17.106368,48.123949],[17.106246,48.123954]]},"properties":{"r":1,"k":"road"}},{"type":"Feature","geometry":{"type":"LineString","coordinates":[[17.106601,48.123463],[17.106565,48.123647]]},"properties":{"r":0,"k":"road"}},{"type":"Feature","geometry":{"type":"LineString","coordinates":[[17.101603,48.132041],[17.100986,48.132065],[17.098696,48.13215],[17.09855,48.132155]]},"properties":{"r":3,"k":"road"}},{"type":"Feature","geometry":{"type":"LineString","coordinates":[[17.103826,48.118431],[17.105405,48.118381],[17.105569,48.118376],[17.10572,48.118371]]},"properties":{"r":0,"k":"road"}},{"type":"Feature","geometry":{"type":"LineString","coordinates":[[17.099682,48.11852],[17.099934,48.118411],[17.10011,48.118336],[17.100832,48.11802],[17.100942,48.117972],[17.10087,48.117884]]},"properties":{"r":0,"k":"road"}},{"type":"Feature","geometry":{"type":"LineString","coordinates":[[17.104775,48.136558],[17.105977,48.136659],[17.106773,48.136725],[17.106989,48.13674],[17.107097,48.136747],[17.107209,48.136749],[17.107401,48.136748],[17.107536,48.136743],[17.107669,48.136733],[17.107804,48.136718],[17.107932,48.136697],[17.108342,48.136603],[17.108639,48.13654],[17.109402,48.136381],[17.109511,48.136359],[17.109631,48.136334],[17.110305,48.136191],[17.111393,48.135958],[17.112403,48.135747],[17.114149,48.135371]]},"properties":{"r":0,"k":"road"}},{"type":"Feature","geometry":{"type":"LineString","coordinates":[[17.101961,48.129528],[17.101931,48.129478],[17.101917,48.129331]]},"properties":{"r":0,"k":"road"}},{"type":"Feature","geometry":{"type":"LineString","coordinates":[[17.096321,48.13284],[17.096096,48.132967],[17.096037,48.132984],[17.095981,48.132993]]},"properties":{"r":3,"k":"road"}},{"type":"Feature","geometry":{"type":"LineString","coordinates":[[17.102525,48.12946],[17.103217,48.129439],[17.103574,48.129428]]},"properties":{"r":0,"k":"road"}},{"type":"Feature","geometry":{"type":"LineString","coordinates":[[17.103815,48.129411],[17.104001,48.129414],[17.10424,48.129385]]},"properties":{"r":0,"k":"road"}},{"type":"Feature","geometry":{"type":"LineString","coordinates":[[17.095227,48.127468],[17.095073,48.127476],[17.094967,48.127484],[17.094851,48.127498],[17.094724,48.12754],[17.094581,48.12762]]},"properties":{"r":0,"k":"road"}},{"type":"Feature","geometry":{"type":"LineString","coordinates":[[17.095201,48.127008],[17.095151,48.127147],[17.095141,48.127242],[17.095151,48.127298],[17.095166,48.127386],[17.095227,48.127468]]},"properties":{"r":0,"k":"road"}},{"type":"Feature","geometry":{"type":"LineString","coordinates":[[17.09648,48.118009],[17.096254,48.117752],[17.09607,48.117541],[17.095996,48.117454]]},"properties":{"r":1,"k":"rail"}},{"type":"Feature","geometry":{"type":"LineString","coordinates":[[17.099283,48.121424],[17.0972,48.119034],[17.097049,48.11886],[17.096975,48.118777],[17.096939,48.118731],[17.0969,48.118683],[17.096861,48.118632],[17.096817,48.118564]]},"properties":{"r":1,"k":"rail"}},{"type":"Feature","geometry":{"type":"LineString","coordinates":[[17.104508,48.127306],[17.104458,48.127244],[17.104408,48.127181],[17.104387,48.127151],[17.104366,48.127121],[17.104325,48.127064],[17.104288,48.127009],[17.104261,48.126967],[17.104229,48.126918],[17.10418,48.126851],[17.104124,48.126777],[17.104067,48.126709]]},"properties":{"r":1,"k":"rail"}},{"type":"Feature","geometry":{"type":"LineString","coordinates":[[17.102664,48.125193],[17.102633,48.125157],[17.102392,48.124877],[17.102383,48.124867]]},"properties":{"r":1,"k":"rail"}},{"type":"Feature","geometry":{"type":"LineString","coordinates":[[17.103227,48.125748],[17.103174,48.125694],[17.103107,48.125623],[17.103031,48.125548],[17.102969,48.125493],[17.102906,48.125435],[17.102835,48.125372],[17.102776,48.125314],[17.102718,48.125252],[17.102664,48.125193]]},"properties":{"r":1,"k":"rail"}},{"type":"Feature","geometry":{"type":"LineString","coordinates":[[17.097408,48.119458],[17.097109,48.11901]]},"properties":{"r":1,"k":"rail"}},{"type":"Feature","geometry":{"type":"LineString","coordinates":[[17.101547,48.124091],[17.101073,48.123662],[17.101054,48.123644],[17.100979,48.123573],[17.100895,48.123482],[17.099156,48.121493],[17.099145,48.121478]]},"properties":{"r":1,"k":"rail"}},{"type":"Feature","geometry":{"type":"LineString","coordinates":[[17.101969,48.124469],[17.101547,48.124091],[17.101462,48.124005],[17.101357,48.123902],[17.10129,48.123827],[17.101165,48.123683],[17.101128,48.123642],[17.099217,48.121455]]},"properties":{"r":1,"k":"rail"}},{"type":"Feature","geometry":{"type":"LineString","coordinates":[[17.105905,48.131446],[17.106064,48.131426],[17.106144,48.1314],[17.106222,48.131364],[17.106268,48.131337],[17.106309,48.131299],[17.106323,48.131246]]},"properties":{"r":2,"k":"road"}},{"type":"Feature","geometry":{"type":"LineString","coordinates":[[17.093363,48.129381],[17.093267,48.129583]]},"properties":{"r":1,"k":"road"}},{"type":"Feature","geometry":{"type":"LineString","coordinates":[[17.105797,48.125193],[17.105797,48.12505],[17.105806,48.124959],[17.105826,48.124879]]},"properties":{"r":1,"k":"road"}},{"type":"Feature","geometry":{"type":"LineString","coordinates":[[17.105829,48.125623],[17.105797,48.125193]]},"properties":{"r":1,"k":"road"}},{"type":"Feature","geometry":{"type":"LineString","coordinates":[[17.105396,48.126491],[17.105456,48.126465],[17.105515,48.126426],[17.105624,48.126328],[17.10573,48.126208],[17.105757,48.12617],[17.105814,48.126045]]},"properties":{"r":1,"k":"road"}},{"type":"Feature","geometry":{"type":"LineString","coordinates":[[17.104834,48.133831],[17.104811,48.134108]]},"properties":{"r":2,"k":"road"}},{"type":"Feature","geometry":{"type":"LineString","coordinates":[[17.104882,48.132833],[17.104858,48.133389],[17.104849,48.133605],[17.104834,48.133831]]},"properties":{"r":2,"k":"road"}},{"type":"Feature","geometry":{"type":"LineString","coordinates":[[17.10673,48.122954],[17.106324,48.122967]]},"properties":{"r":0,"k":"road"}},{"type":"Feature","geometry":{"type":"LineString","coordinates":[[17.106556,48.126033],[17.106751,48.126026],[17.106794,48.126025]]},"properties":{"r":0,"k":"road"}},{"type":"Feature","geometry":{"type":"LineString","coordinates":[[17.100667,48.125561],[17.1007,48.125494],[17.1007,48.125158],[17.100446,48.124666],[17.100384,48.124597]]},"properties":{"r":0,"k":"road"}},{"type":"Feature","geometry":{"type":"LineString","coordinates":[[17.113816,48.126438],[17.113477,48.126448],[17.111122,48.126527]]},"properties":{"r":0,"k":"road"}},{"type":"Feature","geometry":{"type":"LineString","coordinates":[[17.101423,48.120171],[17.101371,48.120165],[17.101331,48.120155],[17.101298,48.120145],[17.101276,48.120135],[17.101249,48.120123],[17.101228,48.120111],[17.101202,48.12009],[17.101179,48.120071],[17.10087,48.119749],[17.100775,48.119651],[17.100716,48.119591],[17.100499,48.119364],[17.10048,48.119343],[17.100316,48.119174],[17.10013,48.118982],[17.100088,48.118939],[17.100058,48.118908],[17.10005,48.118899],[17.099845,48.118688],[17.099682,48.11852]]},"properties":{"r":0,"k":"road"}},{"type":"Feature","geometry":{"type":"LineString","coordinates":[[17.102195,48.12015],[17.102076,48.120155],[17.101811,48.120163],[17.101601,48.120169],[17.101423,48.120171]]},"properties":{"r":0,"k":"road"}},{"type":"Feature","geometry":{"type":"LineString","coordinates":[[17.098568,48.118887],[17.098517,48.118834],[17.098248,48.118531],[17.097834,48.118045],[17.097687,48.117878],[17.097521,48.117687],[17.097316,48.117448]]},"properties":{"r":2,"k":"road"}},{"type":"Feature","geometry":{"type":"LineString","coordinates":[[17.098808,48.118887],[17.098691,48.118896],[17.098568,48.118887]]},"properties":{"r":0,"k":"road"}},{"type":"Feature","geometry":{"type":"LineString","coordinates":[[17.089742,48.120263],[17.090145,48.120171],[17.09133,48.11992],[17.091533,48.119877],[17.091597,48.119887]]},"properties":{"r":0,"k":"road"}},{"type":"Feature","geometry":{"type":"LineString","coordinates":[[17.096139,48.125511],[17.09591,48.125587],[17.095299,48.125797],[17.095099,48.125866],[17.094983,48.125906],[17.094901,48.125781],[17.094748,48.125586]]},"properties":{"r":0,"k":"road"}},{"type":"Feature","geometry":{"type":"LineString","coordinates":[[17.088761,48.118227],[17.08963,48.118037],[17.090101,48.117935]]},"properties":{"r":0,"k":"road"}},{"type":"Feature","geometry":{"type":"LineString","coordinates":[[17.088761,48.118227],[17.088468,48.117594]]},"properties":{"r":0,"k":"road"}},{"type":"Feature","geometry":{"type":"LineString","coordinates":[[17.094748,48.125586],[17.094685,48.125618],[17.094527,48.125699]]},"properties":{"r":0,"k":"road"}},{"type":"Feature","geometry":{"type":"LineString","coordinates":[[17.095009,48.125388],[17.094748,48.125586]]},"properties":{"r":0,"k":"road"}},{"type":"Feature","geometry":{"type":"LineString","coordinates":[[17.09403,48.124074],[17.093133,48.124375],[17.092774,48.124501],[17.092402,48.12464],[17.091974,48.124784],[17.091607,48.124912],[17.090916,48.125124],[17.090765,48.125177],[17.090573,48.125242],[17.090534,48.125255],[17.089959,48.125452],[17.089199,48.125753]]},"properties":{"r":0,"k":"road"}},{"type":"Feature","geometry":{"type":"LineString","coordinates":[[17.094091,48.124053],[17.09403,48.124074]]},"properties":{"r":0,"k":"road"}},{"type":"Feature","geometry":{"type":"LineString","coordinates":[[17.103574,48.129428],[17.103592,48.129427],[17.1037,48.129415],[17.103815,48.129411]]},"properties":{"r":0,"k":"road"}},{"type":"Feature","geometry":{"type":"LineString","coordinates":[[17.10424,48.129385],[17.10441,48.129357]]},"properties":{"r":0,"k":"road"}},{"type":"Feature","geometry":{"type":"LineString","coordinates":[[17.093,48.122619],[17.093062,48.122748],[17.093043,48.122802],[17.092844,48.122871]]},"properties":{"r":0,"k":"road"}},{"type":"Feature","geometry":{"type":"LineString","coordinates":[[17.099007,48.118807],[17.098964,48.11891],[17.098943,48.118971],[17.098932,48.119026]]},"properties":{"r":0,"k":"road"}},{"type":"Feature","geometry":{"type":"LineString","coordinates":[[17.094382,48.125778],[17.094802,48.126114],[17.094853,48.126155]]},"properties":{"r":0,"k":"road"}},{"type":"Feature","geometry":{"type":"LineString","coordinates":[[17.093224,48.129631],[17.093195,48.129552]]},"properties":{"r":1,"k":"road"}},{"type":"Feature","geometry":{"type":"LineString","coordinates":[[17.093209,48.1293],[17.093523,48.128833]]},"properties":{"r":1,"k":"road"}},{"type":"Feature","geometry":{"type":"LineString","coordinates":[[17.093267,48.129583],[17.093224,48.129631]]},"properties":{"r":1,"k":"road"}},{"type":"Feature","geometry":{"type":"LineString","coordinates":[[17.093195,48.129552],[17.093186,48.129493],[17.093184,48.129439],[17.093187,48.129363],[17.093209,48.1293]]},"properties":{"r":1,"k":"road"}},{"type":"Feature","geometry":{"type":"LineString","coordinates":[[17.093224,48.129631],[17.093152,48.129638],[17.093094,48.129627],[17.093038,48.129604],[17.092875,48.129506]]},"properties":{"r":1,"k":"road"}},{"type":"Feature","geometry":{"type":"LineString","coordinates":[[17.093267,48.129583],[17.093413,48.129659]]},"properties":{"r":3,"k":"road"}},{"type":"Feature","geometry":{"type":"LineString","coordinates":[[17.093195,48.129552],[17.093267,48.129583]]},"properties":{"r":3,"k":"road"}},{"type":"Feature","geometry":{"type":"LineString","coordinates":[[17.094098,48.130944],[17.093928,48.130691]]},"properties":{"r":3,"k":"road"}},{"type":"Feature","geometry":{"type":"LineString","coordinates":[[17.093928,48.130691],[17.093747,48.130427]]},"properties":{"r":3,"k":"road"}},{"type":"Feature","geometry":{"type":"LineString","coordinates":[[17.092842,48.129404],[17.092921,48.129474],[17.092954,48.129489],[17.092987,48.129501],[17.093022,48.129512],[17.093064,48.129524],[17.093147,48.129542],[17.093195,48.129552]]},"properties":{"r":3,"k":"road"}},{"type":"Feature","geometry":{"type":"LineString","coordinates":[[17.093928,48.130691],[17.093992,48.130695],[17.094065,48.13072],[17.094134,48.130758]]},"properties":{"r":2,"k":"road"}},{"type":"Feature","geometry":{"type":"LineString","coordinates":[[17.093556,48.130772],[17.093858,48.130697],[17.093928,48.130691]]},"properties":{"r":2,"k":"road"}},{"type":"Feature","geometry":{"type":"LineString","coordinates":[[17.105905,48.131446],[17.106042,48.131374],[17.106078,48.131339],[17.10615,48.131275],[17.106172,48.131244],[17.106192,48.1312],[17.106206,48.131154],[17.106212,48.131092],[17.106216,48.131033],[17.106225,48.130905],[17.106165,48.130809],[17.106117,48.130744],[17.106058,48.130676],[17.10594,48.130566],[17.105896,48.130531],[17.105843,48.130501],[17.10579,48.130475],[17.105736,48.130457],[17.105668,48.130444],[17.105599,48.130439],[17.10553,48.130439],[17.105466,48.130446],[17.105405,48.130458],[17.105346,48.130475],[17.105304,48.130489],[17.105263,48.130505],[17.105212,48.130528],[17.10517,48.130551],[17.105134,48.130576],[17.1051,48.130606],[17.104984,48.130791]]},"properties":{"r":2,"k":"road"}},{"type":"Feature","geometry":{"type":"LineString","coordinates":[[17.097407,48.133923],[17.097804,48.134152],[17.098428,48.134466],[17.098853,48.13462],[17.098955,48.13465],[17.099337,48.134758],[17.099744,48.134846],[17.09987,48.134874],[17.099981,48.134898]]},"properties":{"r":0,"k":"road"}},{"type":"Feature","geometry":{"type":"LineString","coordinates":[[17.099981,48.134898],[17.100385,48.134986],[17.100496,48.13503],[17.100603,48.135084],[17.100798,48.135212],[17.101185,48.135521],[17.101245,48.135569],[17.101955,48.13608],[17.102084,48.136167]]},"properties":{"r":0,"k":"road"}},{"type":"Feature","geometry":{"type":"LineString","coordinates":[[17.111984,48.124245],[17.112103,48.124241],[17.112531,48.124226],[17.112604,48.124225],[17.112731,48.124222],[17.113223,48.124213],[17.113538,48.124205],[17.113659,48.124204]]},"properties":{"r":0,"k":"road"}},{"type":"Feature","geometry":{"type":"LineString","coordinates":[[17.103295,48.124221],[17.102959,48.12384]]},"properties":{"r":2,"k":"road"}},{"type":"Feature","geometry":{"type":"LineString","coordinates":[[17.103909,48.124654],[17.104342,48.125163],[17.104537,48.125419]]},"properties":{"r":2,"k":"road"}},{"type":"Feature","geometry":{"type":"LineString","coordinates":[[17.104984,48.130791],[17.104968,48.13113]]},"properties":{"r":2,"k":"road"}},{"type":"Feature","geometry":{"type":"LineString","coordinates":[[17.106315,48.123834],[17.106399,48.123708],[17.106601,48.123463]]},"properties":{"r":0,"k":"road"}},{"type":"Feature","geometry":{"type":"LineString","coordinates":[[17.10385,48.123979],[17.105312,48.123888]]},"properties":{"r":1,"k":"road"}},{"type":"Feature","geometry":{"type":"LineString","coordinates":[[17.106533,48.123941],[17.106368,48.123949]]},"properties":{"r":1,"k":"road"}},{"type":"Feature","geometry":{"type":"LineString","coordinates":[[17.106315,48.123834],[17.10645,48.123826]]},"properties":{"r":1,"k":"road"}},{"type":"Feature","geometry":{"type":"LineString","coordinates":[[17.105312,48.123888],[17.106008,48.123856]]},"properties":{"r":1,"k":"road"}},{"type":"Feature","geometry":{"type":"LineString","coordinates":[[17.106246,48.123954],[17.106018,48.123964],[17.105681,48.123977]]},"properties":{"r":1,"k":"road"}},{"type":"Feature","geometry":{"type":"LineString","coordinates":[[17.106008,48.123856],[17.106315,48.123834]]},"properties":{"r":1,"k":"road"}},{"type":"Feature","geometry":{"type":"LineString","coordinates":[[17.10645,48.123826],[17.106603,48.12382],[17.106819,48.123809]]},"properties":{"r":1,"k":"road"}},{"type":"Feature","geometry":{"type":"LineString","coordinates":[[17.108082,48.123832],[17.110266,48.123756]]},"properties":{"r":1,"k":"road"}},{"type":"Feature","geometry":{"type":"LineString","coordinates":[[17.10645,48.123826],[17.106368,48.123949]]},"properties":{"r":1,"k":"road"}},{"type":"Feature","geometry":{"type":"LineString","coordinates":[[17.106246,48.123954],[17.106315,48.123834]]},"properties":{"r":1,"k":"road"}},{"type":"Feature","geometry":{"type":"LineString","coordinates":[[17.106227,48.124162],[17.105843,48.124812]]},"properties":{"r":1,"k":"road"}},{"type":"Feature","geometry":{"type":"LineString","coordinates":[[17.106246,48.123954],[17.106306,48.124029]]},"properties":{"r":1,"k":"road"}},{"type":"Feature","geometry":{"type":"LineString","coordinates":[[17.106306,48.124029],[17.106227,48.124162]]},"properties":{"r":1,"k":"road"}},{"type":"Feature","geometry":{"type":"LineString","coordinates":[[17.106068,48.124244],[17.10619,48.124039],[17.106246,48.123954]]},"properties":{"r":1,"k":"road"}},{"type":"Feature","geometry":{"type":"LineString","coordinates":[[17.097132,48.132361],[17.097033,48.132405],[17.096905,48.132471],[17.096583,48.132668],[17.096321,48.13284]]},"properties":{"r":3,"k":"road"}},{"type":"Feature","geometry":{"type":"LineString","coordinates":[[17.11775,48.119527],[17.117583,48.11947],[17.117264,48.11936],[17.116828,48.119213],[17.116392,48.119064],[17.116125,48.118971],[17.115986,48.118925],[17.115879,48.118891],[17.115768,48.118859],[17.115659,48.11883],[17.115553,48.118805],[17.115475,48.118789],[17.115399,48.118775],[17.11533,48.118766],[17.115246,48.118756],[17.115136,48.118746],[17.115082,48.118743],[17.115027,48.118741],[17.114971,48.11874],[17.114917,48.118741],[17.114811,48.118743],[17.114439,48.118752],[17.11374,48.118777],[17.113039,48.118801],[17.112462,48.118819],[17.11229,48.118817]]},"properties":{"r":1,"k":"road"}},{"type":"Feature","geometry":{"type":"LineString","coordinates":[[17.10321,48.123867],[17.103909,48.124654]]},"properties":{"r":2,"k":"road"}},{"type":"Feature","geometry":{"type":"LineString","coordinates":[[17.099178,48.119584],[17.098701,48.119034]]},"properties":{"r":2,"k":"road"}},{"type":"Feature","geometry":{"type":"LineString","coordinates":[[17.104668,48.133806],[17.104672,48.133602],[17.104683,48.13317],[17.104708,48.132542]]},"properties":{"r":2,"k":"road"}},{"type":"Feature","geometry":{"type":"LineString","coordinates":[[17.098324,48.118341],[17.098694,48.118759],[17.09872,48.11879],[17.098808,48.118887]]},"properties":{"r":2,"k":"road"}},{"type":"Feature","geometry":{"type":"LineString","coordinates":[[17.095826,48.132986],[17.095313,48.132525]]},"properties":{"r":3,"k":"road"}},{"type":"Feature","geometry":{"type":"LineString","coordinates":[[17.105406,48.124872],[17.105245,48.124878],[17.105108,48.124876]]},"properties":{"r":1,"k":"road"}},{"type":"Feature","geometry":{"type":"LineString","coordinates":[[17.105406,48.124872],[17.105626,48.12484],[17.105826,48.124879]]},"properties":{"r":1,"k":"road"}},{"type":"Feature","geometry":{"type":"LineString","coordinates":[[17.099007,48.118807],[17.098889,48.118854],[17.098808,48.118887]]},"properties":{"r":0,"k":"road"}},{"type":"Feature","geometry":{"type":"LineString","coordinates":[[17.105814,48.126045],[17.105838,48.125926],[17.105841,48.125813],[17.105829,48.125623]]},"properties":{"r":1,"k":"road"}},{"type":"Feature","geometry":{"type":"LineString","coordinates":[[17.093363,48.129381],[17.093396,48.129531],[17.093413,48.129659]]},"properties":{"r":1,"k":"road"}},{"type":"Feature","geometry":{"type":"LineString","coordinates":[[17.093691,48.130092],[17.094027,48.130363],[17.094425,48.130693]]},"properties":{"r":2,"k":"road"}},{"type":"Feature","geometry":{"type":"LineString","coordinates":[[17.094134,48.130758],[17.094516,48.131326]]},"properties":{"r":3,"k":"road"}},{"type":"Feature","geometry":{"type":"LineString","coordinates":[[17.095968,48.133083],[17.095826,48.132986]]},"properties":{"r":0,"k":"road"}},{"type":"Feature","geometry":{"type":"LineString","coordinates":[[17.096534,48.133434],[17.096032,48.133123],[17.095968,48.133083]]},"properties":{"r":0,"k":"road"}},{"type":"Feature","geometry":{"type":"LineString","coordinates":[[17.095689,48.132726],[17.09582,48.132773],[17.095879,48.132789],[17.095947,48.132798],[17.096,48.132803],[17.096051,48.132799],[17.096091,48.132795],[17.096209,48.132782],[17.096342,48.132706],[17.096463,48.132622],[17.096489,48.132595],[17.096511,48.132564],[17.096523,48.132523],[17.096528,48.132487],[17.096523,48.132455],[17.096516,48.132426],[17.096503,48.132397],[17.09648,48.132371],[17.096448,48.13234],[17.096402,48.132314],[17.096354,48.132295],[17.096297,48.132272],[17.096086,48.132221]]},"properties":{"r":2,"k":"road"}},{"type":"Feature","geometry":{"type":"LineString","coordinates":[[17.092178,48.131159],[17.092309,48.131134],[17.092489,48.131089],[17.093556,48.130772]]},"properties":{"r":2,"k":"road"}},{"type":"Feature","geometry":{"type":"LineString","coordinates":[[17.089257,48.130763],[17.083969,48.128616],[17.083499,48.128438],[17.083071,48.128288],[17.082595,48.128142],[17.082164,48.128031],[17.081709,48.127922]]},"properties":{"r":4,"k":"road"}},{"type":"Feature","geometry":{"type":"LineString","coordinates":[[17.098164,48.124381],[17.098303,48.124336],[17.098441,48.124289],[17.098638,48.124235],[17.098839,48.124187]]},"properties":{"r":1,"k":"road"}},{"type":"Feature","geometry":{"type":"LineString","coordinates":[[17.092753,48.122825],[17.092889,48.122701],[17.093,48.122619]]},"properties":{"r":0,"k":"road"}},{"type":"Feature","geometry":{"type":"LineString","coordinates":[[17.096565,48.117968],[17.096663,48.118034],[17.09678,48.118111],[17.09685,48.118152],[17.096954,48.118211],[17.097044,48.118266],[17.097135,48.118326],[17.097215,48.118378],[17.097286,48.11843],[17.097365,48.11849],[17.097465,48.118571],[17.097568,48.118662],[17.097643,48.118733],[17.09772,48.118813],[17.097796,48.118896],[17.102067,48.12379],[17.102146,48.123887],[17.102231,48.124005],[17.10234,48.124171],[17.102398,48.124259],[17.102703,48.124722]]},"properties":{"r":1,"k":"rail"}},{"type":"Feature","geometry":{"type":"LineString","coordinates":[[17.08831,48.125629],[17.088595,48.125782],[17.088789,48.125898],[17.088972,48.126006],[17.089134,48.126141],[17.089381,48.12633],[17.089958,48.126849],[17.09055,48.127373],[17.091114,48.127875],[17.091726,48.128424],[17.092435,48.129074]]},"properties":{"r":3,"k":"road"}},{"type":"Feature","geometry":{"type":"LineString","coordinates":[[17.099223,48.118722],[17.099007,48.118807]]},"properties":{"r":0,"k":"road"}},{"type":"Feature","geometry":{"type":"LineString","coordinates":[[17.106565,48.123647],[17.10651,48.123737],[17.10645,48.123826]]},"properties":{"r":0,"k":"road"}},{"type":"Feature","geometry":{"type":"LineString","coordinates":[[17.106819,48.123809],[17.107413,48.123804],[17.107739,48.123794]]},"properties":{"r":1,"k":"road"}},{"type":"Feature","geometry":{"type":"LineString","coordinates":[[17.106008,48.123856],[17.106126,48.123899],[17.106246,48.123954]]},"properties":{"r":1,"k":"road"}},{"type":"Feature","geometry":{"type":"LineString","coordinates":[[17.105406,48.124872],[17.105649,48.12479],[17.10577,48.124716],[17.105846,48.124651]]},"properties":{"r":1,"k":"road"}},{"type":"Feature","geometry":{"type":"LineString","coordinates":[[17.094813,48.121293],[17.094971,48.121226],[17.095402,48.121061],[17.095474,48.121033],[17.09557,48.120996],[17.095668,48.12096],[17.095825,48.120903],[17.096098,48.120807],[17.096377,48.120708],[17.096588,48.120637],[17.096653,48.120615]]},"properties":{"r":0,"k":"road"}},{"type":"Feature","geometry":{"type":"LineString","coordinates":[[17.096395,48.119419],[17.096313,48.119488],[17.095923,48.119624],[17.095683,48.119708]]},"properties":{"r":0,"k":"road"}},{"type":"Feature","geometry":{"type":"LineString","coordinates":[[17.094189,48.121519],[17.094005,48.121358],[17.093948,48.12126],[17.093733,48.120916],[17.093275,48.120286],[17.092995,48.119863],[17.092962,48.119818]]},"properties":{"r":0,"k":"road"}},{"type":"Feature","geometry":{"type":"LineString","coordinates":[[17.101144,48.121529],[17.101486,48.121916],[17.101663,48.122116],[17.101915,48.122401],[17.102166,48.122685]]},"properties":{"r":2,"k":"road"}},{"type":"Feature","geometry":{"type":"LineString","coordinates":[[17.107739,48.123794],[17.108082,48.123832]]},"properties":{"r":1,"k":"road"}},{"type":"Feature","geometry":{"type":"LineString","coordinates":[[17.111918,48.132361],[17.111815,48.132379]]},"properties":{"r":0,"k":"road"}},{"type":"Feature","geometry":{"type":"LineString","coordinates":[[17.104789,48.130908],[17.104809,48.130505],[17.104831,48.130122],[17.104859,48.129443]]},"properties":{"r":2,"k":"road"}},{"type":"Feature","geometry":{"type":"LineString","coordinates":[[17.099991,48.1205],[17.099841,48.120331],[17.09929,48.119712],[17.099178,48.119584]]},"properties":{"r":2,"k":"road"}},{"type":"Feature","geometry":{"type":"LineString","coordinates":[[17.092057,48.120782],[17.09237,48.121391],[17.092636,48.121913],[17.09265,48.121937],[17.09282,48.122269],[17.092859,48.122349],[17.09297,48.122561],[17.09298,48.122579],[17.093,48.122619]]},"properties":{"r":0,"k":"road"}},{"type":"Feature","geometry":{"type":"LineString","coordinates":[[17.090396,48.118067],[17.09084,48.117893],[17.091191,48.117759],[17.091672,48.117575]]},"properties":{"r":0,"k":"road"}},{"type":"Feature","geometry":{"type":"LineString","coordinates":[[17.096817,48.118564],[17.096678,48.118355]]},"properties":{"r":1,"k":"rail"}},{"type":"Feature","geometry":{"type":"LineString","coordinates":[[17.099145,48.121478],[17.097812,48.119949],[17.097645,48.119757],[17.097588,48.119692],[17.097519,48.119607],[17.097463,48.119534],[17.097408,48.119458]]},"properties":{"r":1,"k":"rail"}},{"type":"Feature","geometry":{"type":"LineString","coordinates":[[17.09936,48.125368],[17.099958,48.12479],[17.099996,48.124748],[17.100384,48.124597]]},"properties":{"r":0,"k":"road"}},{"type":"Feature","geometry":{"type":"LineString","coordinates":[[17.095227,48.127468],[17.09501,48.127375],[17.094953,48.127361],[17.094863,48.127353]]},"properties":{"r":0,"k":"road"}},{"type":"Feature","geometry":{"type":"LineString","coordinates":[[17.095759,48.126451],[17.095289,48.126914]]},"properties":{"r":1,"k":"road"}},{"type":"Feature","geometry":{"type":"LineString","coordinates":[[17.094581,48.12762],[17.094863,48.127353]]},"properties":{"r":1,"k":"road"}},{"type":"Feature","geometry":{"type":"LineString","coordinates":[[17.094863,48.127353],[17.094959,48.127249],[17.095201,48.127008]]},"properties":{"r":1,"k":"road"}},{"type":"Feature","geometry":{"type":"LineString","coordinates":[[17.104879,48.128966],[17.104906,48.128306],[17.104941,48.127497],[17.104948,48.127307],[17.104946,48.127117],[17.104928,48.126877],[17.104912,48.12676],[17.104892,48.12665],[17.104865,48.126547],[17.104837,48.126448],[17.104776,48.126263]]},"properties":{"r":2,"k":"road"}},{"type":"Feature","geometry":{"type":"LineString","coordinates":[[17.104923,48.132072],[17.104912,48.132298]]},"properties":{"r":2,"k":"road"}},{"type":"Feature","geometry":{"type":"LineString","coordinates":[[17.10475,48.131702],[17.104774,48.13113]]},"properties":{"r":2,"k":"road"}},{"type":"Feature","geometry":{"type":"LineString","coordinates":[[17.104708,48.132542],[17.104726,48.132297]]},"properties":{"r":2,"k":"road"}},{"type":"Feature","geometry":{"type":"LineString","coordinates":[[17.105086,48.128702],[17.105051,48.129422]]},"properties":{"r":2,"k":"road"}},{"type":"Feature","geometry":{"type":"LineString","coordinates":[[17.102166,48.122685],[17.102298,48.122834],[17.102629,48.12321],[17.103087,48.123728],[17.10321,48.123867]]},"properties":{"r":2,"k":"road"}},{"type":"Feature","geometry":{"type":"LineString","coordinates":[[17.104634,48.125912],[17.104557,48.125779],[17.104274,48.125365]]},"properties":{"r":2,"k":"road"}},{"type":"Feature","geometry":{"type":"LineString","coordinates":[[17.10514,48.127489],[17.105092,48.12855],[17.105086,48.128702]]},"properties":{"r":2,"k":"road"}},{"type":"Feature","geometry":{"type":"LineString","coordinates":[[17.098808,48.118887],[17.098932,48.119026],[17.099281,48.119422],[17.099802,48.120013],[17.100442,48.120729],[17.100628,48.120946],[17.101144,48.121529]]},"properties":{"r":2,"k":"road"}},{"type":"Feature","geometry":{"type":"LineString","coordinates":[[17.102959,48.12384],[17.102619,48.123465],[17.102425,48.123248],[17.10223,48.123027],[17.101666,48.122392],[17.101387,48.122084],[17.100264,48.120799],[17.099991,48.1205]]},"properties":{"r":2,"k":"road"}},{"type":"Feature","geometry":{"type":"LineString","coordinates":[[17.0989,48.122632],[17.098891,48.122582],[17.09889,48.122555],[17.098878,48.122528],[17.09886,48.122486],[17.09864,48.1222],[17.098552,48.12209],[17.098332,48.121822],[17.097971,48.121379],[17.097885,48.121279],[17.0978,48.121162]]},"properties":{"r":0,"k":"road"}},{"type":"Feature","geometry":{"type":"LineString","coordinates":[[17.095289,48.126914],[17.095201,48.127008]]},"properties":{"r":1,"k":"road"}},{"type":"Feature","geometry":{"type":"LineString","coordinates":[[17.094257,48.127939],[17.094581,48.12762]]},"properties":{"r":1,"k":"road"}},{"type":"Feature","geometry":{"type":"LineString","coordinates":[[17.093771,48.128495],[17.093952,48.128283],[17.094093,48.128124],[17.094257,48.127939]]},"properties":{"r":1,"k":"road"}},{"type":"Feature","geometry":{"type":"LineString","coordinates":[[17.097564,48.124727],[17.097634,48.124638],[17.097802,48.124542],[17.098164,48.124381]]},"properties":{"r":1,"k":"road"}},{"type":"Feature","geometry":{"type":"LineString","coordinates":[[17.095759,48.126451],[17.095915,48.126297],[17.096445,48.125757],[17.096857,48.125332],[17.097279,48.124938],[17.097464,48.124795],[17.097564,48.124727]]},"properties":{"r":1,"k":"road"}},{"type":"Feature","geometry":{"type":"LineString","coordinates":[[17.098209,48.129333],[17.098183,48.128899]]},"properties":{"r":0,"k":"road"}},{"type":"Feature","geometry":{"type":"LineString","coordinates":[[17.098183,48.128899],[17.098175,48.128873],[17.098163,48.128848],[17.098137,48.12881],[17.098104,48.128776],[17.098071,48.128751]]},"properties":{"r":0,"k":"road"}},{"type":"Feature","geometry":{"type":"LineString","coordinates":[[17.113498,48.128079],[17.112033,48.128127],[17.111901,48.128132],[17.110537,48.128181],[17.110341,48.128188],[17.110312,48.128189],[17.110206,48.128194],[17.110042,48.128197]]},"properties":{"r":0,"k":"road"}},{"type":"Feature","geometry":{"type":"LineString","coordinates":[[17.101961,48.129528],[17.101835,48.129593],[17.101797,48.129626],[17.101761,48.12966],[17.101732,48.129696],[17.101702,48.129736],[17.101682,48.129772],[17.101664,48.129816],[17.101649,48.129874],[17.101649,48.129936],[17.10167,48.130236],[17.10167,48.130296],[17.101658,48.130355],[17.101637,48.130407],[17.101611,48.130441],[17.101578,48.130481],[17.101501,48.130561],[17.101427,48.130612],[17.10136,48.130648],[17.101295,48.130673],[17.101242,48.130691],[17.10114,48.130713],[17.101066,48.130718],[17.100972,48.130726],[17.100854,48.130731],[17.100809,48.130732],[17.100502,48.130742],[17.100098,48.130756],[17.099967,48.130761],[17.099738,48.130769],[17.099481,48.13078],[17.099246,48.130795],[17.098935,48.130806],[17.098858,48.130808],[17.098444,48.130823],[17.09833,48.130827]]},"properties":{"r":0,"k":"road"}},{"type":"Feature","geometry":{"type":"LineString","coordinates":[[17.110092,48.128761],[17.110113,48.128977],[17.110161,48.129742],[17.11017,48.129855],[17.110172,48.129888],[17.110181,48.129924],[17.110202,48.129961],[17.110245,48.130001],[17.110298,48.130028],[17.110356,48.130047],[17.110417,48.130059],[17.11049,48.130061],[17.110545,48.13006],[17.110677,48.130057],[17.111299,48.130033],[17.111569,48.130023],[17.111901,48.130012],[17.111963,48.130016],[17.112009,48.130028],[17.112044,48.130045]]},"properties":{"r":0,"k":"road"}},{"type":"Feature","geometry":{"type":"LineString","coordinates":[[17.109957,48.127167],[17.109968,48.127285],[17.110008,48.127718],[17.110023,48.127918],[17.110034,48.128041],[17.110034,48.128074],[17.110042,48.128197]]},"properties":{"r":0,"k":"road"}},{"type":"Feature","geometry":{"type":"LineString","coordinates":[[17.106324,48.122967],[17.106199,48.122971],[17.106073,48.122974],[17.105724,48.122985],[17.105705,48.122985],[17.105304,48.122996],[17.104874,48.123008],[17.104747,48.123012],[17.104706,48.123011],[17.104662,48.12301],[17.104599,48.123006],[17.104546,48.122998],[17.104499,48.122985],[17.104455,48.122969],[17.104426,48.122954],[17.104389,48.122928],[17.104358,48.122906],[17.104303,48.122853],[17.104253,48.1228],[17.103996,48.122532],[17.103986,48.122521],[17.103821,48.12235],[17.103461,48.121978],[17.103278,48.121792],[17.102856,48.12137],[17.102842,48.121354],[17.102836,48.12134],[17.10283,48.121319],[17.102826,48.121291],[17.102818,48.121237],[17.102809,48.121141],[17.102749,48.1204],[17.102742,48.120259],[17.102732,48.120132]]},"properties":{"r":0,"k":"road"}},{"type":"Feature","geometry":{"type":"LineString","coordinates":[[17.106703,48.122607],[17.106705,48.122631],[17.10673,48.122954]]},"properties":{"r":0,"k":"road"}},{"type":"Feature","geometry":{"type":"LineString","coordinates":[[17.102732,48.120132],[17.102391,48.120145],[17.102354,48.120146],[17.102301,48.120148],[17.102195,48.12015]]},"properties":{"r":0,"k":"road"}},{"type":"Feature","geometry":{"type":"LineString","coordinates":[[17.103617,48.131965],[17.102202,48.132018]]},"properties":{"r":3,"k":"road"}},{"type":"Feature","geometry":{"type":"LineString","coordinates":[[17.097772,48.132186],[17.096725,48.132215],[17.096086,48.132221]]},"properties":{"r":3,"k":"road"}},{"type":"Feature","geometry":{"type":"LineString","coordinates":[[17.09855,48.132155],[17.097772,48.132186]]},"properties":{"r":3,"k":"road"}},{"type":"Feature","geometry":{"type":"LineString","coordinates":[[17.089041,48.130463],[17.089478,48.130589],[17.089893,48.130741],[17.0903,48.130876],[17.09081,48.131028]]},"properties":{"r":3,"k":"road"}},{"type":"Feature","geometry":{"type":"LineString","coordinates":[[17.091322,48.131165],[17.091724,48.131263],[17.09202,48.131329],[17.092417,48.131411],[17.092954,48.131513],[17.093464,48.131593]]},"properties":{"r":3,"k":"road"}},{"type":"Feature","geometry":{"type":"LineString","coordinates":[[17.093568,48.13202],[17.093045,48.131935],[17.092562,48.131846],[17.092093,48.131738],[17.091501,48.131592],[17.091002,48.131437],[17.090483,48.131266],[17.090088,48.131132],[17.089668,48.130975],[17.089257,48.130763]]},"properties":{"r":3,"k":"road"}},{"type":"Feature","geometry":{"type":"LineString","coordinates":[[17.112344,48.132101],[17.112402,48.132169],[17.112438,48.13219],[17.112492,48.132203],[17.112557,48.132219]]},"properties":{"r":0,"k":"road"}},{"type":"Feature","geometry":{"type":"LineString","coordinates":[[17.100384,48.124597],[17.10066,48.12444],[17.100696,48.124427],[17.100741,48.124418],[17.101473,48.1244],[17.101565,48.124407]]},"properties":{"r":0,"k":"road"}},{"type":"Feature","geometry":{"type":"LineString","coordinates":[[17.105944,48.130495],[17.106227,48.130776],[17.106264,48.130829],[17.106379,48.130997],[17.10641,48.131034],[17.106469,48.131061]]},"properties":{"r":2,"k":"road"}},{"type":"Feature","geometry":{"type":"LineString","coordinates":[[17.105915,48.128123],[17.10579,48.128029]]},"properties":{"r":1,"k":"rail"}},{"type":"Feature","geometry":{"type":"LineString","coordinates":[[17.10579,48.128029],[17.105683,48.127944]]},"properties":{"r":1,"k":"rail"}},{"type":"Feature","geometry":{"type":"LineString","coordinates":[[17.103497,48.125921],[17.103553,48.126],[17.103606,48.126073],[17.103662,48.12614],[17.103705,48.126188],[17.10396,48.126484],[17.104097,48.126637],[17.104178,48.126728],[17.104307,48.12687],[17.104419,48.126983],[17.10453,48.12709],[17.105365,48.12792],[17.105788,48.128337],[17.105901,48.128448],[17.106027,48.128565],[17.106137,48.128663],[17.106238,48.128748],[17.10633,48.128824],[17.106431,48.128904],[17.106538,48.128983],[17.106645,48.12906],[17.106773,48.129148],[17.106949,48.129259],[17.107058,48.129326],[17.107168,48.129393]]},"properties":{"r":1,"k":"rail"}},{"type":"Feature","geometry":{"type":"LineString","coordinates":[[17.09607,48.117541],[17.096136,48.117609],[17.096187,48.117657],[17.096235,48.117703],[17.096256,48.117721],[17.096278,48.11774],[17.096735,48.118154],[17.096806,48.118223],[17.096879,48.118298],[17.096955,48.118378],[17.097013,48.118444],[17.097147,48.118597],[17.097176,48.11863],[17.097832,48.119382],[17.09785,48.119403]]},"properties":{"r":1,"k":"rail"}},{"type":"Feature","geometry":{"type":"LineString","coordinates":[[17.11229,48.118817],[17.112209,48.118815],[17.11209,48.118805],[17.111976,48.118789],[17.111872,48.118768],[17.11177,48.11874],[17.111674,48.118709],[17.111577,48.118669],[17.111509,48.118635],[17.111447,48.118597],[17.111387,48.118555],[17.11129,48.118477],[17.111245,48.118437],[17.111206,48.118392],[17.111168,48.118341],[17.111132,48.118281],[17.111104,48.118217],[17.111086,48.118152],[17.111055,48.11799],[17.111047,48.117879]]},"properties":{"r":1,"k":"road"}},{"type":"Feature","geometry":{"type":"LineString","coordinates":[[17.092844,48.122871],[17.092802,48.122864],[17.092753,48.122825]]},"properties":{"r":0,"k":"road"}},{"type":"Feature","geometry":{"type":"LineString","coordinates":[[17.106245,48.126042],[17.106556,48.126033]]},"properties":{"r":0,"k":"road"}},{"type":"Feature","geometry":{"type":"LineString","coordinates":[[17.105572,48.131501],[17.105905,48.131446]]},"properties":{"r":2,"k":"road"}},{"type":"Feature","geometry":{"type":"LineString","coordinates":[[17.096678,48.118355],[17.096625,48.118287],[17.096578,48.118222],[17.096512,48.118139],[17.096368,48.117971],[17.096325,48.11792],[17.096225,48.117806],[17.095932,48.117473],[17.095769,48.117287],[17.095401,48.116865]]},"properties":{"r":1,"k":"rail"}},{"type":"Feature","geometry":{"type":"LineString","coordinates":[[17.096711,48.118277],[17.09648,48.118009]]},"properties":{"r":1,"k":"rail"}},{"type":"Feature","geometry":{"type":"LineString","coordinates":[[17.09648,48.118009],[17.096544,48.11808],[17.096641,48.118179],[17.096684,48.118219],[17.096747,48.118275],[17.09683,48.11835],[17.096912,48.118429],[17.096976,48.118495],[17.096995,48.118515],[17.097065,48.118594],[17.097199,48.118747],[17.099464,48.12135]]},"properties":{"r":1,"k":"rail"}},{"type":"Feature","geometry":{"type":"LineString","coordinates":[[17.112326,48.13181],[17.112344,48.132101]]},"properties":{"r":0,"k":"road"}},{"type":"Feature","geometry":{"type":"LineString","coordinates":[[17.112622,48.131631],[17.112475,48.131692],[17.112402,48.131719],[17.112348,48.131756],[17.112326,48.13181]]},"properties":{"r":0,"k":"road"}},{"type":"Feature","geometry":{"type":"LineString","coordinates":[[17.112557,48.132219],[17.112448,48.132229],[17.112352,48.132245],[17.112212,48.132278]]},"properties":{"r":0,"k":"road"}},{"type":"Feature","geometry":{"type":"LineString","coordinates":[[17.1114,48.13128],[17.112193,48.13125]]},"properties":{"r":3,"k":"road"}},{"type":"Feature","geometry":{"type":"LineString","coordinates":[[17.110234,48.131323],[17.1114,48.13128]]},"properties":{"r":3,"k":"road"}},{"type":"Feature","geometry":{"type":"LineString","coordinates":[[17.108282,48.131394],[17.109388,48.131352],[17.110234,48.131323]]},"properties":{"r":3,"k":"road"}},{"type":"Feature","geometry":{"type":"LineString","coordinates":[[17.10748,48.131422],[17.108282,48.131394]]},"properties":{"r":3,"k":"road"}},{"type":"Feature","geometry":{"type":"LineString","coordinates":[[17.105572,48.131501],[17.10748,48.131422]]},"properties":{"r":3,"k":"road"}},{"type":"Feature","geometry":{"type":"LineString","coordinates":[[17.101488,48.131647],[17.102085,48.131628]]},"properties":{"r":3,"k":"road"}},{"type":"Feature","geometry":{"type":"LineString","coordinates":[[17.096266,48.131812],[17.097278,48.131792]]},"properties":{"r":3,"k":"road"}},{"type":"Feature","geometry":{"type":"LineString","coordinates":[[17.094015,48.131663],[17.094387,48.131707],[17.094825,48.131748],[17.095141,48.131768]]},"properties":{"r":3,"k":"road"}},{"type":"Feature","geometry":{"type":"LineString","coordinates":[[17.095141,48.131768],[17.095584,48.131793],[17.095912,48.131808],[17.096266,48.131812]]},"properties":{"r":3,"k":"road"}},{"type":"Feature","geometry":{"type":"LineString","coordinates":[[17.094245,48.132108],[17.093899,48.132068],[17.093568,48.13202]]},"properties":{"r":3,"k":"road"}},{"type":"Feature","geometry":{"type":"LineString","coordinates":[[17.095435,48.132202],[17.095071,48.132181],[17.094628,48.132143],[17.094245,48.132108]]},"properties":{"r":3,"k":"road"}},{"type":"Feature","geometry":{"type":"LineString","coordinates":[[17.110266,48.123756],[17.110505,48.123749],[17.110621,48.123745]]},"properties":{"r":1,"k":"road"}},{"type":"Feature","geometry":{"type":"LineString","coordinates":[[17.109327,48.126054],[17.109341,48.126248],[17.109357,48.126466]]},"properties":{"r":0,"k":"road"}},{"type":"Feature","geometry":{"type":"LineString","coordinates":[[17.109581,48.126397],[17.109569,48.126241],[17.109556,48.126052]]},"properties":{"r":0,"k":"road"}},{"type":"Feature","geometry":{"type":"LineString","coordinates":[[17.109341,48.126248],[17.109569,48.126241]]},"properties":{"r":0,"k":"road"}},{"type":"Feature","geometry":{"type":"LineString","coordinates":[[17.109357,48.126466],[17.109709,48.126454],[17.109767,48.126452],[17.10977,48.126477],[17.109783,48.126673],[17.10982,48.126683],[17.109912,48.126706]]},"properties":{"r":0,"k":"road"}},{"type":"Feature","geometry":{"type":"LineString","coordinates":[[17.099464,48.12135],[17.101192,48.12332],[17.101393,48.123541],[17.101583,48.123736],[17.101776,48.12393],[17.101927,48.124083],[17.10207,48.124242],[17.102196,48.124382],[17.102347,48.124558],[17.102522,48.124759],[17.102742,48.125012],[17.102829,48.125111],[17.102942,48.125242],[17.102998,48.125309],[17.10305,48.125376],[17.103093,48.125431],[17.103152,48.125513],[17.103397,48.125883],[17.103474,48.125999],[17.103523,48.126067],[17.103572,48.126135],[17.10362,48.126194],[17.103664,48.126249]]},"properties":{"r":1,"k":"rail"}},{"type":"Feature","geometry":{"type":"LineString","coordinates":[[17.103227,48.125748],[17.103664,48.126249]]},"properties":{"r":1,"k":"rail"}},{"type":"Feature","geometry":{"type":"LineString","coordinates":[[17.103664,48.126249],[17.103973,48.126601],[17.104067,48.126709]]},"properties":{"r":1,"k":"rail"}},{"type":"Feature","geometry":{"type":"LineString","coordinates":[[17.10624,48.132491],[17.106413,48.132352]]},"properties":{"r":2,"k":"road"}},{"type":"Feature","geometry":{"type":"LineString","coordinates":[[17.106816,48.123929],[17.106533,48.123941]]},"properties":{"r":1,"k":"road"}},{"type":"Feature","geometry":{"type":"LineString","coordinates":[[17.105843,48.124812],[17.105846,48.124651]]},"properties":{"r":1,"k":"road"}},{"type":"Feature","geometry":{"type":"LineString","coordinates":[[17.092435,48.129074],[17.092684,48.129308]]},"properties":{"r":3,"k":"road"}},{"type":"Feature","geometry":{"type":"LineString","coordinates":[[17.092684,48.129308],[17.092842,48.129404]]},"properties":{"r":3,"k":"road"}},{"type":"Feature","geometry":{"type":"LineString","coordinates":[[17.095095,48.131253],[17.095306,48.131416],[17.095443,48.131512],[17.095516,48.131555],[17.095585,48.131591],[17.095653,48.131621],[17.095721,48.131649],[17.095783,48.131672],[17.095843,48.131692],[17.096,48.131739],[17.096266,48.131812]]},"properties":{"r":2,"k":"road"}},{"type":"Feature","geometry":{"type":"LineString","coordinates":[[17.094425,48.130693],[17.094838,48.131049],[17.095095,48.131253]]},"properties":{"r":2,"k":"road"}},{"type":"Feature","geometry":{"type":"LineString","coordinates":[[17.099269,48.131727],[17.099802,48.131703]]},"properties":{"r":3,"k":"road"}},{"type":"Feature","geometry":{"type":"LineString","coordinates":[[17.099802,48.131703],[17.10053,48.131684],[17.100607,48.131681]]},"properties":{"r":3,"k":"road"}},{"type":"Feature","geometry":{"type":"LineString","coordinates":[[17.111815,48.132379],[17.111706,48.132385],[17.111504,48.132367]]},"properties":{"r":0,"k":"road"}},{"type":"Feature","geometry":{"type":"LineString","coordinates":[[17.096461,48.118028],[17.096435,48.117987],[17.096394,48.11793],[17.096313,48.117825],[17.096254,48.117752]]},"properties":{"r":1,"k":"rail"}},{"type":"Feature","geometry":{"type":"LineString","coordinates":[[17.096711,48.118277],[17.097118,48.118741],[17.09738,48.119042],[17.099411,48.121372],[17.101329,48.123568],[17.101918,48.124241],[17.102405,48.124803],[17.102795,48.125252],[17.103227,48.125748]]},"properties":{"r":1,"k":"rail"}},{"type":"Feature","geometry":{"type":"LineString","coordinates":[[17.096393,48.120615],[17.096153,48.120311],[17.095986,48.120098],[17.095803,48.119863],[17.095683,48.119708],[17.095652,48.119671],[17.095502,48.11949],[17.095387,48.119352],[17.09529,48.119235]]},"properties":{"r":0,"k":"road"}},{"type":"Feature","geometry":{"type":"LineString","coordinates":[[17.094813,48.121293],[17.094908,48.121412],[17.095147,48.121713],[17.095282,48.121882],[17.095311,48.121918]]},"properties":{"r":0,"k":"road"}},{"type":"Feature","geometry":{"type":"LineString","coordinates":[[17.093464,48.131593],[17.094015,48.131663]]},"properties":{"r":3,"k":"road"}},{"type":"Feature","geometry":{"type":"LineString","coordinates":[[17.096086,48.132221],[17.095435,48.132202]]},"properties":{"r":3,"k":"road"}},{"type":"Feature","geometry":{"type":"LineString","coordinates":[[17.088378,48.130203],[17.089041,48.130463]]},"properties":{"r":4,"k":"road"}},{"type":"Feature","geometry":{"type":"LineString","coordinates":[[17.09081,48.131028],[17.091322,48.131165]]},"properties":{"r":3,"k":"road"}},{"type":"Feature","geometry":{"type":"LineString","coordinates":[[17.093747,48.130427],[17.09342,48.129944]]},"properties":{"r":3,"k":"road"}},{"type":"Feature","geometry":{"type":"LineString","coordinates":[[17.105805,48.127303],[17.105919,48.127299],[17.105961,48.127297]]},"properties":{"r":0,"k":"road"}},{"type":"Feature","geometry":{"type":"LineString","coordinates":[[17.105961,48.127297],[17.106328,48.12728],[17.106665,48.12727]]},"properties":{"r":0,"k":"road"}},{"type":"Feature","geometry":{"type":"LineString","coordinates":[[17.094189,48.121519],[17.094278,48.121488],[17.094373,48.121454],[17.094813,48.121293]]},"properties":{"r":0,"k":"road"}},{"type":"Feature","geometry":{"type":"LineString","coordinates":[[17.103714,48.131566],[17.104651,48.131532]]},"properties":{"r":3,"k":"road"}},{"type":"Feature","geometry":{"type":"LineString","coordinates":[[17.093939,48.130469],[17.094134,48.130758]]},"properties":{"r":3,"k":"road"}},{"type":"Feature","geometry":{"type":"LineString","coordinates":[[17.100607,48.131681],[17.101488,48.131647]]},"properties":{"r":3,"k":"road"}},{"type":"Feature","geometry":{"type":"LineString","coordinates":[[17.102202,48.132018],[17.101603,48.132041]]},"properties":{"r":3,"k":"road"}},{"type":"Feature","geometry":{"type":"LineString","coordinates":[[17.110969,48.131695],[17.109602,48.131745]]},"properties":{"r":3,"k":"road"}},{"type":"Feature","geometry":{"type":"LineString","coordinates":[[17.112193,48.13125],[17.113252,48.131212]]},"properties":{"r":3,"k":"road"}},{"type":"Feature","geometry":{"type":"LineString","coordinates":[[17.102084,48.136167],[17.102153,48.136208],[17.102243,48.136247],[17.102324,48.136279],[17.102467,48.136318]]},"properties":{"r":0,"k":"road"}},{"type":"Feature","geometry":{"type":"LineString","coordinates":[[17.093482,48.119647],[17.09346,48.119624],[17.09331,48.119461]]},"properties":{"r":0,"k":"road"}},{"type":"Feature","geometry":{"type":"LineString","coordinates":[[17.092962,48.119818],[17.092893,48.119615]]},"properties":{"r":0,"k":"road"}},{"type":"Feature","geometry":{"type":"LineString","coordinates":[[17.104745,48.135247],[17.104671,48.136764]]},"properties":{"r":2,"k":"road"}},{"type":"Feature","geometry":{"type":"LineString","coordinates":[[17.104671,48.136764],[17.104664,48.13697]]},"properties":{"r":2,"k":"road"}},{"type":"Feature","geometry":{"type":"LineString","coordinates":[[17.104546,48.136752],[17.104575,48.13617]]},"properties":{"r":2,"k":"road"}},{"type":"Feature","geometry":{"type":"LineString","coordinates":[[17.104536,48.136978],[17.104541,48.136867]]},"properties":{"r":2,"k":"road"}},{"type":"Feature","geometry":{"type":"LineString","coordinates":[[17.104406,48.136524],[17.104474,48.13653]]},"properties":{"r":0,"k":"road"}},{"type":"Feature","geometry":{"type":"LineString","coordinates":[[17.104474,48.13653],[17.104661,48.136546],[17.10471,48.136551]]},"properties":{"r":0,"k":"road"}},{"type":"Feature","geometry":{"type":"LineString","coordinates":[[17.128066,48.130206],[17.125056,48.130303],[17.123372,48.130359],[17.119971,48.130478],[17.117773,48.130562],[17.117635,48.130568],[17.117485,48.130574],[17.115312,48.130646],[17.113136,48.130714],[17.112991,48.130718],[17.112847,48.130722],[17.112703,48.130725],[17.112557,48.130727],[17.112411,48.130729],[17.112268,48.13073],[17.112121,48.130729],[17.111979,48.130727],[17.111833,48.130724],[17.111688,48.13072],[17.111545,48.130713],[17.111403,48.130704],[17.111259,48.130695],[17.111115,48.130683],[17.110974,48.13067],[17.110831,48.130655],[17.110691,48.130639],[17.110549,48.130621],[17.110405,48.130599],[17.110264,48.130577],[17.110125,48.130554],[17.109986,48.130528],[17.109848,48.130502],[17.109707,48.130473],[17.109571,48.130443],[17.109435,48.130412],[17.109301,48.130378],[17.109167,48.130344],[17.109035,48.130306],[17.108904,48.130268],[17.108772,48.130228],[17.10864,48.130188],[17.108511,48.130146],[17.108382,48.130102],[17.108253,48.130055],[17.108124,48.130007],[17.108003,48.129959],[17.10788,48.12991],[17.10776,48.129858],[17.107639,48.129805],[17.107522,48.129751],[17.107405,48.129695],[17.107357,48.129671],[17.10733,48.129657],[17.10729,48.129638],[17.107174,48.129579],[17.107063,48.12952],[17.106951,48.129458],[17.106842,48.129395],[17.106798,48.129369],[17.106734,48.129331],[17.106629,48.129266],[17.106524,48.1292],[17.106423,48.129133],[17.106321,48.129064],[17.106226,48.128994],[17.106131,48.128922],[17.106037,48.128851],[17.105942,48.128775],[17.105851,48.1287],[17.105761,48.128623],[17.105674,48.128547],[17.105587,48.128466],[17.105503,48.128389],[17.10542,48.12831],[17.10534,48.128228],[17.105261,48.128146],[17.105165,48.128044],[17.105071,48.12794],[17.104977,48.127838],[17.104883,48.127732],[17.104544,48.127346],[17.104508,48.127306]]},"properties":{"r":1,"k":"rail"}},{"type":"Feature","geometry":{"type":"LineString","coordinates":[[17.096442,48.121569],[17.095708,48.121797]]},"properties":{"r":0,"k":"road"}},{"type":"Feature","geometry":{"type":"LineString","coordinates":[[17.0978,48.121162],[17.097648,48.121211],[17.097426,48.121284],[17.097044,48.1214],[17.096943,48.121427],[17.096442,48.121569]]},"properties":{"r":0,"k":"road"}},{"type":"Feature","geometry":{"type":"LineString","coordinates":[[17.0978,48.121162],[17.097727,48.121075],[17.097642,48.12097],[17.097482,48.120774]]},"properties":{"r":0,"k":"road"}},{"type":"Feature","geometry":{"type":"LineString","coordinates":[[17.098701,48.119034],[17.098757,48.118947],[17.098808,48.118887]]},"properties":{"r":0,"k":"road"}},{"type":"Feature","geometry":{"type":"LineString","coordinates":[[17.110042,48.128197],[17.110051,48.128343],[17.110054,48.128381],[17.110065,48.12849],[17.110091,48.128741]]},"properties":{"r":0,"k":"road"}},{"type":"Feature","geometry":{"type":"LineString","coordinates":[[17.110091,48.128741],[17.110092,48.128761]]},"properties":{"r":0,"k":"road"}},{"type":"Feature","geometry":{"type":"LineString","coordinates":[[17.107741,48.124317],[17.107512,48.124415],[17.107052,48.124605],[17.106785,48.124725],[17.106625,48.124794],[17.106503,48.124846]]},"properties":{"r":0,"k":"road"}},{"type":"Feature","geometry":{"type":"LineString","coordinates":[[17.098701,48.119034],[17.098568,48.118887]]},"properties":{"r":2,"k":"road"}},{"type":"Feature","geometry":{"type":"LineString","coordinates":[[17.110307,48.124233],[17.110096,48.12424]]},"properties":{"r":0,"k":"road"}},{"type":"Feature","geometry":{"type":"LineString","coordinates":[[17.106368,48.123949],[17.106306,48.124029]]},"properties":{"r":1,"k":"road"}},{"type":"Feature","geometry":{"type":"LineString","coordinates":[[17.104575,48.13617],[17.10462,48.135244]]},"properties":{"r":2,"k":"road"}},{"type":"Feature","geometry":{"type":"LineString","coordinates":[[17.094257,48.127939],[17.094168,48.127867],[17.094022,48.127753],[17.093987,48.127727]]},"properties":{"r":0,"k":"road"}},{"type":"Feature","geometry":{"type":"LineString","coordinates":[[17.094594,48.127284],[17.094646,48.127314],[17.094721,48.127338],[17.094863,48.127353]]},"properties":{"r":0,"k":"road"}},{"type":"Feature","geometry":{"type":"LineString","coordinates":[[17.10471,48.136551],[17.10475,48.136555]]},"properties":{"r":0,"k":"road"}},{"type":"Feature","geometry":{"type":"LineString","coordinates":[[17.10475,48.136555],[17.104775,48.136558]]},"properties":{"r":0,"k":"road"}},{"type":"Feature","geometry":{"type":"LineString","coordinates":[[17.112386,48.120131],[17.112532,48.120076],[17.112753,48.120314],[17.112796,48.120347]]},"properties":{"r":0,"k":"road"}},{"type":"Feature","geometry":{"type":"LineString","coordinates":[[17.112356,48.130153],[17.113104,48.130125]]},"properties":{"r":0,"k":"road"}},{"type":"Feature","geometry":{"type":"LineString","coordinates":[[17.112044,48.130045],[17.112128,48.13009],[17.1122,48.130119],[17.112251,48.130135],[17.112307,48.130148],[17.112356,48.130153]]},"properties":{"r":0,"k":"road"}},{"type":"Feature","geometry":{"type":"LineString","coordinates":[[17.10566,48.117429],[17.105664,48.117516],[17.105667,48.117554],[17.105681,48.117833],[17.105691,48.11799],[17.105702,48.118148],[17.10572,48.118371]]},"properties":{"r":0,"k":"road"}},{"type":"Feature","geometry":{"type":"LineString","coordinates":[[17.102425,48.118484],[17.103826,48.118431]]},"properties":{"r":0,"k":"road"}},{"type":"Feature","geometry":{"type":"LineString","coordinates":[[17.097109,48.11901],[17.096817,48.118564]]},"properties":{"r":1,"k":"rail"}},{"type":"Feature","geometry":{"type":"LineString","coordinates":[[17.10497,48.127277],[17.1053,48.127536],[17.106238,48.128278]]},"properties":{"r":1,"k":"rail"}},{"type":"Feature","geometry":{"type":"LineString","coordinates":[[17.111355,48.123715],[17.111595,48.123702],[17.111973,48.123681],[17.112253,48.123653],[17.112564,48.123603]]},"properties":{"r":1,"k":"road"}},{"type":"Feature","geometry":{"type":"LineString","coordinates":[[17.099787,48.122788],[17.09974,48.122752],[17.099679,48.122712],[17.099615,48.122681],[17.099574,48.122666],[17.099541,48.122656],[17.099496,48.122646],[17.099458,48.122639],[17.099382,48.12263],[17.099297,48.122622],[17.09922,48.122621],[17.099099,48.122625],[17.0989,48.122632]]},"properties":{"r":0,"k":"road"}},{"type":"Feature","geometry":{"type":"LineString","coordinates":[[17.099215,48.124124],[17.099494,48.124143]]},"properties":{"r":1,"k":"road"}},{"type":"Feature","geometry":{"type":"LineString","coordinates":[[17.099909,48.124124],[17.099494,48.124143]]},"properties":{"r":1,"k":"road"}},{"type":"Feature","geometry":{"type":"LineString","coordinates":[[17.099909,48.124124],[17.098917,48.124313],[17.098679,48.124357]]},"properties":{"r":1,"k":"road"}},{"type":"Feature","geometry":{"type":"LineString","coordinates":[[17.098679,48.124357],[17.098404,48.124428],[17.098153,48.124501],[17.097734,48.124684],[17.097564,48.124727]]},"properties":{"r":1,"k":"road"}},{"type":"Feature","geometry":{"type":"LineString","coordinates":[[17.099494,48.124143],[17.099317,48.124175],[17.098993,48.12423],[17.098839,48.124187]]},"properties":{"r":0,"k":"road"}},{"type":"Feature","geometry":{"type":"LineString","coordinates":[[17.098839,48.124187],[17.09882,48.124267],[17.098679,48.124357]]},"properties":{"r":0,"k":"road"}},{"type":"Feature","geometry":{"type":"LineString","coordinates":[[17.097141,48.124074],[17.096689,48.124239],[17.096575,48.124305],[17.096511,48.124385],[17.096309,48.12476],[17.096168,48.124951],[17.09598,48.125065],[17.095009,48.125388]]},"properties":{"r":0,"k":"road"}},{"type":"Feature","geometry":{"type":"LineString","coordinates":[[17.098258,48.122702],[17.098435,48.122656],[17.098632,48.122634],[17.0989,48.122632]]},"properties":{"r":0,"k":"road"}},{"type":"Feature","geometry":{"type":"LineString","coordinates":[[17.09867,48.123669],[17.098671,48.1236],[17.098676,48.123536],[17.098687,48.12346],[17.098703,48.123389],[17.098776,48.123163]]},"properties":{"r":0,"k":"road"}},{"type":"Feature","geometry":{"type":"LineString","coordinates":[[17.110621,48.123745],[17.110808,48.123715],[17.111117,48.123704],[17.111203,48.1237],[17.111355,48.123715]]},"properties":{"r":1,"k":"road"}},{"type":"Feature","geometry":{"type":"LineString","coordinates":[[17.111355,48.123715],[17.111203,48.123741],[17.11112,48.123747],[17.110812,48.123759],[17.110621,48.123745]]},"properties":{"r":1,"k":"road"}},{"type":"Feature","geometry":{"type":"LineString","coordinates":[[17.104541,48.136867],[17.104546,48.136752]]},"properties":{"r":2,"k":"road"}},{"type":"Feature","geometry":{"type":"LineString","coordinates":[[17.130057,48.129683],[17.130091,48.130345],[17.130088,48.130624],[17.130066,48.130919],[17.130048,48.131068],[17.130017,48.131281],[17.129978,48.131443],[17.129893,48.131692]]},"properties":{"r":3,"k":"road"}},{"type":"Feature","geometry":{"type":"LineString","coordinates":[[17.130057,48.129683],[17.13021,48.129871],[17.130278,48.129976],[17.130337,48.130053],[17.130398,48.130118],[17.130458,48.130173],[17.130546,48.13022]]},"properties":{"r":3,"k":"road"}},{"type":"Feature","geometry":{"type":"LineString","coordinates":[[17.137275,48.132695],[17.137699,48.132981],[17.138044,48.133233],[17.143435,48.137265]]},"properties":{"r":4,"k":"road"}},{"type":"Feature","geometry":{"type":"LineString","coordinates":[[17.142661,48.13686],[17.137924,48.133313],[17.137552,48.133039],[17.137148,48.132773],[17.136903,48.132615],[17.1366,48.132438]]},"properties":{"r":4,"k":"road"}},{"type":"Feature","geometry":{"type":"LineString","coordinates":[[17.1366,48.132438],[17.136261,48.132263],[17.135901,48.132087],[17.135495,48.131916]]},"properties":{"r":4,"k":"road"}},{"type":"Feature","geometry":{"type":"LineString","coordinates":[[17.126708,48.130848],[17.127792,48.130824],[17.128337,48.130822],[17.128891,48.13083],[17.129348,48.130836],[17.129879,48.130858],[17.130647,48.130899],[17.131266,48.130945],[17.13202,48.131013],[17.132591,48.13108],[17.133149,48.13116],[17.133637,48.131248],[17.134134,48.131357],[17.13448,48.131445],[17.134858,48.131558],[17.135225,48.131683],[17.135593,48.131817],[17.135935,48.13196],[17.136208,48.132091]]},"properties":{"r":4,"k":"road"}},{"type":"Feature","geometry":{"type":"LineString","coordinates":[[17.132429,48.124164],[17.132193,48.124476],[17.131956,48.12479]]},"properties":{"r":3,"k":"road"}},{"type":"Feature","geometry":{"type":"LineString","coordinates":[[17.129808,48.128877],[17.129683,48.128765],[17.129587,48.128169],[17.129412,48.127923],[17.129275,48.127798],[17.128992,48.127669],[17.128557,48.127564]]},"properties":{"r":2,"k":"road"}},{"type":"Feature","geometry":{"type":"LineString","coordinates":[[17.130495,48.127108],[17.130283,48.127339],[17.130013,48.127546],[17.129863,48.12759],[17.129668,48.127612],[17.12959,48.127621]]},"properties":{"r":2,"k":"road"}},{"type":"Feature","geometry":{"type":"LineString","coordinates":[[17.117225,48.130936],[17.117298,48.13086],[17.117357,48.130787],[17.11742,48.130689],[17.117485,48.130574],[17.117508,48.130533],[17.117577,48.130411],[17.117627,48.130326]]},"properties":{"r":0,"k":"road"}},{"type":"Feature","geometry":{"type":"LineString","coordinates":[[17.116987,48.131081],[17.117146,48.130995],[17.117225,48.130936]]},"properties":{"r":0,"k":"road"}},{"type":"Feature","geometry":{"type":"LineString","coordinates":[[17.117651,48.130874],[17.117681,48.130904],[17.117728,48.130942],[17.117797,48.130975],[17.117976,48.13104]]},"properties":{"r":0,"k":"road"}},{"type":"Feature","geometry":{"type":"LineString","coordinates":[[17.11792,48.129933],[17.117938,48.13006],[17.117769,48.130337],[17.117658,48.130527],[17.117635,48.130568],[17.117615,48.130602],[17.117602,48.130663],[17.117595,48.130741],[17.117604,48.130795],[17.117618,48.130829],[17.117651,48.130874]]},"properties":{"r":0,"k":"road"}},{"type":"Feature","geometry":{"type":"LineString","coordinates":[[17.114095,48.129846],[17.114081,48.129692],[17.114046,48.129198],[17.114039,48.129101],[17.114036,48.129072],[17.114025,48.128933]]},"properties":{"r":0,"k":"road"}},{"type":"Feature","geometry":{"type":"LineString","coordinates":[[17.130704,48.12361],[17.131283,48.123798]]},"properties":{"r":1,"k":"road"}},{"type":"Feature","geometry":{"type":"LineString","coordinates":[[17.128293,48.130602],[17.130219,48.130543]]},"properties":{"r":3,"k":"road"}},{"type":"Feature","geometry":{"type":"LineString","coordinates":[[17.12806,48.130153],[17.129896,48.130092],[17.130097,48.130088],[17.130303,48.130085],[17.130508,48.130085],[17.13071,48.13009],[17.130912,48.130094],[17.131114,48.130103],[17.131316,48.130117],[17.131518,48.130135],[17.131718,48.130156],[17.131918,48.130181],[17.132115,48.130209],[17.132312,48.130242],[17.132509,48.130277],[17.132705,48.130316],[17.132898,48.130358],[17.133089,48.130404],[17.133278,48.130454],[17.133465,48.130507],[17.13365,48.130564],[17.133834,48.130624],[17.134014,48.130687],[17.134192,48.130753],[17.134365,48.130823],[17.134537,48.130895],[17.134705,48.130972],[17.134871,48.13105],[17.135034,48.131132],[17.135193,48.131217],[17.135346,48.131304],[17.135499,48.131394],[17.135645,48.131487],[17.135787,48.131581],[17.136042,48.131757],[17.138034,48.13324],[17.145126,48.138582],[17.145385,48.138771],[17.145716,48.138981],[17.145963,48.139104],[17.146516,48.139339],[17.146861,48.139468],[17.147095,48.139547],[17.147332,48.13962],[17.147576,48.139687],[17.147823,48.139749],[17.148073,48.139802],[17.148327,48.13985],[17.148584,48.139892],[17.148842,48.13993],[17.150733,48.140169],[17.151499,48.140265],[17.152622,48.140405],[17.152919,48.140444],[17.15307,48.140465],[17.15322,48.140486]]},"properties":{"r":1,"k":"rail"}},{"type":"Feature","geometry":{"type":"LineString","coordinates":[[17.129808,48.128877],[17.129804,48.128773],[17.129823,48.128593]]},"properties":{"r":3,"k":"road"}},{"type":"Feature","geometry":{"type":"LineString","coordinates":[[17.130073,48.127192],[17.130216,48.126894],[17.130249,48.126838],[17.130294,48.126762],[17.130383,48.126629]]},"properties":{"r":3,"k":"road"}},{"type":"Feature","geometry":{"type":"LineString","coordinates":[[17.128964,48.127484],[17.129244,48.127514],[17.129396,48.127546],[17.129449,48.127558],[17.12959,48.127621]]},"properties":{"r":1,"k":"road"}},{"type":"Feature","geometry":{"type":"LineString","coordinates":[[17.130219,48.130543],[17.130654,48.130655],[17.130748,48.130689],[17.130838,48.130742],[17.1309,48.130785],[17.130951,48.130838]]},"properties":{"r":2,"k":"road"}},{"type":"Feature","geometry":{"type":"LineString","coordinates":[[17.118758,48.119651],[17.118682,48.119761],[17.118621,48.119836]]},"properties":{"r":0,"k":"road"}},{"type":"Feature","geometry":{"type":"LineString","coordinates":[[17.128971,48.132869],[17.128978,48.132645],[17.128989,48.132563],[17.128988,48.13248],[17.12897,48.132326]]},"properties":{"r":2,"k":"road"}},{"type":"Feature","geometry":{"type":"LineString","coordinates":[[17.119385,48.129113],[17.119419,48.129637],[17.119417,48.129698],[17.119407,48.129746],[17.119358,48.129816]]},"properties":{"r":0,"k":"road"}},{"type":"Feature","geometry":{"type":"LineString","coordinates":[[17.119789,48.129906],[17.119918,48.129924],[17.120112,48.129963],[17.120873,48.130198],[17.121032,48.130005],[17.12024,48.129715],[17.119918,48.129924]]},"properties":{"r":0,"k":"road"}},{"type":"Feature","geometry":{"type":"LineString","coordinates":[[17.115091,48.126857],[17.114655,48.126868],[17.114573,48.12687],[17.113852,48.126899]]},"properties":{"r":0,"k":"road"}},{"type":"Feature","geometry":{"type":"LineString","coordinates":[[17.112585,48.123799],[17.112592,48.123927],[17.112601,48.124174],[17.112604,48.124225]]},"properties":{"r":0,"k":"road"}},{"type":"Feature","geometry":{"type":"LineString","coordinates":[[17.134797,48.131661],[17.134238,48.131615],[17.133979,48.131583],[17.133755,48.131558],[17.133486,48.131541],[17.133242,48.131534]]},"properties":{"r":3,"k":"road"}},{"type":"Feature","geometry":{"type":"LineString","coordinates":[[17.120425,48.131865],[17.120399,48.131845],[17.120382,48.131829],[17.120362,48.131807],[17.120346,48.131783],[17.120335,48.131757],[17.120323,48.13172],[17.120311,48.131676],[17.120309,48.131636]]},"properties":{"r":0,"k":"road"}},{"type":"Feature","geometry":{"type":"LineString","coordinates":[[17.120127,48.135686],[17.120117,48.135595],[17.120057,48.135295],[17.120009,48.135129],[17.119969,48.134982],[17.119937,48.134686],[17.119938,48.134644],[17.119946,48.134595],[17.119958,48.134567],[17.119977,48.134532],[17.119998,48.134507],[17.120069,48.134431],[17.120357,48.13419],[17.120647,48.133947],[17.120971,48.133702],[17.121513,48.13347],[17.122065,48.133257],[17.122504,48.133062]]},"properties":{"r":0,"k":"road"}},{"type":"Feature","geometry":{"type":"LineString","coordinates":[[17.122504,48.133062],[17.122573,48.133031],[17.122607,48.133013],[17.123871,48.13232],[17.124339,48.132126],[17.124515,48.132116],[17.125126,48.132081],[17.125987,48.132066],[17.128081,48.132013]]},"properties":{"r":0,"k":"road"}},{"type":"Feature","geometry":{"type":"LineString","coordinates":[[17.11659,48.13135],[17.108124,48.131656],[17.097329,48.132059],[17.096622,48.132071],[17.096005,48.132068],[17.095466,48.132049],[17.094965,48.132022],[17.094406,48.131974],[17.093836,48.131912],[17.093255,48.131829],[17.092741,48.131735],[17.092192,48.131628],[17.091624,48.131491],[17.091094,48.131351],[17.090554,48.131187],[17.090149,48.131057],[17.089755,48.130913],[17.089257,48.130763]]},"properties":{"r":4,"k":"road"}},{"type":"Feature","geometry":{"type":"LineString","coordinates":[[17.089041,48.130463],[17.089412,48.130659],[17.089839,48.130814],[17.090234,48.130959],[17.090625,48.131087],[17.091153,48.131247],[17.0917,48.131392],[17.092242,48.131523],[17.09278,48.13163],[17.093301,48.131719],[17.093851,48.131797],[17.094424,48.131862],[17.094863,48.1319],[17.095458,48.131936],[17.096007,48.131955],[17.096636,48.131956],[17.097144,48.131947],[17.097333,48.131946],[17.108131,48.131536],[17.11658,48.131238]]},"properties":{"r":4,"k":"road"}},{"type":"Feature","geometry":{"type":"LineString","coordinates":[[17.116551,48.133076],[17.116602,48.133072],[17.116644,48.133064],[17.116677,48.133056],[17.116706,48.133044],[17.116736,48.133027]]},"properties":{"r":1,"k":"road"}},{"type":"Feature","geometry":{"type":"LineString","coordinates":[[17.135214,48.13146],[17.135579,48.131653],[17.136208,48.132091]]},"properties":{"r":3,"k":"road"}},{"type":"Feature","geometry":{"type":"LineString","coordinates":[[17.134797,48.131661],[17.134395,48.131542],[17.134065,48.131457],[17.133602,48.131354],[17.133106,48.131262],[17.132559,48.131185],[17.132015,48.131131],[17.131252,48.131063],[17.130624,48.131015],[17.129869,48.130974],[17.129343,48.130952],[17.128885,48.130938],[17.128336,48.130934],[17.127782,48.130937],[17.126694,48.13096]]},"properties":{"r":4,"k":"road"}},{"type":"Feature","geometry":{"type":"LineString","coordinates":[[17.125537,48.131361],[17.125271,48.131321],[17.124855,48.131267],[17.124412,48.131228]]},"properties":{"r":3,"k":"road"}},{"type":"Feature","geometry":{"type":"LineString","coordinates":[[17.129113,48.131661],[17.128943,48.131598],[17.128822,48.131538],[17.128705,48.131465],[17.128628,48.131404],[17.12856,48.131332],[17.12853,48.131281],[17.12852,48.131259],[17.128498,48.131205],[17.128488,48.131174],[17.128482,48.131148],[17.128475,48.131116],[17.128472,48.131091],[17.128471,48.131064],[17.128472,48.131035],[17.128477,48.131],[17.128486,48.130963],[17.128497,48.130933],[17.128509,48.130906],[17.128529,48.130872],[17.128587,48.130795],[17.128637,48.130752],[17.128751,48.130656],[17.128968,48.130515],[17.129391,48.130269]]},"properties":{"r":2,"k":"road"}},{"type":"Feature","geometry":{"type":"LineString","coordinates":[[17.130951,48.130838],[17.131039,48.130977],[17.131058,48.131029],[17.131067,48.13115],[17.131059,48.131222],[17.13105,48.13126],[17.131037,48.131292],[17.130948,48.131418],[17.13087,48.131514],[17.13077,48.131624],[17.130653,48.131737],[17.13054,48.131843],[17.130375,48.131989]]},"properties":{"r":2,"k":"road"}},{"type":"Feature","geometry":{"type":"LineString","coordinates":[[17.129821,48.128161],[17.129844,48.127982],[17.129923,48.127629],[17.129966,48.127471],[17.130073,48.127192]]},"properties":{"r":3,"k":"road"}},{"type":"Feature","geometry":{"type":"LineString","coordinates":[[17.133242,48.131534],[17.132951,48.131529],[17.132583,48.131533],[17.130294,48.131616]]},"properties":{"r":3,"k":"road"}},{"type":"Feature","geometry":{"type":"LineString","coordinates":[[17.116924,48.122055],[17.116673,48.122265]]},"properties":{"r":1,"k":"road"}},{"type":"Feature","geometry":{"type":"LineString","coordinates":[[17.125183,48.126029],[17.124457,48.126051]]},"properties":{"r":1,"k":"road"}},{"type":"Feature","geometry":{"type":"LineString","coordinates":[[17.117738,48.1204],[17.117877,48.120447],[17.118074,48.120514],[17.118351,48.120607],[17.119417,48.120966]]},"properties":{"r":0,"k":"road"}},{"type":"Feature","geometry":{"type":"LineString","coordinates":[[17.117749,48.124324],[17.117846,48.124284],[17.117953,48.124239],[17.118207,48.124133],[17.117789,48.1237],[17.11774,48.123649],[17.117287,48.123179],[17.11719,48.12307]]},"properties":{"r":0,"k":"road"}},{"type":"Feature","geometry":{"type":"LineString","coordinates":[[17.121406,48.125462],[17.121369,48.125491],[17.121294,48.125553],[17.121283,48.125565],[17.121274,48.125577],[17.121271,48.125583],[17.121269,48.125589],[17.121266,48.125605],[17.121265,48.125616],[17.121264,48.125628],[17.121265,48.125635],[17.121266,48.125641],[17.121268,48.125648],[17.121272,48.125658],[17.121697,48.126121],[17.121749,48.126223],[17.121766,48.126552],[17.121771,48.126649]]},"properties":{"r":0,"k":"road"}},{"type":"Feature","geometry":{"type":"LineString","coordinates":[[17.122505,48.123342],[17.122437,48.123319],[17.12191,48.123139],[17.121671,48.123058],[17.121578,48.123026],[17.121499,48.122999],[17.120948,48.122811],[17.120908,48.122798],[17.12072,48.122733],[17.120713,48.122731],[17.120639,48.122706]]},"properties":{"r":0,"k":"road"}},{"type":"Feature","geometry":{"type":"LineString","coordinates":[[17.123341,48.125177],[17.122881,48.125194],[17.122628,48.125203],[17.122512,48.125203],[17.122452,48.1252],[17.122421,48.125197],[17.122398,48.125193],[17.122372,48.125186],[17.12235,48.125179],[17.122323,48.12517],[17.122299,48.125159],[17.122256,48.125138],[17.12223,48.125121],[17.122203,48.125103],[17.121975,48.12491]]},"properties":{"r":0,"k":"road"}},{"type":"Feature","geometry":{"type":"LineString","coordinates":[[17.120916,48.124426],[17.120641,48.124139],[17.120399,48.12389],[17.120371,48.123861],[17.120347,48.123831],[17.120326,48.123793],[17.120318,48.123764],[17.120309,48.123726],[17.120305,48.123692],[17.120309,48.123654],[17.120321,48.12361],[17.120346,48.123553],[17.120908,48.122798]]},"properties":{"r":0,"k":"road"}},{"type":"Feature","geometry":{"type":"LineString","coordinates":[[17.122198,48.122694],[17.122273,48.122595],[17.122464,48.122347],[17.122598,48.122172],[17.12266,48.122092]]},"properties":{"r":0,"k":"road"}},{"type":"Feature","geometry":{"type":"LineString","coordinates":[[17.123387,48.123859],[17.123432,48.123801],[17.123557,48.123642],[17.123714,48.123443],[17.123593,48.123401]]},"properties":{"r":0,"k":"road"}},{"type":"Feature","geometry":{"type":"LineString","coordinates":[[17.119625,48.124375],[17.118446,48.12487],[17.118334,48.124915]]},"properties":{"r":0,"k":"road"}},{"type":"Feature","geometry":{"type":"LineString","coordinates":[[17.123658,48.125167],[17.123397,48.125175],[17.123409,48.125334],[17.123431,48.125618],[17.123439,48.125725],[17.12346,48.125938],[17.123462,48.125979],[17.123472,48.126085]]},"properties":{"r":0,"k":"road"}},{"type":"Feature","geometry":{"type":"LineString","coordinates":[[17.11626,48.122761],[17.11644,48.122952],[17.116514,48.123033],[17.116589,48.123117],[17.116653,48.123187],[17.117066,48.123616],[17.117749,48.124324],[17.117866,48.124441],[17.118334,48.124915],[17.118948,48.125555],[17.11904,48.125648],[17.119671,48.125365],[17.12055,48.124984]]},"properties":{"r":0,"k":"road"}},{"type":"Feature","geometry":{"type":"LineString","coordinates":[[17.124465,48.126206],[17.12451,48.1264]]},"properties":{"r":1,"k":"road"}},{"type":"Feature","geometry":{"type":"LineString","coordinates":[[17.120492,48.127341],[17.120483,48.127269],[17.121012,48.12725],[17.121077,48.127227],[17.121119,48.127195],[17.121149,48.12716],[17.121161,48.127123],[17.121146,48.127075],[17.121007,48.126908],[17.120926,48.126816],[17.120902,48.12668]]},"properties":{"r":0,"k":"road"}},{"type":"Feature","geometry":{"type":"LineString","coordinates":[[17.124712,48.129619],[17.124707,48.129564],[17.124674,48.129164],[17.124649,48.128844],[17.124619,48.128396],[17.1246,48.128084],[17.124593,48.127981],[17.124579,48.127798]]},"properties":{"r":0,"k":"road"}},{"type":"Feature","geometry":{"type":"LineString","coordinates":[[17.126472,48.128941],[17.126399,48.127956],[17.126391,48.127847],[17.126382,48.127725],[17.126375,48.127635]]},"properties":{"r":0,"k":"road"}},{"type":"Feature","geometry":{"type":"LineString","coordinates":[[17.128917,48.128303],[17.128541,48.128161],[17.128114,48.127949],[17.127615,48.12782],[17.127564,48.127822],[17.127502,48.127822]]},"properties":{"r":0,"k":"road"}},{"type":"Feature","geometry":{"type":"LineString","coordinates":[[17.126992,48.127349],[17.126281,48.12737],[17.126228,48.127357],[17.12619,48.127337],[17.126161,48.127317],[17.126135,48.127292],[17.12612,48.127256],[17.126053,48.126206],[17.126059,48.126074],[17.126063,48.126007]]},"properties":{"r":0,"k":"road"}},{"type":"Feature","geometry":{"type":"LineString","coordinates":[[17.130202,48.125128],[17.13008,48.12529],[17.129963,48.125443]]},"properties":{"r":0,"k":"road"}},{"type":"Feature","geometry":{"type":"LineString","coordinates":[[17.131026,48.125414],[17.130776,48.125736],[17.130762,48.125754]]},"properties":{"r":0,"k":"road"}},{"type":"Feature","geometry":{"type":"LineString","coordinates":[[17.128825,48.12464],[17.128905,48.124673],[17.129111,48.124748],[17.129602,48.124919],[17.130049,48.125073],[17.130202,48.125128],[17.130319,48.125168],[17.130559,48.125255],[17.130786,48.12533],[17.131026,48.125414]]},"properties":{"r":0,"k":"road"}},{"type":"Feature","geometry":{"type":"LineString","coordinates":[[17.126945,48.126714],[17.126992,48.127349]]},"properties":{"r":0,"k":"road"}},{"type":"Feature","geometry":{"type":"LineString","coordinates":[[17.133684,48.120629],[17.133581,48.120763],[17.133106,48.121382],[17.132946,48.121591],[17.132852,48.121725],[17.132838,48.121745],[17.132418,48.122331],[17.132399,48.122358],[17.131852,48.12305],[17.131473,48.123554],[17.131377,48.123682],[17.131333,48.123736],[17.131283,48.123798]]},"properties":{"r":0,"k":"road"}},{"type":"Feature","geometry":{"type":"LineString","coordinates":[[17.130331,48.12071],[17.130411,48.120736],[17.130495,48.120764],[17.131135,48.12097],[17.131356,48.121051],[17.131846,48.121218],[17.131964,48.121257],[17.132096,48.121302],[17.13224,48.121353],[17.132946,48.121591]]},"properties":{"r":0,"k":"road"}},{"type":"Feature","geometry":{"type":"LineString","coordinates":[[17.121546,48.119163],[17.122513,48.119815],[17.122587,48.119827],[17.122705,48.119772],[17.122911,48.119661],[17.123071,48.11967],[17.123543,48.119872],[17.12386,48.119964],[17.12469,48.120207],[17.125854,48.120548],[17.12652,48.120742]]},"properties":{"r":0,"k":"road"}},{"type":"Feature","geometry":{"type":"LineString","coordinates":[[17.12438,48.13075],[17.124712,48.130677],[17.129202,48.130298],[17.129391,48.130269]]},"properties":{"r":2,"k":"road"}},{"type":"Feature","geometry":{"type":"LineString","coordinates":[[17.131373,48.131294],[17.131256,48.131324],[17.131144,48.13135],[17.131,48.131368],[17.130851,48.131377],[17.130659,48.131375],[17.127755,48.131173]]},"properties":{"r":3,"k":"road"}},{"type":"Feature","geometry":{"type":"LineString","coordinates":[[17.130964,48.130429],[17.131253,48.130505],[17.131479,48.130577],[17.131602,48.130627],[17.131685,48.130688],[17.131726,48.130733],[17.131768,48.130788],[17.131792,48.130845],[17.131806,48.130909],[17.1318,48.13097],[17.131786,48.131016],[17.131767,48.13106],[17.131733,48.13111],[17.131683,48.131158],[17.131618,48.1312],[17.131544,48.131236],[17.131467,48.131264],[17.131373,48.131294]]},"properties":{"r":3,"k":"road"}},{"type":"Feature","geometry":{"type":"LineString","coordinates":[[17.121202,48.125248],[17.121266,48.125218],[17.121305,48.1252],[17.121472,48.125126],[17.121571,48.125082],[17.121975,48.12491]]},"properties":{"r":0,"k":"road"}},{"type":"Feature","geometry":{"type":"LineString","coordinates":[[17.126089,48.12444],[17.12654,48.124598],[17.127152,48.124811],[17.127255,48.124847],[17.127804,48.125036],[17.128032,48.125116],[17.128272,48.125199],[17.128372,48.125232]]},"properties":{"r":0,"k":"road"}},{"type":"Feature","geometry":{"type":"LineString","coordinates":[[17.127191,48.123252],[17.127211,48.123259],[17.127385,48.123317],[17.128109,48.123562],[17.128765,48.123781],[17.128958,48.123848],[17.129023,48.123871],[17.129228,48.12394],[17.129325,48.123975]]},"properties":{"r":0,"k":"road"}},{"type":"Feature","geometry":{"type":"LineString","coordinates":[[17.129795,48.121567],[17.129722,48.121543],[17.129532,48.121481],[17.12925,48.121389],[17.129126,48.121351],[17.12818,48.12103],[17.128072,48.121028]]},"properties":{"r":0,"k":"road"}},{"type":"Feature","geometry":{"type":"LineString","coordinates":[[17.128005,48.118689],[17.128216,48.118761],[17.128322,48.118797],[17.128947,48.119011],[17.129284,48.119127],[17.129452,48.119184],[17.130745,48.119626],[17.131026,48.119722],[17.13107,48.119737]]},"properties":{"r":0,"k":"road"}},{"type":"Feature","geometry":{"type":"LineString","coordinates":[[17.117395,48.115271],[17.117254,48.115462],[17.117147,48.115613],[17.117015,48.115792],[17.116999,48.115814],[17.116946,48.115886],[17.116851,48.116016],[17.116757,48.116145],[17.116678,48.116253],[17.116662,48.116275],[17.116557,48.116416],[17.116191,48.116889],[17.116082,48.117026],[17.115897,48.117276],[17.115822,48.117378],[17.115781,48.117433],[17.115739,48.117491],[17.11563,48.117622],[17.115571,48.117702],[17.115539,48.117745],[17.115441,48.117875],[17.115341,48.118009],[17.115048,48.118392],[17.114931,48.118562],[17.114865,48.118668],[17.114811,48.118743]]},"properties":{"r":0,"k":"road"}},{"type":"Feature","geometry":{"type":"LineString","coordinates":[[17.116125,48.118971],[17.116082,48.119025],[17.116034,48.119089],[17.115589,48.119662]]},"properties":{"r":0,"k":"road"}},{"type":"Feature","geometry":{"type":"LineString","coordinates":[[17.116715,48.121728],[17.116873,48.121779]]},"properties":{"r":0,"k":"road"}},{"type":"Feature","geometry":{"type":"LineString","coordinates":[[17.11627,48.121346],[17.116014,48.121678],[17.114694,48.121715],[17.114174,48.12173]]},"properties":{"r":0,"k":"road"}},{"type":"Feature","geometry":{"type":"LineString","coordinates":[[17.119417,48.120966],[17.119205,48.121236],[17.119048,48.121437],[17.11891,48.121611],[17.118417,48.122287],[17.118331,48.122261],[17.118026,48.122168],[17.117964,48.122149],[17.117896,48.122128]]},"properties":{"r":0,"k":"road"}},{"type":"Feature","geometry":{"type":"LineString","coordinates":[[17.117896,48.122128],[17.118063,48.121884],[17.11761,48.121718],[17.11759,48.121711],[17.117468,48.121671],[17.117388,48.121646],[17.117265,48.121606]]},"properties":{"r":0,"k":"road"}},{"type":"Feature","geometry":{"type":"LineString","coordinates":[[17.127851,48.121286],[17.127047,48.12101],[17.126912,48.120964],[17.126589,48.120852],[17.12652,48.120742]]},"properties":{"r":0,"k":"road"}},{"type":"Feature","geometry":{"type":"LineString","coordinates":[[17.128072,48.121028],[17.127903,48.121223],[17.127851,48.121286]]},"properties":{"r":0,"k":"road"}},{"type":"Feature","geometry":{"type":"LineString","coordinates":[[17.114751,48.13299],[17.114937,48.132976],[17.115094,48.132968],[17.115256,48.132971],[17.115446,48.13298]]},"properties":{"r":1,"k":"road"}},{"type":"Feature","geometry":{"type":"LineString","coordinates":[[17.115446,48.13298],[17.116551,48.133076]]},"properties":{"r":1,"k":"road"}},{"type":"Feature","geometry":{"type":"LineString","coordinates":[[17.116776,48.132217],[17.116609,48.129847]]},"properties":{"r":1,"k":"road"}},{"type":"Feature","geometry":{"type":"LineString","coordinates":[[17.128964,48.127484],[17.129434,48.127381],[17.129683,48.127265],[17.12972,48.127235],[17.129917,48.127071],[17.130154,48.126819],[17.130383,48.126629]]},"properties":{"r":2,"k":"road"}},{"type":"Feature","geometry":{"type":"LineString","coordinates":[[17.122504,48.133062],[17.12232,48.132946],[17.121345,48.13239],[17.120954,48.132166],[17.120863,48.132116],[17.120425,48.131865]]},"properties":{"r":0,"k":"road"}},{"type":"Feature","geometry":{"type":"LineString","coordinates":[[17.12438,48.13075],[17.124848,48.130729],[17.128293,48.130602]]},"properties":{"r":3,"k":"road"}},{"type":"Feature","geometry":{"type":"LineString","coordinates":[[17.129391,48.130269],[17.129497,48.130202],[17.129575,48.130138],[17.129675,48.130014],[17.129743,48.129913],[17.129801,48.129795],[17.129825,48.129634]]},"properties":{"r":3,"k":"road"}},{"type":"Feature","geometry":{"type":"LineString","coordinates":[[17.115506,48.133049],[17.11528,48.133259],[17.114861,48.133649],[17.11482,48.133713],[17.11477,48.133786]]},"properties":{"r":0,"k":"road"}},{"type":"Feature","geometry":{"type":"LineString","coordinates":[[17.114523,48.131559],[17.114293,48.131613],[17.114235,48.13163],[17.11419,48.13166],[17.114145,48.131707],[17.114129,48.131743],[17.11411,48.13179]]},"properties":{"r":1,"k":"road"}},{"type":"Feature","geometry":{"type":"LineString","coordinates":[[17.115137,48.135168],[17.11477,48.133786]]},"properties":{"r":0,"k":"road"}},{"type":"Feature","geometry":{"type":"LineString","coordinates":[[17.11528,48.133259],[17.115116,48.1333],[17.114977,48.133322],[17.114854,48.133318],[17.114777,48.133307],[17.114718,48.133296],[17.11463,48.133264]]},"properties":{"r":0,"k":"road"}},{"type":"Feature","geometry":{"type":"LineString","coordinates":[[17.115832,48.12594],[17.115582,48.125596],[17.115439,48.125415],[17.115312,48.125278],[17.115123,48.125098],[17.114834,48.124869],[17.114251,48.124287],[17.114047,48.124063]]},"properties":{"r":1,"k":"road"}},{"type":"Feature","geometry":{"type":"LineString","coordinates":[[17.11395,48.128047],[17.113893,48.128053],[17.11356,48.128076]]},"properties":{"r":0,"k":"road"}},{"type":"Feature","geometry":{"type":"LineString","coordinates":[[17.11395,48.128047],[17.114128,48.128038]]},"properties":{"r":0,"k":"road"}},{"type":"Feature","geometry":{"type":"LineString","coordinates":[[17.111769,48.117839],[17.111779,48.118025],[17.1118,48.118166],[17.111915,48.118254],[17.112025,48.118284],[17.112224,48.118274],[17.112346,48.118291],[17.112449,48.118318],[17.113566,48.118272],[17.114222,48.118254],[17.114348,48.118222],[17.114423,48.118161],[17.11442,48.117966]]},"properties":{"r":0,"k":"road"}},{"type":"Feature","geometry":{"type":"LineString","coordinates":[[17.132775,48.124284],[17.132762,48.12428],[17.132556,48.124206],[17.132429,48.124164]]},"properties":{"r":0,"k":"road"}},{"type":"Feature","geometry":{"type":"LineString","coordinates":[[17.118943,48.119945],[17.118718,48.119867]]},"properties":{"r":1,"k":"road"}},{"type":"Feature","geometry":{"type":"LineString","coordinates":[[17.11825,48.119707],[17.118501,48.119706],[17.118555,48.119705],[17.118672,48.119678],[17.118758,48.119651]]},"properties":{"r":0,"k":"road"}},{"type":"Feature","geometry":{"type":"LineString","coordinates":[[17.128557,48.127564],[17.127011,48.127613],[17.126375,48.127635],[17.125763,48.127662]]},"properties":{"r":1,"k":"road"}},{"type":"Feature","geometry":{"type":"LineString","coordinates":[[17.124077,48.127641],[17.124396,48.127549],[17.124544,48.127375]]},"properties":{"r":0,"k":"road"}},{"type":"Feature","geometry":{"type":"LineString","coordinates":[[17.129784,48.122738],[17.129754,48.122357],[17.129735,48.122014],[17.129736,48.121899],[17.129747,48.121791],[17.129767,48.12167],[17.129795,48.121567],[17.129861,48.121382],[17.129889,48.121322],[17.129925,48.12126],[17.129998,48.121152],[17.130331,48.12071],[17.1304,48.12062],[17.130582,48.120388]]},"properties":{"r":1,"k":"road"}},{"type":"Feature","geometry":{"type":"LineString","coordinates":[[17.132823,48.117493],[17.132627,48.117759],[17.132519,48.117901],[17.13225,48.118187]]},"properties":{"r":1,"k":"road"}},{"type":"Feature","geometry":{"type":"LineString","coordinates":[[17.116736,48.133027],[17.116776,48.132992],[17.116794,48.132967],[17.116816,48.132913],[17.116805,48.132551],[17.116776,48.132217]]},"properties":{"r":1,"k":"road"}},{"type":"Feature","geometry":{"type":"LineString","coordinates":[[17.130546,48.13022],[17.130655,48.130261],[17.13079,48.1303],[17.130926,48.130325],[17.131094,48.130351],[17.131786,48.130437]]},"properties":{"r":2,"k":"road"}},{"type":"Feature","geometry":{"type":"LineString","coordinates":[[17.113252,48.131212],[17.115899,48.13112]]},"properties":{"r":3,"k":"road"}},{"type":"Feature","geometry":{"type":"LineString","coordinates":[[17.11395,48.128047],[17.113945,48.128002],[17.113928,48.12787]]},"properties":{"r":0,"k":"road"}},{"type":"Feature","geometry":{"type":"LineString","coordinates":[[17.11928,48.127821],[17.11963,48.127811],[17.12066,48.127777]]},"properties":{"r":1,"k":"road"}},{"type":"Feature","geometry":{"type":"LineString","coordinates":[[17.124544,48.127375],[17.124782,48.127524],[17.124901,48.127577],[17.125032,48.127617]]},"properties":{"r":0,"k":"road"}},{"type":"Feature","geometry":{"type":"LineString","coordinates":[[17.118821,48.119984],[17.118665,48.11999],[17.11852,48.12004],[17.118409,48.120086]]},"properties":{"r":0,"k":"road"}},{"type":"Feature","geometry":{"type":"LineString","coordinates":[[17.118294,48.120233],[17.118285,48.120093],[17.118332,48.120002],[17.118337,48.11988],[17.118328,48.119862],[17.118292,48.119782],[17.11825,48.119707]]},"properties":{"r":0,"k":"road"}},{"type":"Feature","geometry":{"type":"LineString","coordinates":[[17.133614,48.116855],[17.133907,48.117183],[17.134032,48.117325],[17.134096,48.1174],[17.134158,48.117476],[17.134214,48.117547],[17.134268,48.11762],[17.134319,48.117694],[17.134369,48.117767],[17.134423,48.117853],[17.134479,48.117941],[17.134527,48.118024],[17.134577,48.118112],[17.134664,48.118279],[17.134705,48.118367],[17.134744,48.118455],[17.134778,48.118533],[17.134793,48.118577],[17.134809,48.11862],[17.134835,48.118701],[17.134859,48.11878],[17.1349,48.118941],[17.134921,48.119024],[17.13494,48.119114],[17.134962,48.119232],[17.134973,48.119307],[17.13498,48.119369],[17.134988,48.119488]]},"properties":{"r":3,"k":"road"}},{"type":"Feature","geometry":{"type":"LineString","coordinates":[[17.1323,48.124122],[17.132558,48.123771]]},"properties":{"r":3,"k":"road"}},{"type":"Feature","geometry":{"type":"LineString","coordinates":[[17.122191,48.1297],[17.122184,48.12959],[17.122157,48.129222],[17.122148,48.129072],[17.1221,48.128388],[17.12208,48.128107],[17.122064,48.127893]]},"properties":{"r":0,"k":"road"}},{"type":"Feature","geometry":{"type":"LineString","coordinates":[[17.116338,48.132307],[17.115758,48.132325],[17.115653,48.132328],[17.115377,48.132338],[17.114347,48.132373],[17.114238,48.132377]]},"properties":{"r":0,"k":"road"}},{"type":"Feature","geometry":{"type":"LineString","coordinates":[[17.123374,48.126595],[17.123305,48.126597],[17.121771,48.126649],[17.121653,48.126655],[17.121178,48.126669],[17.120902,48.12668],[17.12047,48.126697],[17.1198,48.126723],[17.119304,48.126742],[17.119077,48.12668],[17.118961,48.12659],[17.118442,48.126063],[17.118337,48.125957],[17.118688,48.125801],[17.118748,48.125775],[17.11904,48.125648]]},"properties":{"r":0,"k":"road"}},{"type":"Feature","geometry":{"type":"LineString","coordinates":[[17.12128,48.122375],[17.121327,48.122313],[17.12168,48.121848],[17.121728,48.121784],[17.122346,48.121988],[17.12266,48.122092],[17.122985,48.122197],[17.123302,48.122303]]},"properties":{"r":0,"k":"road"}},{"type":"Feature","geometry":{"type":"LineString","coordinates":[[17.136208,48.132091],[17.136477,48.132224],[17.13672,48.132354],[17.13703,48.132538],[17.137151,48.132614],[17.137275,48.132695]]},"properties":{"r":4,"k":"road"}},{"type":"Feature","geometry":{"type":"LineString","coordinates":[[17.1323,48.124122],[17.132429,48.124164]]},"properties":{"r":1,"k":"road"}},{"type":"Feature","geometry":{"type":"LineString","coordinates":[[17.11916,48.120017],[17.118943,48.119945]]},"properties":{"r":1,"k":"road"}},{"type":"Feature","geometry":{"type":"LineString","coordinates":[[17.118409,48.120086],[17.118541,48.119928],[17.118621,48.119836]]},"properties":{"r":1,"k":"road"}},{"type":"Feature","geometry":{"type":"LineString","coordinates":[[17.11775,48.119527],[17.117984,48.119611],[17.11825,48.119707]]},"properties":{"r":1,"k":"road"}},{"type":"Feature","geometry":{"type":"LineString","coordinates":[[17.129113,48.131661],[17.128703,48.131664],[17.12844,48.131661],[17.128198,48.131653],[17.127971,48.131646],[17.12776,48.131635],[17.127538,48.13162],[17.127312,48.1316],[17.127095,48.131578],[17.126925,48.131561],[17.126543,48.131515]]},"properties":{"r":3,"k":"road"}},{"type":"Feature","geometry":{"type":"LineString","coordinates":[[17.127755,48.131173],[17.127196,48.131148],[17.126752,48.131135],[17.126351,48.131135]]},"properties":{"r":3,"k":"road"}},{"type":"Feature","geometry":{"type":"LineString","coordinates":[[17.12802,48.13732],[17.127841,48.136325],[17.127811,48.136131],[17.127788,48.135981],[17.127771,48.135821],[17.127757,48.135668],[17.127748,48.135515],[17.127745,48.135401],[17.127754,48.135285],[17.127779,48.135056],[17.127804,48.134915],[17.127842,48.134767],[17.127978,48.134372]]},"properties":{"r":3,"k":"road"}},{"type":"Feature","geometry":{"type":"LineString","coordinates":[[17.131786,48.130437],[17.132106,48.130478]]},"properties":{"r":2,"k":"road"}},{"type":"Feature","geometry":{"type":"LineString","coordinates":[[17.113897,48.122046],[17.114065,48.122068],[17.114255,48.122064],[17.11553,48.122011],[17.116272,48.121983],[17.116465,48.121962],[17.116573,48.121898],[17.116715,48.121728]]},"properties":{"r":0,"k":"road"}},{"type":"Feature","geometry":{"type":"LineString","coordinates":[[17.118447,48.131021],[17.120965,48.130921]]},"properties":{"r":3,"k":"road"}},{"type":"Feature","geometry":{"type":"LineString","coordinates":[[17.113831,48.132373],[17.114086,48.132357],[17.114156,48.132366]]},"properties":{"r":0,"k":"road"}},{"type":"Feature","geometry":{"type":"LineString","coordinates":[[17.130219,48.130543],[17.13058,48.130541],[17.130933,48.130548]]},"properties":{"r":3,"k":"road"}},{"type":"Feature","geometry":{"type":"LineString","coordinates":[[17.119358,48.129816],[17.119312,48.129845],[17.11924,48.129874],[17.119158,48.129888],[17.119064,48.129896],[17.11901,48.1299]]},"properties":{"r":0,"k":"road"}},{"type":"Feature","geometry":{"type":"LineString","coordinates":[[17.128119,48.134352],[17.128007,48.134674],[17.127947,48.134882],[17.127905,48.135092],[17.127881,48.135308],[17.127877,48.135418],[17.12788,48.135525],[17.127886,48.135671],[17.127899,48.135816],[17.127918,48.135963],[17.127941,48.136108],[17.127988,48.136394],[17.128331,48.138267],[17.128403,48.138626],[17.128486,48.138982],[17.128572,48.13928],[17.128641,48.139475],[17.128719,48.139657],[17.128921,48.140105],[17.129211,48.140601]]},"properties":{"r":3,"k":"road"}},{"type":"Feature","geometry":{"type":"LineString","coordinates":[[17.112622,48.131631],[17.111309,48.131683],[17.110969,48.131695]]},"properties":{"r":3,"k":"road"}},{"type":"Feature","geometry":{"type":"LineString","coordinates":[[17.114523,48.131559],[17.113779,48.131593]]},"properties":{"r":3,"k":"road"}},{"type":"Feature","geometry":{"type":"LineString","coordinates":[[17.128971,48.132869],[17.129226,48.132535],[17.12938,48.132315],[17.129502,48.132106],[17.129582,48.13194],[17.129663,48.131774],[17.129714,48.13162],[17.129801,48.131411],[17.129863,48.131175]]},"properties":{"r":3,"k":"road"}},{"type":"Feature","geometry":{"type":"LineString","coordinates":[[17.11411,48.13179],[17.114156,48.132366]]},"properties":{"r":1,"k":"road"}},{"type":"Feature","geometry":{"type":"LineString","coordinates":[[17.121975,48.12491],[17.121835,48.124763],[17.121747,48.124657],[17.121733,48.124639],[17.12172,48.124618],[17.121709,48.124592],[17.121704,48.124572],[17.121699,48.12455],[17.121696,48.124526],[17.121701,48.124481],[17.121725,48.124406],[17.121755,48.124337],[17.121773,48.12431],[17.12222,48.123719],[17.122505,48.123342]]},"properties":{"r":0,"k":"road"}},{"type":"Feature","geometry":{"type":"LineString","coordinates":[[17.123863,48.121497],[17.123858,48.121454],[17.123852,48.121404],[17.123844,48.121368],[17.123832,48.121333],[17.123815,48.121299],[17.123795,48.121264],[17.123777,48.121242],[17.123756,48.121221],[17.12372,48.12119],[17.123697,48.121175],[17.123675,48.121159],[17.123644,48.121143],[17.12361,48.121127],[17.123099,48.120952],[17.122556,48.120766],[17.122284,48.120674],[17.122116,48.120617],[17.121394,48.120373],[17.121355,48.12036],[17.121179,48.120301],[17.121144,48.12029],[17.121102,48.120284],[17.121076,48.120285],[17.121047,48.120287],[17.121017,48.120294],[17.12099,48.120303],[17.120964,48.120315],[17.12094,48.120331],[17.120871,48.120425],[17.120842,48.120465],[17.120821,48.120495],[17.120773,48.120563]]},"properties":{"r":0,"k":"road"}},{"type":"Feature","geometry":{"type":"LineString","coordinates":[[17.130762,48.125754],[17.130655,48.125898]]},"properties":{"r":0,"k":"road"}},{"type":"Feature","geometry":{"type":"LineString","coordinates":[[17.130096,48.128573],[17.130072,48.128762],[17.130065,48.128854],[17.130059,48.128942],[17.130048,48.12915]]},"properties":{"r":3,"k":"road"}},{"type":"Feature","geometry":{"type":"LineString","coordinates":[[17.115137,48.135168],[17.11515,48.135208]]},"properties":{"r":0,"k":"road"}},{"type":"Feature","geometry":{"type":"LineString","coordinates":[[17.129823,48.128593],[17.129817,48.128371],[17.129821,48.128161]]},"properties":{"r":3,"k":"road"}},{"type":"Feature","geometry":{"type":"LineString","coordinates":[[17.11477,48.133786],[17.114741,48.133674],[17.11463,48.133264]]},"properties":{"r":0,"k":"road"}},{"type":"Feature","geometry":{"type":"LineString","coordinates":[[17.130495,48.127108],[17.130394,48.127381],[17.130338,48.127534],[17.130233,48.127892],[17.130133,48.128256]]},"properties":{"r":3,"k":"road"}},{"type":"Feature","geometry":{"type":"LineString","coordinates":[[17.131956,48.12479],[17.131557,48.125303],[17.131256,48.125697],[17.130966,48.126098],[17.130885,48.126235],[17.130731,48.126539],[17.130623,48.126795]]},"properties":{"r":3,"k":"road"}},{"type":"Feature","geometry":{"type":"LineString","coordinates":[[17.120752,48.131321],[17.120533,48.1314],[17.120456,48.131436],[17.120417,48.131458]]},"properties":{"r":0,"k":"road"}},{"type":"Feature","geometry":{"type":"LineString","coordinates":[[17.132317,48.132114],[17.132116,48.13167]]},"properties":{"r":0,"k":"road"}},{"type":"Feature","geometry":{"type":"LineString","coordinates":[[17.133414,48.131674],[17.133501,48.131726],[17.133532,48.131796],[17.133556,48.131843],[17.133579,48.131884],[17.133592,48.131918],[17.133587,48.131955],[17.133571,48.131988],[17.133536,48.132012],[17.133495,48.132028]]},"properties":{"r":0,"k":"road"}},{"type":"Feature","geometry":{"type":"LineString","coordinates":[[17.13266,48.132906],[17.132317,48.132114]]},"properties":{"r":0,"k":"road"}},{"type":"Feature","geometry":{"type":"LineString","coordinates":[[17.133495,48.132028],[17.133338,48.132039],[17.133291,48.132043],[17.132317,48.132114]]},"properties":{"r":0,"k":"road"}},{"type":"Feature","geometry":{"type":"LineString","coordinates":[[17.104067,48.126709],[17.104435,48.12713],[17.10447,48.12717],[17.104579,48.127295],[17.104942,48.127711],[17.105034,48.127817],[17.105127,48.12792],[17.105222,48.128022],[17.105321,48.128127],[17.105399,48.128206],[17.105478,48.128286],[17.105561,48.128365],[17.105647,48.128441],[17.105729,48.128518],[17.105816,48.128597],[17.105905,48.128673],[17.105995,48.128749],[17.106086,48.128821],[17.10618,48.128892],[17.106275,48.128964],[17.106369,48.129034],[17.106471,48.129103],[17.106573,48.129169],[17.106678,48.129236],[17.106785,48.1293],[17.106844,48.129336],[17.106891,48.129364],[17.106998,48.129426],[17.107109,48.129487],[17.10722,48.129546],[17.107333,48.129603],[17.107371,48.129622],[17.107385,48.129629],[17.107447,48.129659],[17.107564,48.129716],[17.107681,48.12977],[17.107799,48.129823],[17.107918,48.129874],[17.10804,48.129921],[17.108161,48.129969],[17.108286,48.130016],[17.108412,48.130061],[17.10854,48.130105],[17.108669,48.130148],[17.108799,48.130189],[17.108929,48.130228],[17.109061,48.130266],[17.109193,48.130303],[17.109326,48.130338],[17.109459,48.130371],[17.109594,48.130402],[17.109728,48.130432],[17.109867,48.13046],[17.110005,48.130487],[17.110142,48.130513],[17.11028,48.130538],[17.110421,48.130559],[17.110562,48.130578],[17.110703,48.130597],[17.110844,48.130614],[17.110985,48.130629],[17.111125,48.130642],[17.111269,48.130654],[17.111415,48.130662],[17.111556,48.130671],[17.1117,48.130678],[17.111843,48.130684],[17.111988,48.130687],[17.112129,48.130688],[17.112274,48.130689],[17.112415,48.130689],[17.11256,48.130687],[17.112704,48.130685],[17.112847,48.130682],[17.112991,48.130679],[17.113134,48.130674],[17.115312,48.130606],[17.117508,48.130533],[17.117658,48.130527],[17.117803,48.130521],[17.119967,48.130438],[17.123371,48.13032],[17.125051,48.130262],[17.126398,48.130218],[17.126674,48.130208],[17.126956,48.130195],[17.127507,48.130171],[17.127786,48.130161],[17.12806,48.130153]]},"properties":{"r":1,"k":"rail"}},{"type":"Feature","geometry":{"type":"LineString","coordinates":[[17.131967,48.124542],[17.132171,48.124285],[17.1323,48.124122]]},"properties":{"r":3,"k":"road"}},{"type":"Feature","geometry":{"type":"LineString","coordinates":[[17.120282,48.120397],[17.120169,48.120358],[17.120019,48.120308]]},"properties":{"r":1,"k":"road"}},{"type":"Feature","geometry":{"type":"LineString","coordinates":[[17.131628,48.123913],[17.131773,48.123957]]},"properties":{"r":1,"k":"road"}},{"type":"Feature","geometry":{"type":"LineString","coordinates":[[17.118996,48.119334],[17.118758,48.119651]]},"properties":{"r":0,"k":"road"}},{"type":"Feature","geometry":{"type":"LineString","coordinates":[[17.118758,48.119651],[17.118813,48.119785],[17.118866,48.11985],[17.118943,48.119945]]},"properties":{"r":0,"k":"road"}},{"type":"Feature","geometry":{"type":"LineString","coordinates":[[17.131967,48.124542],[17.13198,48.124354],[17.131983,48.124298],[17.131977,48.124264],[17.131939,48.124175],[17.131894,48.124114],[17.131837,48.124057],[17.131773,48.124008],[17.131628,48.123913]]},"properties":{"r":0,"k":"road"}},{"type":"Feature","geometry":{"type":"LineString","coordinates":[[17.104775,48.136558],[17.105977,48.136659],[17.106773,48.136725],[17.106989,48.13674],[17.107097,48.136747],[17.107209,48.136749],[17.107401,48.136748],[17.107536,48.136743],[17.107669,48.136733],[17.107804,48.136718],[17.107932,48.136697],[17.108342,48.136603],[17.108639,48.13654],[17.109402,48.136381],[17.109511,48.136359],[17.109631,48.136334],[17.110305,48.136191],[17.111393,48.135958],[17.112403,48.135747],[17.114149,48.135371]]},"properties":{"r":0,"k":"road"}},{"type":"Feature","geometry":{"type":"LineString","coordinates":[[17.11891,48.121611],[17.119238,48.121722],[17.119354,48.121762],[17.119612,48.121849],[17.120142,48.122028],[17.120567,48.122172],[17.120699,48.122221]]},"properties":{"r":0,"k":"road"}},{"type":"Feature","geometry":{"type":"LineString","coordinates":[[17.121282,48.121257],[17.121148,48.121429],[17.120963,48.121666],[17.120721,48.121976],[17.120567,48.122172],[17.120289,48.122542],[17.120202,48.122659],[17.120128,48.122757],[17.120113,48.122777],[17.119986,48.122946],[17.119884,48.123082],[17.119717,48.123304],[17.119698,48.12333],[17.119565,48.123506],[17.119451,48.123658],[17.119312,48.123843]]},"properties":{"r":0,"k":"road"}},{"type":"Feature","geometry":{"type":"LineString","coordinates":[[17.121017,48.12363],[17.121156,48.123448],[17.121385,48.123149],[17.121464,48.123045],[17.121499,48.122999]]},"properties":{"r":0,"k":"road"}},{"type":"Feature","geometry":{"type":"LineString","coordinates":[[17.1198,48.126723],[17.119805,48.126788],[17.119823,48.127031],[17.119831,48.127134],[17.119847,48.127339],[17.119852,48.127412],[17.119846,48.127468],[17.119813,48.127521],[17.119759,48.127575],[17.119677,48.127634]]},"properties":{"r":0,"k":"road"}},{"type":"Feature","geometry":{"type":"LineString","coordinates":[[17.124391,48.126635],[17.12438,48.12648],[17.124373,48.126308]]},"properties":{"r":1,"k":"road"}},{"type":"Feature","geometry":{"type":"LineString","coordinates":[[17.113566,48.118272],[17.113561,48.11819],[17.113544,48.117971]]},"properties":{"r":0,"k":"road"}},{"type":"Feature","geometry":{"type":"LineString","coordinates":[[17.116392,48.119064],[17.116423,48.119024],[17.116476,48.118955],[17.1166,48.118795],[17.116701,48.118664],[17.116894,48.118415]]},"properties":{"r":0,"k":"road"}},{"type":"Feature","geometry":{"type":"LineString","coordinates":[[17.129552,48.12721],[17.129395,48.127256],[17.12919,48.127309],[17.128857,48.127319],[17.128147,48.127339],[17.127473,48.127358],[17.127124,48.127368],[17.126992,48.127349]]},"properties":{"r":0,"k":"road"}},{"type":"Feature","geometry":{"type":"LineString","coordinates":[[17.128523,48.138648],[17.12872,48.138624],[17.128904,48.138607],[17.129083,48.1386],[17.129673,48.138574],[17.129805,48.138572],[17.130698,48.138528],[17.130983,48.138513],[17.131242,48.138496],[17.131418,48.138477],[17.131608,48.13845],[17.132817,48.138258],[17.133004,48.138234],[17.133181,48.138217],[17.133355,48.138205],[17.13353,48.138198],[17.134158,48.138198],[17.134403,48.138199],[17.134619,48.138189],[17.134856,48.138164],[17.135031,48.138142],[17.135219,48.138114],[17.135634,48.138041],[17.136057,48.137955],[17.136543,48.137847],[17.136867,48.137764],[17.137146,48.137684],[17.137344,48.137623],[17.137582,48.137541],[17.137783,48.13747],[17.138301,48.137276],[17.138383,48.137239],[17.138538,48.137167],[17.138628,48.137117],[17.138811,48.137001],[17.138945,48.136901],[17.139061,48.136807],[17.139273,48.136605],[17.139416,48.136469],[17.139545,48.136355],[17.139643,48.136278],[17.139764,48.136195],[17.14005,48.136013]]},"properties":{"r":1,"k":"rail"}},{"type":"Feature","geometry":{"type":"LineString","coordinates":[[17.128601,48.122852],[17.128763,48.122632],[17.128891,48.12246],[17.129123,48.122149],[17.129535,48.122282],[17.129619,48.122314],[17.129754,48.122357]]},"properties":{"r":0,"k":"road"}},{"type":"Feature","geometry":{"type":"LineString","coordinates":[[17.132709,48.120303],[17.132643,48.120392],[17.132582,48.120469],[17.132458,48.120626],[17.132331,48.120789],[17.132203,48.120952],[17.132127,48.121048],[17.132046,48.12115],[17.131964,48.121257]]},"properties":{"r":0,"k":"road"}},{"type":"Feature","geometry":{"type":"LineString","coordinates":[[17.133778,48.130969],[17.134131,48.131069],[17.134497,48.131183],[17.134744,48.131274],[17.135214,48.13146]]},"properties":{"r":3,"k":"road"}},{"type":"Feature","geometry":{"type":"LineString","coordinates":[[17.130933,48.130548],[17.131352,48.130569],[17.131854,48.130611],[17.132385,48.130677],[17.132877,48.13076],[17.133353,48.130861],[17.133778,48.130969]]},"properties":{"r":3,"k":"road"}},{"type":"Feature","geometry":{"type":"LineString","coordinates":[[17.132106,48.130478],[17.132574,48.130526],[17.132902,48.130577],[17.133251,48.130652],[17.133752,48.13078],[17.134002,48.13086],[17.134223,48.130949],[17.134529,48.131085],[17.134739,48.131194],[17.135214,48.13146]]},"properties":{"r":2,"k":"road"}},{"type":"Feature","geometry":{"type":"LineString","coordinates":[[17.123075,48.127686],[17.123444,48.127669],[17.123662,48.127658]]},"properties":{"r":1,"k":"road"}},{"type":"Feature","geometry":{"type":"LineString","coordinates":[[17.123662,48.127658],[17.124077,48.127641]]},"properties":{"r":1,"k":"road"}},{"type":"Feature","geometry":{"type":"LineString","coordinates":[[17.117745,48.127863],[17.119062,48.127827],[17.11928,48.127821]]},"properties":{"r":1,"k":"road"}},{"type":"Feature","geometry":{"type":"LineString","coordinates":[[17.124077,48.127641],[17.124418,48.127636],[17.124571,48.127634]]},"properties":{"r":1,"k":"road"}},{"type":"Feature","geometry":{"type":"LineString","coordinates":[[17.122057,48.127725],[17.122299,48.127716],[17.122633,48.1277],[17.123075,48.127686]]},"properties":{"r":1,"k":"road"}},{"type":"Feature","geometry":{"type":"LineString","coordinates":[[17.125032,48.127617],[17.125464,48.127606],[17.127006,48.127556],[17.128263,48.12751]]},"properties":{"r":1,"k":"road"}},{"type":"Feature","geometry":{"type":"LineString","coordinates":[[17.124513,48.12692],[17.124544,48.127375]]},"properties":{"r":1,"k":"road"}},{"type":"Feature","geometry":{"type":"LineString","coordinates":[[17.124544,48.127375],[17.124571,48.127566],[17.124571,48.127634]]},"properties":{"r":1,"k":"road"}},{"type":"Feature","geometry":{"type":"LineString","coordinates":[[17.129825,48.129634],[17.129826,48.129518],[17.129808,48.128877]]},"properties":{"r":3,"k":"road"}},{"type":"Feature","geometry":{"type":"LineString","coordinates":[[17.130294,48.131616],[17.129113,48.131661]]},"properties":{"r":3,"k":"road"}},{"type":"Feature","geometry":{"type":"LineString","coordinates":[[17.113659,48.124204],[17.113779,48.124294],[17.113956,48.12449],[17.114195,48.124737],[17.11435,48.124903],[17.114649,48.125213],[17.114971,48.125543],[17.114989,48.125628],[17.115005,48.125912]]},"properties":{"r":0,"k":"road"}},{"type":"Feature","geometry":{"type":"LineString","coordinates":[[17.113816,48.126438],[17.113477,48.126448],[17.111122,48.126527]]},"properties":{"r":0,"k":"road"}},{"type":"Feature","geometry":{"type":"LineString","coordinates":[[17.126063,48.126007],[17.126942,48.125972],[17.127215,48.125956],[17.12728,48.125948],[17.127343,48.125938],[17.127407,48.125927],[17.127473,48.125911],[17.127519,48.125899],[17.127569,48.125883],[17.127682,48.125844],[17.12773,48.125824],[17.127777,48.125802],[17.127821,48.12578],[17.127866,48.125756],[17.127899,48.125738],[17.12793,48.125718],[17.127963,48.125697],[17.127994,48.125672],[17.12802,48.125647],[17.128038,48.12563],[17.128084,48.125587],[17.128171,48.12549],[17.128331,48.125284],[17.128372,48.125232]]},"properties":{"r":1,"k":"road"}},{"type":"Feature","geometry":{"type":"LineString","coordinates":[[17.124712,48.129619],[17.124461,48.129627],[17.123987,48.129642],[17.123878,48.129646]]},"properties":{"r":0,"k":"road"}},{"type":"Feature","geometry":{"type":"LineString","coordinates":[[17.123878,48.129646],[17.123571,48.129655],[17.123378,48.129662],[17.12235,48.129695],[17.122191,48.1297]]},"properties":{"r":0,"k":"road"}},{"type":"Feature","geometry":{"type":"LineString","coordinates":[[17.130655,48.125898],[17.1303,48.126362],[17.129986,48.126765],[17.129956,48.126802],[17.129764,48.127069],[17.129552,48.12721]]},"properties":{"r":0,"k":"road"}},{"type":"Feature","geometry":{"type":"LineString","coordinates":[[17.128372,48.125232],[17.12853,48.125022],[17.128544,48.125003],[17.128719,48.124774],[17.128825,48.12464]]},"properties":{"r":1,"k":"road"}},{"type":"Feature","geometry":{"type":"LineString","coordinates":[[17.128825,48.12464],[17.128851,48.124605],[17.128899,48.124541],[17.128999,48.124406],[17.129205,48.124125],[17.129325,48.123975],[17.129457,48.123797]]},"properties":{"r":1,"k":"road"}},{"type":"Feature","geometry":{"type":"LineString","coordinates":[[17.11701,48.12134],[17.117241,48.12105],[17.117442,48.120779],[17.117738,48.1204]]},"properties":{"r":0,"k":"road"}},{"type":"Feature","geometry":{"type":"LineString","coordinates":[[17.123593,48.123401],[17.123009,48.1232],[17.122696,48.123092]]},"properties":{"r":0,"k":"road"}},{"type":"Feature","geometry":{"type":"LineString","coordinates":[[17.133386,48.123511],[17.133443,48.123501],[17.133498,48.123498],[17.133554,48.123501],[17.133611,48.123512],[17.133913,48.123629],[17.13503,48.124065],[17.136141,48.124493],[17.136173,48.124511],[17.136204,48.124536],[17.136229,48.12457]]},"properties":{"r":0,"k":"road"}},{"type":"Feature","geometry":{"type":"LineString","coordinates":[[17.136229,48.12457],[17.136149,48.12477],[17.1361,48.124886],[17.135557,48.125774],[17.135385,48.126027],[17.135139,48.126461],[17.134971,48.126905],[17.134654,48.12721],[17.134423,48.127431],[17.134187,48.127653],[17.133825,48.127996],[17.133759,48.128059],[17.133476,48.128329],[17.133393,48.128408],[17.13322,48.128573],[17.133124,48.12867],[17.132743,48.129053],[17.132566,48.129232]]},"properties":{"r":0,"k":"road"}},{"type":"Feature","geometry":{"type":"LineString","coordinates":[[17.12652,48.120742],[17.126536,48.120643],[17.126943,48.120101],[17.12741,48.119481],[17.127677,48.119126],[17.127944,48.11877],[17.128005,48.118689],[17.128153,48.118493],[17.128578,48.117929],[17.128653,48.11783]]},"properties":{"r":0,"k":"road"}},{"type":"Feature","geometry":{"type":"LineString","coordinates":[[17.126992,48.127349],[17.126997,48.127425]]},"properties":{"r":0,"k":"road"}},{"type":"Feature","geometry":{"type":"LineString","coordinates":[[17.126997,48.127425],[17.127003,48.127515],[17.127006,48.127556],[17.127011,48.127613]]},"properties":{"r":0,"k":"road"}},{"type":"Feature","geometry":{"type":"LineString","coordinates":[[17.132116,48.13167],[17.132988,48.131666],[17.133268,48.131676],[17.133414,48.131674]]},"properties":{"r":0,"k":"road"}},{"type":"Feature","geometry":{"type":"LineString","coordinates":[[17.112533,48.120667],[17.11262,48.120751],[17.112918,48.121059],[17.11307,48.121215],[17.113827,48.122024],[17.113897,48.122046]]},"properties":{"r":0,"k":"road"}},{"type":"Feature","geometry":{"type":"LineString","coordinates":[[17.115589,48.119662],[17.115401,48.119865],[17.115157,48.119965],[17.113619,48.120024],[17.113551,48.120041],[17.112796,48.120347],[17.112707,48.120391],[17.11259,48.120447],[17.11254,48.120502],[17.112517,48.120567],[17.112533,48.120667]]},"properties":{"r":0,"k":"road"}},{"type":"Feature","geometry":{"type":"LineString","coordinates":[[17.12959,48.127621],[17.129362,48.127618],[17.12924,48.127617],[17.128859,48.127563],[17.128557,48.127564]]},"properties":{"r":1,"k":"road"}},{"type":"Feature","geometry":{"type":"LineString","coordinates":[[17.12959,48.127621],[17.129909,48.127805],[17.130068,48.127971],[17.130118,48.128091],[17.130133,48.128256]]},"properties":{"r":2,"k":"road"}},{"type":"Feature","geometry":{"type":"LineString","coordinates":[[17.118074,48.120514],[17.118294,48.120233]]},"properties":{"r":1,"k":"road"}},{"type":"Feature","geometry":{"type":"LineString","coordinates":[[17.11825,48.119707],[17.118503,48.119796],[17.118621,48.119836]]},"properties":{"r":1,"k":"road"}},{"type":"Feature","geometry":{"type":"LineString","coordinates":[[17.130383,48.126629],[17.130823,48.126041],[17.13104,48.125755],[17.131408,48.125274]]},"properties":{"r":3,"k":"road"}},{"type":"Feature","geometry":{"type":"LineString","coordinates":[[17.11987,48.131355],[17.11933,48.131378]]},"properties":{"r":3,"k":"road"}},{"type":"Feature","geometry":{"type":"LineString","coordinates":[[17.11763,48.121125],[17.117735,48.12098],[17.118074,48.120514]]},"properties":{"r":1,"k":"road"}},{"type":"Feature","geometry":{"type":"LineString","coordinates":[[17.117265,48.121606],[17.117375,48.12146],[17.11763,48.121125]]},"properties":{"r":1,"k":"road"}},{"type":"Feature","geometry":{"type":"LineString","coordinates":[[17.111984,48.124245],[17.112103,48.124241],[17.112531,48.124226],[17.112604,48.124225],[17.112731,48.124222],[17.113223,48.124213],[17.113538,48.124205],[17.113659,48.124204]]},"properties":{"r":0,"k":"road"}},{"type":"Feature","geometry":{"type":"LineString","coordinates":[[17.130582,48.120388],[17.130633,48.120322],[17.1307,48.120233]]},"properties":{"r":1,"k":"road"}},{"type":"Feature","geometry":{"type":"LineString","coordinates":[[17.13107,48.119737],[17.131207,48.119557],[17.131741,48.11885],[17.132048,48.118448]]},"properties":{"r":1,"k":"road"}},{"type":"Feature","geometry":{"type":"LineString","coordinates":[[17.132048,48.118448],[17.132126,48.118352],[17.13225,48.118187]]},"properties":{"r":1,"k":"road"}},{"type":"Feature","geometry":{"type":"LineString","coordinates":[[17.118294,48.120233],[17.118409,48.120086]]},"properties":{"r":1,"k":"road"}},{"type":"Feature","geometry":{"type":"LineString","coordinates":[[17.119582,48.12016],[17.11916,48.120017]]},"properties":{"r":1,"k":"road"}},{"type":"Feature","geometry":{"type":"LineString","coordinates":[[17.120115,48.123439],[17.12009,48.123504],[17.120071,48.123566],[17.120056,48.123632],[17.120046,48.123699],[17.120041,48.123734],[17.120042,48.12377],[17.12005,48.123838],[17.120067,48.123905],[17.120078,48.123941],[17.120092,48.123977],[17.120121,48.124041],[17.12018,48.124145],[17.120193,48.124165]]},"properties":{"r":1,"k":"road"}},{"type":"Feature","geometry":{"type":"LineString","coordinates":[[17.11775,48.119527],[17.117583,48.11947],[17.117264,48.11936],[17.116828,48.119213],[17.116392,48.119064],[17.116125,48.118971],[17.115986,48.118925],[17.115879,48.118891],[17.115768,48.118859],[17.115659,48.11883],[17.115553,48.118805],[17.115475,48.118789],[17.115399,48.118775],[17.11533,48.118766],[17.115246,48.118756],[17.115136,48.118746],[17.115082,48.118743],[17.115027,48.118741],[17.114971,48.11874],[17.114917,48.118741],[17.114811,48.118743],[17.114439,48.118752],[17.11374,48.118777],[17.113039,48.118801],[17.112462,48.118819],[17.11229,48.118817]]},"properties":{"r":1,"k":"road"}},{"type":"Feature","geometry":{"type":"LineString","coordinates":[[17.118996,48.119334],[17.119049,48.119263],[17.119424,48.118763],[17.119857,48.118184],[17.119937,48.118079],[17.120891,48.116881],[17.121061,48.116683],[17.121229,48.116491],[17.121664,48.115991],[17.122198,48.115364],[17.122456,48.115075],[17.123458,48.113925],[17.123695,48.113652],[17.123845,48.113477],[17.124121,48.113158]]},"properties":{"r":0,"k":"road"}},{"type":"Feature","geometry":{"type":"LineString","coordinates":[[17.128121,48.131823],[17.127585,48.131727]]},"properties":{"r":2,"k":"road"}},{"type":"Feature","geometry":{"type":"LineString","coordinates":[[17.130375,48.131989],[17.130075,48.132226],[17.129878,48.132357]]},"properties":{"r":2,"k":"road"}},{"type":"Feature","geometry":{"type":"LineString","coordinates":[[17.129878,48.132357],[17.129389,48.132699],[17.128948,48.13311]]},"properties":{"r":2,"k":"road"}},{"type":"Feature","geometry":{"type":"LineString","coordinates":[[17.127585,48.131727],[17.127078,48.131659],[17.126792,48.131601],[17.126543,48.131515]]},"properties":{"r":2,"k":"road"}},{"type":"Feature","geometry":{"type":"LineString","coordinates":[[17.129935,48.130187],[17.129938,48.12988],[17.129907,48.129245],[17.129875,48.128774],[17.129823,48.128593]]},"properties":{"r":3,"k":"road"}},{"type":"Feature","geometry":{"type":"LineString","coordinates":[[17.129863,48.131175],[17.129915,48.130911],[17.129942,48.130636],[17.129935,48.130187]]},"properties":{"r":3,"k":"road"}},{"type":"Feature","geometry":{"type":"LineString","coordinates":[[17.12897,48.132326],[17.128909,48.132223],[17.12883,48.132137],[17.128735,48.132056],[17.128614,48.131985],[17.128489,48.131925],[17.128364,48.131883],[17.128237,48.131847],[17.128121,48.131823]]},"properties":{"r":2,"k":"road"}},{"type":"Feature","geometry":{"type":"LineString","coordinates":[[17.131408,48.125274],[17.131967,48.124542]]},"properties":{"r":3,"k":"road"}},{"type":"Feature","geometry":{"type":"LineString","coordinates":[[17.130623,48.126795],[17.130495,48.127108]]},"properties":{"r":3,"k":"road"}},{"type":"Feature","geometry":{"type":"LineString","coordinates":[[17.132642,48.123882],[17.132525,48.124037],[17.132429,48.124164]]},"properties":{"r":3,"k":"road"}},{"type":"Feature","geometry":{"type":"LineString","coordinates":[[17.133126,48.123255],[17.133064,48.123336],[17.132642,48.123882]]},"properties":{"r":3,"k":"road"}},{"type":"Feature","geometry":{"type":"LineString","coordinates":[[17.134566,48.12087],[17.134607,48.120761],[17.134682,48.120547],[17.134715,48.120424],[17.134744,48.120303],[17.134772,48.120175],[17.134785,48.120069],[17.134791,48.11998],[17.134796,48.119824],[17.134786,48.119549],[17.13478,48.119412],[17.134765,48.119279],[17.134747,48.119197],[17.134702,48.118972],[17.134625,48.118726],[17.134566,48.118562],[17.134474,48.118357],[17.13442,48.118249],[17.134371,48.118168]]},"properties":{"r":3,"k":"road"}},{"type":"Feature","geometry":{"type":"LineString","coordinates":[[17.131773,48.123957],[17.132143,48.124071],[17.1323,48.124122]]},"properties":{"r":1,"k":"road"}},{"type":"Feature","geometry":{"type":"LineString","coordinates":[[17.132775,48.124284],[17.133209,48.123702],[17.133288,48.123594],[17.133328,48.123545],[17.133386,48.123511]]},"properties":{"r":0,"k":"road"}},{"type":"Feature","geometry":{"type":"LineString","coordinates":[[17.131773,48.123957],[17.131936,48.12396],[17.132067,48.123954],[17.132167,48.123937],[17.132263,48.123903],[17.132355,48.123865],[17.132446,48.123813],[17.132558,48.123771]]},"properties":{"r":0,"k":"road"}},{"type":"Feature","geometry":{"type":"LineString","coordinates":[[17.132762,48.12428],[17.132613,48.124305],[17.132512,48.12432],[17.132396,48.124366],[17.132193,48.124476]]},"properties":{"r":0,"k":"road"}},{"type":"Feature","geometry":{"type":"LineString","coordinates":[[17.132642,48.123882],[17.132637,48.123994],[17.13264,48.12407],[17.132655,48.124136],[17.1327,48.124204],[17.132762,48.12428]]},"properties":{"r":0,"k":"road"}},{"type":"Feature","geometry":{"type":"LineString","coordinates":[[17.116255,48.130001],[17.116068,48.13001],[17.115958,48.130013],[17.115878,48.130015],[17.115853,48.130016],[17.115064,48.130046],[17.114516,48.130066],[17.114408,48.13007],[17.114218,48.130077],[17.114119,48.130082]]},"properties":{"r":0,"k":"road"}},{"type":"Feature","geometry":{"type":"LineString","coordinates":[[17.124571,48.127634],[17.124746,48.127625],[17.125032,48.127617]]},"properties":{"r":1,"k":"road"}},{"type":"Feature","geometry":{"type":"LineString","coordinates":[[17.124005,48.126067],[17.124283,48.126058],[17.124457,48.126051]]},"properties":{"r":1,"k":"road"}},{"type":"Feature","geometry":{"type":"LineString","coordinates":[[17.116299,48.126731],[17.116186,48.126488],[17.116058,48.126264],[17.115832,48.12594]]},"properties":{"r":1,"k":"road"}},{"type":"Feature","geometry":{"type":"LineString","coordinates":[[17.120309,48.131636],[17.120254,48.131536],[17.120224,48.131494],[17.120201,48.131466]]},"properties":{"r":0,"k":"road"}},{"type":"Feature","geometry":{"type":"LineString","coordinates":[[17.116987,48.131081],[17.117976,48.13104]]},"properties":{"r":3,"k":"road"}},{"type":"Feature","geometry":{"type":"LineString","coordinates":[[17.11792,48.129933],[17.117211,48.129963],[17.117037,48.129971]]},"properties":{"r":0,"k":"road"}},{"type":"Feature","geometry":{"type":"LineString","coordinates":[[17.129963,48.125443],[17.129942,48.125471],[17.129924,48.125493]]},"properties":{"r":0,"k":"road"}},{"type":"Feature","geometry":{"type":"LineString","coordinates":[[17.129924,48.125493],[17.129458,48.126101],[17.129198,48.126429],[17.129153,48.126483],[17.129111,48.126529],[17.129055,48.126573],[17.129001,48.126599],[17.128944,48.126623],[17.128881,48.126644],[17.128816,48.126652],[17.128608,48.126658],[17.127437,48.126696],[17.12722,48.126703],[17.12708,48.126708],[17.126945,48.126714]]},"properties":{"r":0,"k":"road"}},{"type":"Feature","geometry":{"type":"LineString","coordinates":[[17.127987,48.129501],[17.12735,48.129524],[17.126947,48.129539],[17.126053,48.129571],[17.124712,48.129619]]},"properties":{"r":0,"k":"road"}},{"type":"Feature","geometry":{"type":"LineString","coordinates":[[17.120201,48.131466],[17.120172,48.131441],[17.120145,48.131425],[17.120102,48.131408],[17.120028,48.131389],[17.11987,48.131355]]},"properties":{"r":0,"k":"road"}},{"type":"Feature","geometry":{"type":"LineString","coordinates":[[17.113498,48.128079],[17.112033,48.128127],[17.111901,48.128132],[17.110537,48.128181],[17.110341,48.128188],[17.110312,48.128189],[17.110206,48.128194],[17.110042,48.128197]]},"properties":{"r":0,"k":"road"}},{"type":"Feature","geometry":{"type":"LineString","coordinates":[[17.134775,48.130755],[17.134963,48.130617],[17.135291,48.13041],[17.135412,48.130268],[17.135341,48.130174],[17.134949,48.130019]]},"properties":{"r":0,"k":"road"}},{"type":"Feature","geometry":{"type":"LineString","coordinates":[[17.12301,48.130839],[17.12438,48.13075]]},"properties":{"r":3,"k":"road"}},{"type":"Feature","geometry":{"type":"LineString","coordinates":[[17.129513,48.132359],[17.12919,48.132763],[17.128948,48.13311]]},"properties":{"r":3,"k":"road"}},{"type":"Feature","geometry":{"type":"LineString","coordinates":[[17.129893,48.131692],[17.129848,48.131792],[17.129763,48.131962],[17.129656,48.132142],[17.129513,48.132359]]},"properties":{"r":3,"k":"road"}},{"type":"Feature","geometry":{"type":"LineString","coordinates":[[17.115444,48.131522],[17.114523,48.131559]]},"properties":{"r":3,"k":"road"}},{"type":"Feature","geometry":{"type":"LineString","coordinates":[[17.114213,48.132601],[17.113948,48.132444],[17.113831,48.132373]]},"properties":{"r":0,"k":"road"}},{"type":"Feature","geometry":{"type":"LineString","coordinates":[[17.113831,48.132373],[17.11392,48.132393],[17.114109,48.132457],[17.114167,48.132477]]},"properties":{"r":0,"k":"road"}},{"type":"Feature","geometry":{"type":"LineString","coordinates":[[17.113831,48.132373],[17.113633,48.132305],[17.113456,48.132259],[17.113284,48.132227],[17.113103,48.132207],[17.112979,48.132203],[17.112557,48.132219]]},"properties":{"r":0,"k":"road"}},{"type":"Feature","geometry":{"type":"LineString","coordinates":[[17.114238,48.132377],[17.114156,48.132366]]},"properties":{"r":0,"k":"road"}},{"type":"Feature","geometry":{"type":"LineString","coordinates":[[17.11515,48.135208],[17.115178,48.135315],[17.115196,48.13538],[17.115215,48.135465],[17.11522,48.135485]]},"properties":{"r":0,"k":"road"}},{"type":"Feature","geometry":{"type":"LineString","coordinates":[[17.112344,48.132101],[17.112402,48.132169],[17.112438,48.13219],[17.112492,48.132203],[17.112557,48.132219]]},"properties":{"r":0,"k":"road"}},{"type":"Feature","geometry":{"type":"LineString","coordinates":[[17.12066,48.127777],[17.121751,48.127736],[17.122057,48.127725]]},"properties":{"r":1,"k":"road"}},{"type":"Feature","geometry":{"type":"LineString","coordinates":[[17.11522,48.135485],[17.115259,48.135654],[17.115264,48.135677]]},"properties":{"r":0,"k":"road"}},{"type":"Feature","geometry":{"type":"LineString","coordinates":[[17.123397,48.125175],[17.123341,48.125177]]},"properties":{"r":0,"k":"road"}},{"type":"Feature","geometry":{"type":"LineString","coordinates":[[17.124579,48.127798],[17.124574,48.127708]]},"properties":{"r":0,"k":"road"}},{"type":"Feature","geometry":{"type":"LineString","coordinates":[[17.123302,48.122303],[17.123598,48.121927],[17.123826,48.121632],[17.123843,48.121601],[17.12385,48.12158],[17.123857,48.121555],[17.123861,48.121526],[17.123863,48.121497]]},"properties":{"r":0,"k":"road"}},{"type":"Feature","geometry":{"type":"LineString","coordinates":[[17.127502,48.127822],[17.126524,48.127844],[17.126391,48.127847]]},"properties":{"r":0,"k":"road"}},{"type":"Feature","geometry":{"type":"LineString","coordinates":[[17.138301,48.137276],[17.139458,48.136805]]},"properties":{"r":1,"k":"rail"}},{"type":"Feature","geometry":{"type":"LineString","coordinates":[[17.126735,48.138882],[17.126882,48.138863],[17.127011,48.13885],[17.127139,48.138841],[17.12729,48.138831],[17.127429,48.138817],[17.127548,48.138799],[17.128523,48.138648],[17.129649,48.138483],[17.134179,48.137779],[17.134376,48.137747],[17.134573,48.137713],[17.134776,48.137676],[17.134968,48.137637],[17.135165,48.137594],[17.135359,48.13755],[17.135554,48.137505],[17.136859,48.137173],[17.137047,48.137126],[17.137233,48.137078],[17.137418,48.137027],[17.137607,48.136974],[17.13779,48.136919],[17.137975,48.13686],[17.138158,48.136801],[17.138343,48.13674],[17.138518,48.136679],[17.138696,48.136615],[17.13887,48.136549],[17.139044,48.136478],[17.139385,48.136337],[17.139551,48.136266],[17.139725,48.136189],[17.139812,48.136146],[17.139902,48.136099],[17.139974,48.136058],[17.14005,48.136013],[17.140106,48.13598],[17.140178,48.135939],[17.140242,48.135905],[17.140316,48.135867]]},"properties":{"r":1,"k":"rail"}},{"type":"Feature","geometry":{"type":"LineString","coordinates":[[17.153196,48.14054],[17.153047,48.140518],[17.152899,48.140497],[17.152603,48.140459],[17.151091,48.140269],[17.150718,48.140222],[17.148827,48.139984],[17.148566,48.139946],[17.148305,48.139904],[17.148047,48.139855],[17.14779,48.139801],[17.147541,48.139738],[17.147296,48.139671],[17.147057,48.139598],[17.146822,48.139517],[17.146476,48.139392],[17.14592,48.13915],[17.145656,48.139018],[17.145322,48.138804],[17.145057,48.138608],[17.137972,48.133275],[17.135966,48.131779],[17.135721,48.131612],[17.135576,48.13152],[17.135431,48.131431],[17.135283,48.131343],[17.135132,48.131257],[17.134975,48.131174],[17.134817,48.131094],[17.134653,48.131017],[17.134487,48.130942],[17.134318,48.13087],[17.134146,48.130801],[17.13397,48.130735],[17.133792,48.130673],[17.13361,48.130614],[17.133427,48.130558],[17.133242,48.130505],[17.133056,48.130455],[17.132866,48.13041],[17.132676,48.130368],[17.132482,48.13033],[17.132288,48.130294],[17.132093,48.130263],[17.131897,48.130235],[17.1317,48.13021],[17.131502,48.13019],[17.131303,48.130173],[17.131104,48.130159],[17.130904,48.13015],[17.130705,48.130143],[17.130503,48.130142],[17.130302,48.130143],[17.130103,48.130144],[17.1299,48.130148],[17.128066,48.130206]]},"properties":{"r":1,"k":"rail"}},{"type":"Feature","geometry":{"type":"LineString","coordinates":[[17.113537,48.121049],[17.113248,48.120747],[17.113057,48.120544],[17.112933,48.120405],[17.112796,48.120347]]},"properties":{"r":0,"k":"road"}},{"type":"Feature","geometry":{"type":"LineString","coordinates":[[17.114149,48.135371],[17.114846,48.135227],[17.115137,48.135168]]},"properties":{"r":0,"k":"road"}},{"type":"Feature","geometry":{"type":"LineString","coordinates":[[17.114213,48.132601],[17.114239,48.132627],[17.114294,48.132678],[17.114351,48.132737],[17.114398,48.132795],[17.114454,48.132886]]},"properties":{"r":1,"k":"road"}},{"type":"Feature","geometry":{"type":"LineString","coordinates":[[17.13225,48.118187],[17.132386,48.117929],[17.132412,48.117856]]},"properties":{"r":1,"k":"road"}},{"type":"Feature","geometry":{"type":"LineString","coordinates":[[17.116343,48.122443],[17.116271,48.122465]]},"properties":{"r":1,"k":"road"}},{"type":"Feature","geometry":{"type":"LineString","coordinates":[[17.116673,48.122265],[17.116343,48.122443]]},"properties":{"r":1,"k":"road"}},{"type":"Feature","geometry":{"type":"LineString","coordinates":[[17.116271,48.122465],[17.116119,48.122515],[17.116044,48.12254]]},"properties":{"r":1,"k":"road"}},{"type":"Feature","geometry":{"type":"LineString","coordinates":[[17.11626,48.122761],[17.116118,48.122616],[17.116044,48.12254]]},"properties":{"r":0,"k":"road"}},{"type":"Feature","geometry":{"type":"LineString","coordinates":[[17.11578,48.122563],[17.115959,48.122548],[17.116044,48.12254]]},"properties":{"r":1,"k":"road"}},{"type":"Feature","geometry":{"type":"LineString","coordinates":[[17.11626,48.122761],[17.116022,48.122664],[17.115883,48.122604],[17.11578,48.122563]]},"properties":{"r":0,"k":"road"}},{"type":"Feature","geometry":{"type":"LineString","coordinates":[[17.116343,48.122443],[17.116268,48.122578],[17.11626,48.122761]]},"properties":{"r":0,"k":"road"}},{"type":"Feature","geometry":{"type":"LineString","coordinates":[[17.114025,48.128933],[17.114006,48.128662],[17.114002,48.128607]]},"properties":{"r":0,"k":"road"}},{"type":"Feature","geometry":{"type":"LineString","coordinates":[[17.116442,48.127998],[17.116295,48.128007],[17.11605,48.128009],[17.115201,48.128003]]},"properties":{"r":0,"k":"road"}},{"type":"Feature","geometry":{"type":"LineString","coordinates":[[17.116603,48.128897],[17.116609,48.129847]]},"properties":{"r":1,"k":"road"}},{"type":"Feature","geometry":{"type":"LineString","coordinates":[[17.116643,48.127989],[17.116652,48.128098],[17.11664,48.128474],[17.11664,48.128571],[17.116603,48.128897]]},"properties":{"r":1,"k":"road"}},{"type":"Feature","geometry":{"type":"LineString","coordinates":[[17.117175,48.127971],[17.117048,48.127975],[17.116978,48.127978],[17.11694,48.127979],[17.116884,48.127981],[17.116839,48.127983],[17.116643,48.127989]]},"properties":{"r":1,"k":"road"}},{"type":"Feature","geometry":{"type":"LineString","coordinates":[[17.115201,48.128003],[17.115979,48.127931],[17.116289,48.127921],[17.116436,48.127909]]},"properties":{"r":0,"k":"road"}},{"type":"Feature","geometry":{"type":"LineString","coordinates":[[17.116436,48.127909],[17.116439,48.127796],[17.116426,48.127598],[17.1164,48.127406],[17.11638,48.127271]]},"properties":{"r":1,"k":"road"}},{"type":"Feature","geometry":{"type":"LineString","coordinates":[[17.116488,48.128478],[17.116449,48.128103],[17.116442,48.127998]]},"properties":{"r":1,"k":"road"}},{"type":"Feature","geometry":{"type":"LineString","coordinates":[[17.117072,48.127873],[17.117369,48.127865],[17.117398,48.127866],[17.117745,48.127863]]},"properties":{"r":1,"k":"road"}},{"type":"Feature","geometry":{"type":"LineString","coordinates":[[17.116452,48.127082],[17.116511,48.127225],[17.116561,48.127418],[17.116586,48.127559]]},"properties":{"r":1,"k":"road"}},{"type":"Feature","geometry":{"type":"LineString","coordinates":[[17.114119,48.130082],[17.114095,48.129846]]},"properties":{"r":0,"k":"road"}},{"type":"Feature","geometry":{"type":"LineString","coordinates":[[17.11411,48.13179],[17.1141,48.131745],[17.114074,48.13171],[17.114042,48.131681],[17.113966,48.131645],[17.113779,48.131593]]},"properties":{"r":1,"k":"road"}},{"type":"Feature","geometry":{"type":"LineString","coordinates":[[17.114523,48.133025],[17.114751,48.13299]]},"properties":{"r":1,"k":"road"}},{"type":"Feature","geometry":{"type":"LineString","coordinates":[[17.113966,48.128207],[17.113962,48.128152],[17.11395,48.128047]]},"properties":{"r":0,"k":"road"}},{"type":"Feature","geometry":{"type":"LineString","coordinates":[[17.114002,48.128607],[17.113966,48.128207]]},"properties":{"r":0,"k":"road"}},{"type":"Feature","geometry":{"type":"LineString","coordinates":[[17.11356,48.128076],[17.113498,48.128079]]},"properties":{"r":0,"k":"road"}},{"type":"Feature","geometry":{"type":"LineString","coordinates":[[17.1145,48.128026],[17.115201,48.128003]]},"properties":{"r":0,"k":"road"}},{"type":"Feature","geometry":{"type":"LineString","coordinates":[[17.113928,48.12787],[17.113919,48.127747],[17.113893,48.127425],[17.113874,48.12717],[17.113871,48.127131],[17.113868,48.127099],[17.113852,48.126899],[17.113843,48.126778],[17.113816,48.126438]]},"properties":{"r":0,"k":"road"}},{"type":"Feature","geometry":{"type":"LineString","coordinates":[[17.112622,48.131631],[17.112475,48.131692],[17.112402,48.131719],[17.112348,48.131756],[17.112326,48.13181]]},"properties":{"r":0,"k":"road"}},{"type":"Feature","geometry":{"type":"LineString","coordinates":[[17.112557,48.132219],[17.112448,48.132229],[17.112352,48.132245],[17.112212,48.132278]]},"properties":{"r":0,"k":"road"}},{"type":"Feature","geometry":{"type":"LineString","coordinates":[[17.114156,48.132366],[17.114167,48.132477]]},"properties":{"r":1,"k":"road"}},{"type":"Feature","geometry":{"type":"LineString","coordinates":[[17.114167,48.132477],[17.114213,48.132601]]},"properties":{"r":1,"k":"road"}},{"type":"Feature","geometry":{"type":"LineString","coordinates":[[17.11463,48.133264],[17.114544,48.133067],[17.114523,48.133025]]},"properties":{"r":0,"k":"road"}},{"type":"Feature","geometry":{"type":"LineString","coordinates":[[17.114454,48.132886],[17.114523,48.133025]]},"properties":{"r":1,"k":"road"}},{"type":"Feature","geometry":{"type":"LineString","coordinates":[[17.116626,48.127886],[17.116643,48.127989]]},"properties":{"r":1,"k":"road"}},{"type":"Feature","geometry":{"type":"LineString","coordinates":[[17.116442,48.127998],[17.116436,48.127909]]},"properties":{"r":1,"k":"road"}},{"type":"Feature","geometry":{"type":"LineString","coordinates":[[17.116643,48.127989],[17.116442,48.127998]]},"properties":{"r":1,"k":"road"}},{"type":"Feature","geometry":{"type":"LineString","coordinates":[[17.116436,48.127909],[17.116626,48.127886]]},"properties":{"r":1,"k":"road"}},{"type":"Feature","geometry":{"type":"LineString","coordinates":[[17.125763,48.127662],[17.124746,48.127698],[17.124574,48.127708]]},"properties":{"r":1,"k":"road"}},{"type":"Feature","geometry":{"type":"LineString","coordinates":[[17.124513,48.12692],[17.124391,48.126635]]},"properties":{"r":1,"k":"road"}},{"type":"Feature","geometry":{"type":"LineString","coordinates":[[17.124296,48.126216],[17.124161,48.12612],[17.124005,48.126067]]},"properties":{"r":1,"k":"road"}},{"type":"Feature","geometry":{"type":"LineString","coordinates":[[17.124457,48.126051],[17.124465,48.126206]]},"properties":{"r":1,"k":"road"}},{"type":"Feature","geometry":{"type":"LineString","coordinates":[[17.124373,48.126308],[17.124419,48.12625],[17.124465,48.126206]]},"properties":{"r":1,"k":"road"}},{"type":"Feature","geometry":{"type":"LineString","coordinates":[[17.124574,48.127708],[17.124571,48.127634]]},"properties":{"r":0,"k":"road"}},{"type":"Feature","geometry":{"type":"LineString","coordinates":[[17.123472,48.127742],[17.122304,48.127773],[17.122059,48.127784]]},"properties":{"r":1,"k":"road"}},{"type":"Feature","geometry":{"type":"LineString","coordinates":[[17.124574,48.127708],[17.124405,48.127712],[17.123472,48.127742]]},"properties":{"r":1,"k":"road"}},{"type":"Feature","geometry":{"type":"LineString","coordinates":[[17.122059,48.127784],[17.122064,48.127893]]},"properties":{"r":0,"k":"road"}},{"type":"Feature","geometry":{"type":"LineString","coordinates":[[17.122064,48.127893],[17.121962,48.127827],[17.121837,48.127791]]},"properties":{"r":0,"k":"road"}},{"type":"Feature","geometry":{"type":"LineString","coordinates":[[17.122059,48.127784],[17.122057,48.127725]]},"properties":{"r":0,"k":"road"}},{"type":"Feature","geometry":{"type":"LineString","coordinates":[[17.119284,48.127886],[17.11928,48.127821]]},"properties":{"r":0,"k":"road"}},{"type":"Feature","geometry":{"type":"LineString","coordinates":[[17.122059,48.127784],[17.121837,48.127791],[17.120665,48.127829]]},"properties":{"r":1,"k":"road"}},{"type":"Feature","geometry":{"type":"LineString","coordinates":[[17.120665,48.127829],[17.119991,48.127855],[17.119634,48.127868],[17.119284,48.127886]]},"properties":{"r":1,"k":"road"}},{"type":"Feature","geometry":{"type":"LineString","coordinates":[[17.119361,48.128813],[17.119337,48.128529]]},"properties":{"r":0,"k":"road"}},{"type":"Feature","geometry":{"type":"LineString","coordinates":[[17.119314,48.128252],[17.119292,48.127982],[17.119284,48.127886]]},"properties":{"r":0,"k":"road"}},{"type":"Feature","geometry":{"type":"LineString","coordinates":[[17.119284,48.127886],[17.117743,48.127949]]},"properties":{"r":1,"k":"road"}},{"type":"Feature","geometry":{"type":"LineString","coordinates":[[17.120965,48.130921],[17.121732,48.130893]]},"properties":{"r":3,"k":"road"}},{"type":"Feature","geometry":{"type":"LineString","coordinates":[[17.121732,48.130893],[17.122578,48.13086],[17.12301,48.130839]]},"properties":{"r":3,"k":"road"}},{"type":"Feature","geometry":{"type":"LineString","coordinates":[[17.117976,48.13104],[17.118447,48.131021]]},"properties":{"r":3,"k":"road"}},{"type":"Feature","geometry":{"type":"LineString","coordinates":[[17.113779,48.131593],[17.112622,48.131631]]},"properties":{"r":3,"k":"road"}},{"type":"Feature","geometry":{"type":"LineString","coordinates":[[17.120417,48.131458],[17.120383,48.131488],[17.120357,48.131515],[17.120337,48.131549],[17.120321,48.131589],[17.120309,48.131636]]},"properties":{"r":0,"k":"road"}},{"type":"Feature","geometry":{"type":"LineString","coordinates":[[17.121718,48.131284],[17.120752,48.131321]]},"properties":{"r":3,"k":"road"}},{"type":"Feature","geometry":{"type":"LineString","coordinates":[[17.122558,48.131256],[17.121718,48.131284]]},"properties":{"r":3,"k":"road"}},{"type":"Feature","geometry":{"type":"LineString","coordinates":[[17.123939,48.131217],[17.122558,48.131256]]},"properties":{"r":3,"k":"road"}},{"type":"Feature","geometry":{"type":"LineString","coordinates":[[17.124412,48.131228],[17.124176,48.13122],[17.123939,48.131217]]},"properties":{"r":3,"k":"road"}},{"type":"Feature","geometry":{"type":"LineString","coordinates":[[17.141789,48.13501],[17.141242,48.13536],[17.141088,48.135464],[17.140918,48.135567],[17.140742,48.135659],[17.140552,48.135756],[17.140316,48.135867],[17.140026,48.136003],[17.13969,48.136154],[17.13952,48.136231],[17.139353,48.136302],[17.139012,48.136443],[17.13884,48.136511],[17.138667,48.136578],[17.138489,48.136643],[17.138313,48.136702],[17.138126,48.136767],[17.137946,48.136825],[17.137762,48.136882],[17.13758,48.136936],[17.137392,48.136988],[17.137208,48.137038],[17.137018,48.137086],[17.136829,48.137132],[17.13553,48.137465],[17.135336,48.137512],[17.135143,48.137557],[17.134947,48.137599],[17.134758,48.137636],[17.13456,48.137673],[17.134364,48.137707],[17.134165,48.13774],[17.129636,48.138441],[17.128185,48.138655],[17.126735,48.138882],[17.125975,48.139002]]},"properties":{"r":1,"k":"rail"}},{"type":"Feature","geometry":{"type":"LineString","coordinates":[[17.132305,48.120134],[17.132472,48.120221],[17.132709,48.120303],[17.132825,48.120343],[17.1329,48.120368]]},"properties":{"r":0,"k":"road"}},{"type":"Feature","geometry":{"type":"LineString","coordinates":[[17.133581,48.120763],[17.13364,48.120783],[17.133796,48.120837]]},"properties":{"r":0,"k":"road"}},{"type":"Feature","geometry":{"type":"LineString","coordinates":[[17.134371,48.118168],[17.134259,48.117992],[17.134143,48.117813],[17.134041,48.117674],[17.133898,48.11748]]},"properties":{"r":3,"k":"road"}},{"type":"Feature","geometry":{"type":"LineString","coordinates":[[17.116873,48.121779],[17.117082,48.121847]]},"properties":{"r":0,"k":"road"}},{"type":"Feature","geometry":{"type":"LineString","coordinates":[[17.116715,48.121728],[17.1169,48.121489],[17.116937,48.121434],[17.116981,48.121381],[17.11701,48.12134]]},"properties":{"r":0,"k":"road"}},{"type":"Feature","geometry":{"type":"LineString","coordinates":[[17.119361,48.128813],[17.119379,48.129017]]},"properties":{"r":0,"k":"road"}},{"type":"Feature","geometry":{"type":"LineString","coordinates":[[17.11901,48.1299],[17.11792,48.129933]]},"properties":{"r":0,"k":"road"}},{"type":"Feature","geometry":{"type":"LineString","coordinates":[[17.134803,48.120774],[17.134739,48.120932],[17.134652,48.121108]]},"properties":{"r":3,"k":"road"}},{"type":"Feature","geometry":{"type":"LineString","coordinates":[[17.134162,48.12188],[17.133483,48.122799],[17.133126,48.123255]]},"properties":{"r":3,"k":"road"}},{"type":"Feature","geometry":{"type":"LineString","coordinates":[[17.134844,48.120655],[17.134803,48.120774]]},"properties":{"r":3,"k":"road"}},{"type":"Feature","geometry":{"type":"LineString","coordinates":[[17.134988,48.119488],[17.13499,48.119602],[17.134992,48.119753],[17.134991,48.119827],[17.134987,48.119901],[17.134974,48.120056],[17.134952,48.120208],[17.13493,48.120326],[17.134904,48.120443],[17.134844,48.120655]]},"properties":{"r":3,"k":"road"}},{"type":"Feature","geometry":{"type":"LineString","coordinates":[[17.134652,48.121108],[17.134565,48.121279],[17.134486,48.121418],[17.134407,48.121543],[17.134227,48.121796],[17.134162,48.12188]]},"properties":{"r":3,"k":"road"}},{"type":"Feature","geometry":{"type":"LineString","coordinates":[[17.132934,48.123271],[17.13331,48.122784],[17.133565,48.122449],[17.134108,48.121694]]},"properties":{"r":3,"k":"road"}},{"type":"Feature","geometry":{"type":"LineString","coordinates":[[17.134108,48.121694],[17.134242,48.121496],[17.134331,48.121338],[17.134435,48.121141],[17.134502,48.121005],[17.134566,48.12087]]},"properties":{"r":3,"k":"road"}},{"type":"Feature","geometry":{"type":"LineString","coordinates":[[17.126351,48.131135],[17.124755,48.131194],[17.124412,48.131228]]},"properties":{"r":3,"k":"road"}},{"type":"Feature","geometry":{"type":"LineString","coordinates":[[17.126543,48.131515],[17.126055,48.131446],[17.125537,48.131361]]},"properties":{"r":3,"k":"road"}},{"type":"Feature","geometry":{"type":"LineString","coordinates":[[17.130048,48.12915],[17.130057,48.129683]]},"properties":{"r":3,"k":"road"}},{"type":"Feature","geometry":{"type":"LineString","coordinates":[[17.135495,48.131916],[17.135225,48.13181],[17.134797,48.131661]]},"properties":{"r":4,"k":"road"}},{"type":"Feature","geometry":{"type":"LineString","coordinates":[[17.125636,48.126015],[17.125288,48.126024],[17.125183,48.126029]]},"properties":{"r":1,"k":"road"}},{"type":"Feature","geometry":{"type":"LineString","coordinates":[[17.114128,48.128038],[17.1145,48.128026]]},"properties":{"r":0,"k":"road"}},{"type":"Feature","geometry":{"type":"LineString","coordinates":[[17.12292,48.126094],[17.123105,48.126093],[17.123339,48.126088]]},"properties":{"r":1,"k":"road"}},{"type":"Feature","geometry":{"type":"LineString","coordinates":[[17.123472,48.126085],[17.124005,48.126067]]},"properties":{"r":1,"k":"road"}},{"type":"Feature","geometry":{"type":"LineString","coordinates":[[17.115899,48.13112],[17.116554,48.131099]]},"properties":{"r":3,"k":"road"}},{"type":"Feature","geometry":{"type":"LineString","coordinates":[[17.112193,48.13125],[17.113252,48.131212]]},"properties":{"r":3,"k":"road"}},{"type":"Feature","geometry":{"type":"LineString","coordinates":[[17.128686,48.133253],[17.128971,48.132869]]},"properties":{"r":3,"k":"road"}},{"type":"Feature","geometry":{"type":"LineString","coordinates":[[17.130133,48.128256],[17.130096,48.128573]]},"properties":{"r":3,"k":"road"}},{"type":"Feature","geometry":{"type":"LineString","coordinates":[[17.129457,48.123797],[17.129601,48.123604],[17.129646,48.123543],[17.12969,48.123479],[17.129712,48.123442],[17.129732,48.123401],[17.129777,48.123306]]},"properties":{"r":1,"k":"road"}},{"type":"Feature","geometry":{"type":"LineString","coordinates":[[17.11658,48.131493],[17.115444,48.131522]]},"properties":{"r":3,"k":"road"}},{"type":"Feature","geometry":{"type":"LineString","coordinates":[[17.116952,48.131479],[17.11658,48.131493]]},"properties":{"r":3,"k":"road"}},{"type":"Feature","geometry":{"type":"LineString","coordinates":[[17.126694,48.13096],[17.11694,48.131334]]},"properties":{"r":4,"k":"road"}},{"type":"Feature","geometry":{"type":"LineString","coordinates":[[17.11694,48.131334],[17.11659,48.13135]]},"properties":{"r":4,"k":"road"}},{"type":"Feature","geometry":{"type":"LineString","coordinates":[[17.116934,48.131223],[17.126708,48.130848]]},"properties":{"r":4,"k":"road"}},{"type":"Feature","geometry":{"type":"LineString","coordinates":[[17.11658,48.131238],[17.116934,48.131223]]},"properties":{"r":4,"k":"road"}},{"type":"Feature","geometry":{"type":"LineString","coordinates":[[17.11692,48.131082],[17.116987,48.131081]]},"properties":{"r":3,"k":"road"}},{"type":"Feature","geometry":{"type":"LineString","coordinates":[[17.116554,48.131099],[17.11692,48.131082]]},"properties":{"r":3,"k":"road"}},{"type":"Feature","geometry":{"type":"LineString","coordinates":[[17.128066,48.130206],[17.125056,48.130303],[17.123372,48.130359],[17.119971,48.130478],[17.117773,48.130562],[17.117635,48.130568],[17.117485,48.130574],[17.115312,48.130646],[17.113136,48.130714],[17.112991,48.130718],[17.112847,48.130722],[17.112703,48.130725],[17.112557,48.130727],[17.112411,48.130729],[17.112268,48.13073],[17.112121,48.130729],[17.111979,48.130727],[17.111833,48.130724],[17.111688,48.13072],[17.111545,48.130713],[17.111403,48.130704],[17.111259,48.130695],[17.111115,48.130683],[17.110974,48.13067],[17.110831,48.130655],[17.110691,48.130639],[17.110549,48.130621],[17.110405,48.130599],[17.110264,48.130577],[17.110125,48.130554],[17.109986,48.130528],[17.109848,48.130502],[17.109707,48.130473],[17.109571,48.130443],[17.109435,48.130412],[17.109301,48.130378],[17.109167,48.130344],[17.109035,48.130306],[17.108904,48.130268],[17.108772,48.130228],[17.10864,48.130188],[17.108511,48.130146],[17.108382,48.130102],[17.108253,48.130055],[17.108124,48.130007],[17.108003,48.129959],[17.10788,48.12991],[17.10776,48.129858],[17.107639,48.129805],[17.107522,48.129751],[17.107405,48.129695],[17.107357,48.129671],[17.10733,48.129657],[17.10729,48.129638],[17.107174,48.129579],[17.107063,48.12952],[17.106951,48.129458],[17.106842,48.129395],[17.106798,48.129369],[17.106734,48.129331],[17.106629,48.129266],[17.106524,48.1292],[17.106423,48.129133],[17.106321,48.129064],[17.106226,48.128994],[17.106131,48.128922],[17.106037,48.128851],[17.105942,48.128775],[17.105851,48.1287],[17.105761,48.128623],[17.105674,48.128547],[17.105587,48.128466],[17.105503,48.128389],[17.10542,48.12831],[17.10534,48.128228],[17.105261,48.128146],[17.105165,48.128044],[17.105071,48.12794],[17.104977,48.127838],[17.104883,48.127732],[17.104544,48.127346],[17.104508,48.127306]]},"properties":{"r":1,"k":"rail"}},{"type":"Feature","geometry":{"type":"LineString","coordinates":[[17.116549,48.129989],[17.116854,48.129976]]},"properties":{"r":0,"k":"road"}},{"type":"Feature","geometry":{"type":"LineString","coordinates":[[17.116255,48.130001],[17.116482,48.129992]]},"properties":{"r":0,"k":"road"}},{"type":"Feature","geometry":{"type":"LineString","coordinates":[[17.116482,48.129992],[17.116533,48.12999]]},"properties":{"r":0,"k":"road"}},{"type":"Feature","geometry":{"type":"LineString","coordinates":[[17.116533,48.12999],[17.116549,48.129989]]},"properties":{"r":0,"k":"road"}},{"type":"Feature","geometry":{"type":"LineString","coordinates":[[17.128948,48.13311],[17.128831,48.133253]]},"properties":{"r":3,"k":"road"}},{"type":"Feature","geometry":{"type":"LineString","coordinates":[[17.121208,48.129742],[17.121322,48.129737],[17.12145,48.129732],[17.121713,48.12972],[17.122058,48.129706],[17.122191,48.1297]]},"properties":{"r":0,"k":"road"}},{"type":"Feature","geometry":{"type":"LineString","coordinates":[[17.116981,48.121381],[17.116886,48.121351],[17.116692,48.12129],[17.116394,48.121199],[17.116334,48.12127],[17.11627,48.121346]]},"properties":{"r":0,"k":"road"}},{"type":"Feature","geometry":{"type":"LineString","coordinates":[[17.117082,48.121847],[17.117265,48.121606]]},"properties":{"r":1,"k":"road"}},{"type":"Feature","geometry":{"type":"LineString","coordinates":[[17.117082,48.121847],[17.116924,48.122055]]},"properties":{"r":1,"k":"road"}},{"type":"Feature","geometry":{"type":"LineString","coordinates":[[17.115385,48.122595],[17.11578,48.122563]]},"properties":{"r":1,"k":"road"}},{"type":"Feature","geometry":{"type":"LineString","coordinates":[[17.11933,48.131378],[17.116952,48.131479]]},"properties":{"r":3,"k":"road"}},{"type":"Feature","geometry":{"type":"LineString","coordinates":[[17.120752,48.131321],[17.11987,48.131355]]},"properties":{"r":3,"k":"road"}},{"type":"Feature","geometry":{"type":"LineString","coordinates":[[17.113104,48.130125],[17.113802,48.130097],[17.114119,48.130082]]},"properties":{"r":0,"k":"road"}},{"type":"Feature","geometry":{"type":"LineString","coordinates":[[17.115005,48.125912],[17.115032,48.126207],[17.115044,48.126342],[17.115091,48.126857]]},"properties":{"r":0,"k":"road"}},{"type":"Feature","geometry":{"type":"LineString","coordinates":[[17.115091,48.126857],[17.11563,48.126839],[17.115732,48.126833],[17.116299,48.126731]]},"properties":{"r":0,"k":"road"}},{"type":"Feature","geometry":{"type":"LineString","coordinates":[[17.114174,48.12173],[17.113537,48.121049]]},"properties":{"r":0,"k":"road"}},{"type":"Feature","geometry":{"type":"LineString","coordinates":[[17.11719,48.12307],[17.117272,48.122958],[17.117896,48.122128]]},"properties":{"r":0,"k":"road"}},{"type":"Feature","geometry":{"type":"LineString","coordinates":[[17.132558,48.123771],[17.132934,48.123271]]},"properties":{"r":3,"k":"road"}},{"type":"Feature","geometry":{"type":"LineString","coordinates":[[17.11638,48.127271],[17.11635,48.127086],[17.116299,48.126731]]},"properties":{"r":1,"k":"road"}},{"type":"Feature","geometry":{"type":"LineString","coordinates":[[17.116603,48.128897],[17.116488,48.128478]]},"properties":{"r":1,"k":"road"}},{"type":"Feature","geometry":{"type":"LineString","coordinates":[[17.117627,48.130326],[17.117753,48.130118],[17.117814,48.129998],[17.11792,48.129933]]},"properties":{"r":0,"k":"road"}},{"type":"Feature","geometry":{"type":"LineString","coordinates":[[17.130546,48.13022],[17.130672,48.130301],[17.130765,48.130357],[17.130853,48.130394],[17.130964,48.130429]]},"properties":{"r":3,"k":"road"}},{"type":"Feature","geometry":{"type":"LineString","coordinates":[[17.116854,48.129976],[17.116885,48.129976],[17.117037,48.129971]]},"properties":{"r":0,"k":"road"}},{"type":"Feature","geometry":{"type":"LineString","coordinates":[[17.119337,48.128529],[17.119314,48.128252]]},"properties":{"r":0,"k":"road"}},{"type":"Feature","geometry":{"type":"LineString","coordinates":[[17.128263,48.12751],[17.128964,48.127484]]},"properties":{"r":1,"k":"road"}},{"type":"Feature","geometry":{"type":"LineString","coordinates":[[17.129777,48.123306],[17.129858,48.123327],[17.130115,48.123411],[17.130704,48.12361]]},"properties":{"r":1,"k":"road"}},{"type":"Feature","geometry":{"type":"LineString","coordinates":[[17.131283,48.123798],[17.131404,48.123838],[17.131628,48.123913]]},"properties":{"r":1,"k":"road"}},{"type":"Feature","geometry":{"type":"LineString","coordinates":[[17.126063,48.126007],[17.125636,48.126015]]},"properties":{"r":1,"k":"road"}},{"type":"Feature","geometry":{"type":"LineString","coordinates":[[17.120661,48.124687],[17.120781,48.124808],[17.120832,48.124862]]},"properties":{"r":1,"k":"road"}},{"type":"Feature","geometry":{"type":"LineString","coordinates":[[17.121735,48.125773],[17.121792,48.125815],[17.121847,48.125852],[17.1219,48.125882],[17.121968,48.125919],[17.122027,48.125946],[17.122157,48.125992],[17.122234,48.126016],[17.122308,48.126036],[17.122383,48.126053],[17.122459,48.126068],[17.122538,48.126078],[17.122616,48.126085]]},"properties":{"r":1,"k":"road"}},{"type":"Feature","geometry":{"type":"LineString","coordinates":[[17.120981,48.125017],[17.121111,48.125151],[17.121202,48.125248]]},"properties":{"r":1,"k":"road"}},{"type":"Feature","geometry":{"type":"LineString","coordinates":[[17.129777,48.123306],[17.12979,48.123264],[17.129794,48.123244],[17.129797,48.12322],[17.129805,48.12312],[17.129784,48.122738]]},"properties":{"r":1,"k":"road"}},{"type":"Feature","geometry":{"type":"LineString","coordinates":[[17.12451,48.1264],[17.124513,48.12692]]},"properties":{"r":1,"k":"road"}},{"type":"Feature","geometry":{"type":"LineString","coordinates":[[17.117738,48.1204],[17.118038,48.120017]]},"properties":{"r":0,"k":"road"}},{"type":"Feature","geometry":{"type":"LineString","coordinates":[[17.129092,48.140638],[17.128771,48.140085],[17.1286,48.139691],[17.12847,48.13938],[17.128366,48.139073],[17.128339,48.13897],[17.128312,48.138864],[17.128264,48.138629],[17.128194,48.138285],[17.12802,48.13732]]},"properties":{"r":3,"k":"road"}},{"type":"Feature","geometry":{"type":"LineString","coordinates":[[17.112386,48.120131],[17.112532,48.120076],[17.112753,48.120314],[17.112796,48.120347]]},"properties":{"r":0,"k":"road"}},{"type":"Feature","geometry":{"type":"LineString","coordinates":[[17.127978,48.134372],[17.128058,48.134189],[17.12837,48.133658],[17.128686,48.133253]]},"properties":{"r":3,"k":"road"}},{"type":"Feature","geometry":{"type":"LineString","coordinates":[[17.128831,48.133253],[17.12848,48.133715],[17.128188,48.134215],[17.128119,48.134352]]},"properties":{"r":3,"k":"road"}},{"type":"Feature","geometry":{"type":"LineString","coordinates":[[17.112356,48.130153],[17.113104,48.130125]]},"properties":{"r":0,"k":"road"}},{"type":"Feature","geometry":{"type":"LineString","coordinates":[[17.119379,48.129017],[17.119385,48.129113]]},"properties":{"r":0,"k":"road"}},{"type":"Feature","geometry":{"type":"LineString","coordinates":[[17.119358,48.129816],[17.119431,48.129846],[17.119603,48.129881],[17.119744,48.1299],[17.119789,48.129906]]},"properties":{"r":0,"k":"road"}},{"type":"Feature","geometry":{"type":"LineString","coordinates":[[17.113665,48.123202],[17.113656,48.123276],[17.113631,48.123384],[17.113614,48.123556]]},"properties":{"r":1,"k":"road"}},{"type":"Feature","geometry":{"type":"LineString","coordinates":[[17.113926,48.123079],[17.114084,48.123005],[17.11427,48.122915],[17.114383,48.122861],[17.114567,48.122776],[17.114742,48.122708],[17.114959,48.122658],[17.115188,48.122624],[17.115385,48.122595]]},"properties":{"r":1,"k":"road"}},{"type":"Feature","geometry":{"type":"LineString","coordinates":[[17.113614,48.123556],[17.113376,48.123505],[17.113279,48.12349],[17.113015,48.123496]]},"properties":{"r":1,"k":"road"}},{"type":"Feature","geometry":{"type":"LineString","coordinates":[[17.113015,48.123496],[17.113279,48.123387],[17.113428,48.123319]]},"properties":{"r":1,"k":"road"}},{"type":"Feature","geometry":{"type":"LineString","coordinates":[[17.111355,48.123715],[17.111595,48.123702],[17.111973,48.123681],[17.112253,48.123653],[17.112564,48.123603]]},"properties":{"r":1,"k":"road"}},{"type":"Feature","geometry":{"type":"LineString","coordinates":[[17.112564,48.123603],[17.112577,48.123706],[17.112585,48.123799]]},"properties":{"r":0,"k":"road"}},{"type":"Feature","geometry":{"type":"LineString","coordinates":[[17.118718,48.119867],[17.118621,48.119836]]},"properties":{"r":1,"k":"road"}},{"type":"Feature","geometry":{"type":"LineString","coordinates":[[17.115609,48.132949],[17.115506,48.133049]]},"properties":{"r":0,"k":"road"}},{"type":"Feature","geometry":{"type":"LineString","coordinates":[[17.134949,48.130019],[17.134699,48.129936],[17.134243,48.129777],[17.133386,48.129499],[17.132889,48.129345],[17.132566,48.129232]]},"properties":{"r":0,"k":"road"}},{"type":"Feature","geometry":{"type":"LineString","coordinates":[[17.133414,48.131674],[17.133676,48.131476],[17.134054,48.131301],[17.134405,48.131222]]},"properties":{"r":0,"k":"road"}},{"type":"Feature","geometry":{"type":"LineString","coordinates":[[17.134405,48.131222],[17.134555,48.130979],[17.134775,48.130755]]},"properties":{"r":0,"k":"road"}},{"type":"Feature","geometry":{"type":"LineString","coordinates":[[17.134305,48.131391],[17.134405,48.131222]]},"properties":{"r":0,"k":"road"}},{"type":"Feature","geometry":{"type":"LineString","coordinates":[[17.113614,48.123556],[17.113498,48.123408],[17.113428,48.123319]]},"properties":{"r":1,"k":"road"}},{"type":"Feature","geometry":{"type":"LineString","coordinates":[[17.117743,48.127949],[17.117175,48.127971]]},"properties":{"r":1,"k":"road"}},{"type":"Feature","geometry":{"type":"LineString","coordinates":[[17.112564,48.123603],[17.112798,48.123547],[17.113015,48.123496]]},"properties":{"r":1,"k":"road"}},{"type":"Feature","geometry":{"type":"LineString","coordinates":[[17.116626,48.127886],[17.116833,48.12788],[17.116877,48.127879],[17.116934,48.127877],[17.116974,48.127876],[17.117072,48.127873]]},"properties":{"r":1,"k":"road"}},{"type":"Feature","geometry":{"type":"LineString","coordinates":[[17.113428,48.123319],[17.113508,48.123279],[17.113665,48.123202]]},"properties":{"r":1,"k":"road"}},{"type":"Feature","geometry":{"type":"LineString","coordinates":[[17.114047,48.124063],[17.113762,48.123735],[17.113614,48.123556]]},"properties":{"r":1,"k":"road"}},{"type":"Feature","geometry":{"type":"LineString","coordinates":[[17.113665,48.123202],[17.113681,48.123194],[17.113723,48.123175],[17.113798,48.12314],[17.113847,48.123117],[17.113926,48.123079]]},"properties":{"r":1,"k":"road"}},{"type":"Feature","geometry":{"type":"LineString","coordinates":[[17.116299,48.126731],[17.116452,48.127082]]},"properties":{"r":1,"k":"road"}},{"type":"Feature","geometry":{"type":"LineString","coordinates":[[17.116586,48.127559],[17.11661,48.127793],[17.116626,48.127886]]},"properties":{"r":1,"k":"road"}},{"type":"Feature","geometry":{"type":"LineString","coordinates":[[17.1307,48.120233],[17.13107,48.119737]]},"properties":{"r":1,"k":"road"}},{"type":"Feature","geometry":{"type":"LineString","coordinates":[[17.123302,48.122303],[17.122845,48.122899],[17.12281,48.122944],[17.122696,48.123092],[17.122505,48.123342]]},"properties":{"r":0,"k":"road"}},{"type":"Feature","geometry":{"type":"LineString","coordinates":[[17.120384,48.124403],[17.120444,48.124469]]},"properties":{"r":1,"k":"road"}},{"type":"Feature","geometry":{"type":"LineString","coordinates":[[17.120444,48.124469],[17.120661,48.124687]]},"properties":{"r":1,"k":"road"}},{"type":"Feature","geometry":{"type":"LineString","coordinates":[[17.124373,48.126308],[17.124296,48.126216]]},"properties":{"r":1,"k":"road"}},{"type":"Feature","geometry":{"type":"LineString","coordinates":[[17.123339,48.126088],[17.123472,48.126085]]},"properties":{"r":1,"k":"road"}},{"type":"Feature","geometry":{"type":"LineString","coordinates":[[17.121202,48.125248],[17.121406,48.125462]]},"properties":{"r":1,"k":"road"}},{"type":"Feature","geometry":{"type":"LineString","coordinates":[[17.120832,48.124862],[17.120981,48.125017]]},"properties":{"r":1,"k":"road"}},{"type":"Feature","geometry":{"type":"LineString","coordinates":[[17.12055,48.124984],[17.12061,48.124914],[17.120628,48.124851],[17.120661,48.124687]]},"properties":{"r":0,"k":"road"}},{"type":"Feature","geometry":{"type":"LineString","coordinates":[[17.120981,48.125017],[17.120797,48.12498],[17.120772,48.124979],[17.120663,48.124977],[17.12055,48.124984]]},"properties":{"r":0,"k":"road"}},{"type":"Feature","geometry":{"type":"LineString","coordinates":[[17.122616,48.126085],[17.12277,48.12609],[17.12292,48.126094]]},"properties":{"r":1,"k":"road"}},{"type":"Feature","geometry":{"type":"LineString","coordinates":[[17.121406,48.125462],[17.12168,48.12573],[17.121735,48.125773]]},"properties":{"r":1,"k":"road"}},{"type":"Feature","geometry":{"type":"LineString","coordinates":[[17.120314,48.124327],[17.120384,48.124403]]},"properties":{"r":1,"k":"road"}},{"type":"Feature","geometry":{"type":"LineString","coordinates":[[17.120193,48.124165],[17.120241,48.124239],[17.120278,48.124285],[17.120314,48.124327]]},"properties":{"r":1,"k":"road"}},{"type":"Feature","geometry":{"type":"LineString","coordinates":[[17.120345,48.123092],[17.120222,48.123254],[17.120149,48.123373],[17.120115,48.123439]]},"properties":{"r":1,"k":"road"}},{"type":"Feature","geometry":{"type":"LineString","coordinates":[[17.121071,48.122135],[17.121047,48.122166],[17.120945,48.122306],[17.120639,48.122706],[17.120502,48.122886],[17.120345,48.123092]]},"properties":{"r":1,"k":"road"}},{"type":"Feature","geometry":{"type":"LineString","coordinates":[[17.121473,48.121547],[17.121443,48.121606],[17.121392,48.121699],[17.121337,48.121782],[17.121071,48.122135]]},"properties":{"r":1,"k":"road"}},{"type":"Feature","geometry":{"type":"LineString","coordinates":[[17.120821,48.120579],[17.120869,48.120595],[17.120964,48.120635],[17.121056,48.120675]]},"properties":{"r":1,"k":"road"}},{"type":"Feature","geometry":{"type":"LineString","coordinates":[[17.121056,48.120675],[17.121139,48.12072],[17.121213,48.120767],[17.121278,48.120818],[17.121344,48.120874],[17.121401,48.120936],[17.121436,48.120983],[17.121463,48.121033],[17.121486,48.121082],[17.121504,48.121135],[17.12152,48.121193],[17.121528,48.121249],[17.12153,48.121307],[17.121527,48.121362],[17.121517,48.121427],[17.121497,48.121489],[17.121473,48.121547]]},"properties":{"r":1,"k":"road"}},{"type":"Feature","geometry":{"type":"LineString","coordinates":[[17.11968,48.120193],[17.119515,48.120218],[17.118821,48.119984]]},"properties":{"r":0,"k":"road"}},{"type":"Feature","geometry":{"type":"LineString","coordinates":[[17.11968,48.120193],[17.119582,48.12016]]},"properties":{"r":1,"k":"road"}},{"type":"Feature","geometry":{"type":"LineString","coordinates":[[17.120019,48.120308],[17.11968,48.120193]]},"properties":{"r":1,"k":"road"}},{"type":"Feature","geometry":{"type":"LineString","coordinates":[[17.120742,48.120553],[17.120282,48.120397]]},"properties":{"r":1,"k":"road"}},{"type":"Feature","geometry":{"type":"LineString","coordinates":[[17.120742,48.120553],[17.120773,48.120563],[17.120821,48.120579]]},"properties":{"r":1,"k":"road"}},{"type":"Feature","geometry":{"type":"LineString","coordinates":[[17.12055,48.124984],[17.120728,48.124907],[17.120832,48.124862]]},"properties":{"r":0,"k":"road"}},{"type":"Feature","geometry":{"type":"LineString","coordinates":[[17.113149,48.14523],[17.113077,48.145263],[17.112472,48.145569],[17.111865,48.145878],[17.111437,48.146099]]},"properties":{"r":0,"k":"road"}},{"type":"Feature","geometry":{"type":"LineString","coordinates":[[17.111437,48.146099],[17.111491,48.146142],[17.113319,48.147593]]},"properties":{"r":0,"k":"road"}},{"type":"Feature","geometry":{"type":"LineString","coordinates":[[17.110978,48.146847],[17.110902,48.146804],[17.110669,48.146675],[17.110641,48.146661],[17.1106,48.146643],[17.1103,48.146509]]},"properties":{"r":0,"k":"road"}},{"type":"Feature","geometry":{"type":"LineString","coordinates":[[17.109146,48.145141],[17.109134,48.145101],[17.109129,48.145082],[17.109127,48.145071],[17.109127,48.145062],[17.109128,48.145054],[17.10913,48.145046],[17.109136,48.145031],[17.109246,48.144822]]},"properties":{"r":0,"k":"road"}},{"type":"Feature","geometry":{"type":"LineString","coordinates":[[17.11065,48.149808],[17.110967,48.149852],[17.11106,48.149855],[17.111096,48.149853],[17.111131,48.14985],[17.111204,48.14984]]},"properties":{"r":1,"k":"road"}},{"type":"Feature","geometry":{"type":"LineString","coordinates":[[17.109653,48.149059],[17.109648,48.149206]]},"properties":{"r":0,"k":"road"}},{"type":"Feature","geometry":{"type":"LineString","coordinates":[[17.10695,48.149949],[17.106812,48.150011]]},"properties":{"r":0,"k":"road"}},{"type":"Feature","geometry":{"type":"LineString","coordinates":[[17.105263,48.150323],[17.105236,48.150289],[17.104947,48.149927],[17.104883,48.149639],[17.104869,48.149578]]},"properties":{"r":0,"k":"road"}},{"type":"Feature","geometry":{"type":"LineString","coordinates":[[17.104869,48.149578],[17.104856,48.149535],[17.104676,48.148962],[17.104664,48.148913]]},"properties":{"r":0,"k":"road"}},{"type":"Feature","geometry":{"type":"LineString","coordinates":[[17.106632,48.155227],[17.107298,48.155355],[17.107404,48.155376]]},"properties":{"r":3,"k":"road"}},{"type":"Feature","geometry":{"type":"LineString","coordinates":[[17.107404,48.155376],[17.107335,48.155483]]},"properties":{"r":1,"k":"road"}},{"type":"Feature","geometry":{"type":"LineString","coordinates":[[17.107594,48.148065],[17.107488,48.147995]]},"properties":{"r":2,"k":"road"}},{"type":"Feature","geometry":{"type":"LineString","coordinates":[[17.106989,48.147963],[17.107029,48.147916],[17.107067,48.147876],[17.10713,48.147827]]},"properties":{"r":2,"k":"road"}},{"type":"Feature","geometry":{"type":"LineString","coordinates":[[17.110565,48.149857],[17.110222,48.149643],[17.109357,48.149108]]},"properties":{"r":2,"k":"road"}},{"type":"Feature","geometry":{"type":"LineString","coordinates":[[17.107625,48.147913],[17.108284,48.148309],[17.109401,48.149058]]},"properties":{"r":2,"k":"road"}},{"type":"Feature","geometry":{"type":"LineString","coordinates":[[17.107574,48.147955],[17.106568,48.147432]]},"properties":{"r":2,"k":"road"}},{"type":"Feature","geometry":{"type":"LineString","coordinates":[[17.104444,48.146083],[17.104522,48.146158],[17.104565,48.146192],[17.104613,48.146229],[17.105346,48.146693],[17.105857,48.146992],[17.106622,48.147385]]},"properties":{"r":2,"k":"road"}},{"type":"Feature","geometry":{"type":"LineString","coordinates":[[17.10699,48.148609],[17.106987,48.148103],[17.106989,48.147963]]},"properties":{"r":2,"k":"road"}},{"type":"Feature","geometry":{"type":"LineString","coordinates":[[17.10592,48.155494],[17.105655,48.155942],[17.105423,48.156361],[17.105195,48.156889],[17.104907,48.157652],[17.104709,48.158279],[17.104613,48.158588],[17.10449,48.158902],[17.104441,48.159],[17.104417,48.159055],[17.1044,48.15909],[17.104331,48.159216],[17.104208,48.159405],[17.104088,48.159563],[17.103898,48.159793],[17.103693,48.159993],[17.103586,48.160086],[17.103471,48.160181],[17.103348,48.160271],[17.103125,48.16043],[17.102933,48.160555]]},"properties":{"r":3,"k":"road"}},{"type":"Feature","geometry":{"type":"LineString","coordinates":[[17.107117,48.147542],[17.107124,48.147676]]},"properties":{"r":1,"k":"road"}},{"type":"Feature","geometry":{"type":"LineString","coordinates":[[17.111098,48.145293],[17.111139,48.145293],[17.111172,48.145307],[17.111188,48.145325],[17.111191,48.145344],[17.111188,48.145359],[17.111167,48.145374]]},"properties":{"r":0,"k":"road"}},{"type":"Feature","geometry":{"type":"LineString","coordinates":[[17.106445,48.155325],[17.106294,48.155339],[17.106194,48.155354],[17.106101,48.15538],[17.10603,48.15541],[17.10597,48.155448],[17.10592,48.155494]]},"properties":{"r":3,"k":"road"}},{"type":"Feature","geometry":{"type":"LineString","coordinates":[[17.106118,48.154835],[17.106163,48.154932],[17.10621,48.154994],[17.10628,48.155057],[17.106351,48.155106],[17.106464,48.155165],[17.106632,48.155227]]},"properties":{"r":2,"k":"road"}},{"type":"Feature","geometry":{"type":"LineString","coordinates":[[17.104099,48.144692],[17.104252,48.144733],[17.10431,48.144759],[17.10435,48.144793],[17.104373,48.14483],[17.104378,48.144858],[17.104375,48.144891],[17.104358,48.144936],[17.104332,48.144968],[17.104299,48.144988],[17.104268,48.144999],[17.104209,48.145014],[17.10406,48.145029],[17.104019,48.145033],[17.103984,48.145043],[17.103953,48.145057],[17.103937,48.145076],[17.103893,48.145174]]},"properties":{"r":0,"k":"road"}},{"type":"Feature","geometry":{"type":"LineString","coordinates":[[17.105711,48.155449],[17.105843,48.155151],[17.10593,48.154947]]},"properties":{"r":2,"k":"road"}},{"type":"Feature","geometry":{"type":"LineString","coordinates":[[17.105987,48.157907],[17.105941,48.157848],[17.105921,48.157816],[17.105918,48.157794],[17.105922,48.157778],[17.105933,48.157749],[17.105946,48.157727],[17.106172,48.157301]]},"properties":{"r":1,"k":"road"}},{"type":"Feature","geometry":{"type":"LineString","coordinates":[[17.106039,48.157822],[17.10605,48.157804],[17.106155,48.157623]]},"properties":{"r":0,"k":"road"}},{"type":"Feature","geometry":{"type":"LineString","coordinates":[[17.106587,48.147279],[17.106676,48.147295],[17.106738,48.147298],[17.106805,48.147293],[17.106847,48.147281],[17.106901,48.147258],[17.106937,48.147225],[17.106958,48.147191]]},"properties":{"r":2,"k":"road"}},{"type":"Feature","geometry":{"type":"LineString","coordinates":[[17.108674,48.158021],[17.108502,48.157842],[17.108468,48.157803],[17.108427,48.157758],[17.108106,48.157401],[17.107814,48.15709],[17.107768,48.157032],[17.107757,48.157011],[17.107753,48.156992],[17.107749,48.156971],[17.107751,48.156954],[17.107758,48.156901],[17.107762,48.156863],[17.107822,48.156502]]},"properties":{"r":0,"k":"road"}},{"type":"Feature","geometry":{"type":"LineString","coordinates":[[17.110834,48.15677],[17.110783,48.156782],[17.10983,48.157003],[17.108946,48.1572],[17.1082,48.15738],[17.108138,48.157394],[17.108106,48.157401]]},"properties":{"r":0,"k":"road"}},{"type":"Feature","geometry":{"type":"LineString","coordinates":[[17.111035,48.154139],[17.111082,48.154181],[17.111104,48.154204],[17.11114,48.154235]]},"properties":{"r":0,"k":"road"}},{"type":"Feature","geometry":{"type":"LineString","coordinates":[[17.108674,48.158021],[17.108724,48.158009],[17.108801,48.157987],[17.10962,48.157779]]},"properties":{"r":0,"k":"road"}},{"type":"Feature","geometry":{"type":"LineString","coordinates":[[17.103833,48.149015],[17.10382,48.14894],[17.103722,48.14844],[17.103719,48.147877],[17.103721,48.147842]]},"properties":{"r":0,"k":"road"}},{"type":"Feature","geometry":{"type":"LineString","coordinates":[[17.107418,48.147938],[17.107272,48.14783]]},"properties":{"r":2,"k":"road"}},{"type":"Feature","geometry":{"type":"LineString","coordinates":[[17.112057,48.140213],[17.112075,48.140168],[17.112084,48.140153],[17.112094,48.140144],[17.112102,48.140138],[17.112113,48.14013],[17.11212,48.140125],[17.112126,48.140122],[17.112137,48.140116],[17.112153,48.140109],[17.112163,48.140105],[17.112178,48.1401],[17.112185,48.140098],[17.112193,48.140096],[17.112204,48.140094],[17.112216,48.140092],[17.112229,48.140091],[17.112247,48.140089],[17.112264,48.140088],[17.112304,48.140086]]},"properties":{"r":0,"k":"road"}},{"type":"Feature","geometry":{"type":"LineString","coordinates":[[17.106298,48.139722],[17.106471,48.139784],[17.106515,48.139811],[17.106551,48.139843],[17.106566,48.139865]]},"properties":{"r":0,"k":"road"}},{"type":"Feature","geometry":{"type":"LineString","coordinates":[[17.112908,48.14379],[17.112821,48.143764],[17.111067,48.142995],[17.11101,48.142971]]},"properties":{"r":0,"k":"road"}},{"type":"Feature","geometry":{"type":"LineString","coordinates":[[17.10461,48.139736],[17.104667,48.139768],[17.104699,48.139795],[17.104721,48.13982],[17.104737,48.139851]]},"properties":{"r":2,"k":"road"}},{"type":"Feature","geometry":{"type":"LineString","coordinates":[[17.111355,48.1417],[17.111433,48.141757],[17.111456,48.141774],[17.111576,48.14185],[17.111802,48.141998],[17.111818,48.142021],[17.111898,48.142352],[17.111999,48.142548],[17.112126,48.142731],[17.112222,48.142857],[17.112389,48.143033]]},"properties":{"r":0,"k":"road"}},{"type":"Feature","geometry":{"type":"LineString","coordinates":[[17.10983,48.140518],[17.110112,48.140542],[17.110139,48.140544]]},"properties":{"r":0,"k":"road"}},{"type":"Feature","geometry":{"type":"LineString","coordinates":[[17.109589,48.13996],[17.109588,48.139984],[17.109588,48.14001],[17.109588,48.140039],[17.109637,48.14022]]},"properties":{"r":0,"k":"road"}},{"type":"Feature","geometry":{"type":"LineString","coordinates":[[17.107539,48.140822],[17.10701,48.140696],[17.106614,48.14065],[17.10648,48.140606]]},"properties":{"r":0,"k":"road"}},{"type":"Feature","geometry":{"type":"LineString","coordinates":[[17.107109,48.140403],[17.10701,48.140696]]},"properties":{"r":0,"k":"road"}},{"type":"Feature","geometry":{"type":"LineString","coordinates":[[17.107539,48.140822],[17.107544,48.140716],[17.107563,48.140428]]},"properties":{"r":0,"k":"road"}},{"type":"Feature","geometry":{"type":"LineString","coordinates":[[17.104206,48.140974],[17.104183,48.140931],[17.104121,48.140853],[17.104048,48.140789],[17.103951,48.140728],[17.103849,48.140681],[17.103799,48.140662]]},"properties":{"r":2,"k":"road"}},{"type":"Feature","geometry":{"type":"LineString","coordinates":[[17.103799,48.140662],[17.103488,48.140559],[17.102918,48.140405],[17.102349,48.140284]]},"properties":{"r":2,"k":"road"}},{"type":"Feature","geometry":{"type":"LineString","coordinates":[[17.095793,48.14322],[17.09542,48.143454],[17.095253,48.143553],[17.095224,48.143574],[17.095203,48.143589],[17.095172,48.143616],[17.095154,48.143633],[17.095143,48.143647],[17.095131,48.143664],[17.095121,48.143681],[17.095056,48.143794],[17.094931,48.144044],[17.094907,48.144093],[17.094746,48.14438],[17.094727,48.144412],[17.094709,48.144435],[17.094676,48.144471],[17.094414,48.144783],[17.094223,48.145009],[17.094199,48.145037],[17.094172,48.145065],[17.094143,48.145091],[17.094128,48.145101],[17.094113,48.145111],[17.094098,48.145118],[17.094081,48.145127],[17.093656,48.1453]]},"properties":{"r":1,"k":"road"}},{"type":"Feature","geometry":{"type":"LineString","coordinates":[[17.096389,48.144984],[17.096153,48.144644],[17.096133,48.144612],[17.096123,48.144594],[17.096115,48.144577],[17.096107,48.144555],[17.096103,48.144539],[17.096098,48.144517],[17.096096,48.144501],[17.096098,48.14445],[17.0961,48.144422],[17.096104,48.144394],[17.096123,48.144309],[17.096164,48.144118],[17.096262,48.143681],[17.096266,48.143667],[17.096272,48.14365],[17.09628,48.143635],[17.096288,48.143622],[17.09631,48.143592],[17.096336,48.14356],[17.096364,48.143529],[17.096524,48.143377],[17.096543,48.143358],[17.096568,48.143333],[17.096584,48.143315],[17.096601,48.143294],[17.096617,48.143275],[17.096632,48.143255],[17.096645,48.143233],[17.096656,48.143211],[17.096676,48.143165],[17.096692,48.143109],[17.096701,48.143072],[17.096709,48.143025],[17.09671,48.142995],[17.096709,48.142972],[17.096706,48.142959],[17.096704,48.142948],[17.096698,48.142931],[17.096689,48.142912],[17.096645,48.142841],[17.096612,48.142794],[17.096583,48.142754]]},"properties":{"r":0,"k":"road"}},{"type":"Feature","geometry":{"type":"LineString","coordinates":[[17.084211,48.152247],[17.084814,48.152137],[17.085152,48.152058],[17.085237,48.152019],[17.0854,48.151915],[17.085755,48.151622],[17.085853,48.151561]]},"properties":{"r":0,"k":"road"}},{"type":"Feature","geometry":{"type":"LineString","coordinates":[[17.10581,48.148767],[17.105828,48.14883],[17.105978,48.149399],[17.10599,48.149444],[17.106004,48.149494],[17.106143,48.150005]]},"properties":{"r":0,"k":"road"}},{"type":"Feature","geometry":{"type":"LineString","coordinates":[[17.103608,48.145695],[17.103495,48.145731],[17.103371,48.145779],[17.103133,48.145831],[17.102723,48.145908],[17.102096,48.146025],[17.101947,48.146053],[17.101341,48.146169],[17.101246,48.146187]]},"properties":{"r":0,"k":"road"}},{"type":"Feature","geometry":{"type":"LineString","coordinates":[[17.101246,48.146187],[17.101267,48.146221],[17.10185,48.147203],[17.101875,48.147245]]},"properties":{"r":0,"k":"road"}},{"type":"Feature","geometry":{"type":"LineString","coordinates":[[17.109671,48.151506],[17.10965,48.151501],[17.109633,48.151498],[17.109608,48.151487],[17.109587,48.151475],[17.109571,48.151458],[17.109551,48.151415]]},"properties":{"r":0,"k":"road"}},{"type":"Feature","geometry":{"type":"LineString","coordinates":[[17.104521,48.146255],[17.104359,48.146181],[17.104012,48.146023],[17.103914,48.145971]]},"properties":{"r":0,"k":"road"}},{"type":"Feature","geometry":{"type":"LineString","coordinates":[[17.104623,48.140906],[17.10461,48.141008],[17.104603,48.141062],[17.104592,48.141104],[17.104569,48.141149],[17.104547,48.141181],[17.104518,48.141217]]},"properties":{"r":2,"k":"road"}},{"type":"Feature","geometry":{"type":"LineString","coordinates":[[17.10031,48.154272],[17.100407,48.154251],[17.100669,48.154112],[17.101215,48.153853],[17.101474,48.153726],[17.101918,48.153494],[17.10197,48.153458],[17.102022,48.153404],[17.102052,48.153362],[17.102066,48.153319],[17.102079,48.153269],[17.102091,48.1532]]},"properties":{"r":0,"k":"road"}},{"type":"Feature","geometry":{"type":"LineString","coordinates":[[17.103486,48.15233],[17.10349,48.152522],[17.10349,48.152555],[17.103498,48.152582],[17.103511,48.152612],[17.103526,48.152633],[17.103549,48.15266],[17.10359,48.15269],[17.10362,48.152709],[17.103649,48.152718],[17.103717,48.152735],[17.103785,48.152747],[17.103843,48.152755],[17.103909,48.152764],[17.103978,48.152765],[17.104038,48.152763],[17.104103,48.152757],[17.104466,48.152696],[17.104551,48.152697],[17.104577,48.152698],[17.104609,48.152703],[17.10464,48.15271],[17.104687,48.152725],[17.104748,48.152749],[17.104803,48.152776],[17.10486,48.152808],[17.104963,48.152871],[17.105068,48.152979]]},"properties":{"r":0,"k":"road"}},{"type":"Feature","geometry":{"type":"LineString","coordinates":[[17.103545,48.152074],[17.103609,48.151984],[17.103486,48.151834],[17.103399,48.151743],[17.10341,48.151668],[17.104772,48.151139]]},"properties":{"r":0,"k":"road"}},{"type":"Feature","geometry":{"type":"LineString","coordinates":[[17.101885,48.154157],[17.101965,48.154256],[17.102028,48.154294],[17.102115,48.154326],[17.10222,48.154355],[17.102355,48.154383],[17.102487,48.154395],[17.102622,48.154399],[17.102742,48.154395],[17.102789,48.15439],[17.102858,48.154383],[17.102992,48.154363],[17.103145,48.154318],[17.103181,48.154304],[17.103218,48.154282],[17.103254,48.154259],[17.10328,48.154245],[17.103394,48.154122],[17.103543,48.153891],[17.103694,48.153685],[17.103916,48.153487]]},"properties":{"r":0,"k":"road"}},{"type":"Feature","geometry":{"type":"LineString","coordinates":[[17.102049,48.155187],[17.101607,48.155141],[17.101668,48.154918],[17.101697,48.154795],[17.101557,48.154385],[17.101497,48.15419]]},"properties":{"r":0,"k":"road"}},{"type":"Feature","geometry":{"type":"LineString","coordinates":[[17.102705,48.154775],[17.103159,48.154398],[17.103145,48.154318]]},"properties":{"r":0,"k":"road"}},{"type":"Feature","geometry":{"type":"LineString","coordinates":[[17.108287,48.145765],[17.108098,48.145783],[17.107907,48.145802],[17.107737,48.145817],[17.10758,48.145835],[17.10755,48.145838],[17.107395,48.14588],[17.10737,48.145889],[17.107355,48.145897],[17.107314,48.145915]]},"properties":{"r":0,"k":"road"}},{"type":"Feature","geometry":{"type":"LineString","coordinates":[[17.106968,48.14745],[17.106963,48.147326],[17.106958,48.147191]]},"properties":{"r":1,"k":"road"}},{"type":"Feature","geometry":{"type":"LineString","coordinates":[[17.104443,48.141444],[17.104409,48.141705],[17.104401,48.141772],[17.104364,48.141953]]},"properties":{"r":2,"k":"road"}},{"type":"Feature","geometry":{"type":"LineString","coordinates":[[17.104524,48.139976],[17.10456,48.140092],[17.104639,48.140346],[17.104646,48.14042],[17.104647,48.140492],[17.104623,48.140906]]},"properties":{"r":2,"k":"road"}},{"type":"Feature","geometry":{"type":"LineString","coordinates":[[17.103212,48.144612],[17.103178,48.14477],[17.103133,48.144978]]},"properties":{"r":0,"k":"road"}},{"type":"Feature","geometry":{"type":"LineString","coordinates":[[17.097704,48.142678],[17.097706,48.142697],[17.097737,48.143079],[17.097708,48.143438],[17.097544,48.143966]]},"properties":{"r":0,"k":"road"}},{"type":"Feature","geometry":{"type":"LineString","coordinates":[[17.098613,48.142848],[17.098446,48.14282],[17.097704,48.142678]]},"properties":{"r":0,"k":"road"}},{"type":"Feature","geometry":{"type":"LineString","coordinates":[[17.098668,48.14309],[17.098796,48.143238],[17.098816,48.143264],[17.098853,48.143445],[17.098872,48.143525],[17.098921,48.143722],[17.098941,48.143804]]},"properties":{"r":0,"k":"road"}},{"type":"Feature","geometry":{"type":"LineString","coordinates":[[17.097544,48.143966],[17.097738,48.144519],[17.097969,48.145159],[17.098129,48.145275]]},"properties":{"r":0,"k":"road"}},{"type":"Feature","geometry":{"type":"LineString","coordinates":[[17.098129,48.145275],[17.097554,48.145668],[17.097485,48.145668],[17.097447,48.145643],[17.097408,48.145552],[17.097158,48.144994],[17.097127,48.144622],[17.097088,48.144368]]},"properties":{"r":0,"k":"road"}},{"type":"Feature","geometry":{"type":"LineString","coordinates":[[17.10983,48.157003],[17.109812,48.156962],[17.109572,48.156501]]},"properties":{"r":0,"k":"road"}},{"type":"Feature","geometry":{"type":"LineString","coordinates":[[17.109572,48.156501],[17.109502,48.156501],[17.108721,48.156504],[17.108482,48.156502],[17.107897,48.156498],[17.107822,48.156502]]},"properties":{"r":0,"k":"road"}},{"type":"Feature","geometry":{"type":"LineString","coordinates":[[17.108721,48.156504],[17.108725,48.156564],[17.108747,48.156824],[17.108926,48.157163],[17.108946,48.1572]]},"properties":{"r":0,"k":"road"}},{"type":"Feature","geometry":{"type":"LineString","coordinates":[[17.090346,48.153979],[17.090415,48.154001],[17.090771,48.154119],[17.090988,48.15419],[17.091269,48.154257],[17.091357,48.154278]]},"properties":{"r":0,"k":"road"}},{"type":"Feature","geometry":{"type":"LineString","coordinates":[[17.085853,48.151561],[17.085905,48.151632],[17.086137,48.151855],[17.086492,48.152166],[17.086136,48.152467],[17.086009,48.152746],[17.086005,48.15276],[17.085694,48.153675],[17.085676,48.153771],[17.085791,48.153934]]},"properties":{"r":0,"k":"road"}},{"type":"Feature","geometry":{"type":"LineString","coordinates":[[17.086492,48.152166],[17.086571,48.152098],[17.087038,48.151708],[17.08714,48.151622],[17.08717,48.151602],[17.087202,48.151592],[17.087235,48.151586],[17.087268,48.151582],[17.087303,48.151582],[17.087345,48.151586],[17.087386,48.151594],[17.087424,48.151605],[17.087487,48.15163],[17.08755,48.15166],[17.087605,48.15169],[17.087661,48.151721],[17.08768,48.151736],[17.087696,48.151754],[17.087706,48.151772],[17.087713,48.15179],[17.087718,48.151808],[17.08772,48.151822],[17.087719,48.151843],[17.087711,48.151861],[17.087699,48.151877],[17.087683,48.151895],[17.087011,48.15244],[17.086902,48.152529],[17.08686,48.152569],[17.086836,48.152593],[17.08681,48.152623],[17.08679,48.152653],[17.086738,48.152755],[17.086689,48.15286],[17.086669,48.152913],[17.086604,48.153096],[17.086456,48.153534],[17.086458,48.153589],[17.08648,48.153637],[17.086847,48.153984],[17.086971,48.154097]]},"properties":{"r":0,"k":"road"}},{"type":"Feature","geometry":{"type":"LineString","coordinates":[[17.079826,48.161482],[17.079706,48.16134],[17.079594,48.161142],[17.079533,48.160876],[17.079518,48.160627],[17.079584,48.159868],[17.079597,48.159781],[17.079602,48.159735],[17.079645,48.159546],[17.079709,48.159239],[17.079891,48.158868],[17.080049,48.158612],[17.080161,48.158457],[17.080193,48.158418],[17.080435,48.15812],[17.080561,48.157976],[17.080651,48.157868],[17.080761,48.157735],[17.080852,48.157631],[17.081053,48.157412],[17.081313,48.15716],[17.081592,48.156889],[17.081945,48.156607],[17.082358,48.156318],[17.082469,48.156245],[17.082728,48.156074],[17.082926,48.155943],[17.083011,48.155878],[17.083561,48.155503],[17.084018,48.155313],[17.084329,48.155186],[17.084417,48.15515],[17.084836,48.154984],[17.085526,48.154711],[17.085688,48.154651]]},"properties":{"r":0,"k":"road"}},{"type":"Feature","geometry":{"type":"LineString","coordinates":[[17.095296,48.157367],[17.095276,48.157618],[17.095088,48.157814],[17.094528,48.158282],[17.094182,48.1586],[17.094109,48.15887],[17.094148,48.159037],[17.094272,48.159714],[17.094289,48.15981],[17.094308,48.159913]]},"properties":{"r":0,"k":"road"}},{"type":"Feature","geometry":{"type":"LineString","coordinates":[[17.100651,48.14793],[17.100465,48.147982],[17.100225,48.148053],[17.09995,48.148136],[17.098831,48.148482],[17.098614,48.148586],[17.098455,48.148662]]},"properties":{"r":0,"k":"road"}},{"type":"Feature","geometry":{"type":"LineString","coordinates":[[17.091808,48.152627],[17.091859,48.152624],[17.091939,48.152612],[17.092069,48.152599]]},"properties":{"r":0,"k":"road"}},{"type":"Feature","geometry":{"type":"LineString","coordinates":[[17.091808,48.152627],[17.091726,48.152747]]},"properties":{"r":1,"k":"road"}},{"type":"Feature","geometry":{"type":"LineString","coordinates":[[17.098153,48.157537],[17.098125,48.157469],[17.098091,48.157385],[17.098017,48.157202],[17.097925,48.156951],[17.097942,48.156884],[17.098416,48.156663],[17.098628,48.156489],[17.098928,48.156286],[17.099376,48.156022],[17.099532,48.15593],[17.099872,48.155707],[17.099996,48.155491],[17.100156,48.155211],[17.100187,48.155014],[17.100245,48.15463],[17.100259,48.154541],[17.100291,48.154387],[17.10031,48.154272]]},"properties":{"r":0,"k":"road"}},{"type":"Feature","geometry":{"type":"LineString","coordinates":[[17.093656,48.1453],[17.093612,48.145258],[17.093563,48.14521],[17.093389,48.145097],[17.092937,48.144872],[17.092828,48.144784],[17.092775,48.144694],[17.092736,48.14462]]},"properties":{"r":0,"k":"road"}},{"type":"Feature","geometry":{"type":"LineString","coordinates":[[17.092011,48.144104],[17.092037,48.144181],[17.092062,48.144255],[17.092095,48.144398],[17.092085,48.144584],[17.09203,48.144785],[17.091935,48.144994],[17.091842,48.14519],[17.091754,48.145336],[17.09171,48.145401],[17.091668,48.145436],[17.09156,48.145513],[17.091453,48.145572],[17.091351,48.145623],[17.091254,48.145671]]},"properties":{"r":0,"k":"road"}},{"type":"Feature","geometry":{"type":"LineString","coordinates":[[17.091254,48.145671],[17.091099,48.14557],[17.091032,48.145534],[17.090981,48.145507],[17.090893,48.145472],[17.090625,48.14542],[17.090409,48.145416],[17.088638,48.145378],[17.088484,48.14539],[17.088349,48.145411],[17.088108,48.145469]]},"properties":{"r":0,"k":"road"}},{"type":"Feature","geometry":{"type":"LineString","coordinates":[[17.088913,48.148356],[17.089113,48.1483],[17.089144,48.148282],[17.089164,48.148265],[17.089184,48.148244],[17.089203,48.14822],[17.089235,48.148175]]},"properties":{"r":0,"k":"road"}},{"type":"Feature","geometry":{"type":"LineString","coordinates":[[17.090625,48.14542],[17.090369,48.145633],[17.089796,48.145958],[17.089231,48.146275],[17.088787,48.146524],[17.088569,48.146645],[17.088396,48.146724],[17.087658,48.147066],[17.087597,48.147099],[17.087524,48.147149],[17.087486,48.147184],[17.087456,48.14722],[17.087423,48.147268],[17.08741,48.147297],[17.087396,48.14734],[17.087385,48.147391],[17.087382,48.147427],[17.087384,48.147464],[17.087396,48.147526],[17.087406,48.147557],[17.087422,48.147585],[17.087461,48.147636],[17.087497,48.147675],[17.087552,48.147715],[17.087668,48.147787],[17.08783,48.147858],[17.087926,48.147916],[17.087983,48.147972],[17.088015,48.148036],[17.088031,48.148081],[17.088037,48.148142],[17.088036,48.148205],[17.088034,48.148287]]},"properties":{"r":0,"k":"road"}},{"type":"Feature","geometry":{"type":"LineString","coordinates":[[17.0886,48.145144],[17.088547,48.14523],[17.088552,48.145261],[17.088579,48.145313],[17.088638,48.145378]]},"properties":{"r":0,"k":"road"}},{"type":"Feature","geometry":{"type":"LineString","coordinates":[[17.085123,48.148923],[17.085104,48.14912],[17.085195,48.149261],[17.085298,48.149367],[17.085343,48.149474],[17.085342,48.149576],[17.085263,48.149774],[17.085165,48.149936]]},"properties":{"r":0,"k":"road"}},{"type":"Feature","geometry":{"type":"LineString","coordinates":[[17.099176,48.145895],[17.09912,48.145949],[17.099066,48.145956],[17.098787,48.145974],[17.098131,48.146035],[17.098014,48.146046],[17.097467,48.146104],[17.097196,48.146132],[17.096743,48.146231]]},"properties":{"r":0,"k":"road"}},{"type":"Feature","geometry":{"type":"LineString","coordinates":[[17.096743,48.146231],[17.096931,48.146681],[17.097191,48.147153]]},"properties":{"r":0,"k":"road"}},{"type":"Feature","geometry":{"type":"LineString","coordinates":[[17.097191,48.147153],[17.097202,48.147355],[17.097144,48.147507],[17.096727,48.14818],[17.096515,48.148684],[17.096412,48.149077],[17.096607,48.149205]]},"properties":{"r":0,"k":"road"}},{"type":"Feature","geometry":{"type":"LineString","coordinates":[[17.106137,48.154265],[17.106232,48.154313]]},"properties":{"r":0,"k":"road"}},{"type":"Feature","geometry":{"type":"LineString","coordinates":[[17.102091,48.1532],[17.102103,48.153118],[17.102107,48.153017],[17.102087,48.152783],[17.10207,48.1527],[17.102058,48.152621],[17.102039,48.152367]]},"properties":{"r":0,"k":"road"}},{"type":"Feature","geometry":{"type":"LineString","coordinates":[[17.097193,48.149505],[17.096955,48.149516],[17.096514,48.149631],[17.095331,48.149954],[17.094581,48.15036],[17.093584,48.151264],[17.093291,48.151635],[17.093301,48.15189]]},"properties":{"r":0,"k":"road"}},{"type":"Feature","geometry":{"type":"LineString","coordinates":[[17.10031,48.154272],[17.100286,48.154174],[17.100428,48.154021],[17.10068,48.153755],[17.10115,48.153114],[17.101166,48.153087],[17.101184,48.15305],[17.101199,48.153016],[17.101214,48.152968],[17.101217,48.152928],[17.101213,48.152899],[17.101202,48.152854],[17.101185,48.152811],[17.101167,48.152778],[17.101132,48.15273],[17.101111,48.152706],[17.101084,48.152679],[17.101058,48.152659],[17.100936,48.15257],[17.100682,48.152395],[17.100548,48.152299],[17.100487,48.152256],[17.100465,48.152242],[17.100429,48.152227],[17.100341,48.152206],[17.100263,48.152192],[17.100128,48.15219],[17.099983,48.152178]]},"properties":{"r":0,"k":"road"}},{"type":"Feature","geometry":{"type":"LineString","coordinates":[[17.098492,48.153053],[17.098328,48.153021],[17.097674,48.152796]]},"properties":{"r":0,"k":"road"}},{"type":"Feature","geometry":{"type":"LineString","coordinates":[[17.096784,48.151155],[17.096589,48.151832],[17.096545,48.151935],[17.096385,48.152309],[17.096327,48.152543],[17.096325,48.152552],[17.096313,48.152589]]},"properties":{"r":0,"k":"road"}},{"type":"Feature","geometry":{"type":"LineString","coordinates":[[17.098976,48.153146],[17.098937,48.153138],[17.098492,48.153053]]},"properties":{"r":0,"k":"road"}},{"type":"Feature","geometry":{"type":"LineString","coordinates":[[17.099722,48.15218],[17.099928,48.151985],[17.099994,48.151938],[17.100067,48.151897],[17.100113,48.151876],[17.100168,48.151855],[17.100247,48.151835]]},"properties":{"r":0,"k":"road"}},{"type":"Feature","geometry":{"type":"LineString","coordinates":[[17.100247,48.151835],[17.100239,48.151914],[17.100144,48.152014],[17.099983,48.152178]]},"properties":{"r":0,"k":"road"}},{"type":"Feature","geometry":{"type":"LineString","coordinates":[[17.101043,48.155403],[17.10107,48.155259],[17.101163,48.154905],[17.101215,48.154523],[17.101214,48.154503],[17.101204,48.154482],[17.101189,48.15446],[17.10114,48.154426],[17.101106,48.154395],[17.101087,48.15438],[17.101079,48.154363],[17.101071,48.15433],[17.101083,48.1543],[17.101106,48.154282],[17.101132,48.154265],[17.101166,48.154254],[17.101198,48.154247],[17.101497,48.15419]]},"properties":{"r":0,"k":"road"}},{"type":"Feature","geometry":{"type":"LineString","coordinates":[[17.102479,48.156976],[17.102706,48.156792],[17.102909,48.156212],[17.102919,48.156115],[17.10259,48.155705]]},"properties":{"r":0,"k":"road"}},{"type":"Feature","geometry":{"type":"LineString","coordinates":[[17.105744,48.154212],[17.105768,48.154188],[17.106044,48.153911],[17.106154,48.153813],[17.106286,48.153704]]},"properties":{"r":0,"k":"road"}},{"type":"Feature","geometry":{"type":"LineString","coordinates":[[17.108105,48.154347],[17.108044,48.154352],[17.107465,48.154384],[17.107202,48.154398],[17.106813,48.154415],[17.106298,48.154436]]},"properties":{"r":0,"k":"road"}},{"type":"Feature","geometry":{"type":"LineString","coordinates":[[17.099176,48.145895],[17.099259,48.145875],[17.100692,48.145537],[17.100803,48.145476],[17.100929,48.145406],[17.102036,48.145195],[17.102105,48.145182],[17.103049,48.144997],[17.103099,48.144986],[17.103133,48.144978]]},"properties":{"r":0,"k":"road"}},{"type":"Feature","geometry":{"type":"LineString","coordinates":[[17.11101,48.142971],[17.111295,48.142676],[17.111307,48.142663],[17.111319,48.142651]]},"properties":{"r":0,"k":"road"}},{"type":"Feature","geometry":{"type":"LineString","coordinates":[[17.109146,48.145141],[17.109102,48.145138],[17.109029,48.145134],[17.10864,48.145109],[17.108394,48.145094]]},"properties":{"r":0,"k":"road"}},{"type":"Feature","geometry":{"type":"LineString","coordinates":[[17.106928,48.146448],[17.106839,48.146439],[17.106235,48.146381],[17.106145,48.146378],[17.106098,48.146413]]},"properties":{"r":0,"k":"road"}},{"type":"Feature","geometry":{"type":"LineString","coordinates":[[17.106989,48.146143],[17.10703,48.146074],[17.107076,48.146017],[17.107143,48.145951],[17.107188,48.145914],[17.107208,48.145898]]},"properties":{"r":0,"k":"road"}},{"type":"Feature","geometry":{"type":"LineString","coordinates":[[17.107078,48.146165],[17.107059,48.146267]]},"properties":{"r":0,"k":"road"}},{"type":"Feature","geometry":{"type":"LineString","coordinates":[[17.103721,48.147842],[17.103675,48.147833],[17.103295,48.147756],[17.103085,48.147717],[17.102972,48.147696],[17.10292,48.147686],[17.102753,48.14765],[17.102539,48.147582],[17.102315,48.147491],[17.101952,48.147289],[17.101875,48.147245]]},"properties":{"r":0,"k":"road"}},{"type":"Feature","geometry":{"type":"LineString","coordinates":[[17.104026,48.139715],[17.104322,48.139709]]},"properties":{"r":2,"k":"road"}},{"type":"Feature","geometry":{"type":"LineString","coordinates":[[17.096607,48.149205],[17.097715,48.148467],[17.098165,48.148264],[17.098212,48.148264],[17.098728,48.148446],[17.098831,48.148482]]},"properties":{"r":0,"k":"road"}},{"type":"Feature","geometry":{"type":"LineString","coordinates":[[17.103395,48.148993],[17.103348,48.149104],[17.10343,48.149195],[17.103553,48.149326],[17.103978,48.149764]]},"properties":{"r":0,"k":"road"}},{"type":"Feature","geometry":{"type":"LineString","coordinates":[[17.102363,48.15073],[17.103078,48.150315]]},"properties":{"r":0,"k":"road"}},{"type":"Feature","geometry":{"type":"LineString","coordinates":[[17.100255,48.148752],[17.098948,48.14937],[17.098879,48.149395]]},"properties":{"r":0,"k":"road"}},{"type":"Feature","geometry":{"type":"LineString","coordinates":[[17.10049,48.150892],[17.100527,48.150855],[17.10059,48.150791],[17.100641,48.15075],[17.100697,48.150716],[17.100783,48.150671],[17.100848,48.150652],[17.100915,48.15064],[17.100981,48.150631],[17.101059,48.150624],[17.101409,48.150623],[17.101541,48.150625],[17.101669,48.150632],[17.101812,48.150644],[17.101882,48.150653],[17.101958,48.150667],[17.101997,48.150679],[17.102029,48.150694],[17.102066,48.150712],[17.102111,48.150739]]},"properties":{"r":0,"k":"road"}},{"type":"Feature","geometry":{"type":"LineString","coordinates":[[17.104937,48.151705],[17.104999,48.151683],[17.105662,48.151454],[17.105796,48.151407],[17.105859,48.150767],[17.105865,48.150709]]},"properties":{"r":0,"k":"road"}},{"type":"Feature","geometry":{"type":"LineString","coordinates":[[17.111622,48.150653],[17.111466,48.150506]]},"properties":{"r":2,"k":"road"}},{"type":"Feature","geometry":{"type":"LineString","coordinates":[[17.102865,48.146623],[17.102941,48.146645],[17.10394,48.146927],[17.104068,48.146961],[17.104485,48.147071],[17.104704,48.147136],[17.104888,48.147179],[17.105522,48.147189],[17.105953,48.147358],[17.105987,48.147333],[17.106079,48.147266]]},"properties":{"r":0,"k":"road"}},{"type":"Feature","geometry":{"type":"LineString","coordinates":[[17.104486,48.147982],[17.104503,48.147949],[17.104506,48.147942]]},"properties":{"r":0,"k":"road"}},{"type":"Feature","geometry":{"type":"LineString","coordinates":[[17.096389,48.144984],[17.096262,48.145299],[17.096248,48.145323],[17.096233,48.145344],[17.096216,48.145362],[17.096192,48.145382],[17.095766,48.145666]]},"properties":{"r":0,"k":"road"}},{"type":"Feature","geometry":{"type":"LineString","coordinates":[[17.095793,48.14322],[17.095739,48.143496],[17.095493,48.144472],[17.095489,48.144496],[17.095486,48.144514],[17.095486,48.144552],[17.095489,48.144577],[17.095494,48.144605],[17.095509,48.14466],[17.095528,48.144716],[17.095634,48.145029],[17.095649,48.145077],[17.095659,48.14512],[17.095766,48.145666]]},"properties":{"r":0,"k":"road"}},{"type":"Feature","geometry":{"type":"LineString","coordinates":[[17.103848,48.155312],[17.103821,48.155399],[17.103708,48.155923],[17.10353,48.156675],[17.103492,48.156766],[17.103467,48.156832],[17.103434,48.156894],[17.103389,48.156947],[17.103337,48.156991]]},"properties":{"r":0,"k":"road"}},{"type":"Feature","geometry":{"type":"LineString","coordinates":[[17.104951,48.151078],[17.10495,48.151469],[17.104937,48.151705],[17.104936,48.151803],[17.104935,48.151947],[17.104936,48.152004],[17.104926,48.152131],[17.104927,48.15222],[17.104951,48.152344],[17.104977,48.152432],[17.104998,48.152483],[17.105115,48.152811],[17.105068,48.152979]]},"properties":{"r":0,"k":"road"}},{"type":"Feature","geometry":{"type":"LineString","coordinates":[[17.111658,48.154769],[17.11163,48.15478],[17.111609,48.154787],[17.111403,48.154873],[17.111102,48.154996],[17.11096,48.155053]]},"properties":{"r":0,"k":"road"}},{"type":"Feature","geometry":{"type":"LineString","coordinates":[[17.108144,48.155161],[17.108139,48.155111],[17.108126,48.154903],[17.108125,48.154834],[17.108108,48.15439],[17.108105,48.154347]]},"properties":{"r":0,"k":"road"}},{"type":"Feature","geometry":{"type":"LineString","coordinates":[[17.108011,48.153596],[17.108041,48.15368],[17.108054,48.153715],[17.108073,48.153797],[17.108095,48.154088],[17.108102,48.154304],[17.108105,48.154347]]},"properties":{"r":0,"k":"road"}},{"type":"Feature","geometry":{"type":"LineString","coordinates":[[17.108073,48.153797],[17.10843,48.153739],[17.108726,48.15369]]},"properties":{"r":0,"k":"road"}},{"type":"Feature","geometry":{"type":"LineString","coordinates":[[17.106769,48.151677],[17.106818,48.151673],[17.107422,48.151617],[17.108972,48.151474],[17.10946,48.151426],[17.10949,48.151423],[17.109551,48.151415]]},"properties":{"r":0,"k":"road"}},{"type":"Feature","geometry":{"type":"LineString","coordinates":[[17.100077,48.157262],[17.09997,48.157451],[17.099885,48.157569],[17.099855,48.157603],[17.099801,48.15764],[17.099662,48.157696],[17.099463,48.157774],[17.099353,48.157817],[17.099342,48.157822],[17.099218,48.157879]]},"properties":{"r":0,"k":"road"}},{"type":"Feature","geometry":{"type":"LineString","coordinates":[[17.10251,48.153413],[17.102638,48.153333]]},"properties":{"r":0,"k":"road"}},{"type":"Feature","geometry":{"type":"LineString","coordinates":[[17.106044,48.153911],[17.105985,48.153897],[17.105519,48.153804],[17.105502,48.153801],[17.105271,48.153757],[17.10522,48.153747],[17.105212,48.153746]]},"properties":{"r":0,"k":"road"}},{"type":"Feature","geometry":{"type":"LineString","coordinates":[[17.104951,48.151078],[17.105029,48.151051],[17.105865,48.150709],[17.106213,48.150582],[17.1067,48.150481]]},"properties":{"r":0,"k":"road"}},{"type":"Feature","geometry":{"type":"LineString","coordinates":[[17.104772,48.151139],[17.104488,48.151128],[17.104236,48.151098],[17.103967,48.151015],[17.103834,48.15093],[17.103709,48.150753],[17.103583,48.150599],[17.103595,48.150549],[17.103771,48.150438],[17.103884,48.150443],[17.104154,48.150646],[17.104269,48.150685]]},"properties":{"r":0,"k":"road"}},{"type":"Feature","geometry":{"type":"LineString","coordinates":[[17.103834,48.15093],[17.103712,48.150987],[17.103179,48.150891]]},"properties":{"r":0,"k":"road"}},{"type":"Feature","geometry":{"type":"LineString","coordinates":[[17.101523,48.148483],[17.101494,48.148572],[17.101409,48.148737],[17.101388,48.148835],[17.101379,48.14893],[17.101382,48.149028],[17.1014,48.149169],[17.101427,48.149361],[17.101451,48.149495],[17.10156,48.149496],[17.101643,48.149518]]},"properties":{"r":0,"k":"road"}},{"type":"Feature","geometry":{"type":"LineString","coordinates":[[17.101451,48.149881],[17.101489,48.149865],[17.101541,48.149854],[17.101635,48.149844],[17.101833,48.149837],[17.101999,48.149842],[17.10214,48.149858],[17.102292,48.14989],[17.102463,48.149943],[17.102584,48.150003],[17.102726,48.150093],[17.103053,48.150303],[17.103078,48.150315]]},"properties":{"r":0,"k":"road"}},{"type":"Feature","geometry":{"type":"LineString","coordinates":[[17.101227,48.148298],[17.101171,48.148346],[17.100987,48.148543],[17.100962,48.148565],[17.100924,48.148586]]},"properties":{"r":0,"k":"road"}},{"type":"Feature","geometry":{"type":"LineString","coordinates":[[17.100255,48.148752],[17.100271,48.148775],[17.100392,48.149158],[17.100309,48.149211]]},"properties":{"r":0,"k":"road"}},{"type":"Feature","geometry":{"type":"LineString","coordinates":[[17.0991,48.149818],[17.099466,48.149681],[17.09961,48.149622],[17.099648,48.149608],[17.099744,48.149571],[17.100309,48.149211]]},"properties":{"r":0,"k":"road"}},{"type":"Feature","geometry":{"type":"LineString","coordinates":[[17.100403,48.149923],[17.100343,48.149519],[17.100309,48.149211]]},"properties":{"r":0,"k":"road"}},{"type":"Feature","geometry":{"type":"LineString","coordinates":[[17.100921,48.145604],[17.101077,48.145878],[17.101229,48.146156],[17.101246,48.146187]]},"properties":{"r":0,"k":"road"}},{"type":"Feature","geometry":{"type":"LineString","coordinates":[[17.098866,48.145189],[17.098977,48.145164],[17.099812,48.144988],[17.099837,48.144983],[17.099936,48.144967],[17.100068,48.144962],[17.100518,48.144996]]},"properties":{"r":0,"k":"road"}},{"type":"Feature","geometry":{"type":"LineString","coordinates":[[17.111437,48.146099],[17.111352,48.146135],[17.11125,48.14621],[17.110793,48.146548],[17.110641,48.146661]]},"properties":{"r":0,"k":"road"}},{"type":"Feature","geometry":{"type":"LineString","coordinates":[[17.111035,48.154139],[17.111177,48.154073],[17.112075,48.153662],[17.112717,48.153369],[17.113104,48.153192]]},"properties":{"r":0,"k":"road"}},{"type":"Feature","geometry":{"type":"LineString","coordinates":[[17.111622,48.150653],[17.111603,48.150662],[17.111542,48.150692]]},"properties":{"r":0,"k":"road"}},{"type":"Feature","geometry":{"type":"LineString","coordinates":[[17.106311,48.140853],[17.106373,48.140873],[17.107234,48.141158]]},"properties":{"r":0,"k":"road"}},{"type":"Feature","geometry":{"type":"LineString","coordinates":[[17.103133,48.144978],[17.1032,48.145023],[17.103231,48.145042],[17.103263,48.145057],[17.103316,48.145074],[17.103339,48.145079],[17.103368,48.145083],[17.103432,48.145083],[17.103463,48.145081],[17.103492,48.145076],[17.103518,48.145069],[17.103543,48.145059],[17.103562,48.145049],[17.103583,48.145036],[17.103603,48.145021],[17.103622,48.145001],[17.103638,48.144978],[17.103645,48.144954],[17.10368,48.144727],[17.103766,48.14455]]},"properties":{"r":0,"k":"road"}},{"type":"Feature","geometry":{"type":"LineString","coordinates":[[17.105066,48.154884],[17.10495,48.15495],[17.104839,48.154992],[17.104708,48.155032],[17.104015,48.155257],[17.103848,48.155312]]},"properties":{"r":0,"k":"road"}},{"type":"Feature","geometry":{"type":"LineString","coordinates":[[17.10259,48.155705],[17.102628,48.155369],[17.102619,48.155334],[17.102588,48.155228],[17.102253,48.155202],[17.102049,48.155187]]},"properties":{"r":0,"k":"road"}},{"type":"Feature","geometry":{"type":"LineString","coordinates":[[17.084156,48.146084],[17.084132,48.146711],[17.084346,48.147238],[17.084376,48.147311],[17.085258,48.148051],[17.085578,48.148415],[17.085791,48.148662],[17.08583,48.148709],[17.085955,48.14876]]},"properties":{"r":0,"k":"road"}},{"type":"Feature","geometry":{"type":"LineString","coordinates":[[17.077392,48.146338],[17.077545,48.146318],[17.077824,48.146304],[17.078386,48.146275],[17.078489,48.146267],[17.07859,48.146257],[17.078797,48.146237],[17.078995,48.146211],[17.079201,48.146176],[17.079773,48.146088],[17.080345,48.146009],[17.081007,48.145852],[17.081298,48.145784],[17.082076,48.145565],[17.082315,48.145498],[17.082898,48.145231],[17.083643,48.144906],[17.084246,48.144611],[17.084837,48.144299],[17.084869,48.144287],[17.084905,48.144282],[17.085017,48.144277]]},"properties":{"r":0,"k":"road"}},{"type":"Feature","geometry":{"type":"LineString","coordinates":[[17.085878,48.146297],[17.085784,48.146304],[17.085729,48.146306],[17.085696,48.146303],[17.085634,48.146281],[17.085574,48.146247],[17.08555,48.146223],[17.085541,48.146187],[17.085549,48.146146],[17.085576,48.146069],[17.085622,48.145975],[17.085639,48.145929],[17.085636,48.14588],[17.085623,48.145845],[17.085589,48.145762],[17.08547,48.145276],[17.085456,48.145222],[17.085435,48.145181],[17.085294,48.144961],[17.085209,48.144849],[17.085134,48.144758],[17.08511,48.144724],[17.085089,48.144694],[17.085056,48.144633],[17.085034,48.144576],[17.085026,48.144486],[17.085021,48.144419],[17.085017,48.144277],[17.085009,48.144079],[17.08502,48.143761],[17.085169,48.143253]]},"properties":{"r":0,"k":"road"}},{"type":"Feature","geometry":{"type":"LineString","coordinates":[[17.091011,48.144824],[17.090427,48.14499],[17.090386,48.145025],[17.090359,48.145073],[17.090368,48.145111],[17.090395,48.145153],[17.090485,48.145228],[17.090643,48.145361],[17.090625,48.14542]]},"properties":{"r":0,"k":"road"}},{"type":"Feature","geometry":{"type":"LineString","coordinates":[[17.085846,48.149958],[17.085829,48.149465],[17.085955,48.14876]]},"properties":{"r":0,"k":"road"}},{"type":"Feature","geometry":{"type":"LineString","coordinates":[[17.082717,48.149262],[17.083414,48.149063],[17.08362,48.149018],[17.08375,48.148985],[17.083857,48.148951],[17.083975,48.148914],[17.085578,48.148415]]},"properties":{"r":0,"k":"road"}},{"type":"Feature","geometry":{"type":"LineString","coordinates":[[17.084566,48.148031],[17.084852,48.14799],[17.085258,48.148051]]},"properties":{"r":0,"k":"road"}},{"type":"Feature","geometry":{"type":"LineString","coordinates":[[17.087798,48.153592],[17.087822,48.153467],[17.087826,48.153412],[17.087828,48.153353],[17.087816,48.15321],[17.087812,48.153156],[17.087811,48.153115],[17.087812,48.153073],[17.087813,48.153047],[17.087816,48.153021],[17.087825,48.152972],[17.087833,48.152942],[17.087846,48.152913],[17.087863,48.152888],[17.087895,48.152838],[17.087947,48.152768],[17.08801,48.152684],[17.088023,48.152663],[17.08804,48.152636],[17.088054,48.152608],[17.088066,48.152585],[17.088078,48.152555],[17.088213,48.152116],[17.088223,48.152087],[17.088227,48.152076],[17.088233,48.152065],[17.088243,48.152048],[17.088255,48.152029],[17.088569,48.151738],[17.088665,48.151669],[17.088723,48.151629],[17.088936,48.151452],[17.088974,48.151417],[17.088993,48.151397],[17.089018,48.151372]]},"properties":{"r":0,"k":"road"}},{"type":"Feature","geometry":{"type":"LineString","coordinates":[[17.087128,48.150259],[17.087616,48.150124],[17.088114,48.149837],[17.088719,48.149488],[17.08885,48.149416],[17.088915,48.149383],[17.08898,48.149351],[17.089033,48.149329],[17.089087,48.149309],[17.089217,48.149266],[17.08942,48.149197],[17.089774,48.149085],[17.089805,48.149075],[17.089843,48.149062]]},"properties":{"r":0,"k":"road"}},{"type":"Feature","geometry":{"type":"LineString","coordinates":[[17.085955,48.14876],[17.08601,48.148795],[17.086414,48.149051],[17.086942,48.149385]]},"properties":{"r":0,"k":"road"}},{"type":"Feature","geometry":{"type":"LineString","coordinates":[[17.088037,48.150658],[17.088021,48.150636],[17.087616,48.150124]]},"properties":{"r":0,"k":"road"}},{"type":"Feature","geometry":{"type":"LineString","coordinates":[[17.089261,48.150175],[17.089242,48.150147],[17.08888,48.149617],[17.08874,48.149505],[17.088719,48.149488]]},"properties":{"r":0,"k":"road"}},{"type":"Feature","geometry":{"type":"LineString","coordinates":[[17.095766,48.145666],[17.095533,48.145821],[17.095508,48.145833],[17.095486,48.145838],[17.095453,48.145844],[17.095411,48.145849],[17.095374,48.145853],[17.095205,48.145863],[17.094935,48.145872],[17.094881,48.145876],[17.094828,48.145884],[17.094783,48.145891],[17.094735,48.1459],[17.094658,48.145917],[17.094629,48.145923],[17.094577,48.145936],[17.09453,48.145947],[17.094247,48.146037],[17.094192,48.146057],[17.094142,48.146079],[17.094118,48.14609],[17.094092,48.146103],[17.094067,48.146117],[17.094039,48.146133],[17.093709,48.146374],[17.093564,48.146485],[17.093424,48.146602],[17.093141,48.146842],[17.092898,48.147052],[17.092779,48.147158],[17.092769,48.147171],[17.092757,48.14719],[17.092749,48.147209],[17.092742,48.14723],[17.092738,48.147242],[17.092736,48.147264],[17.092736,48.147288]]},"properties":{"r":0,"k":"road"}},{"type":"Feature","geometry":{"type":"LineString","coordinates":[[17.094829,48.145229],[17.094945,48.145102],[17.094952,48.145092],[17.094957,48.145082],[17.094959,48.145073],[17.094961,48.145042],[17.094959,48.145021],[17.094957,48.14501],[17.094954,48.145],[17.094949,48.144992],[17.094942,48.144984],[17.094935,48.144979],[17.094927,48.144974],[17.09491,48.144967],[17.09448,48.144807],[17.094414,48.144783]]},"properties":{"r":0,"k":"road"}},{"type":"Feature","geometry":{"type":"LineString","coordinates":[[17.089187,48.147523],[17.089274,48.147529],[17.089339,48.147534],[17.090269,48.147608],[17.090306,48.14761],[17.090351,48.14761],[17.090374,48.147608],[17.090393,48.147607],[17.090432,48.147601],[17.090482,48.147591],[17.090532,48.147577],[17.0906,48.147559],[17.090649,48.147541],[17.090706,48.147519],[17.090842,48.147454]]},"properties":{"r":0,"k":"road"}},{"type":"Feature","geometry":{"type":"LineString","coordinates":[[17.089158,48.147605],[17.089073,48.147598],[17.088518,48.147546],[17.08847,48.147521],[17.088455,48.147483],[17.088474,48.147431],[17.088495,48.147405],[17.088532,48.147393],[17.088753,48.147396]]},"properties":{"r":0,"k":"road"}},{"type":"Feature","geometry":{"type":"LineString","coordinates":[[17.094581,48.15036],[17.094515,48.150314],[17.094484,48.150288],[17.094466,48.150266],[17.094447,48.150242],[17.094427,48.150211],[17.094411,48.150184],[17.094403,48.150155],[17.0944,48.150126],[17.094402,48.150094],[17.094407,48.150063],[17.09442,48.150031],[17.094617,48.149698],[17.094876,48.149357],[17.095479,48.148761],[17.096203,48.148095],[17.096245,48.148047],[17.096273,48.148001],[17.09629,48.147957],[17.096304,48.147911],[17.096312,48.147856],[17.096313,48.147792],[17.096305,48.14772],[17.096295,48.147649],[17.096282,48.147607],[17.096265,48.147562],[17.095804,48.146498],[17.095792,48.146474]]},"properties":{"r":0,"k":"road"}},{"type":"Feature","geometry":{"type":"LineString","coordinates":[[17.090351,48.14761],[17.090843,48.148375],[17.091087,48.148754],[17.091049,48.148882],[17.090805,48.149135],[17.090591,48.149303],[17.090342,48.149498],[17.090266,48.149555]]},"properties":{"r":0,"k":"road"}},{"type":"Feature","geometry":{"type":"LineString","coordinates":[[17.093302,48.149394],[17.093126,48.149429],[17.092921,48.149511],[17.092799,48.14956],[17.092471,48.149662],[17.092177,48.149777],[17.092141,48.149789],[17.09211,48.149798],[17.092074,48.149803],[17.092042,48.149808],[17.092007,48.149808],[17.091961,48.14981],[17.091882,48.149808]]},"properties":{"r":0,"k":"road"}},{"type":"Feature","geometry":{"type":"LineString","coordinates":[[17.094295,48.14676],[17.09434,48.146946],[17.094355,48.146971],[17.094373,48.146995],[17.094393,48.147018],[17.094417,48.147042],[17.094457,48.147077],[17.09448,48.147096],[17.094509,48.147118],[17.094538,48.147139],[17.094574,48.147161],[17.094612,48.147179],[17.094658,48.147196],[17.094695,48.147208],[17.094741,48.14722],[17.094787,48.147229],[17.094841,48.147234],[17.09489,48.147238],[17.094944,48.147239],[17.094997,48.147239],[17.095055,48.147237],[17.095324,48.147217],[17.095349,48.147218],[17.095372,48.147222],[17.09542,48.147232],[17.09547,48.147245],[17.095495,48.147253],[17.095518,48.147264],[17.095551,48.147282],[17.095583,48.147302],[17.095609,48.147325],[17.095634,48.14735],[17.095661,48.147377],[17.095687,48.147409],[17.095712,48.14744],[17.095732,48.147471],[17.095772,48.147534],[17.095789,48.147568],[17.095803,48.147599],[17.095812,48.147628],[17.095817,48.147657],[17.095819,48.147687],[17.09582,48.147711],[17.095819,48.147736],[17.095816,48.147762],[17.095807,48.14781],[17.095792,48.147857],[17.095772,48.1479],[17.095742,48.147954],[17.095712,48.148003],[17.09565,48.148094],[17.095581,48.148185],[17.095544,48.148229],[17.095511,48.148265],[17.095458,48.148318],[17.095407,48.148368],[17.095353,48.148415],[17.095298,48.148457]]},"properties":{"r":0,"k":"road"}},{"type":"Feature","geometry":{"type":"LineString","coordinates":[[17.092736,48.147288],[17.09274,48.14739],[17.092742,48.147405],[17.092748,48.14742],[17.092755,48.14743],[17.09276,48.147439],[17.092771,48.147454],[17.092784,48.147466],[17.092794,48.147475],[17.092804,48.147482],[17.092818,48.147491],[17.09284,48.147501],[17.092862,48.147508],[17.092879,48.147513],[17.092899,48.147516],[17.092922,48.147519],[17.092942,48.14752],[17.092964,48.147519],[17.092989,48.147518],[17.093011,48.147515],[17.09304,48.147511],[17.093413,48.147452],[17.093495,48.147441],[17.093545,48.147436],[17.093597,48.147436],[17.093629,48.147438],[17.09366,48.147443],[17.093703,48.147451],[17.093768,48.147465],[17.093788,48.147471],[17.093811,48.147479],[17.093857,48.1475],[17.094089,48.14761],[17.094499,48.147812],[17.094526,48.147826],[17.09455,48.147844],[17.094577,48.147865],[17.094601,48.14789],[17.094624,48.147919],[17.094641,48.147952],[17.094646,48.147974],[17.094648,48.147989],[17.094649,48.148008],[17.094649,48.14803],[17.094647,48.148046],[17.094644,48.148061],[17.094639,48.148087],[17.094589,48.14821],[17.094572,48.14824],[17.094557,48.148267],[17.094541,48.148291],[17.094521,48.148314],[17.094497,48.148344],[17.094474,48.148366],[17.094456,48.148383],[17.094435,48.148399],[17.094417,48.148412],[17.094394,48.148426],[17.094159,48.148553],[17.094117,48.14858],[17.094094,48.148599],[17.094073,48.148618],[17.094035,48.148659],[17.093999,48.148702],[17.09397,48.148741],[17.093844,48.148938],[17.093814,48.148993],[17.093751,48.149105],[17.09373,48.149134],[17.093709,48.149159],[17.093683,48.149184],[17.093655,48.149208],[17.093617,48.149232],[17.093571,48.14926],[17.093491,48.149304],[17.093302,48.149394]]},"properties":{"r":0,"k":"road"}},{"type":"Feature","geometry":{"type":"LineString","coordinates":[[17.091357,48.147192],[17.091372,48.147222],[17.091445,48.147377],[17.091464,48.147417],[17.09149,48.147464],[17.091518,48.14751],[17.091548,48.147557],[17.091571,48.147586],[17.091592,48.147609],[17.091618,48.147632],[17.091634,48.147646],[17.091653,48.14766],[17.091665,48.147669],[17.09168,48.147678],[17.091695,48.147686],[17.091705,48.14769],[17.091795,48.147729],[17.092497,48.148022]]},"properties":{"r":0,"k":"road"}},{"type":"Feature","geometry":{"type":"LineString","coordinates":[[17.092471,48.149662],[17.092551,48.1495],[17.093105,48.148801]]},"properties":{"r":0,"k":"road"}},{"type":"Feature","geometry":{"type":"LineString","coordinates":[[17.092497,48.148022],[17.093105,48.148801]]},"properties":{"r":0,"k":"road"}},{"type":"Feature","geometry":{"type":"LineString","coordinates":[[17.09167,48.150824],[17.091721,48.15076],[17.091758,48.150707],[17.091788,48.150636],[17.091872,48.149877],[17.091882,48.149808]]},"properties":{"r":0,"k":"road"}},{"type":"Feature","geometry":{"type":"LineString","coordinates":[[17.093284,48.155256],[17.093268,48.155198],[17.093318,48.155158],[17.093394,48.155118],[17.094071,48.154709],[17.094288,48.154579],[17.094393,48.154502],[17.094495,48.154426],[17.094549,48.15437],[17.094586,48.154315],[17.094628,48.154244],[17.094788,48.153818],[17.094927,48.153478],[17.094959,48.153406]]},"properties":{"r":0,"k":"road"}},{"type":"Feature","geometry":{"type":"LineString","coordinates":[[17.094525,48.15291],[17.09482,48.152865],[17.094905,48.152874],[17.095166,48.152954],[17.095313,48.153074]]},"properties":{"r":0,"k":"road"}},{"type":"Feature","geometry":{"type":"LineString","coordinates":[[17.098211,48.152027],[17.097595,48.152012],[17.097549,48.152011]]},"properties":{"r":0,"k":"road"}},{"type":"Feature","geometry":{"type":"LineString","coordinates":[[17.084088,48.145791],[17.084718,48.145632],[17.084759,48.145623],[17.0848,48.145617],[17.084846,48.145613],[17.084897,48.145612],[17.084943,48.145612],[17.084997,48.145616],[17.085035,48.14562],[17.08508,48.145628],[17.085202,48.145655],[17.085589,48.145762]]},"properties":{"r":0,"k":"road"}},{"type":"Feature","geometry":{"type":"LineString","coordinates":[[17.104664,48.13697],[17.10454,48.139579]]},"properties":{"r":2,"k":"road"}},{"type":"Feature","geometry":{"type":"LineString","coordinates":[[17.110668,48.153751],[17.110685,48.153768],[17.110698,48.153782],[17.110977,48.154078],[17.111035,48.154139]]},"properties":{"r":0,"k":"road"}},{"type":"Feature","geometry":{"type":"LineString","coordinates":[[17.109671,48.151506],[17.109834,48.151821],[17.109904,48.151955],[17.109945,48.152051],[17.109997,48.152183],[17.110057,48.152368],[17.11017,48.152755],[17.110237,48.152944],[17.110288,48.153097],[17.110315,48.153175],[17.110338,48.153246],[17.110358,48.153292],[17.110373,48.153331],[17.110381,48.153351],[17.110391,48.153369],[17.11041,48.153407],[17.110438,48.153455],[17.110467,48.1535],[17.110518,48.153574],[17.11057,48.153636],[17.110668,48.153751]]},"properties":{"r":0,"k":"road"}},{"type":"Feature","geometry":{"type":"LineString","coordinates":[[17.092011,48.144104],[17.091154,48.144041],[17.090699,48.144039],[17.090386,48.144086],[17.090096,48.144191],[17.0886,48.145144],[17.088108,48.145469]]},"properties":{"r":0,"k":"road"}},{"type":"Feature","geometry":{"type":"LineString","coordinates":[[17.092736,48.14462],[17.092723,48.14455],[17.092745,48.144349],[17.0927,48.144196],[17.092695,48.144178],[17.092669,48.144162],[17.092011,48.144104]]},"properties":{"r":0,"k":"road"}},{"type":"Feature","geometry":{"type":"LineString","coordinates":[[17.092736,48.14462],[17.092788,48.144579],[17.092837,48.144243],[17.09294,48.143944],[17.093076,48.143936]]},"properties":{"r":0,"k":"road"}},{"type":"Feature","geometry":{"type":"LineString","coordinates":[[17.09542,48.143454],[17.095364,48.143408],[17.095163,48.143289],[17.094923,48.143262]]},"properties":{"r":0,"k":"road"}},{"type":"Feature","geometry":{"type":"LineString","coordinates":[[17.113299,48.156815],[17.113219,48.156835],[17.112481,48.157027]]},"properties":{"r":0,"k":"road"}},{"type":"Feature","geometry":{"type":"LineString","coordinates":[[17.097715,48.148467],[17.096889,48.14823]]},"properties":{"r":0,"k":"road"}},{"type":"Feature","geometry":{"type":"LineString","coordinates":[[17.10467,48.141327],[17.104642,48.141436]]},"properties":{"r":2,"k":"road"}},{"type":"Feature","geometry":{"type":"LineString","coordinates":[[17.104642,48.141436],[17.10444,48.14186],[17.104364,48.141953]]},"properties":{"r":2,"k":"road"}},{"type":"Feature","geometry":{"type":"LineString","coordinates":[[17.108128,48.145692],[17.108682,48.14563]]},"properties":{"r":0,"k":"road"}},{"type":"Feature","geometry":{"type":"LineString","coordinates":[[17.109246,48.144822],[17.1092,48.144808],[17.108925,48.144712],[17.108913,48.144747]]},"properties":{"r":0,"k":"road"}},{"type":"Feature","geometry":{"type":"LineString","coordinates":[[17.111268,48.150343],[17.111186,48.150379],[17.10952,48.151138],[17.109503,48.151146],[17.109453,48.151168]]},"properties":{"r":0,"k":"road"}},{"type":"Feature","geometry":{"type":"LineString","coordinates":[[17.097279,48.152673],[17.097674,48.152796]]},"properties":{"r":0,"k":"road"}},{"type":"Feature","geometry":{"type":"LineString","coordinates":[[17.090689,48.153624],[17.090346,48.153979],[17.089745,48.154535],[17.08958,48.154696],[17.089382,48.154886],[17.089229,48.155033],[17.089182,48.15508],[17.089138,48.155127],[17.089053,48.155232],[17.088542,48.155989],[17.088385,48.156218],[17.08832,48.156329],[17.088129,48.156675],[17.088057,48.156846],[17.088041,48.156884],[17.08769,48.157708],[17.087669,48.157756],[17.087158,48.158956],[17.087059,48.159191],[17.087034,48.159232],[17.086932,48.159397],[17.086713,48.15959],[17.086421,48.159786],[17.086022,48.160061]]},"properties":{"r":1,"k":"road"}},{"type":"Feature","geometry":{"type":"LineString","coordinates":[[17.085688,48.154651],[17.085926,48.154554],[17.086256,48.154426],[17.086536,48.15431],[17.086773,48.154201],[17.086971,48.154097],[17.087184,48.153985],[17.087416,48.153855],[17.087468,48.153824],[17.087561,48.15377],[17.08762,48.153726],[17.087683,48.153676],[17.087708,48.153644],[17.087751,48.153613],[17.087798,48.153592]]},"properties":{"r":0,"k":"road"}},{"type":"Feature","geometry":{"type":"LineString","coordinates":[[17.106622,48.147385],[17.107625,48.147913]]},"properties":{"r":2,"k":"road"}},{"type":"Feature","geometry":{"type":"LineString","coordinates":[[17.106568,48.147432],[17.105826,48.147042],[17.10529,48.146736],[17.104995,48.146549],[17.104521,48.146255]]},"properties":{"r":2,"k":"road"}},{"type":"Feature","geometry":{"type":"LineString","coordinates":[[17.107404,48.155376],[17.107724,48.155439],[17.107784,48.155451],[17.10788,48.155469],[17.108158,48.155524],[17.108754,48.155642],[17.109047,48.155698]]},"properties":{"r":3,"k":"road"}},{"type":"Feature","geometry":{"type":"LineString","coordinates":[[17.107157,48.155769],[17.107101,48.155654],[17.107075,48.155597],[17.107064,48.155573],[17.107036,48.155533],[17.107015,48.155509],[17.106994,48.155489],[17.106975,48.155473],[17.106925,48.155438],[17.10687,48.155406]]},"properties":{"r":1,"k":"road"}},{"type":"Feature","geometry":{"type":"LineString","coordinates":[[17.107651,48.155515],[17.107451,48.155598],[17.107397,48.155624],[17.107313,48.155676],[17.107157,48.155769]]},"properties":{"r":1,"k":"road"}},{"type":"Feature","geometry":{"type":"LineString","coordinates":[[17.10687,48.155406],[17.106536,48.15534],[17.106445,48.155325]]},"properties":{"r":3,"k":"road"}},{"type":"Feature","geometry":{"type":"LineString","coordinates":[[17.109589,48.13996],[17.109528,48.139958],[17.109432,48.139954],[17.109174,48.139946]]},"properties":{"r":2,"k":"road"}},{"type":"Feature","geometry":{"type":"LineString","coordinates":[[17.106949,48.147823],[17.106965,48.147706],[17.106975,48.14758]]},"properties":{"r":1,"k":"road"}},{"type":"Feature","geometry":{"type":"LineString","coordinates":[[17.111466,48.150506],[17.111413,48.15046],[17.111268,48.150343]]},"properties":{"r":2,"k":"road"}},{"type":"Feature","geometry":{"type":"LineString","coordinates":[[17.098335,48.149036],[17.098304,48.149024],[17.098071,48.148932]]},"properties":{"r":0,"k":"road"}},{"type":"Feature","geometry":{"type":"LineString","coordinates":[[17.098335,48.149036],[17.097968,48.149588],[17.097935,48.149654],[17.097921,48.149696],[17.097916,48.14974],[17.09791,48.149962],[17.097911,48.150083],[17.097913,48.150181],[17.097907,48.150464],[17.097888,48.150567],[17.097868,48.150644],[17.097839,48.150738],[17.09781,48.150818],[17.097783,48.150866],[17.097674,48.151058],[17.097405,48.151429],[17.09739,48.151461],[17.09738,48.151497],[17.097373,48.151536],[17.09737,48.151578],[17.09737,48.151607],[17.097374,48.151635],[17.097377,48.151651],[17.097381,48.151665],[17.097386,48.15168],[17.097393,48.151694],[17.097549,48.152011]]},"properties":{"r":0,"k":"road"}},{"type":"Feature","geometry":{"type":"LineString","coordinates":[[17.100651,48.14793],[17.100604,48.147897],[17.100556,48.147865],[17.100385,48.147721],[17.100332,48.147661],[17.100108,48.14744],[17.10002,48.147348],[17.099935,48.147253],[17.099751,48.147032],[17.099504,48.146609],[17.09946,48.146535],[17.099441,48.146494],[17.099274,48.146128],[17.099176,48.145895]]},"properties":{"r":1,"k":"road"}},{"type":"Feature","geometry":{"type":"LineString","coordinates":[[17.106568,48.156879],[17.106548,48.157288],[17.106534,48.157587]]},"properties":{"r":1,"k":"road"}},{"type":"Feature","geometry":{"type":"LineString","coordinates":[[17.107651,48.155515],[17.107335,48.155483]]},"properties":{"r":3,"k":"road"}},{"type":"Feature","geometry":{"type":"LineString","coordinates":[[17.111396,48.149027],[17.111304,48.149022],[17.111283,48.14902],[17.111045,48.149003],[17.111013,48.149],[17.110962,48.148993],[17.110892,48.148977],[17.110759,48.148939],[17.110533,48.148877],[17.110443,48.148851],[17.110314,48.148812],[17.109942,48.148691]]},"properties":{"r":0,"k":"road"}},{"type":"Feature","geometry":{"type":"LineString","coordinates":[[17.103846,48.14056],[17.103891,48.140561],[17.103948,48.140557],[17.103995,48.14055],[17.104034,48.140541],[17.104067,48.14053],[17.104091,48.140519],[17.104121,48.140503],[17.104156,48.140481],[17.104188,48.140458],[17.104211,48.140438],[17.104233,48.140416],[17.104253,48.14039],[17.104275,48.140349],[17.104294,48.140305],[17.104367,48.140086],[17.104388,48.140024]]},"properties":{"r":2,"k":"road"}},{"type":"Feature","geometry":{"type":"LineString","coordinates":[[17.102556,48.13988],[17.10246,48.139944],[17.102404,48.139976],[17.102374,48.140006],[17.102357,48.140038],[17.102354,48.140071],[17.102366,48.140109],[17.102381,48.140136],[17.10242,48.140165],[17.102495,48.140205],[17.102707,48.140271]]},"properties":{"r":2,"k":"road"}},{"type":"Feature","geometry":{"type":"LineString","coordinates":[[17.102149,48.140229],[17.101719,48.140066],[17.101684,48.140049],[17.101644,48.14001],[17.101645,48.139983],[17.101678,48.139936]]},"properties":{"r":2,"k":"road"}},{"type":"Feature","geometry":{"type":"LineString","coordinates":[[17.101385,48.139812],[17.101522,48.13987],[17.101587,48.139893],[17.101678,48.139936]]},"properties":{"r":2,"k":"road"}},{"type":"Feature","geometry":{"type":"LineString","coordinates":[[17.103868,48.146001],[17.102865,48.146623],[17.102455,48.146881],[17.101923,48.147215],[17.101875,48.147245]]},"properties":{"r":0,"k":"road"}},{"type":"Feature","geometry":{"type":"LineString","coordinates":[[17.107335,48.155483],[17.10722,48.155468],[17.10687,48.155406]]},"properties":{"r":3,"k":"road"}},{"type":"Feature","geometry":{"type":"LineString","coordinates":[[17.107157,48.155769],[17.107287,48.155562],[17.107335,48.155483]]},"properties":{"r":1,"k":"road"}},{"type":"Feature","geometry":{"type":"LineString","coordinates":[[17.11214,48.157116],[17.111392,48.157304],[17.111324,48.157321]]},"properties":{"r":0,"k":"road"}},{"type":"Feature","geometry":{"type":"LineString","coordinates":[[17.102091,48.1532],[17.102349,48.153313],[17.102387,48.153332],[17.102429,48.153356],[17.102471,48.153383],[17.102493,48.153399],[17.10251,48.153413]]},"properties":{"r":0,"k":"road"}},{"type":"Feature","geometry":{"type":"LineString","coordinates":[[17.10593,48.154947],[17.106099,48.154413],[17.106137,48.154265]]},"properties":{"r":2,"k":"road"}},{"type":"Feature","geometry":{"type":"LineString","coordinates":[[17.106118,48.154835],[17.10608,48.154975],[17.106028,48.155168]]},"properties":{"r":2,"k":"road"}},{"type":"Feature","geometry":{"type":"LineString","coordinates":[[17.099223,48.140047],[17.098744,48.140057],[17.098584,48.140063],[17.097822,48.140093],[17.097476,48.140118],[17.096943,48.140167],[17.096887,48.140172],[17.096016,48.14027]]},"properties":{"r":2,"k":"road"}},{"type":"Feature","geometry":{"type":"LineString","coordinates":[[17.104185,48.13985],[17.103644,48.139859]]},"properties":{"r":2,"k":"road"}},{"type":"Feature","geometry":{"type":"LineString","coordinates":[[17.103781,48.141017],[17.103761,48.140972],[17.103741,48.140933],[17.103701,48.140869],[17.103675,48.140831],[17.103649,48.140803],[17.103596,48.140754],[17.103541,48.140712],[17.10349,48.14068],[17.103444,48.140655],[17.103366,48.140618],[17.103291,48.140589],[17.102885,48.140473],[17.102349,48.140284]]},"properties":{"r":2,"k":"road"}},{"type":"Feature","geometry":{"type":"LineString","coordinates":[[17.102556,48.13988],[17.101954,48.139915],[17.101678,48.139936]]},"properties":{"r":2,"k":"road"}},{"type":"Feature","geometry":{"type":"LineString","coordinates":[[17.104388,48.140024],[17.10441,48.139577],[17.104536,48.136978]]},"properties":{"r":2,"k":"road"}},{"type":"Feature","geometry":{"type":"LineString","coordinates":[[17.104524,48.139976],[17.104519,48.140092],[17.104513,48.140214]]},"properties":{"r":2,"k":"road"}},{"type":"Feature","geometry":{"type":"LineString","coordinates":[[17.104444,48.146083],[17.10458,48.14614],[17.105215,48.146526]]},"properties":{"r":2,"k":"road"}},{"type":"Feature","geometry":{"type":"LineString","coordinates":[[17.107142,48.148142],[17.107142,48.14849]]},"properties":{"r":2,"k":"road"}},{"type":"Feature","geometry":{"type":"LineString","coordinates":[[17.10461,48.139711],[17.10513,48.139713]]},"properties":{"r":2,"k":"road"}},{"type":"Feature","geometry":{"type":"LineString","coordinates":[[17.104315,48.141441],[17.104385,48.140087],[17.104388,48.140024]]},"properties":{"r":2,"k":"road"}},{"type":"Feature","geometry":{"type":"LineString","coordinates":[[17.109401,48.149058],[17.109648,48.149206],[17.110071,48.14946]]},"properties":{"r":2,"k":"road"}},{"type":"Feature","geometry":{"type":"LineString","coordinates":[[17.100714,48.157377],[17.100744,48.157324],[17.100975,48.157221],[17.101364,48.157079],[17.101513,48.15699],[17.101602,48.156919],[17.10163,48.15681],[17.101652,48.156714],[17.101681,48.156689],[17.101728,48.156681],[17.101776,48.156686],[17.101833,48.156712],[17.101866,48.156802],[17.101864,48.156873],[17.101839,48.156971],[17.101734,48.15721]]},"properties":{"r":0,"k":"road"}},{"type":"Feature","geometry":{"type":"LineString","coordinates":[[17.097627,48.157807],[17.097729,48.157725]]},"properties":{"r":0,"k":"road"}},{"type":"Feature","geometry":{"type":"LineString","coordinates":[[17.11276,48.154521],[17.111896,48.154899],[17.111887,48.154905],[17.111868,48.154915],[17.11182,48.154942]]},"properties":{"r":0,"k":"road"}},{"type":"Feature","geometry":{"type":"LineString","coordinates":[[17.10674,48.147364],[17.106745,48.147414],[17.106742,48.147436],[17.106735,48.147453],[17.106718,48.147469],[17.1067,48.14748],[17.106659,48.147498],[17.106629,48.147508],[17.106572,48.147523]]},"properties":{"r":2,"k":"road"}},{"type":"Feature","geometry":{"type":"LineString","coordinates":[[17.11101,48.142971],[17.110793,48.142886],[17.110607,48.142814],[17.110294,48.142692],[17.110118,48.142624],[17.109751,48.142481]]},"properties":{"r":0,"k":"road"}},{"type":"Feature","geometry":{"type":"LineString","coordinates":[[17.111355,48.1417],[17.111271,48.14165],[17.111221,48.141627],[17.111153,48.141608],[17.111046,48.141585],[17.110109,48.141448]]},"properties":{"r":0,"k":"road"}},{"type":"Feature","geometry":{"type":"LineString","coordinates":[[17.111124,48.150222],[17.111107,48.1501],[17.111099,48.150039]]},"properties":{"r":0,"k":"road"}},{"type":"Feature","geometry":{"type":"LineString","coordinates":[[17.098017,48.157202],[17.098764,48.156888],[17.09997,48.156211],[17.1001,48.156121]]},"properties":{"r":0,"k":"road"}},{"type":"Feature","geometry":{"type":"LineString","coordinates":[[17.098416,48.156663],[17.09842,48.156611],[17.09844,48.156339],[17.098393,48.156257],[17.097957,48.156003]]},"properties":{"r":0,"k":"road"}},{"type":"Feature","geometry":{"type":"LineString","coordinates":[[17.103337,48.156991],[17.102993,48.157131],[17.102956,48.157146],[17.102899,48.157167],[17.1028,48.157199]]},"properties":{"r":0,"k":"road"}},{"type":"Feature","geometry":{"type":"LineString","coordinates":[[17.101096,48.157715],[17.101198,48.157911],[17.101274,48.157905],[17.101501,48.15786],[17.101678,48.157826],[17.101873,48.157775],[17.102117,48.157707],[17.102232,48.157677],[17.102349,48.157665],[17.102544,48.157633]]},"properties":{"r":0,"k":"road"}},{"type":"Feature","geometry":{"type":"LineString","coordinates":[[17.10445,48.158719],[17.104409,48.158711],[17.104374,48.158703],[17.10428,48.158692],[17.104266,48.158693],[17.104255,48.158695],[17.104245,48.158698],[17.104235,48.158701],[17.104228,48.158703],[17.104223,48.158707],[17.104217,48.158712],[17.104181,48.158764],[17.104191,48.15881],[17.104192,48.158846],[17.10418,48.158868],[17.104173,48.158877],[17.104164,48.158887],[17.104155,48.158894],[17.104137,48.158904],[17.10412,48.158911],[17.104104,48.158914],[17.104081,48.158917],[17.104053,48.158917],[17.104031,48.158912],[17.10401,48.158905],[17.103968,48.15888],[17.103952,48.158868],[17.103929,48.158853],[17.103872,48.158807],[17.10378,48.158729],[17.103683,48.158619],[17.103616,48.158499],[17.103555,48.158381],[17.103554,48.158344],[17.103553,48.158278],[17.103602,48.158152],[17.103614,48.158082],[17.103584,48.157729]]},"properties":{"r":0,"k":"road"}},{"type":"Feature","geometry":{"type":"LineString","coordinates":[[17.106445,48.155325],[17.106283,48.155277],[17.106148,48.155228]]},"properties":{"r":2,"k":"road"}},{"type":"Feature","geometry":{"type":"LineString","coordinates":[[17.105711,48.155449],[17.105768,48.155401],[17.105834,48.15535],[17.105896,48.155319],[17.105999,48.155271]]},"properties":{"r":3,"k":"road"}},{"type":"Feature","geometry":{"type":"LineString","coordinates":[[17.106148,48.155228],[17.106101,48.155204],[17.106028,48.155168]]},"properties":{"r":2,"k":"road"}},{"type":"Feature","geometry":{"type":"LineString","coordinates":[[17.106028,48.155168],[17.105999,48.155271]]},"properties":{"r":2,"k":"road"}},{"type":"Feature","geometry":{"type":"LineString","coordinates":[[17.105999,48.155271],[17.106053,48.15525],[17.106148,48.155228]]},"properties":{"r":3,"k":"road"}},{"type":"Feature","geometry":{"type":"LineString","coordinates":[[17.111396,48.149027],[17.111659,48.14904],[17.111752,48.149042],[17.111843,48.149041],[17.111926,48.14904],[17.11201,48.149036],[17.112104,48.14903],[17.112195,48.149019],[17.112284,48.149009],[17.112373,48.148996],[17.11246,48.14898],[17.112547,48.14896],[17.112686,48.148924],[17.112827,48.148884]]},"properties":{"r":0,"k":"road"}},{"type":"Feature","geometry":{"type":"LineString","coordinates":[[17.109942,48.148691],[17.109895,48.148673],[17.109756,48.148615]]},"properties":{"r":0,"k":"road"}},{"type":"Feature","geometry":{"type":"LineString","coordinates":[[17.089018,48.151372],[17.089207,48.151497],[17.089608,48.151762],[17.089705,48.151827],[17.089886,48.151961],[17.090314,48.15227]]},"properties":{"r":0,"k":"road"}},{"type":"Feature","geometry":{"type":"LineString","coordinates":[[17.091392,48.152146],[17.091268,48.151725],[17.090868,48.151885],[17.090562,48.152092],[17.090314,48.15227]]},"properties":{"r":0,"k":"road"}},{"type":"Feature","geometry":{"type":"LineString","coordinates":[[17.10962,48.157779],[17.110442,48.157558],[17.111263,48.157338],[17.111324,48.157321]]},"properties":{"r":0,"k":"road"}},{"type":"Feature","geometry":{"type":"LineString","coordinates":[[17.111952,48.158246],[17.11187,48.158229],[17.109709,48.157894],[17.10965,48.157827],[17.10962,48.157779]]},"properties":{"r":0,"k":"road"}},{"type":"Feature","geometry":{"type":"LineString","coordinates":[[17.096743,48.146231],[17.095944,48.146385],[17.095792,48.146474],[17.095162,48.146687],[17.094899,48.14672],[17.09467,48.146729],[17.094295,48.14676]]},"properties":{"r":0,"k":"road"}},{"type":"Feature","geometry":{"type":"LineString","coordinates":[[17.092736,48.147288],[17.092903,48.147243],[17.094094,48.146802]]},"properties":{"r":0,"k":"road"}},{"type":"Feature","geometry":{"type":"LineString","coordinates":[[17.097191,48.147153],[17.098161,48.146865],[17.098369,48.146813],[17.099395,48.146552],[17.09946,48.146535]]},"properties":{"r":0,"k":"road"}},{"type":"Feature","geometry":{"type":"LineString","coordinates":[[17.103501,48.144608],[17.103615,48.144614],[17.103721,48.144623],[17.103834,48.144638],[17.103945,48.144658],[17.104099,48.144692]]},"properties":{"r":0,"k":"road"}},{"type":"Feature","geometry":{"type":"LineString","coordinates":[[17.10331,48.144611],[17.103501,48.144608]]},"properties":{"r":0,"k":"road"}},{"type":"Feature","geometry":{"type":"LineString","coordinates":[[17.102533,48.14422],[17.102581,48.144272],[17.102774,48.144508],[17.102821,48.144561],[17.102853,48.144597]]},"properties":{"r":0,"k":"road"}},{"type":"Feature","geometry":{"type":"LineString","coordinates":[[17.109134,48.148768],[17.109291,48.148883],[17.109516,48.149033],[17.109545,48.149043],[17.109578,48.14905],[17.109653,48.149059]]},"properties":{"r":2,"k":"road"}},{"type":"Feature","geometry":{"type":"LineString","coordinates":[[17.109134,48.148768],[17.109401,48.149058]]},"properties":{"r":2,"k":"road"}},{"type":"Feature","geometry":{"type":"LineString","coordinates":[[17.109653,48.149059],[17.109732,48.148958],[17.109915,48.148727],[17.109942,48.148691]]},"properties":{"r":0,"k":"road"}},{"type":"Feature","geometry":{"type":"LineString","coordinates":[[17.107924,48.156042],[17.107958,48.155855],[17.107989,48.155689]]},"properties":{"r":0,"k":"road"}},{"type":"Feature","geometry":{"type":"LineString","coordinates":[[17.100651,48.14793],[17.100814,48.148029],[17.100934,48.148109],[17.101096,48.148217],[17.101227,48.148298],[17.101322,48.148358],[17.101523,48.148483],[17.101605,48.148539],[17.101665,48.148567],[17.101697,48.148581],[17.101736,48.148591],[17.101821,48.148615],[17.103395,48.148993],[17.103561,48.149037],[17.103614,48.14904],[17.103717,48.14903],[17.103833,48.149015],[17.104182,48.148972],[17.104518,48.14893],[17.104664,48.148913],[17.10581,48.148767]]},"properties":{"r":1,"k":"road"}},{"type":"Feature","geometry":{"type":"LineString","coordinates":[[17.099212,48.150563],[17.099113,48.149908],[17.0991,48.149818],[17.099037,48.149616],[17.099005,48.149553],[17.098969,48.149489],[17.098907,48.149419],[17.098879,48.149395],[17.098725,48.149278],[17.09838,48.14907],[17.098335,48.149036]]},"properties":{"r":0,"k":"road"}},{"type":"Feature","geometry":{"type":"LineString","coordinates":[[17.107157,48.155769],[17.106587,48.156844],[17.106568,48.156879]]},"properties":{"r":1,"k":"road"}},{"type":"Feature","geometry":{"type":"LineString","coordinates":[[17.104521,48.146255],[17.104309,48.14609],[17.10422,48.146004],[17.104136,48.145917],[17.104031,48.14578],[17.103984,48.145713],[17.103958,48.145669],[17.103933,48.145624],[17.10389,48.145533],[17.103829,48.145367],[17.103783,48.145188],[17.10377,48.145103],[17.103759,48.144948],[17.103755,48.144807],[17.103758,48.144671],[17.103766,48.14455]]},"properties":{"r":2,"k":"road"}},{"type":"Feature","geometry":{"type":"LineString","coordinates":[[17.103914,48.145971],[17.103608,48.145695]]},"properties":{"r":0,"k":"road"}},{"type":"Feature","geometry":{"type":"LineString","coordinates":[[17.091268,48.151725],[17.091736,48.15158]]},"properties":{"r":0,"k":"road"}},{"type":"Feature","geometry":{"type":"LineString","coordinates":[[17.106232,48.154313],[17.106206,48.154439]]},"properties":{"r":2,"k":"road"}},{"type":"Feature","geometry":{"type":"LineString","coordinates":[[17.110569,48.156058],[17.110566,48.156116]]},"properties":{"r":0,"k":"road"}},{"type":"Feature","geometry":{"type":"LineString","coordinates":[[17.104538,48.154199],[17.104585,48.154215],[17.104861,48.154316],[17.104928,48.15434],[17.105169,48.154426],[17.105377,48.154503],[17.105425,48.154525]]},"properties":{"r":0,"k":"road"}},{"type":"Feature","geometry":{"type":"LineString","coordinates":[[17.111846,48.141074],[17.112317,48.141343],[17.112429,48.141433],[17.112511,48.14151],[17.112575,48.141571]]},"properties":{"r":0,"k":"road"}},{"type":"Feature","geometry":{"type":"LineString","coordinates":[[17.10474,48.140583],[17.104709,48.141101],[17.104699,48.141174],[17.104687,48.141249],[17.10467,48.141327]]},"properties":{"r":2,"k":"road"}},{"type":"Feature","geometry":{"type":"LineString","coordinates":[[17.098866,48.145189],[17.098758,48.144923],[17.098655,48.144669],[17.098634,48.144604],[17.098619,48.144544],[17.098607,48.144481],[17.0986,48.144421],[17.098595,48.144355],[17.098596,48.144289],[17.098606,48.144162],[17.098664,48.143819]]},"properties":{"r":1,"k":"road"}},{"type":"Feature","geometry":{"type":"LineString","coordinates":[[17.10581,48.148767],[17.106735,48.148645],[17.10699,48.148609]]},"properties":{"r":1,"k":"road"}},{"type":"Feature","geometry":{"type":"LineString","coordinates":[[17.105425,48.154525],[17.105312,48.154638],[17.105175,48.154775],[17.105066,48.154884]]},"properties":{"r":0,"k":"road"}},{"type":"Feature","geometry":{"type":"LineString","coordinates":[[17.103848,48.155312],[17.103628,48.155372],[17.102725,48.155664],[17.10259,48.155705]]},"properties":{"r":0,"k":"road"}},{"type":"Feature","geometry":{"type":"LineString","coordinates":[[17.103486,48.15233],[17.103541,48.152178],[17.103549,48.152123],[17.103545,48.152074],[17.103529,48.152035],[17.103483,48.151959],[17.103418,48.151876]]},"properties":{"r":0,"k":"road"}},{"type":"Feature","geometry":{"type":"LineString","coordinates":[[17.102363,48.15073],[17.102361,48.150695],[17.102056,48.150425],[17.101451,48.149881]]},"properties":{"r":0,"k":"road"}},{"type":"Feature","geometry":{"type":"LineString","coordinates":[[17.103418,48.151876],[17.103215,48.151705],[17.103194,48.151697],[17.102948,48.151588],[17.102618,48.151209],[17.102387,48.150776],[17.102363,48.15073]]},"properties":{"r":0,"k":"road"}},{"type":"Feature","geometry":{"type":"LineString","coordinates":[[17.096607,48.149205],[17.096409,48.149362],[17.096398,48.149375],[17.096392,48.149387],[17.096388,48.149404],[17.09639,48.149415],[17.096395,48.149427],[17.096493,48.149595],[17.096514,48.149631]]},"properties":{"r":0,"k":"road"}},{"type":"Feature","geometry":{"type":"LineString","coordinates":[[17.098129,48.145275],[17.098312,48.145255],[17.098744,48.145209],[17.098866,48.145189]]},"properties":{"r":0,"k":"road"}},{"type":"Feature","geometry":{"type":"LineString","coordinates":[[17.097117,48.142523],[17.097159,48.142567],[17.097237,48.142599],[17.097704,48.142678]]},"properties":{"r":0,"k":"road"}},{"type":"Feature","geometry":{"type":"LineString","coordinates":[[17.093844,48.148938],[17.093781,48.148758],[17.093771,48.148722],[17.093765,48.148688],[17.093763,48.148669],[17.093761,48.148644],[17.093768,48.148586],[17.093785,48.148456],[17.093786,48.14842],[17.09378,48.148387],[17.093773,48.148355],[17.093761,48.148318],[17.093743,48.148277],[17.09372,48.148239],[17.093668,48.148164],[17.093629,48.148123],[17.093581,48.148083],[17.09353,48.14805],[17.09349,48.148026],[17.093464,48.148013],[17.093429,48.148002],[17.093398,48.147994],[17.09337,48.14799],[17.093298,48.147985]]},"properties":{"r":0,"k":"road"}},{"type":"Feature","geometry":{"type":"LineString","coordinates":[[17.091882,48.149808],[17.091808,48.1498],[17.090703,48.149687],[17.090584,48.149678],[17.090441,48.149681],[17.090344,48.149692]]},"properties":{"r":0,"k":"road"}},{"type":"Feature","geometry":{"type":"LineString","coordinates":[[17.102349,48.140284],[17.102264,48.140261]]},"properties":{"r":2,"k":"road"}},{"type":"Feature","geometry":{"type":"LineString","coordinates":[[17.101777,48.139794],[17.103476,48.139733]]},"properties":{"r":2,"k":"road"}},{"type":"Feature","geometry":{"type":"LineString","coordinates":[[17.102149,48.140229],[17.1016,48.140117],[17.101491,48.140093],[17.101334,48.140062],[17.101186,48.140034],[17.101108,48.140018],[17.100998,48.140006],[17.100889,48.139995],[17.100797,48.139995]]},"properties":{"r":2,"k":"road"}},{"type":"Feature","geometry":{"type":"LineString","coordinates":[[17.105744,48.154212],[17.106035,48.154251]]},"properties":{"r":0,"k":"road"}},{"type":"Feature","geometry":{"type":"LineString","coordinates":[[17.106286,48.153704],[17.10635,48.153484],[17.106494,48.15299],[17.106553,48.152787],[17.106566,48.152653],[17.106659,48.151758],[17.106666,48.15168],[17.106675,48.151588],[17.106703,48.151256],[17.106718,48.15104],[17.106752,48.150592],[17.106758,48.15047],[17.106767,48.1504],[17.106812,48.150011],[17.106841,48.149805]]},"properties":{"r":2,"k":"road"}},{"type":"Feature","geometry":{"type":"LineString","coordinates":[[17.113222,48.156568],[17.113109,48.156547],[17.112895,48.156506],[17.112506,48.156432],[17.112109,48.156355],[17.110938,48.156128],[17.110772,48.156096],[17.110569,48.156058],[17.110192,48.155985],[17.10982,48.155914]]},"properties":{"r":3,"k":"road"}},{"type":"Feature","geometry":{"type":"LineString","coordinates":[[17.096603,48.157772],[17.096109,48.157628],[17.096019,48.157602],[17.095999,48.157596],[17.095584,48.157448],[17.095452,48.157411],[17.095296,48.157367]]},"properties":{"r":0,"k":"road"}},{"type":"Feature","geometry":{"type":"LineString","coordinates":[[17.098753,48.140337],[17.098746,48.140128],[17.098744,48.140107],[17.098744,48.140057]]},"properties":{"r":0,"k":"road"}},{"type":"Feature","geometry":{"type":"LineString","coordinates":[[17.109551,48.151415],[17.10953,48.151356],[17.109453,48.151168],[17.109381,48.150978],[17.109229,48.150626],[17.109157,48.150458],[17.109073,48.150287],[17.10871,48.149574],[17.108604,48.149383]]},"properties":{"r":0,"k":"road"}},{"type":"Feature","geometry":{"type":"LineString","coordinates":[[17.108105,48.154347],[17.109263,48.154155],[17.109779,48.154063],[17.109854,48.154049]]},"properties":{"r":0,"k":"road"}},{"type":"Feature","geometry":{"type":"LineString","coordinates":[[17.103608,48.145695],[17.103589,48.145668],[17.103133,48.144978]]},"properties":{"r":0,"k":"road"}},{"type":"Feature","geometry":{"type":"LineString","coordinates":[[17.086736,48.151126],[17.086729,48.151078],[17.086728,48.151043],[17.086639,48.150993]]},"properties":{"r":0,"k":"road"}},{"type":"Feature","geometry":{"type":"LineString","coordinates":[[17.089402,48.148583],[17.089247,48.148508],[17.088913,48.148356]]},"properties":{"r":0,"k":"road"}},{"type":"Feature","geometry":{"type":"LineString","coordinates":[[17.088913,48.148356],[17.089209,48.148378],[17.089291,48.148375]]},"properties":{"r":0,"k":"road"}},{"type":"Feature","geometry":{"type":"LineString","coordinates":[[17.088913,48.148356],[17.088034,48.148287],[17.087738,48.148302],[17.087387,48.148389]]},"properties":{"r":0,"k":"road"}},{"type":"Feature","geometry":{"type":"LineString","coordinates":[[17.091808,48.1498],[17.091661,48.149217]]},"properties":{"r":0,"k":"road"}},{"type":"Feature","geometry":{"type":"LineString","coordinates":[[17.097674,48.152796],[17.09767,48.152844],[17.097665,48.152938],[17.097646,48.153111],[17.097516,48.153354],[17.097232,48.153735],[17.096928,48.154143],[17.096907,48.154171],[17.096679,48.154432],[17.096436,48.154658],[17.096139,48.154942],[17.096098,48.154988],[17.095923,48.155178],[17.095726,48.155392],[17.095546,48.155656],[17.095529,48.155682],[17.095326,48.156094],[17.095034,48.156548]]},"properties":{"r":0,"k":"road"}},{"type":"Feature","geometry":{"type":"LineString","coordinates":[[17.097549,48.152011],[17.097616,48.152576],[17.097629,48.152647],[17.097645,48.152729],[17.097674,48.152796]]},"properties":{"r":0,"k":"road"}},{"type":"Feature","geometry":{"type":"LineString","coordinates":[[17.106943,48.146267],[17.106978,48.146248],[17.107004,48.146246],[17.107029,48.14625],[17.107059,48.146267]]},"properties":{"r":1,"k":"road"}},{"type":"Feature","geometry":{"type":"LineString","coordinates":[[17.109357,48.149108],[17.109109,48.149028],[17.108958,48.148936]]},"properties":{"r":2,"k":"road"}},{"type":"Feature","geometry":{"type":"LineString","coordinates":[[17.108585,48.146776],[17.108076,48.147097],[17.107674,48.147258],[17.10746,48.147338],[17.107311,48.147394]]},"properties":{"r":0,"k":"road"}},{"type":"Feature","geometry":{"type":"LineString","coordinates":[[17.11224,48.150224],[17.111852,48.15052],[17.111704,48.150606]]},"properties":{"r":1,"k":"road"}},{"type":"Feature","geometry":{"type":"LineString","coordinates":[[17.104314,48.142165],[17.10418,48.142739],[17.104089,48.143158]]},"properties":{"r":2,"k":"road"}},{"type":"Feature","geometry":{"type":"LineString","coordinates":[[17.093395,48.140804],[17.093445,48.140859],[17.093459,48.140896],[17.093435,48.140931],[17.093395,48.140949],[17.093335,48.140954],[17.093257,48.140979],[17.0932,48.141009],[17.092706,48.141272],[17.092566,48.141346],[17.092439,48.141413]]},"properties":{"r":0,"k":"road"}},{"type":"Feature","geometry":{"type":"LineString","coordinates":[[17.103893,48.145174],[17.103906,48.145236],[17.103922,48.145296],[17.10395,48.145385],[17.103985,48.145478],[17.104045,48.145588],[17.10408,48.145646],[17.104112,48.145696]]},"properties":{"r":2,"k":"road"}},{"type":"Feature","geometry":{"type":"LineString","coordinates":[[17.109357,48.149108],[17.108222,48.148343],[17.107574,48.147955]]},"properties":{"r":2,"k":"road"}},{"type":"Feature","geometry":{"type":"LineString","coordinates":[[17.085437,48.153492],[17.085574,48.15351]]},"properties":{"r":0,"k":"road"}},{"type":"Feature","geometry":{"type":"LineString","coordinates":[[17.085791,48.153934],[17.085791,48.154042],[17.085262,48.154243]]},"properties":{"r":0,"k":"road"}},{"type":"Feature","geometry":{"type":"LineString","coordinates":[[17.092706,48.141272],[17.092954,48.141479]]},"properties":{"r":0,"k":"road"}},{"type":"Feature","geometry":{"type":"LineString","coordinates":[[17.089968,48.153432],[17.089936,48.153469],[17.08959,48.153866],[17.089251,48.154015],[17.088939,48.154195],[17.088845,48.154267],[17.088678,48.154485]]},"properties":{"r":0,"k":"road"}},{"type":"Feature","geometry":{"type":"LineString","coordinates":[[17.104982,48.15904],[17.105002,48.158991],[17.105021,48.158939],[17.105036,48.158891],[17.105053,48.158816],[17.105083,48.158715],[17.105114,48.158631],[17.105148,48.158549],[17.105871,48.156977],[17.106228,48.156194],[17.106325,48.156007],[17.106429,48.155826]]},"properties":{"r":1,"k":"rail"}},{"type":"Feature","geometry":{"type":"LineString","coordinates":[[17.104839,48.159353],[17.104854,48.159316],[17.104865,48.159286],[17.104879,48.159243],[17.104898,48.159181],[17.104916,48.159109],[17.104992,48.158834],[17.105018,48.158726],[17.105036,48.158659],[17.105058,48.158596],[17.105091,48.158516],[17.105798,48.156975]]},"properties":{"r":1,"k":"rail"}},{"type":"Feature","geometry":{"type":"LineString","coordinates":[[17.098071,48.148932],[17.097966,48.148883]]},"properties":{"r":0,"k":"road"}},{"type":"Feature","geometry":{"type":"LineString","coordinates":[[17.106513,48.157871],[17.106501,48.157903],[17.106483,48.157933],[17.10646,48.157956],[17.106411,48.157985],[17.106355,48.158006],[17.106326,48.158013],[17.106274,48.158019],[17.106221,48.158018],[17.106173,48.158012],[17.106131,48.158005],[17.106079,48.15799]]},"properties":{"r":1,"k":"road"}},{"type":"Feature","geometry":{"type":"LineString","coordinates":[[17.106172,48.157301],[17.1062,48.157263],[17.106236,48.157226]]},"properties":{"r":1,"k":"road"}},{"type":"Feature","geometry":{"type":"LineString","coordinates":[[17.106155,48.157623],[17.106313,48.157348]]},"properties":{"r":0,"k":"road"}},{"type":"Feature","geometry":{"type":"LineString","coordinates":[[17.106313,48.157348],[17.106336,48.157309],[17.106424,48.157157],[17.106568,48.156879]]},"properties":{"r":0,"k":"road"}},{"type":"Feature","geometry":{"type":"LineString","coordinates":[[17.087179,48.150964],[17.087027,48.150975],[17.086903,48.150981],[17.086639,48.150993],[17.086449,48.151002],[17.086403,48.151004],[17.086246,48.151011],[17.085846,48.151031],[17.085813,48.151033],[17.085738,48.151036],[17.085629,48.151035],[17.085508,48.151025],[17.085418,48.151013],[17.0853,48.150988],[17.085184,48.150963],[17.085079,48.150936],[17.084923,48.150885],[17.084475,48.150739]]},"properties":{"r":0,"k":"road"}},{"type":"Feature","geometry":{"type":"LineString","coordinates":[[17.101678,48.139936],[17.100797,48.139995]]},"properties":{"r":2,"k":"road"}},{"type":"Feature","geometry":{"type":"LineString","coordinates":[[17.106566,48.139865],[17.106205,48.139864]]},"properties":{"r":2,"k":"road"}},{"type":"Feature","geometry":{"type":"LineString","coordinates":[[17.101678,48.139936],[17.101758,48.139968],[17.101903,48.140034],[17.102071,48.140106],[17.102319,48.140187],[17.102494,48.14023],[17.102707,48.140271]]},"properties":{"r":2,"k":"road"}},{"type":"Feature","geometry":{"type":"LineString","coordinates":[[17.101678,48.139936],[17.101684,48.139887],[17.101698,48.13986],[17.101734,48.139827],[17.101777,48.139794]]},"properties":{"r":2,"k":"road"}},{"type":"Feature","geometry":{"type":"LineString","coordinates":[[17.112086,48.140308],[17.112066,48.140363],[17.111862,48.140974],[17.111846,48.141074]]},"properties":{"r":0,"k":"road"}},{"type":"Feature","geometry":{"type":"LineString","coordinates":[[17.112086,48.140308],[17.110495,48.140045],[17.11039,48.140029],[17.110326,48.14002],[17.110089,48.139992]]},"properties":{"r":2,"k":"road"}},{"type":"Feature","geometry":{"type":"LineString","coordinates":[[17.111379,48.142589],[17.11143,48.142612],[17.111964,48.142846],[17.112389,48.143033]]},"properties":{"r":0,"k":"road"}},{"type":"Feature","geometry":{"type":"LineString","coordinates":[[17.083861,48.157456],[17.083928,48.157468],[17.084055,48.15747],[17.084137,48.157462],[17.08435,48.157442],[17.084466,48.157441],[17.084548,48.157455],[17.084649,48.157486],[17.084927,48.157635],[17.085014,48.157667],[17.085083,48.157681],[17.085172,48.157688],[17.08522,48.157693],[17.085264,48.157704],[17.085279,48.157716],[17.085299,48.157741],[17.085307,48.15776],[17.085321,48.157873],[17.085334,48.157907],[17.085355,48.157932],[17.085386,48.157954],[17.085632,48.15802],[17.085667,48.158032],[17.085693,48.158045],[17.085708,48.158062],[17.085716,48.158081],[17.085714,48.158102],[17.085706,48.158123],[17.085608,48.158291]]},"properties":{"r":0,"k":"road"}},{"type":"Feature","geometry":{"type":"LineString","coordinates":[[17.086879,48.157365],[17.086993,48.157309],[17.087193,48.157275],[17.087367,48.157226],[17.087558,48.157119],[17.087732,48.156932],[17.087838,48.156889],[17.08797,48.156886],[17.088041,48.156884]]},"properties":{"r":0,"k":"road"}},{"type":"Feature","geometry":{"type":"LineString","coordinates":[[17.091726,48.152747],[17.091615,48.152885],[17.091553,48.15294],[17.091492,48.152988]]},"properties":{"r":1,"k":"road"}},{"type":"Feature","geometry":{"type":"LineString","coordinates":[[17.091821,48.146607],[17.091468,48.146213],[17.091433,48.146171]]},"properties":{"r":0,"k":"road"}},{"type":"Feature","geometry":{"type":"LineString","coordinates":[[17.091821,48.146607],[17.09186,48.146652],[17.091873,48.146667],[17.09188,48.146677],[17.091886,48.14669],[17.091895,48.146713],[17.091899,48.146734],[17.091904,48.146757],[17.091905,48.146779],[17.091903,48.146799],[17.091899,48.146814],[17.091891,48.146835],[17.09188,48.146858],[17.091873,48.146869],[17.091865,48.14688],[17.091848,48.146898],[17.091829,48.146917],[17.091806,48.146936],[17.091787,48.146951],[17.091766,48.146966],[17.091745,48.146979],[17.091357,48.147192],[17.090994,48.147386],[17.090842,48.147454]]},"properties":{"r":0,"k":"road"}},{"type":"Feature","geometry":{"type":"LineString","coordinates":[[17.090842,48.147454],[17.090954,48.147363],[17.091336,48.14715],[17.09168,48.146958],[17.091729,48.146927],[17.091756,48.146907],[17.091779,48.146886],[17.091799,48.146863],[17.091814,48.146842],[17.09183,48.146818],[17.091836,48.146802],[17.09184,48.146786],[17.091843,48.146765],[17.091841,48.14674],[17.091831,48.146698],[17.091819,48.146665],[17.091821,48.146607]]},"properties":{"r":0,"k":"road"}},{"type":"Feature","geometry":{"type":"LineString","coordinates":[[17.093105,48.148801],[17.093255,48.148561],[17.093327,48.148296],[17.093298,48.147985]]},"properties":{"r":0,"k":"road"}},{"type":"Feature","geometry":{"type":"LineString","coordinates":[[17.093298,48.147985],[17.092497,48.148022]]},"properties":{"r":0,"k":"road"}},{"type":"Feature","geometry":{"type":"LineString","coordinates":[[17.097193,48.149505],[17.097966,48.148883]]},"properties":{"r":0,"k":"road"}},{"type":"Feature","geometry":{"type":"LineString","coordinates":[[17.097193,48.149505],[17.096949,48.149735],[17.096578,48.150019],[17.096308,48.150255],[17.096186,48.150368],[17.095997,48.150632],[17.095979,48.150653],[17.095968,48.150664],[17.095954,48.150674],[17.095942,48.150682],[17.095929,48.150688],[17.095905,48.150697],[17.095829,48.150726],[17.095518,48.150825],[17.094905,48.151031],[17.094603,48.151199],[17.093811,48.15175],[17.093759,48.151776],[17.093709,48.151798],[17.093654,48.151818],[17.093605,48.151834],[17.093518,48.151853],[17.093301,48.15189]]},"properties":{"r":0,"k":"road"}},{"type":"Feature","geometry":{"type":"LineString","coordinates":[[17.092069,48.152599],[17.092676,48.15253],[17.093301,48.152464],[17.093387,48.15245],[17.093452,48.152437],[17.093535,48.152417],[17.09431,48.152189],[17.09439,48.152162],[17.094447,48.152149],[17.094504,48.15214],[17.09459,48.152135],[17.094639,48.152136],[17.094694,48.152141],[17.094729,48.152146],[17.094752,48.15215],[17.094783,48.152157],[17.094811,48.152164],[17.094841,48.152173],[17.09487,48.152184],[17.094937,48.152214],[17.09528,48.152383],[17.095328,48.152405],[17.095386,48.152431],[17.095443,48.152453],[17.09551,48.152474],[17.095577,48.152492],[17.095629,48.152504],[17.095693,48.152517],[17.095771,48.15253],[17.09591,48.152552],[17.096078,48.152572],[17.096313,48.152589]]},"properties":{"r":0,"k":"road"}},{"type":"Feature","geometry":{"type":"LineString","coordinates":[[17.096313,48.152589],[17.096699,48.152621],[17.097279,48.152673]]},"properties":{"r":0,"k":"road"}},{"type":"Feature","geometry":{"type":"LineString","coordinates":[[17.085165,48.149936],[17.084863,48.150287],[17.084774,48.150391],[17.084475,48.150739]]},"properties":{"r":0,"k":"road"}},{"type":"Feature","geometry":{"type":"LineString","coordinates":[[17.089924,48.149952],[17.089938,48.149978],[17.089956,48.150002],[17.089962,48.150023],[17.089933,48.150088],[17.089678,48.150491],[17.089586,48.150634],[17.089519,48.15072],[17.089489,48.150755],[17.08946,48.150785],[17.089297,48.150984],[17.089234,48.151063],[17.089198,48.151112],[17.089018,48.151372]]},"properties":{"r":0,"k":"road"}},{"type":"Feature","geometry":{"type":"LineString","coordinates":[[17.090266,48.149555],[17.090304,48.14961],[17.090318,48.149635],[17.090331,48.149662],[17.090344,48.149692],[17.090384,48.149793]]},"properties":{"r":1,"k":"road"}},{"type":"Feature","geometry":{"type":"LineString","coordinates":[[17.089843,48.149062],[17.090062,48.149301],[17.090214,48.149484],[17.090241,48.14952],[17.090266,48.149555]]},"properties":{"r":1,"k":"road"}},{"type":"Feature","geometry":{"type":"LineString","coordinates":[[17.087798,48.153592],[17.087851,48.153588],[17.087987,48.153582],[17.08842,48.153561],[17.089113,48.153525],[17.089146,48.153523],[17.089454,48.153503],[17.089671,48.15348],[17.089968,48.153432],[17.090337,48.153357],[17.090513,48.153312],[17.090643,48.153276],[17.09092,48.153173],[17.09119,48.15304]]},"properties":{"r":0,"k":"road"}},{"type":"Feature","geometry":{"type":"LineString","coordinates":[[17.090314,48.15227],[17.08966,48.152766]]},"properties":{"r":0,"k":"road"}},{"type":"Feature","geometry":{"type":"LineString","coordinates":[[17.08966,48.152766],[17.089558,48.152819],[17.089466,48.152866],[17.089234,48.153106],[17.089233,48.153178],[17.08917,48.15343],[17.089146,48.153523]]},"properties":{"r":0,"k":"road"}},{"type":"Feature","geometry":{"type":"LineString","coordinates":[[17.106812,48.150011],[17.106753,48.150009],[17.106194,48.150005],[17.106143,48.150005],[17.105263,48.150323],[17.104672,48.150539],[17.10462,48.150557]]},"properties":{"r":0,"k":"road"}},{"type":"Feature","geometry":{"type":"LineString","coordinates":[[17.098363,48.148701],[17.098455,48.148662]]},"properties":{"r":0,"k":"road"}},{"type":"Feature","geometry":{"type":"LineString","coordinates":[[17.098455,48.148662],[17.098323,48.148956],[17.098335,48.149036]]},"properties":{"r":0,"k":"road"}},{"type":"Feature","geometry":{"type":"LineString","coordinates":[[17.106079,48.15799],[17.106041,48.157967],[17.106018,48.157947],[17.105987,48.157907]]},"properties":{"r":1,"k":"road"}},{"type":"Feature","geometry":{"type":"LineString","coordinates":[[17.108141,48.148109],[17.108424,48.14829],[17.109134,48.148768]]},"properties":{"r":2,"k":"road"}},{"type":"Feature","geometry":{"type":"LineString","coordinates":[[17.108422,48.148603],[17.108158,48.148438],[17.107594,48.148065]]},"properties":{"r":2,"k":"road"}},{"type":"Feature","geometry":{"type":"LineString","coordinates":[[17.099218,48.157879],[17.099206,48.157952]]},"properties":{"r":0,"k":"road"}},{"type":"Feature","geometry":{"type":"LineString","coordinates":[[17.107488,48.145777],[17.107547,48.145761],[17.107584,48.145752],[17.107624,48.145745],[17.107725,48.145735],[17.108128,48.145692]]},"properties":{"r":0,"k":"road"}},{"type":"Feature","geometry":{"type":"LineString","coordinates":[[17.107314,48.145915],[17.107281,48.145933],[17.107261,48.145943],[17.107216,48.145973],[17.107149,48.146037],[17.107108,48.146087],[17.107078,48.146165]]},"properties":{"r":0,"k":"road"}},{"type":"Feature","geometry":{"type":"LineString","coordinates":[[17.10333,48.14457],[17.10331,48.144611],[17.103212,48.144612]]},"properties":{"r":0,"k":"road"}},{"type":"Feature","geometry":{"type":"LineString","coordinates":[[17.093482,48.14058],[17.093692,48.140511],[17.094069,48.140428]]},"properties":{"r":2,"k":"road"}},{"type":"Feature","geometry":{"type":"LineString","coordinates":[[17.094069,48.140428],[17.095366,48.140174]]},"properties":{"r":2,"k":"road"}},{"type":"Feature","geometry":{"type":"LineString","coordinates":[[17.105928,48.139713],[17.106298,48.139722]]},"properties":{"r":2,"k":"road"}},{"type":"Feature","geometry":{"type":"LineString","coordinates":[[17.104617,48.139851],[17.104443,48.139851],[17.104303,48.139851]]},"properties":{"r":2,"k":"road"}},{"type":"Feature","geometry":{"type":"LineString","coordinates":[[17.106601,48.139736],[17.106876,48.139751],[17.10785,48.139794],[17.108538,48.139824]]},"properties":{"r":2,"k":"road"}},{"type":"Feature","geometry":{"type":"LineString","coordinates":[[17.102707,48.140271],[17.103659,48.140536]]},"properties":{"r":2,"k":"road"}},{"type":"Feature","geometry":{"type":"LineString","coordinates":[[17.112389,48.143033],[17.112967,48.143287]]},"properties":{"r":0,"k":"road"}},{"type":"Feature","geometry":{"type":"LineString","coordinates":[[17.103476,48.139733],[17.104026,48.139715]]},"properties":{"r":2,"k":"road"}},{"type":"Feature","geometry":{"type":"LineString","coordinates":[[17.109448,48.139855],[17.109498,48.139857],[17.109749,48.139868],[17.110003,48.139884]]},"properties":{"r":2,"k":"road"}},{"type":"Feature","geometry":{"type":"LineString","coordinates":[[17.108538,48.139824],[17.109448,48.139855]]},"properties":{"r":2,"k":"road"}},{"type":"Feature","geometry":{"type":"LineString","coordinates":[[17.109448,48.139855],[17.109509,48.139876],[17.109551,48.1399],[17.109572,48.139928],[17.109589,48.13996]]},"properties":{"r":0,"k":"road"}},{"type":"Feature","geometry":{"type":"LineString","coordinates":[[17.103078,48.150315],[17.103683,48.149941],[17.103923,48.149793],[17.103978,48.149764]]},"properties":{"r":0,"k":"road"}},{"type":"Feature","geometry":{"type":"LineString","coordinates":[[17.101875,48.147245],[17.10184,48.147265],[17.101289,48.147574],[17.100725,48.147885],[17.100651,48.14793]]},"properties":{"r":0,"k":"road"}},{"type":"Feature","geometry":{"type":"LineString","coordinates":[[17.099176,48.145895],[17.099121,48.145779],[17.09907,48.145655],[17.099043,48.145591],[17.098928,48.145328],[17.098866,48.145189]]},"properties":{"r":1,"k":"road"}},{"type":"Feature","geometry":{"type":"LineString","coordinates":[[17.108289,48.141286],[17.108258,48.141263],[17.108187,48.141221],[17.108079,48.141158],[17.107609,48.140878],[17.107589,48.140865],[17.107539,48.140822]]},"properties":{"r":0,"k":"road"}},{"type":"Feature","geometry":{"type":"LineString","coordinates":[[17.101246,48.146187],[17.099545,48.146515],[17.09946,48.146535]]},"properties":{"r":0,"k":"road"}},{"type":"Feature","geometry":{"type":"LineString","coordinates":[[17.109442,48.141652],[17.109442,48.141694]]},"properties":{"r":0,"k":"road"}},{"type":"Feature","geometry":{"type":"LineString","coordinates":[[17.094127,48.160031],[17.094224,48.159969],[17.094308,48.159913],[17.094434,48.159838],[17.09445,48.159829],[17.094525,48.159787],[17.094579,48.159757],[17.095162,48.159436],[17.097091,48.158175],[17.097523,48.157878],[17.097627,48.157807]]},"properties":{"r":0,"k":"road"}},{"type":"Feature","geometry":{"type":"LineString","coordinates":[[17.107834,48.155533],[17.107709,48.155521],[17.107651,48.155515]]},"properties":{"r":3,"k":"road"}},{"type":"Feature","geometry":{"type":"LineString","coordinates":[[17.107566,48.15533],[17.107754,48.155273],[17.108144,48.155161],[17.108652,48.155019],[17.108682,48.15501],[17.109021,48.154916],[17.109413,48.154805],[17.109452,48.154794],[17.109798,48.154696],[17.109907,48.154665],[17.110111,48.154554]]},"properties":{"r":0,"k":"road"}},{"type":"Feature","geometry":{"type":"LineString","coordinates":[[17.111401,48.154499],[17.111489,48.154591],[17.111551,48.154657],[17.111658,48.154769],[17.11182,48.154942],[17.112121,48.155281],[17.112153,48.155315],[17.112503,48.155701],[17.112688,48.155905],[17.112885,48.156123],[17.113131,48.156404],[17.113165,48.156447],[17.113192,48.156495]]},"properties":{"r":0,"k":"road"}},{"type":"Feature","geometry":{"type":"LineString","coordinates":[[17.103708,48.155923],[17.103766,48.155931],[17.103861,48.155984],[17.103891,48.156044],[17.103887,48.156201],[17.103872,48.156281],[17.103858,48.156354],[17.103807,48.156651],[17.103729,48.156988],[17.103786,48.157004],[17.103868,48.157067],[17.103927,48.157208],[17.103938,48.157318],[17.104013,48.157438],[17.104025,48.157467],[17.104038,48.157564]]},"properties":{"r":0,"k":"road"}},{"type":"Feature","geometry":{"type":"LineString","coordinates":[[17.107311,48.147394],[17.107219,48.147437]]},"properties":{"r":0,"k":"road"}},{"type":"Feature","geometry":{"type":"LineString","coordinates":[[17.108587,48.149292],[17.108601,48.149252],[17.108628,48.149218],[17.108876,48.149003],[17.10892,48.148966],[17.108958,48.148936]]},"properties":{"r":0,"k":"road"}},{"type":"Feature","geometry":{"type":"LineString","coordinates":[[17.107255,48.145868],[17.107312,48.145839],[17.107346,48.145822],[17.107488,48.145777]]},"properties":{"r":0,"k":"road"}},{"type":"Feature","geometry":{"type":"LineString","coordinates":[[17.107272,48.14783],[17.107213,48.147781]]},"properties":{"r":2,"k":"road"}},{"type":"Feature","geometry":{"type":"LineString","coordinates":[[17.111324,48.157321],[17.111374,48.157376],[17.111516,48.15753],[17.111594,48.157657],[17.111751,48.157909],[17.111793,48.157979],[17.111887,48.158135],[17.111952,48.158246]]},"properties":{"r":0,"k":"road"}},{"type":"Feature","geometry":{"type":"LineString","coordinates":[[17.107989,48.155689],[17.10804,48.155568]]},"properties":{"r":0,"k":"road"}},{"type":"Feature","geometry":{"type":"LineString","coordinates":[[17.105068,48.152979],[17.104838,48.153667],[17.104732,48.153909],[17.104538,48.154199],[17.104528,48.154215],[17.104404,48.154396],[17.10388,48.155134],[17.103844,48.155224],[17.103848,48.155312]]},"properties":{"r":0,"k":"road"}},{"type":"Feature","geometry":{"type":"LineString","coordinates":[[17.102039,48.152367],[17.102043,48.152281],[17.102061,48.152174],[17.102061,48.152126],[17.102053,48.152065],[17.102036,48.151999],[17.102007,48.151923],[17.101975,48.151857],[17.101941,48.151801],[17.101869,48.151695],[17.101807,48.151611],[17.101674,48.151443],[17.101618,48.151384],[17.101569,48.151338],[17.101514,48.151291],[17.101488,48.151274],[17.101465,48.151261],[17.101357,48.151207],[17.101269,48.151164],[17.101177,48.15112],[17.101095,48.151088],[17.100932,48.151027],[17.100783,48.150981],[17.10049,48.150892],[17.1003,48.150944],[17.100215,48.150972],[17.100129,48.151005],[17.100099,48.151022],[17.099455,48.151383],[17.09941,48.151399],[17.099348,48.15141],[17.099248,48.151416],[17.099192,48.151411],[17.099147,48.151403],[17.099098,48.151394],[17.099052,48.151383],[17.098922,48.151341],[17.098796,48.151288],[17.098756,48.151271],[17.098718,48.151251],[17.098649,48.15121],[17.098628,48.151191],[17.098609,48.151167],[17.098598,48.151142],[17.098594,48.151106]]},"properties":{"r":0,"k":"road"}},{"type":"Feature","geometry":{"type":"LineString","coordinates":[[17.101885,48.154157],[17.101665,48.154171],[17.101567,48.154182],[17.101497,48.15419]]},"properties":{"r":0,"k":"road"}},{"type":"Feature","geometry":{"type":"LineString","coordinates":[[17.099722,48.15218],[17.099268,48.15248],[17.09856,48.153003],[17.098492,48.153053]]},"properties":{"r":0,"k":"road"}},{"type":"Feature","geometry":{"type":"LineString","coordinates":[[17.087387,48.148389],[17.086287,48.148694],[17.085955,48.14876]]},"properties":{"r":0,"k":"road"}},{"type":"Feature","geometry":{"type":"LineString","coordinates":[[17.093656,48.1453],[17.092713,48.14567],[17.092432,48.145778],[17.092364,48.145803],[17.092123,48.145897],[17.092096,48.145908],[17.091926,48.145977],[17.091616,48.146098],[17.091433,48.146171],[17.091413,48.146179],[17.090895,48.146394],[17.090432,48.146611],[17.090219,48.146711],[17.08989,48.14688],[17.089604,48.147076],[17.089393,48.147248],[17.089341,48.147301],[17.089288,48.147362],[17.089258,48.147399],[17.089234,48.147434],[17.089187,48.147523],[17.089168,48.147568],[17.089158,48.147605],[17.089151,48.147633],[17.089148,48.147662],[17.089149,48.147691],[17.089151,48.147717],[17.089175,48.147877],[17.089235,48.148175],[17.089265,48.148289],[17.089276,48.148331],[17.089283,48.148353],[17.089291,48.148375],[17.08931,48.148426],[17.089324,48.148452],[17.089336,48.148476],[17.089349,48.148499],[17.089363,48.148522],[17.089381,48.148552],[17.089402,48.148583],[17.08942,48.148608],[17.089843,48.149062]]},"properties":{"r":1,"k":"road"}},{"type":"Feature","geometry":{"type":"LineString","coordinates":[[17.088108,48.145469],[17.087375,48.145972],[17.087205,48.146108],[17.087037,48.146263],[17.086887,48.146429],[17.086736,48.146599],[17.086619,48.146778],[17.086558,48.146895],[17.08651,48.147021],[17.086502,48.147139],[17.086506,48.14725],[17.086546,48.147416],[17.086577,48.147511],[17.086635,48.147605],[17.086716,48.147717],[17.086819,48.147832],[17.086852,48.147864],[17.087353,48.148358],[17.087387,48.148389]]},"properties":{"r":0,"k":"road"}},{"type":"Feature","geometry":{"type":"LineString","coordinates":[[17.104269,48.150685],[17.104571,48.150575],[17.10462,48.150557]]},"properties":{"r":0,"k":"road"}},{"type":"Feature","geometry":{"type":"LineString","coordinates":[[17.106098,48.146413],[17.106086,48.146464],[17.106031,48.146521],[17.105757,48.14674],[17.105686,48.146793]]},"properties":{"r":0,"k":"road"}},{"type":"Feature","geometry":{"type":"LineString","coordinates":[[17.109765,48.153808],[17.109854,48.154049],[17.110042,48.15454],[17.110111,48.154554]]},"properties":{"r":0,"k":"road"}},{"type":"Feature","geometry":{"type":"LineString","coordinates":[[17.103978,48.149764],[17.104006,48.149799],[17.10424,48.15011],[17.104301,48.150185],[17.104441,48.150361],[17.104588,48.150522],[17.10462,48.150557],[17.104714,48.150681],[17.104958,48.150982],[17.104951,48.151078]]},"properties":{"r":0,"k":"road"}},{"type":"Feature","geometry":{"type":"LineString","coordinates":[[17.098668,48.14309],[17.098663,48.143046],[17.098657,48.143],[17.098647,48.142954],[17.098626,48.142887],[17.098613,48.142848],[17.098589,48.14279],[17.098544,48.142614],[17.098528,48.14257],[17.098511,48.142529],[17.098489,48.142489],[17.098453,48.142445],[17.098405,48.142405],[17.098354,48.142378],[17.098182,48.142331]]},"properties":{"r":1,"k":"road"}},{"type":"Feature","geometry":{"type":"LineString","coordinates":[[17.103978,48.149764],[17.10402,48.149734],[17.104089,48.149679],[17.104188,48.149666],[17.104869,48.149578],[17.10599,48.149444],[17.106811,48.14934],[17.106912,48.149332]]},"properties":{"r":0,"k":"road"}},{"type":"Feature","geometry":{"type":"LineString","coordinates":[[17.098941,48.143804],[17.098974,48.143908],[17.099061,48.14418],[17.09911,48.144305],[17.099147,48.144354],[17.099171,48.144387],[17.099223,48.144449],[17.09931,48.144528],[17.099461,48.144614],[17.099584,48.144667],[17.099892,48.144767],[17.099987,48.14479],[17.100264,48.144857],[17.100337,48.144869],[17.100541,48.1449],[17.100667,48.144906],[17.100855,48.144914],[17.101223,48.144832],[17.101399,48.144787],[17.10172,48.144712],[17.10178,48.144698],[17.101806,48.144692],[17.102238,48.144641],[17.102315,48.144634],[17.102534,48.144613],[17.102663,48.144601],[17.102743,48.144595],[17.102853,48.144597]]},"properties":{"r":0,"k":"road"}},{"type":"Feature","geometry":{"type":"LineString","coordinates":[[17.09153,48.150691],[17.091596,48.150742],[17.091624,48.150767],[17.091645,48.150794],[17.09167,48.150824]]},"properties":{"r":1,"k":"road"}},{"type":"Feature","geometry":{"type":"LineString","coordinates":[[17.099223,48.140047],[17.099226,48.14008],[17.099227,48.1401],[17.099239,48.140295],[17.098906,48.140326],[17.098753,48.140337],[17.098142,48.140391],[17.098011,48.140404],[17.097508,48.140459],[17.097,48.14053]]},"properties":{"r":0,"k":"road"}},{"type":"Feature","geometry":{"type":"LineString","coordinates":[[17.08967,48.142043],[17.087431,48.142474],[17.086957,48.142585]]},"properties":{"r":2,"k":"road"}},{"type":"Feature","geometry":{"type":"LineString","coordinates":[[17.106566,48.139865],[17.106639,48.139814],[17.106694,48.139789],[17.106754,48.139767],[17.106802,48.139758],[17.106876,48.139751]]},"properties":{"r":0,"k":"road"}},{"type":"Feature","geometry":{"type":"LineString","coordinates":[[17.109751,48.140046],[17.109704,48.140082],[17.109674,48.140135],[17.109652,48.140184]]},"properties":{"r":0,"k":"road"}},{"type":"Feature","geometry":{"type":"LineString","coordinates":[[17.110566,48.156116],[17.110559,48.156163],[17.110558,48.156179],[17.110558,48.156191],[17.110564,48.156219],[17.110617,48.156502],[17.110834,48.15677]]},"properties":{"r":0,"k":"road"}},{"type":"Feature","geometry":{"type":"LineString","coordinates":[[17.107032,48.146447],[17.10705,48.146677],[17.107056,48.146745],[17.107077,48.147027]]},"properties":{"r":1,"k":"road"}},{"type":"Feature","geometry":{"type":"LineString","coordinates":[[17.106928,48.146448],[17.10693,48.146333],[17.106943,48.146267]]},"properties":{"r":1,"k":"road"}},{"type":"Feature","geometry":{"type":"LineString","coordinates":[[17.107099,48.147323],[17.107037,48.147388],[17.106968,48.14745]]},"properties":{"r":2,"k":"road"}},{"type":"Feature","geometry":{"type":"LineString","coordinates":[[17.111191,48.156106],[17.111296,48.156132],[17.111401,48.156154],[17.111621,48.156196],[17.112294,48.156325],[17.112919,48.156445],[17.113113,48.156481],[17.113192,48.156495]]},"properties":{"r":3,"k":"road"}},{"type":"Feature","geometry":{"type":"LineString","coordinates":[[17.086341,48.142709],[17.086308,48.142639],[17.086296,48.142614],[17.086271,48.142555]]},"properties":{"r":0,"k":"road"}},{"type":"Feature","geometry":{"type":"LineString","coordinates":[[17.094069,48.140428],[17.0941,48.140501],[17.094112,48.140528],[17.094141,48.14059]]},"properties":{"r":0,"k":"road"}},{"type":"Feature","geometry":{"type":"LineString","coordinates":[[17.10379,48.144327],[17.103815,48.144099],[17.103859,48.143823],[17.103937,48.143417],[17.103989,48.143153],[17.10408,48.142733]]},"properties":{"r":2,"k":"road"}},{"type":"Feature","geometry":{"type":"LineString","coordinates":[[17.103868,48.144497],[17.103859,48.144678],[17.103865,48.144813],[17.103867,48.144857],[17.10387,48.144942],[17.103874,48.145015],[17.103881,48.145088],[17.103893,48.145174]]},"properties":{"r":2,"k":"road"}},{"type":"Feature","geometry":{"type":"LineString","coordinates":[[17.102412,48.157342],[17.102407,48.157361],[17.102411,48.15738],[17.102544,48.157633],[17.102571,48.157693],[17.102669,48.157897],[17.102679,48.157931],[17.102681,48.157963],[17.102679,48.157995],[17.102671,48.158032],[17.102635,48.158101],[17.102634,48.158135],[17.102633,48.158763]]},"properties":{"r":0,"k":"road"}},{"type":"Feature","geometry":{"type":"LineString","coordinates":[[17.106915,48.147497],[17.106975,48.14758]]},"properties":{"r":2,"k":"road"}},{"type":"Feature","geometry":{"type":"LineString","coordinates":[[17.106915,48.147497],[17.106882,48.147509],[17.106827,48.147528],[17.106761,48.147535],[17.106719,48.147539],[17.106628,48.14753],[17.106572,48.147523]]},"properties":{"r":2,"k":"road"}},{"type":"Feature","geometry":{"type":"LineString","coordinates":[[17.107213,48.147781],[17.10726,48.147767],[17.107293,48.147762],[17.107353,48.147757],[17.107408,48.147756],[17.10745,48.147759],[17.1075,48.147768],[17.107581,48.147785]]},"properties":{"r":2,"k":"road"}},{"type":"Feature","geometry":{"type":"LineString","coordinates":[[17.10713,48.147827],[17.107168,48.147801],[17.107213,48.147781]]},"properties":{"r":2,"k":"road"}},{"type":"Feature","geometry":{"type":"LineString","coordinates":[[17.106975,48.14758],[17.107031,48.14766],[17.10708,48.147737],[17.10713,48.147827]]},"properties":{"r":2,"k":"road"}},{"type":"Feature","geometry":{"type":"LineString","coordinates":[[17.107124,48.147676],[17.10713,48.147827]]},"properties":{"r":1,"k":"road"}},{"type":"Feature","geometry":{"type":"LineString","coordinates":[[17.106968,48.14745],[17.106915,48.147497]]},"properties":{"r":2,"k":"road"}},{"type":"Feature","geometry":{"type":"LineString","coordinates":[[17.107213,48.147781],[17.107124,48.147676]]},"properties":{"r":2,"k":"road"}},{"type":"Feature","geometry":{"type":"LineString","coordinates":[[17.107124,48.147676],[17.106968,48.14745]]},"properties":{"r":2,"k":"road"}},{"type":"Feature","geometry":{"type":"LineString","coordinates":[[17.10713,48.147827],[17.107142,48.148142]]},"properties":{"r":2,"k":"road"}},{"type":"Feature","geometry":{"type":"LineString","coordinates":[[17.106975,48.14758],[17.106968,48.14745]]},"properties":{"r":1,"k":"road"}},{"type":"Feature","geometry":{"type":"LineString","coordinates":[[17.104956,48.146637],[17.104891,48.146598],[17.104521,48.146255]]},"properties":{"r":2,"k":"road"}},{"type":"Feature","geometry":{"type":"LineString","coordinates":[[17.106028,48.155168],[17.105984,48.155125],[17.105952,48.155084],[17.10594,48.155039],[17.10593,48.154947]]},"properties":{"r":2,"k":"road"}},{"type":"Feature","geometry":{"type":"LineString","coordinates":[[17.105999,48.155271],[17.10592,48.155494]]},"properties":{"r":2,"k":"road"}},{"type":"Feature","geometry":{"type":"LineString","coordinates":[[17.106148,48.155228],[17.106235,48.155216],[17.106332,48.155209],[17.106421,48.155208],[17.106632,48.155227]]},"properties":{"r":3,"k":"road"}},{"type":"Feature","geometry":{"type":"LineString","coordinates":[[17.104513,48.140214],[17.104443,48.141444]]},"properties":{"r":2,"k":"road"}},{"type":"Feature","geometry":{"type":"LineString","coordinates":[[17.106408,48.153604],[17.106286,48.153704]]},"properties":{"r":0,"k":"road"}},{"type":"Feature","geometry":{"type":"LineString","coordinates":[[17.105744,48.154212],[17.105425,48.154525]]},"properties":{"r":0,"k":"road"}},{"type":"Feature","geometry":{"type":"LineString","coordinates":[[17.100502,48.139847],[17.101385,48.139812]]},"properties":{"r":2,"k":"road"}},{"type":"Feature","geometry":{"type":"LineString","coordinates":[[17.105068,48.139852],[17.104737,48.139851]]},"properties":{"r":2,"k":"road"}},{"type":"Feature","geometry":{"type":"LineString","coordinates":[[17.106205,48.139864],[17.105719,48.139861],[17.10513,48.139853]]},"properties":{"r":2,"k":"road"}},{"type":"Feature","geometry":{"type":"LineString","coordinates":[[17.10513,48.139713],[17.105516,48.139713],[17.105928,48.139713]]},"properties":{"r":2,"k":"road"}},{"type":"Feature","geometry":{"type":"LineString","coordinates":[[17.105068,48.139852],[17.104951,48.139876],[17.104884,48.139897],[17.104831,48.139923],[17.104773,48.13996]]},"properties":{"r":2,"k":"road"}},{"type":"Feature","geometry":{"type":"LineString","coordinates":[[17.107219,48.147437],[17.107158,48.147469],[17.107138,48.147494],[17.107117,48.147542]]},"properties":{"r":0,"k":"road"}},{"type":"Feature","geometry":{"type":"LineString","coordinates":[[17.111704,48.150606],[17.111622,48.150653]]},"properties":{"r":1,"k":"road"}},{"type":"Feature","geometry":{"type":"LineString","coordinates":[[17.111624,48.150499],[17.111546,48.150509],[17.111466,48.150506]]},"properties":{"r":1,"k":"road"}},{"type":"Feature","geometry":{"type":"LineString","coordinates":[[17.11224,48.150224],[17.111772,48.150449],[17.111681,48.150483],[17.111624,48.150499]]},"properties":{"r":1,"k":"road"}},{"type":"Feature","geometry":{"type":"LineString","coordinates":[[17.111204,48.14984],[17.111339,48.149796],[17.111639,48.149691],[17.112104,48.149523],[17.112697,48.149311]]},"properties":{"r":1,"k":"road"}},{"type":"Feature","geometry":{"type":"LineString","coordinates":[[17.111099,48.150039],[17.111319,48.150211]]},"properties":{"r":2,"k":"road"}},{"type":"Feature","geometry":{"type":"LineString","coordinates":[[17.111624,48.150499],[17.111704,48.150606]]},"properties":{"r":2,"k":"road"}},{"type":"Feature","geometry":{"type":"LineString","coordinates":[[17.111268,48.150343],[17.111124,48.150222]]},"properties":{"r":2,"k":"road"}},{"type":"Feature","geometry":{"type":"LineString","coordinates":[[17.111319,48.150211],[17.111509,48.150374],[17.111624,48.150499]]},"properties":{"r":2,"k":"road"}},{"type":"Feature","geometry":{"type":"LineString","coordinates":[[17.111124,48.150222],[17.110914,48.150086],[17.110854,48.150047],[17.110808,48.150016],[17.110637,48.149905],[17.110565,48.149857]]},"properties":{"r":2,"k":"road"}},{"type":"Feature","geometry":{"type":"LineString","coordinates":[[17.111782,48.150713],[17.11195,48.150881],[17.112075,48.151006]]},"properties":{"r":2,"k":"road"}},{"type":"Feature","geometry":{"type":"LineString","coordinates":[[17.11065,48.149808],[17.11096,48.149963],[17.111099,48.150039]]},"properties":{"r":2,"k":"road"}},{"type":"Feature","geometry":{"type":"LineString","coordinates":[[17.113398,48.15243],[17.113241,48.152273],[17.112662,48.151693],[17.112327,48.151342]]},"properties":{"r":2,"k":"road"}},{"type":"Feature","geometry":{"type":"LineString","coordinates":[[17.112327,48.151342],[17.111878,48.150912],[17.111709,48.150742],[17.111622,48.150653]]},"properties":{"r":2,"k":"road"}},{"type":"Feature","geometry":{"type":"LineString","coordinates":[[17.107099,48.147323],[17.107117,48.147542]]},"properties":{"r":1,"k":"road"}},{"type":"Feature","geometry":{"type":"LineString","coordinates":[[17.107077,48.147027],[17.107099,48.147323]]},"properties":{"r":1,"k":"road"}},{"type":"Feature","geometry":{"type":"LineString","coordinates":[[17.107594,48.148065],[17.107525,48.148049],[17.107454,48.14804],[17.107408,48.14804],[17.107367,48.148045],[17.107332,48.148051],[17.107276,48.148066],[17.107224,48.148084],[17.107188,48.148104],[17.107142,48.148142]]},"properties":{"r":2,"k":"road"}},{"type":"Feature","geometry":{"type":"LineString","coordinates":[[17.107418,48.147938],[17.107406,48.147923],[17.107394,48.147897],[17.107394,48.147869],[17.10741,48.147838],[17.107438,48.147814],[17.107467,48.1478],[17.107499,48.147792],[17.107531,48.147789],[17.107581,48.147785]]},"properties":{"r":2,"k":"road"}},{"type":"Feature","geometry":{"type":"LineString","coordinates":[[17.106943,48.146267],[17.106989,48.146143]]},"properties":{"r":0,"k":"road"}},{"type":"Feature","geometry":{"type":"LineString","coordinates":[[17.10695,48.146981],[17.106938,48.146682],[17.106932,48.146523]]},"properties":{"r":1,"k":"road"}},{"type":"Feature","geometry":{"type":"LineString","coordinates":[[17.107192,48.147321],[17.107219,48.147437]]},"properties":{"r":2,"k":"road"}},{"type":"Feature","geometry":{"type":"LineString","coordinates":[[17.106949,48.147823],[17.106902,48.147758],[17.106866,48.147711],[17.106826,48.147666]]},"properties":{"r":2,"k":"road"}},{"type":"Feature","geometry":{"type":"LineString","coordinates":[[17.106932,48.146523],[17.106928,48.146448]]},"properties":{"r":1,"k":"road"}},{"type":"Feature","geometry":{"type":"LineString","coordinates":[[17.106958,48.147191],[17.106954,48.147083],[17.10695,48.146981]]},"properties":{"r":1,"k":"road"}},{"type":"Feature","geometry":{"type":"LineString","coordinates":[[17.107077,48.147027],[17.107147,48.147095],[17.107192,48.147321]]},"properties":{"r":2,"k":"road"}},{"type":"Feature","geometry":{"type":"LineString","coordinates":[[17.111099,48.150039],[17.11111,48.149983],[17.111123,48.149944],[17.11114,48.149913],[17.111169,48.149879],[17.111204,48.14984]]},"properties":{"r":0,"k":"road"}},{"type":"Feature","geometry":{"type":"LineString","coordinates":[[17.107219,48.147437],[17.107273,48.147543],[17.107328,48.147591],[17.107361,48.147613],[17.107405,48.147648],[17.107581,48.147785]]},"properties":{"r":2,"k":"road"}},{"type":"Feature","geometry":{"type":"LineString","coordinates":[[17.107142,48.14849],[17.107137,48.148704],[17.107088,48.148966]]},"properties":{"r":2,"k":"road"}},{"type":"Feature","geometry":{"type":"LineString","coordinates":[[17.106841,48.149805],[17.106912,48.149332]]},"properties":{"r":2,"k":"road"}},{"type":"Feature","geometry":{"type":"LineString","coordinates":[[17.106534,48.157587],[17.106436,48.157683],[17.106377,48.157848],[17.106326,48.158013]]},"properties":{"r":0,"k":"road"}},{"type":"Feature","geometry":{"type":"LineString","coordinates":[[17.110071,48.14946],[17.11065,48.149808]]},"properties":{"r":2,"k":"road"}},{"type":"Feature","geometry":{"type":"LineString","coordinates":[[17.111542,48.150692],[17.110925,48.150965],[17.110667,48.151079],[17.110383,48.151207],[17.110171,48.151296],[17.109671,48.151506]]},"properties":{"r":0,"k":"road"}},{"type":"Feature","geometry":{"type":"LineString","coordinates":[[17.111639,48.149691],[17.111591,48.149621],[17.11146,48.149458],[17.111414,48.149392],[17.111404,48.149375],[17.111396,48.149359],[17.111387,48.149339],[17.111381,48.149321],[17.111377,48.149305],[17.111376,48.149289],[17.111376,48.149257],[17.111391,48.149111],[17.111396,48.149027]]},"properties":{"r":0,"k":"road"}},{"type":"Feature","geometry":{"type":"LineString","coordinates":[[17.106035,48.154251],[17.106137,48.154265]]},"properties":{"r":0,"k":"road"}},{"type":"Feature","geometry":{"type":"LineString","coordinates":[[17.106298,48.154436],[17.106251,48.154437],[17.106206,48.154439]]},"properties":{"r":0,"k":"road"}},{"type":"Feature","geometry":{"type":"LineString","coordinates":[[17.109732,48.15581],[17.11045,48.155945]]},"properties":{"r":3,"k":"road"}},{"type":"Feature","geometry":{"type":"LineString","coordinates":[[17.104462,48.155996],[17.104364,48.156354],[17.104275,48.156659],[17.104101,48.156693],[17.104032,48.156681],[17.103807,48.156651]]},"properties":{"r":0,"k":"road"}},{"type":"Feature","geometry":{"type":"LineString","coordinates":[[17.086957,48.142585],[17.086341,48.142709]]},"properties":{"r":2,"k":"road"}},{"type":"Feature","geometry":{"type":"LineString","coordinates":[[17.111167,48.145374],[17.111091,48.145399],[17.111012,48.145419],[17.110898,48.145447],[17.110781,48.145469],[17.110705,48.145483],[17.110614,48.145498],[17.11052,48.145509],[17.110358,48.145524],[17.110185,48.145542],[17.109847,48.145587],[17.109292,48.145655],[17.109076,48.145682],[17.108791,48.145712]]},"properties":{"r":0,"k":"road"}},{"type":"Feature","geometry":{"type":"LineString","coordinates":[[17.111098,48.145293],[17.111343,48.145222],[17.111503,48.145164]]},"properties":{"r":0,"k":"road"}},{"type":"Feature","geometry":{"type":"LineString","coordinates":[[17.109052,48.145593],[17.109276,48.145575]]},"properties":{"r":0,"k":"road"}},{"type":"Feature","geometry":{"type":"LineString","coordinates":[[17.11043,48.145433],[17.110747,48.145374],[17.111098,48.145293]]},"properties":{"r":0,"k":"road"}},{"type":"Feature","geometry":{"type":"LineString","coordinates":[[17.109276,48.145575],[17.109431,48.145557],[17.109722,48.145525],[17.110158,48.145473],[17.110335,48.145448]]},"properties":{"r":0,"k":"road"}},{"type":"Feature","geometry":{"type":"LineString","coordinates":[[17.103644,48.139859],[17.102556,48.13988]]},"properties":{"r":2,"k":"road"}},{"type":"Feature","geometry":{"type":"LineString","coordinates":[[17.107142,48.14849],[17.107113,48.148527],[17.107085,48.14857],[17.107077,48.148578],[17.107063,48.148588],[17.107043,48.148597],[17.10699,48.148609]]},"properties":{"r":0,"k":"road"}},{"type":"Feature","geometry":{"type":"LineString","coordinates":[[17.106989,48.147963],[17.106949,48.147823]]},"properties":{"r":2,"k":"road"}},{"type":"Feature","geometry":{"type":"LineString","coordinates":[[17.106912,48.149332],[17.106984,48.148699],[17.10699,48.148609]]},"properties":{"r":2,"k":"road"}},{"type":"Feature","geometry":{"type":"LineString","coordinates":[[17.109246,48.144822],[17.10936,48.144617],[17.109383,48.144584],[17.109408,48.144555],[17.109436,48.144524],[17.109457,48.144502],[17.109475,48.144485],[17.109707,48.1443]]},"properties":{"r":0,"k":"road"}},{"type":"Feature","geometry":{"type":"LineString","coordinates":[[17.098304,48.158074],[17.098588,48.15803],[17.099019,48.157962],[17.099091,48.157953],[17.099151,48.157948],[17.099206,48.157952]]},"properties":{"r":0,"k":"road"}},{"type":"Feature","geometry":{"type":"LineString","coordinates":[[17.097928,48.158198],[17.097853,48.158107],[17.097627,48.157807]]},"properties":{"r":0,"k":"road"}},{"type":"Feature","geometry":{"type":"LineString","coordinates":[[17.099206,48.157952],[17.099303,48.15797],[17.099378,48.157986],[17.099419,48.158001],[17.099449,48.158026],[17.099483,48.158062],[17.09952,48.158102],[17.099548,48.158135]]},"properties":{"r":0,"k":"road"}},{"type":"Feature","geometry":{"type":"LineString","coordinates":[[17.089924,48.149952],[17.090041,48.149914],[17.090231,48.149847],[17.090304,48.149821],[17.090384,48.149793]]},"properties":{"r":0,"k":"road"}},{"type":"Feature","geometry":{"type":"LineString","coordinates":[[17.110741,48.14232],[17.110771,48.142333],[17.110969,48.142416],[17.111158,48.142496],[17.111276,48.142545]]},"properties":{"r":0,"k":"road"}},{"type":"Feature","geometry":{"type":"LineString","coordinates":[[17.106566,48.139865],[17.106558,48.139941],[17.106548,48.140097],[17.106538,48.140262]]},"properties":{"r":0,"k":"road"}},{"type":"Feature","geometry":{"type":"LineString","coordinates":[[17.110139,48.140544],[17.110957,48.140798],[17.111763,48.141048],[17.111846,48.141074]]},"properties":{"r":0,"k":"road"}},{"type":"Feature","geometry":{"type":"LineString","coordinates":[[17.109532,48.141344],[17.109721,48.140732],[17.109721,48.140643],[17.109717,48.140611],[17.109711,48.140557],[17.109694,48.140506]]},"properties":{"r":0,"k":"road"}},{"type":"Feature","geometry":{"type":"LineString","coordinates":[[17.089745,48.154535],[17.089815,48.154556],[17.090052,48.15461],[17.090206,48.155099],[17.09041,48.155669]]},"properties":{"r":0,"k":"road"}},{"type":"Feature","geometry":{"type":"LineString","coordinates":[[17.108512,48.139925],[17.107607,48.139892],[17.106855,48.139867],[17.106566,48.139865]]},"properties":{"r":2,"k":"road"}},{"type":"Feature","geometry":{"type":"LineString","coordinates":[[17.102853,48.144597],[17.102949,48.144601],[17.103166,48.14461],[17.103212,48.144612]]},"properties":{"r":0,"k":"road"}},{"type":"Feature","geometry":{"type":"LineString","coordinates":[[17.110003,48.139884],[17.110442,48.139942],[17.110594,48.139966]]},"properties":{"r":2,"k":"road"}},{"type":"Feature","geometry":{"type":"LineString","coordinates":[[17.110834,48.15677],[17.111304,48.157298],[17.111324,48.157321]]},"properties":{"r":0,"k":"road"}},{"type":"Feature","geometry":{"type":"LineString","coordinates":[[17.10982,48.155914],[17.109803,48.155951],[17.109572,48.156501]]},"properties":{"r":0,"k":"road"}},{"type":"Feature","geometry":{"type":"LineString","coordinates":[[17.112481,48.157027],[17.11214,48.157116]]},"properties":{"r":0,"k":"road"}},{"type":"Feature","geometry":{"type":"LineString","coordinates":[[17.109532,48.141344],[17.109442,48.141652]]},"properties":{"r":0,"k":"road"}},{"type":"Feature","geometry":{"type":"LineString","coordinates":[[17.104772,48.151139],[17.104896,48.151095],[17.104951,48.151078]]},"properties":{"r":0,"k":"road"}},{"type":"Feature","geometry":{"type":"LineString","coordinates":[[17.1028,48.157199],[17.102452,48.157312],[17.102429,48.157326],[17.102412,48.157342]]},"properties":{"r":0,"k":"road"}},{"type":"Feature","geometry":{"type":"LineString","coordinates":[[17.095163,48.143289],[17.09504,48.142975],[17.094897,48.142704],[17.094936,48.142661]]},"properties":{"r":0,"k":"road"}},{"type":"Feature","geometry":{"type":"LineString","coordinates":[[17.094923,48.143262],[17.09473,48.143342],[17.09455,48.14345]]},"properties":{"r":0,"k":"road"}},{"type":"Feature","geometry":{"type":"LineString","coordinates":[[17.094923,48.143262],[17.09454,48.143191],[17.094479,48.143033],[17.094479,48.142932]]},"properties":{"r":0,"k":"road"}},{"type":"Feature","geometry":{"type":"LineString","coordinates":[[17.095298,48.148457],[17.095174,48.148546],[17.095141,48.148567],[17.095113,48.148587],[17.095079,48.148608],[17.095053,48.14862],[17.09503,48.148627],[17.094662,48.148742],[17.094402,48.148848],[17.094187,48.148964],[17.093563,48.149346],[17.093302,48.149394]]},"properties":{"r":0,"k":"road"}},{"type":"Feature","geometry":{"type":"LineString","coordinates":[[17.099991,48.150195],[17.100016,48.150161],[17.100075,48.150082],[17.100403,48.149923]]},"properties":{"r":0,"k":"road"}},{"type":"Feature","geometry":{"type":"LineString","coordinates":[[17.098594,48.151106],[17.09863,48.151016],[17.098676,48.150947],[17.098721,48.150887],[17.098772,48.150833],[17.098822,48.150788],[17.098881,48.150754],[17.099161,48.150651],[17.099176,48.150642],[17.09919,48.150629],[17.099202,48.150613],[17.099208,48.150598],[17.099212,48.150563]]},"properties":{"r":0,"k":"road"}},{"type":"Feature","geometry":{"type":"LineString","coordinates":[[17.092484,48.142019],[17.092375,48.142048],[17.092267,48.142073],[17.092137,48.142088],[17.09165,48.142109],[17.091392,48.142133],[17.091213,48.142156],[17.090989,48.142193],[17.090839,48.142225],[17.09048,48.142287],[17.089804,48.142348],[17.089594,48.14237],[17.08925,48.142415],[17.089165,48.142435],[17.089071,48.142455],[17.088856,48.14248],[17.0886,48.142502],[17.08834,48.142529],[17.088089,48.142564],[17.087846,48.142612],[17.087344,48.142749],[17.086911,48.142865],[17.086326,48.142929],[17.086047,48.14296],[17.085774,48.143006],[17.085457,48.143121],[17.085197,48.143243],[17.085169,48.143253]]},"properties":{"r":0,"k":"road"}},{"type":"Feature","geometry":{"type":"LineString","coordinates":[[17.090384,48.149793],[17.090427,48.149868],[17.090441,48.149898],[17.090459,48.149925],[17.090475,48.149946],[17.09049,48.149967],[17.090505,48.149985],[17.090534,48.150014],[17.090575,48.15005],[17.090682,48.150122],[17.091032,48.150356],[17.09153,48.150691]]},"properties":{"r":1,"k":"road"}},{"type":"Feature","geometry":{"type":"LineString","coordinates":[[17.09167,48.150824],[17.091756,48.150965],[17.091779,48.151023],[17.091935,48.151533],[17.09203,48.151857],[17.092043,48.151918],[17.092048,48.151972],[17.092048,48.152022],[17.092043,48.152076],[17.092028,48.152168],[17.092001,48.152255],[17.091983,48.152306],[17.091962,48.152359],[17.091911,48.152454],[17.091808,48.152627]]},"properties":{"r":1,"k":"road"}},{"type":"Feature","geometry":{"type":"LineString","coordinates":[[17.085853,48.151561],[17.085971,48.151497],[17.086098,48.151429],[17.086336,48.151313],[17.08665,48.151166],[17.086736,48.151126],[17.087056,48.151013],[17.087179,48.150964]]},"properties":{"r":0,"k":"road"}},{"type":"Feature","geometry":{"type":"LineString","coordinates":[[17.087179,48.150964],[17.087371,48.150904],[17.087652,48.150802],[17.087751,48.150765],[17.088037,48.150658],[17.08897,48.15028],[17.089261,48.150175],[17.089582,48.150063],[17.089823,48.149983],[17.089924,48.149952]]},"properties":{"r":0,"k":"road"}},{"type":"Feature","geometry":{"type":"LineString","coordinates":[[17.102638,48.153333],[17.102674,48.153271],[17.10262,48.152478],[17.102575,48.151883]]},"properties":{"r":0,"k":"road"}},{"type":"Feature","geometry":{"type":"LineString","coordinates":[[17.10251,48.153413],[17.102552,48.153448],[17.102588,48.153509],[17.102603,48.153534],[17.102613,48.153558],[17.102617,48.153575],[17.102618,48.153595],[17.102617,48.153622],[17.102608,48.153715],[17.102569,48.153823],[17.102553,48.153862],[17.102536,48.153889],[17.102522,48.153911],[17.102503,48.153933],[17.102468,48.153964],[17.102421,48.153994],[17.102391,48.15401],[17.102362,48.154021],[17.102087,48.154108],[17.101885,48.154157]]},"properties":{"r":0,"k":"road"}},{"type":"Feature","geometry":{"type":"LineString","coordinates":[[17.103916,48.153487],[17.103951,48.153456],[17.10399,48.153411],[17.104023,48.153377],[17.104054,48.153329],[17.10407,48.153298],[17.104081,48.153252],[17.104085,48.153217],[17.104083,48.153175],[17.104069,48.153129],[17.104053,48.153097],[17.104032,48.15307],[17.104012,48.153047],[17.103976,48.153015],[17.103941,48.152994],[17.103898,48.152975],[17.103862,48.152964],[17.103518,48.152901],[17.10341,48.152867],[17.103341,48.15284],[17.1033,48.152823],[17.103269,48.152803],[17.103242,48.152769],[17.10322,48.152739],[17.103206,48.152697],[17.103197,48.152647],[17.103202,48.152606],[17.103217,48.152549],[17.103238,48.152504],[17.103259,48.152472],[17.103281,48.152451],[17.103486,48.15233]]},"properties":{"r":0,"k":"road"}},{"type":"Feature","geometry":{"type":"LineString","coordinates":[[17.105497,48.155896],[17.105617,48.155629],[17.105711,48.155449]]},"properties":{"r":3,"k":"road"}},{"type":"Feature","geometry":{"type":"LineString","coordinates":[[17.107059,48.146267],[17.107047,48.146339],[17.107032,48.146447]]},"properties":{"r":1,"k":"road"}},{"type":"Feature","geometry":{"type":"LineString","coordinates":[[17.10674,48.147364],[17.106782,48.147389],[17.10688,48.147463],[17.106915,48.147497]]},"properties":{"r":2,"k":"road"}},{"type":"Feature","geometry":{"type":"LineString","coordinates":[[17.110089,48.139992],[17.109893,48.139973]]},"properties":{"r":2,"k":"road"}},{"type":"Feature","geometry":{"type":"LineString","coordinates":[[17.109893,48.139973],[17.109735,48.139964],[17.109589,48.13996]]},"properties":{"r":2,"k":"road"}},{"type":"Feature","geometry":{"type":"LineString","coordinates":[[17.106298,48.139722],[17.106601,48.139736]]},"properties":{"r":2,"k":"road"}},{"type":"Feature","geometry":{"type":"LineString","coordinates":[[17.106538,48.140262],[17.106523,48.140443],[17.106507,48.140527],[17.10648,48.140606]]},"properties":{"r":0,"k":"road"}},{"type":"Feature","geometry":{"type":"LineString","coordinates":[[17.096119,48.153894],[17.096038,48.153906],[17.095907,48.154072]]},"properties":{"r":0,"k":"road"}},{"type":"Feature","geometry":{"type":"LineString","coordinates":[[17.096119,48.153894],[17.096907,48.154171]]},"properties":{"r":0,"k":"road"}},{"type":"Feature","geometry":{"type":"LineString","coordinates":[[17.10804,48.155568],[17.108158,48.155524]]},"properties":{"r":0,"k":"road"}},{"type":"Feature","geometry":{"type":"LineString","coordinates":[[17.111402,48.145302],[17.111167,48.145374]]},"properties":{"r":0,"k":"road"}},{"type":"Feature","geometry":{"type":"LineString","coordinates":[[17.107404,48.155376],[17.107566,48.15533]]},"properties":{"r":0,"k":"road"}},{"type":"Feature","geometry":{"type":"LineString","coordinates":[[17.10648,48.140606],[17.106446,48.140672],[17.106388,48.14075]]},"properties":{"r":0,"k":"road"}},{"type":"Feature","geometry":{"type":"LineString","coordinates":[[17.095366,48.140174],[17.095377,48.140214],[17.095391,48.140248],[17.095402,48.140277],[17.095428,48.14034]]},"properties":{"r":0,"k":"road"}},{"type":"Feature","geometry":{"type":"LineString","coordinates":[[17.095428,48.14034],[17.095296,48.140361],[17.094567,48.140507],[17.094381,48.140545]]},"properties":{"r":2,"k":"road"}},{"type":"Feature","geometry":{"type":"LineString","coordinates":[[17.095428,48.14034],[17.095466,48.140428],[17.095592,48.140775],[17.095626,48.140859]]},"properties":{"r":0,"k":"road"}},{"type":"Feature","geometry":{"type":"LineString","coordinates":[[17.093827,48.140665],[17.093611,48.140724],[17.093395,48.140804],[17.093279,48.140857],[17.092475,48.141272],[17.092098,48.141455],[17.091992,48.141506],[17.091819,48.141581],[17.09162,48.141655],[17.091424,48.141701],[17.091228,48.141744],[17.090942,48.141801],[17.090662,48.141852],[17.08967,48.142043]]},"properties":{"r":2,"k":"road"}},{"type":"Feature","geometry":{"type":"LineString","coordinates":[[17.108604,48.149383],[17.108587,48.149292]]},"properties":{"r":0,"k":"road"}},{"type":"Feature","geometry":{"type":"LineString","coordinates":[[17.111276,48.142545],[17.111379,48.142589]]},"properties":{"r":0,"k":"road"}},{"type":"Feature","geometry":{"type":"LineString","coordinates":[[17.106471,48.153378],[17.106408,48.153604]]},"properties":{"r":2,"k":"road"}},{"type":"Feature","geometry":{"type":"LineString","coordinates":[[17.106408,48.153604],[17.106254,48.15422]]},"properties":{"r":2,"k":"road"}},{"type":"Feature","geometry":{"type":"LineString","coordinates":[[17.106254,48.15422],[17.106232,48.154313]]},"properties":{"r":2,"k":"road"}},{"type":"Feature","geometry":{"type":"LineString","coordinates":[[17.106206,48.154439],[17.106132,48.154749],[17.106118,48.154835]]},"properties":{"r":2,"k":"road"}},{"type":"Feature","geometry":{"type":"LineString","coordinates":[[17.10695,48.149949],[17.106912,48.150286],[17.106903,48.150404],[17.106891,48.150565],[17.106818,48.151338],[17.106798,48.151485],[17.106784,48.151592],[17.106769,48.151677],[17.106668,48.152518],[17.106661,48.152576],[17.106635,48.152797],[17.106598,48.152932],[17.106583,48.152985],[17.106471,48.153378]]},"properties":{"r":2,"k":"road"}},{"type":"Feature","geometry":{"type":"LineString","coordinates":[[17.106972,48.149786],[17.10695,48.149949]]},"properties":{"r":2,"k":"road"}},{"type":"Feature","geometry":{"type":"LineString","coordinates":[[17.104112,48.145696],[17.104236,48.145863],[17.104279,48.145914],[17.104322,48.145961],[17.104416,48.146057],[17.104444,48.146083]]},"properties":{"r":2,"k":"road"}},{"type":"Feature","geometry":{"type":"LineString","coordinates":[[17.105215,48.146526],[17.105686,48.146793]]},"properties":{"r":2,"k":"road"}},{"type":"Feature","geometry":{"type":"LineString","coordinates":[[17.105686,48.146793],[17.10589,48.14691],[17.106171,48.147057],[17.106451,48.147204],[17.106587,48.147279]]},"properties":{"r":2,"k":"road"}},{"type":"Feature","geometry":{"type":"LineString","coordinates":[[17.106587,48.147279],[17.10674,48.147364]]},"properties":{"r":2,"k":"road"}},{"type":"Feature","geometry":{"type":"LineString","coordinates":[[17.10804,48.155568],[17.107834,48.155533]]},"properties":{"r":3,"k":"road"}},{"type":"Feature","geometry":{"type":"LineString","coordinates":[[17.10982,48.155914],[17.109217,48.155797],[17.108617,48.155679],[17.108278,48.155613]]},"properties":{"r":3,"k":"road"}},{"type":"Feature","geometry":{"type":"LineString","coordinates":[[17.11045,48.155945],[17.110522,48.156003],[17.110536,48.156013],[17.110553,48.156031],[17.110569,48.156058]]},"properties":{"r":0,"k":"road"}},{"type":"Feature","geometry":{"type":"LineString","coordinates":[[17.11045,48.155945],[17.110538,48.155961],[17.110806,48.156018]]},"properties":{"r":3,"k":"road"}},{"type":"Feature","geometry":{"type":"LineString","coordinates":[[17.109047,48.155698],[17.109732,48.15581]]},"properties":{"r":3,"k":"road"}},{"type":"Feature","geometry":{"type":"LineString","coordinates":[[17.110806,48.156018],[17.110988,48.156057],[17.111191,48.156106]]},"properties":{"r":3,"k":"road"}},{"type":"Feature","geometry":{"type":"LineString","coordinates":[[17.081618,48.143779],[17.08179,48.143743],[17.081913,48.143713],[17.081965,48.143698],[17.08208,48.143677],[17.082814,48.143521],[17.083208,48.143504],[17.083219,48.143503],[17.083475,48.143487],[17.083709,48.143461],[17.085169,48.143253]]},"properties":{"r":0,"k":"road"}},{"type":"Feature","geometry":{"type":"LineString","coordinates":[[17.098182,48.142331],[17.098091,48.142323],[17.098013,48.142325],[17.097892,48.142336],[17.097764,48.142354],[17.097536,48.142393],[17.097407,48.142418],[17.097277,48.142464],[17.097117,48.142523],[17.09686,48.142624],[17.096834,48.142636],[17.096583,48.142754]]},"properties":{"r":1,"k":"road"}},{"type":"Feature","geometry":{"type":"LineString","coordinates":[[17.096583,48.142754],[17.09649,48.142802],[17.096397,48.142856],[17.096214,48.142966],[17.095849,48.143186],[17.095793,48.14322]]},"properties":{"r":1,"k":"road"}},{"type":"Feature","geometry":{"type":"LineString","coordinates":[[17.098664,48.143819],[17.098679,48.143675],[17.098686,48.143313],[17.098682,48.143256],[17.098668,48.14309]]},"properties":{"r":1,"k":"road"}},{"type":"Feature","geometry":{"type":"LineString","coordinates":[[17.097544,48.143966],[17.097088,48.144368],[17.096389,48.144984]]},"properties":{"r":0,"k":"road"}},{"type":"Feature","geometry":{"type":"LineString","coordinates":[[17.088176,48.144497],[17.08708,48.144819],[17.086801,48.144962],[17.086563,48.145166],[17.086286,48.145509],[17.086227,48.145673]]},"properties":{"r":0,"k":"road"}},{"type":"Feature","geometry":{"type":"LineString","coordinates":[[17.104101,48.156693],[17.104054,48.156928],[17.10432,48.156939]]},"properties":{"r":0,"k":"road"}},{"type":"Feature","geometry":{"type":"LineString","coordinates":[[17.111503,48.145164],[17.111497,48.145143],[17.11149,48.145116],[17.111481,48.145091]]},"properties":{"r":0,"k":"road"}},{"type":"Feature","geometry":{"type":"LineString","coordinates":[[17.103429,48.144419],[17.10337,48.144508],[17.103349,48.144541]]},"properties":{"r":0,"k":"road"}},{"type":"Feature","geometry":{"type":"LineString","coordinates":[[17.097,48.14053],[17.096598,48.140592],[17.096475,48.140619],[17.095687,48.140843],[17.095626,48.140859]]},"properties":{"r":0,"k":"road"}},{"type":"Feature","geometry":{"type":"LineString","coordinates":[[17.097,48.14053],[17.096986,48.140484],[17.096921,48.140247],[17.0969,48.140201],[17.096887,48.140172]]},"properties":{"r":0,"k":"road"}},{"type":"Feature","geometry":{"type":"LineString","coordinates":[[17.106346,48.148101],[17.106334,48.1481],[17.105418,48.148065],[17.105157,48.148049],[17.104868,48.148025],[17.104486,48.147982],[17.103721,48.147842]]},"properties":{"r":0,"k":"road"}},{"type":"Feature","geometry":{"type":"LineString","coordinates":[[17.106605,48.148104],[17.106604,48.148115],[17.106595,48.148126],[17.106581,48.148131],[17.106558,48.148132],[17.106538,48.148131],[17.106404,48.148125],[17.106384,48.148122],[17.106369,48.148116],[17.106346,48.148101]]},"properties":{"r":0,"k":"road"}},{"type":"Feature","geometry":{"type":"LineString","coordinates":[[17.094633,48.141187],[17.094403,48.141263],[17.094322,48.141288],[17.094103,48.141406]]},"properties":{"r":0,"k":"road"}},{"type":"Feature","geometry":{"type":"LineString","coordinates":[[17.111846,48.141074],[17.111806,48.14116],[17.111416,48.141637],[17.111355,48.1417]]},"properties":{"r":0,"k":"road"}},{"type":"Feature","geometry":{"type":"LineString","coordinates":[[17.104506,48.147942],[17.10475,48.147454],[17.104772,48.14741],[17.104888,48.147179]]},"properties":{"r":0,"k":"road"}},{"type":"Feature","geometry":{"type":"LineString","coordinates":[[17.096248,48.145323],[17.096279,48.145413],[17.096244,48.145566],[17.096219,48.145686],[17.096214,48.14571],[17.096199,48.145744],[17.09618,48.145789]]},"properties":{"r":0,"k":"road"}},{"type":"Feature","geometry":{"type":"LineString","coordinates":[[17.101299,48.156002],[17.101071,48.155574],[17.101058,48.155534],[17.101048,48.155482],[17.10104,48.155429],[17.101043,48.155403]]},"properties":{"r":0,"k":"road"}},{"type":"Feature","geometry":{"type":"LineString","coordinates":[[17.110306,48.154628],[17.110232,48.154596],[17.110201,48.15458],[17.110111,48.154554]]},"properties":{"r":0,"k":"road"}},{"type":"Feature","geometry":{"type":"LineString","coordinates":[[17.091483,48.145948],[17.091254,48.145671]]},"properties":{"r":0,"k":"road"}},{"type":"Feature","geometry":{"type":"LineString","coordinates":[[17.091616,48.146098],[17.091574,48.14605],[17.091483,48.145948]]},"properties":{"r":0,"k":"road"}},{"type":"Feature","geometry":{"type":"LineString","coordinates":[[17.111576,48.14185],[17.111747,48.142122],[17.111841,48.142272],[17.111898,48.142352]]},"properties":{"r":0,"k":"road"}},{"type":"Feature","geometry":{"type":"LineString","coordinates":[[17.109442,48.141694],[17.109446,48.141726],[17.109459,48.141769]]},"properties":{"r":0,"k":"road"}},{"type":"Feature","geometry":{"type":"LineString","coordinates":[[17.108925,48.144712],[17.10889,48.144679],[17.108892,48.144635],[17.109173,48.144232]]},"properties":{"r":0,"k":"road"}},{"type":"Feature","geometry":{"type":"LineString","coordinates":[[17.106346,48.148101],[17.10637,48.148089],[17.106387,48.148084],[17.106412,48.148081],[17.106546,48.148085],[17.106566,48.148086],[17.106585,48.148089],[17.1066,48.148095],[17.106605,48.148104]]},"properties":{"r":0,"k":"road"}},{"type":"Feature","geometry":{"type":"LineString","coordinates":[[17.106573,48.148109],[17.106346,48.148101]]},"properties":{"r":0,"k":"road"}},{"type":"Feature","geometry":{"type":"LineString","coordinates":[[17.110335,48.145448],[17.11043,48.145433]]},"properties":{"r":0,"k":"road"}},{"type":"Feature","geometry":{"type":"LineString","coordinates":[[17.104737,48.139851],[17.104758,48.139893],[17.104773,48.13996]]},"properties":{"r":2,"k":"road"}},{"type":"Feature","geometry":{"type":"LineString","coordinates":[[17.11304,48.143433],[17.113003,48.143405],[17.112971,48.143384],[17.1119,48.142908],[17.111371,48.142674],[17.111319,48.142651]]},"properties":{"r":0,"k":"road"}},{"type":"Feature","geometry":{"type":"LineString","coordinates":[[17.101385,48.139812],[17.101777,48.139794]]},"properties":{"r":2,"k":"road"}},{"type":"Feature","geometry":{"type":"LineString","coordinates":[[17.110226,48.140093],[17.110296,48.14005],[17.110326,48.14002]]},"properties":{"r":0,"k":"road"}},{"type":"Feature","geometry":{"type":"LineString","coordinates":[[17.10983,48.140518],[17.109859,48.140473],[17.110164,48.140138],[17.110226,48.140093]]},"properties":{"r":0,"k":"road"}},{"type":"Feature","geometry":{"type":"LineString","coordinates":[[17.109637,48.14022],[17.109651,48.140289],[17.109683,48.140457],[17.109694,48.140506]]},"properties":{"r":0,"k":"road"}},{"type":"Feature","geometry":{"type":"LineString","coordinates":[[17.110594,48.139966],[17.112057,48.140213]]},"properties":{"r":2,"k":"road"}},{"type":"Feature","geometry":{"type":"LineString","coordinates":[[17.096504,48.140681],[17.096717,48.141107],[17.096753,48.141177],[17.096764,48.141198]]},"properties":{"r":0,"k":"road"}},{"type":"Feature","geometry":{"type":"LineString","coordinates":[[17.107088,48.148966],[17.107032,48.149336],[17.106972,48.149786]]},"properties":{"r":2,"k":"road"}},{"type":"Feature","geometry":{"type":"LineString","coordinates":[[17.095366,48.140174],[17.095644,48.140142],[17.097832,48.139972],[17.098225,48.139954],[17.098579,48.139946],[17.099218,48.139904],[17.099376,48.139895],[17.099453,48.139889],[17.09995,48.139872],[17.100502,48.139847]]},"properties":{"r":2,"k":"road"}},{"type":"Feature","geometry":{"type":"LineString","coordinates":[[17.097729,48.157725],[17.097981,48.157611],[17.098044,48.157583],[17.098153,48.157537]]},"properties":{"r":0,"k":"road"}},{"type":"Feature","geometry":{"type":"LineString","coordinates":[[17.106137,48.154265],[17.106149,48.15421],[17.106208,48.153998],[17.106286,48.153704]]},"properties":{"r":2,"k":"road"}},{"type":"Feature","geometry":{"type":"LineString","coordinates":[[17.106388,48.14075],[17.106311,48.140853]]},"properties":{"r":0,"k":"road"}},{"type":"Feature","geometry":{"type":"LineString","coordinates":[[17.085744,48.142653],[17.086271,48.142555],[17.08832,48.142169],[17.088393,48.142155],[17.088677,48.142094],[17.089286,48.141977],[17.090033,48.141836],[17.090608,48.141723],[17.091157,48.141616],[17.091555,48.141509],[17.09171,48.141457],[17.091849,48.141393],[17.09233,48.141146],[17.092579,48.141014],[17.093157,48.140726],[17.093482,48.14058]]},"properties":{"r":2,"k":"road"}},{"type":"Feature","geometry":{"type":"LineString","coordinates":[[17.086341,48.142709],[17.085174,48.142926],[17.084946,48.142969],[17.084474,48.143055]]},"properties":{"r":2,"k":"road"}},{"type":"Feature","geometry":{"type":"LineString","coordinates":[[17.097768,48.156243],[17.098024,48.156317],[17.09844,48.156339]]},"properties":{"r":0,"k":"road"}},{"type":"Feature","geometry":{"type":"LineString","coordinates":[[17.091909,48.15442],[17.091759,48.154362],[17.09164,48.154315],[17.091473,48.154274],[17.091357,48.154278]]},"properties":{"r":0,"k":"road"}},{"type":"Feature","geometry":{"type":"LineString","coordinates":[[17.1067,48.150481],[17.106758,48.15047]]},"properties":{"r":0,"k":"road"}},{"type":"Feature","geometry":{"type":"LineString","coordinates":[[17.103914,48.145971],[17.103868,48.146001]]},"properties":{"r":0,"k":"road"}},{"type":"Feature","geometry":{"type":"LineString","coordinates":[[17.095313,48.153074],[17.095543,48.152988],[17.095739,48.15293],[17.096052,48.152868],[17.096413,48.152818],[17.096991,48.152745],[17.097049,48.152738],[17.097168,48.152704]]},"properties":{"r":0,"k":"road"}},{"type":"Feature","geometry":{"type":"LineString","coordinates":[[17.094959,48.153406],[17.095029,48.153307],[17.095104,48.153225],[17.095177,48.153167],[17.095313,48.153074]]},"properties":{"r":0,"k":"road"}},{"type":"Feature","geometry":{"type":"LineString","coordinates":[[17.10408,48.142733],[17.104117,48.142601],[17.104204,48.142242],[17.104245,48.142021],[17.104299,48.141691],[17.104315,48.141441]]},"properties":{"r":2,"k":"road"}},{"type":"Feature","geometry":{"type":"LineString","coordinates":[[17.103766,48.14455],[17.10379,48.144327]]},"properties":{"r":2,"k":"road"}},{"type":"Feature","geometry":{"type":"LineString","coordinates":[[17.104364,48.141953],[17.104314,48.142165]]},"properties":{"r":2,"k":"road"}},{"type":"Feature","geometry":{"type":"LineString","coordinates":[[17.104315,48.141441],[17.104235,48.141057],[17.104223,48.141018],[17.104206,48.140974]]},"properties":{"r":2,"k":"road"}},{"type":"Feature","geometry":{"type":"LineString","coordinates":[[17.10454,48.139579],[17.104524,48.139976]]},"properties":{"r":2,"k":"road"}},{"type":"Feature","geometry":{"type":"LineString","coordinates":[[17.108791,48.145712],[17.108398,48.145754],[17.108287,48.145765]]},"properties":{"r":0,"k":"road"}},{"type":"Feature","geometry":{"type":"LineString","coordinates":[[17.107488,48.147995],[17.107418,48.147938]]},"properties":{"r":2,"k":"road"}},{"type":"Feature","geometry":{"type":"LineString","coordinates":[[17.111334,48.142635],[17.111361,48.142607],[17.111379,48.142589]]},"properties":{"r":0,"k":"road"}},{"type":"Feature","geometry":{"type":"LineString","coordinates":[[17.108958,48.148936],[17.108422,48.148603]]},"properties":{"r":2,"k":"road"}},{"type":"Feature","geometry":{"type":"LineString","coordinates":[[17.105884,48.147166],[17.105546,48.146984],[17.105103,48.146728]]},"properties":{"r":2,"k":"road"}},{"type":"Feature","geometry":{"type":"LineString","coordinates":[[17.109694,48.140506],[17.109723,48.140509],[17.109784,48.140514],[17.10983,48.140518]]},"properties":{"r":0,"k":"road"}},{"type":"Feature","geometry":{"type":"LineString","coordinates":[[17.112421,48.150141],[17.11224,48.150224]]},"properties":{"r":1,"k":"road"}},{"type":"Feature","geometry":{"type":"LineString","coordinates":[[17.112672,48.150023],[17.112421,48.150141]]},"properties":{"r":1,"k":"road"}},{"type":"Feature","geometry":{"type":"LineString","coordinates":[[17.097168,48.152704],[17.097279,48.152673]]},"properties":{"r":0,"k":"road"}},{"type":"Feature","geometry":{"type":"LineString","coordinates":[[17.111865,48.145878],[17.111822,48.145841],[17.111692,48.145729]]},"properties":{"r":0,"k":"road"}},{"type":"Feature","geometry":{"type":"LineString","coordinates":[[17.11114,48.154235],[17.111401,48.154499]]},"properties":{"r":0,"k":"road"}},{"type":"Feature","geometry":{"type":"LineString","coordinates":[[17.108682,48.14563],[17.109052,48.145593]]},"properties":{"r":0,"k":"road"}},{"type":"Feature","geometry":{"type":"LineString","coordinates":[[17.108278,48.155613],[17.10804,48.155568]]},"properties":{"r":3,"k":"road"}},{"type":"Feature","geometry":{"type":"LineString","coordinates":[[17.09119,48.15304],[17.09125,48.153009],[17.091284,48.152998],[17.091335,48.152988],[17.091405,48.152985],[17.091492,48.152988]]},"properties":{"r":0,"k":"road"}},{"type":"Feature","geometry":{"type":"LineString","coordinates":[[17.104518,48.141217],[17.104482,48.141245],[17.104455,48.141263],[17.104401,48.141283],[17.104348,48.141295],[17.104263,48.141307],[17.104212,48.141311]]},"properties":{"r":2,"k":"road"}},{"type":"Feature","geometry":{"type":"LineString","coordinates":[[17.104212,48.141311],[17.104167,48.141312]]},"properties":{"r":2,"k":"road"}},{"type":"Feature","geometry":{"type":"LineString","coordinates":[[17.104303,48.139851],[17.104185,48.13985]]},"properties":{"r":2,"k":"road"}},{"type":"Feature","geometry":{"type":"LineString","coordinates":[[17.104737,48.139851],[17.104617,48.139851]]},"properties":{"r":2,"k":"road"}},{"type":"Feature","geometry":{"type":"LineString","coordinates":[[17.104566,48.139711],[17.104585,48.139722],[17.10461,48.139736]]},"properties":{"r":2,"k":"road"}},{"type":"Feature","geometry":{"type":"LineString","coordinates":[[17.104566,48.139711],[17.10461,48.139711]]},"properties":{"r":2,"k":"road"}},{"type":"Feature","geometry":{"type":"LineString","coordinates":[[17.104322,48.139709],[17.104566,48.139711]]},"properties":{"r":2,"k":"road"}},{"type":"Feature","geometry":{"type":"LineString","coordinates":[[17.104773,48.13996],[17.104772,48.139985],[17.104764,48.140127]]},"properties":{"r":2,"k":"road"}},{"type":"Feature","geometry":{"type":"LineString","coordinates":[[17.104764,48.140127],[17.104761,48.140176]]},"properties":{"r":2,"k":"road"}},{"type":"Feature","geometry":{"type":"LineString","coordinates":[[17.109652,48.140184],[17.109637,48.14022]]},"properties":{"r":0,"k":"road"}},{"type":"Feature","geometry":{"type":"LineString","coordinates":[[17.109893,48.139973],[17.109751,48.140046]]},"properties":{"r":0,"k":"road"}},{"type":"Feature","geometry":{"type":"LineString","coordinates":[[17.111692,48.145729],[17.111581,48.145632]]},"properties":{"r":0,"k":"road"}},{"type":"Feature","geometry":{"type":"LineString","coordinates":[[17.104089,48.143158],[17.104034,48.14343],[17.103997,48.143632]]},"properties":{"r":2,"k":"road"}},{"type":"Feature","geometry":{"type":"LineString","coordinates":[[17.103915,48.144109],[17.103885,48.144332],[17.103868,48.144497]]},"properties":{"r":2,"k":"road"}},{"type":"Feature","geometry":{"type":"LineString","coordinates":[[17.103997,48.143632],[17.103961,48.143828],[17.103915,48.144109]]},"properties":{"r":2,"k":"road"}},{"type":"Feature","geometry":{"type":"LineString","coordinates":[[17.111319,48.142651],[17.111334,48.142635]]},"properties":{"r":0,"k":"road"}},{"type":"Feature","geometry":{"type":"LineString","coordinates":[[17.105103,48.146728],[17.104956,48.146637]]},"properties":{"r":2,"k":"road"}},{"type":"Feature","geometry":{"type":"LineString","coordinates":[[17.109292,48.145655],[17.109287,48.14563],[17.10928,48.145596],[17.109276,48.145575],[17.109268,48.145537],[17.10926,48.145507]]},"properties":{"r":0,"k":"road"}},{"type":"Feature","geometry":{"type":"LineString","coordinates":[[17.086632,48.158102],[17.086866,48.157838],[17.086891,48.157697],[17.086861,48.157564],[17.086845,48.157493],[17.086879,48.157365]]},"properties":{"r":0,"k":"road"}},{"type":"Feature","geometry":{"type":"LineString","coordinates":[[17.094381,48.140545],[17.094141,48.14059],[17.093827,48.140665]]},"properties":{"r":2,"k":"road"}},{"type":"Feature","geometry":{"type":"LineString","coordinates":[[17.096016,48.14027],[17.095689,48.140307],[17.095428,48.14034]]},"properties":{"r":2,"k":"road"}},{"type":"Feature","geometry":{"type":"LineString","coordinates":[[17.11096,48.155053],[17.11089,48.155079],[17.110869,48.155117]]},"properties":{"r":0,"k":"road"}},{"type":"Feature","geometry":{"type":"LineString","coordinates":[[17.10469,48.158084],[17.104821,48.157618],[17.104865,48.157494],[17.104886,48.157435],[17.105086,48.156866],[17.105168,48.156659],[17.105284,48.15637],[17.105393,48.156117],[17.105497,48.155896]]},"properties":{"r":3,"k":"road"}},{"type":"Feature","geometry":{"type":"LineString","coordinates":[[17.1072,48.145876],[17.107236,48.14588],[17.107355,48.145897],[17.107395,48.145911]]},"properties":{"r":0,"k":"road"}},{"type":"Feature","geometry":{"type":"LineString","coordinates":[[17.100676,48.148644],[17.100407,48.14871],[17.100255,48.148752]]},"properties":{"r":0,"k":"road"}},{"type":"Feature","geometry":{"type":"LineString","coordinates":[[17.100924,48.148586],[17.100871,48.148602],[17.100676,48.148644]]},"properties":{"r":0,"k":"road"}},{"type":"Feature","geometry":{"type":"LineString","coordinates":[[17.085688,48.154651],[17.085655,48.154606],[17.085621,48.15459],[17.085122,48.154462],[17.084837,48.154403],[17.084497,48.154347],[17.083911,48.154246],[17.08378,48.154107],[17.083727,48.154021],[17.08369,48.153918],[17.083664,48.153677],[17.083645,48.153637]]},"properties":{"r":0,"k":"road"}},{"type":"Feature","geometry":{"type":"LineString","coordinates":[[17.107581,48.147785],[17.107643,48.147813],[17.107879,48.147944]]},"properties":{"r":2,"k":"road"}},{"type":"Feature","geometry":{"type":"LineString","coordinates":[[17.107879,48.147944],[17.108141,48.148109]]},"properties":{"r":2,"k":"road"}},{"type":"Feature","geometry":{"type":"LineString","coordinates":[[17.10926,48.145507],[17.109162,48.145189],[17.109146,48.145141]]},"properties":{"r":0,"k":"road"}},{"type":"Feature","geometry":{"type":"LineString","coordinates":[[17.112304,48.140086],[17.112773,48.140079]]},"properties":{"r":0,"k":"road"}},{"type":"Feature","geometry":{"type":"LineString","coordinates":[[17.082797,48.149938],[17.082846,48.149927],[17.083463,48.149832],[17.083755,48.149742],[17.083903,48.149683],[17.084637,48.149149],[17.085123,48.148923],[17.085403,48.14882],[17.085667,48.148742],[17.08583,48.148709]]},"properties":{"r":0,"k":"road"}},{"type":"Feature","geometry":{"type":"LineString","coordinates":[[17.084871,48.142813],[17.085744,48.142653]]},"properties":{"r":2,"k":"road"}},{"type":"Feature","geometry":{"type":"LineString","coordinates":[[17.112057,48.140213],[17.112232,48.140241],[17.114121,48.140551]]},"properties":{"r":2,"k":"road"}},{"type":"Feature","geometry":{"type":"LineString","coordinates":[[17.109174,48.139946],[17.108512,48.139925]]},"properties":{"r":2,"k":"road"}},{"type":"Feature","geometry":{"type":"LineString","coordinates":[[17.10513,48.139853],[17.105068,48.139852]]},"properties":{"r":2,"k":"road"}},{"type":"Feature","geometry":{"type":"LineString","coordinates":[[17.110111,48.154554],[17.110919,48.154177],[17.111035,48.154139]]},"properties":{"r":0,"k":"road"}},{"type":"Feature","geometry":{"type":"LineString","coordinates":[[17.086942,48.149385],[17.086889,48.14952],[17.086878,48.149557],[17.086872,48.149598],[17.086868,48.149637],[17.086866,48.149684],[17.086865,48.149724],[17.08687,48.149764],[17.086878,48.149816],[17.086882,48.149835],[17.086888,48.149862],[17.086912,48.149943],[17.086938,48.150015],[17.086957,48.150063],[17.086981,48.150118],[17.087006,48.150162],[17.087032,48.15021],[17.087041,48.150223],[17.087052,48.150238],[17.087061,48.150247],[17.087065,48.15025],[17.08707,48.150254],[17.087077,48.150257],[17.087082,48.150259],[17.087088,48.15026],[17.087094,48.150261],[17.0871,48.150262],[17.087109,48.150262],[17.087118,48.150261],[17.087128,48.150259]]},"properties":{"r":0,"k":"road"}},{"type":"Feature","geometry":{"type":"LineString","coordinates":[[17.088191,48.149215],[17.087449,48.149541],[17.087287,48.149612],[17.087097,48.149457],[17.086942,48.149385]]},"properties":{"r":0,"k":"road"}},{"type":"Feature","geometry":{"type":"LineString","coordinates":[[17.091369,48.14871],[17.09133,48.148643],[17.091129,48.148735],[17.091087,48.148754]]},"properties":{"r":0,"k":"road"}},{"type":"Feature","geometry":{"type":"LineString","coordinates":[[17.091661,48.149217],[17.091369,48.14871]]},"properties":{"r":0,"k":"road"}},{"type":"Feature","geometry":{"type":"LineString","coordinates":[[17.096925,48.150904],[17.096979,48.151009],[17.096897,48.151105],[17.096784,48.151155]]},"properties":{"r":0,"k":"road"}},{"type":"Feature","geometry":{"type":"LineString","coordinates":[[17.105987,48.157907],[17.106039,48.157822]]},"properties":{"r":0,"k":"road"}},{"type":"Feature","geometry":{"type":"LineString","coordinates":[[17.091492,48.152988],[17.09126,48.153151],[17.090999,48.153344],[17.090908,48.153417],[17.090818,48.1535],[17.090689,48.153624]]},"properties":{"r":1,"k":"road"}},{"type":"Feature","geometry":{"type":"LineString","coordinates":[[17.106534,48.157587],[17.106525,48.157765]]},"properties":{"r":1,"k":"road"}},{"type":"Feature","geometry":{"type":"LineString","coordinates":[[17.097729,48.157725],[17.097608,48.15769],[17.097513,48.157698],[17.096718,48.157763],[17.096603,48.157772]]},"properties":{"r":0,"k":"road"}},{"type":"Feature","geometry":{"type":"LineString","coordinates":[[17.095034,48.156548],[17.095066,48.156858]]},"properties":{"r":0,"k":"road"}},{"type":"Feature","geometry":{"type":"LineString","coordinates":[[17.104167,48.141312],[17.104135,48.141312],[17.104103,48.14131],[17.104068,48.141306],[17.104043,48.141299],[17.104009,48.141287],[17.103984,48.141278],[17.103956,48.141262],[17.103922,48.14124],[17.103895,48.141218],[17.103875,48.141198],[17.103853,48.141168],[17.10383,48.141133],[17.103807,48.141086],[17.103781,48.141017]]},"properties":{"r":2,"k":"road"}},{"type":"Feature","geometry":{"type":"LineString","coordinates":[[17.099983,48.152178],[17.099856,48.152176],[17.099722,48.15218]]},"properties":{"r":0,"k":"road"}},{"type":"Feature","geometry":{"type":"LineString","coordinates":[[17.100247,48.151835],[17.100357,48.151814],[17.100415,48.151804],[17.100489,48.151798],[17.100562,48.151797],[17.100639,48.151802],[17.100789,48.151818],[17.100878,48.151831],[17.10096,48.15185],[17.101108,48.151895],[17.101356,48.151989],[17.101607,48.1521],[17.101736,48.152179],[17.101851,48.152256],[17.101927,48.152316],[17.102039,48.152367]]},"properties":{"r":0,"k":"road"}},{"type":"Feature","geometry":{"type":"LineString","coordinates":[[17.103349,48.144541],[17.10333,48.14457]]},"properties":{"r":0,"k":"road"}},{"type":"Feature","geometry":{"type":"LineString","coordinates":[[17.107208,48.145898],[17.107236,48.14588],[17.107255,48.145868]]},"properties":{"r":0,"k":"road"}},{"type":"Feature","geometry":{"type":"LineString","coordinates":[[17.103659,48.140536],[17.103709,48.140548],[17.10375,48.140555],[17.103801,48.140559],[17.103846,48.14056]]},"properties":{"r":2,"k":"road"}},{"type":"Feature","geometry":{"type":"LineString","coordinates":[[17.096504,48.140681],[17.096475,48.140619]]},"properties":{"r":0,"k":"road"}},{"type":"Feature","geometry":{"type":"LineString","coordinates":[[17.100518,48.144996],[17.100573,48.14499],[17.100737,48.144945],[17.100855,48.144914]]},"properties":{"r":0,"k":"road"}},{"type":"Feature","geometry":{"type":"LineString","coordinates":[[17.085466,48.14669],[17.085468,48.146465],[17.085541,48.146187]]},"properties":{"r":0,"k":"road"}},{"type":"Feature","geometry":{"type":"LineString","coordinates":[[17.086227,48.145673],[17.086315,48.145874],[17.086333,48.146022],[17.086261,48.146178],[17.086093,48.146264],[17.085878,48.146297]]},"properties":{"r":0,"k":"road"}},{"type":"Feature","geometry":{"type":"LineString","coordinates":[[17.104761,48.140176],[17.10474,48.140583]]},"properties":{"r":2,"k":"road"}},{"type":"Feature","geometry":{"type":"LineString","coordinates":[[17.105186,48.15859],[17.105919,48.156986],[17.106272,48.156227]]},"properties":{"r":1,"k":"rail"}},{"type":"Feature","geometry":{"type":"LineString","coordinates":[[17.106485,48.155836],[17.106339,48.156223],[17.105983,48.156997],[17.105253,48.158603]]},"properties":{"r":1,"k":"rail"}},{"type":"Feature","geometry":{"type":"LineString","coordinates":[[17.105308,48.158615],[17.106041,48.157008],[17.10655,48.15585]]},"properties":{"r":1,"k":"rail"}},{"type":"Feature","geometry":{"type":"LineString","coordinates":[[17.1141,48.140639],[17.112197,48.140327],[17.112086,48.140308]]},"properties":{"r":2,"k":"road"}},{"type":"Feature","geometry":{"type":"LineString","coordinates":[[17.100797,48.139995],[17.100524,48.140004],[17.099381,48.140042],[17.099223,48.140047]]},"properties":{"r":2,"k":"road"}},{"type":"Feature","geometry":{"type":"LineString","coordinates":[[17.095438,48.140921],[17.095054,48.14105]]},"properties":{"r":0,"k":"road"}},{"type":"Feature","geometry":{"type":"LineString","coordinates":[[17.095054,48.14105],[17.094923,48.141093]]},"properties":{"r":0,"k":"road"}},{"type":"Feature","geometry":{"type":"LineString","coordinates":[[17.09557,48.140877],[17.095438,48.140921]]},"properties":{"r":0,"k":"road"}},{"type":"Feature","geometry":{"type":"LineString","coordinates":[[17.095626,48.140859],[17.09557,48.140877]]},"properties":{"r":0,"k":"road"}},{"type":"Feature","geometry":{"type":"LineString","coordinates":[[17.106826,48.147666],[17.10674,48.147604],[17.106572,48.147523]]},"properties":{"r":2,"k":"road"}},{"type":"Feature","geometry":{"type":"LineString","coordinates":[[17.094094,48.146802],[17.094204,48.146779],[17.094252,48.146769],[17.094295,48.14676]]},"properties":{"r":0,"k":"road"}},{"type":"Feature","geometry":{"type":"LineString","coordinates":[[17.097966,48.148883],[17.098363,48.148701]]},"properties":{"r":0,"k":"road"}},{"type":"Feature","geometry":{"type":"LineString","coordinates":[[17.095296,48.157367],[17.095149,48.157156],[17.095066,48.156858]]},"properties":{"r":0,"k":"road"}},{"type":"Feature","geometry":{"type":"LineString","coordinates":[[17.112075,48.151006],[17.112327,48.151342]]},"properties":{"r":2,"k":"road"}},{"type":"Feature","geometry":{"type":"LineString","coordinates":[[17.111704,48.150606],[17.111747,48.15067],[17.111782,48.150713]]},"properties":{"r":2,"k":"road"}},{"type":"Feature","geometry":{"type":"LineString","coordinates":[[17.106572,48.147523],[17.106079,48.147266],[17.105884,48.147166]]},"properties":{"r":2,"k":"road"}},{"type":"Feature","geometry":{"type":"LineString","coordinates":[[17.102571,48.157693],[17.102875,48.157661],[17.102989,48.157677],[17.10306,48.157736],[17.10312,48.157869]]},"properties":{"r":0,"k":"road"}},{"type":"Feature","geometry":{"type":"LineString","coordinates":[[17.100631,48.15792],[17.100612,48.157874],[17.100593,48.157775],[17.10057,48.157635],[17.100592,48.157558],[17.100695,48.157427],[17.100714,48.157377]]},"properties":{"r":0,"k":"road"}},{"type":"Feature","geometry":{"type":"LineString","coordinates":[[17.101734,48.15721],[17.101728,48.157292],[17.101759,48.157375],[17.101829,48.157505],[17.101903,48.157602],[17.101967,48.157666],[17.102037,48.157691],[17.102117,48.157707]]},"properties":{"r":0,"k":"road"}},{"type":"Feature","geometry":{"type":"LineString","coordinates":[[17.094923,48.141093],[17.094892,48.141103],[17.094633,48.141187]]},"properties":{"r":0,"k":"road"}},{"type":"Feature","geometry":{"type":"LineString","coordinates":[[17.09455,48.14345],[17.094216,48.143489]]},"properties":{"r":0,"k":"road"}},{"type":"Feature","geometry":{"type":"LineString","coordinates":[[17.093375,48.141705],[17.093172,48.141815],[17.09305,48.141854],[17.092757,48.141947],[17.092484,48.142019]]},"properties":{"r":0,"k":"road"}},{"type":"Feature","geometry":{"type":"LineString","coordinates":[[17.094103,48.141406],[17.093759,48.141523],[17.093652,48.141559],[17.093375,48.141705]]},"properties":{"r":0,"k":"road"}},{"type":"Feature","geometry":{"type":"LineString","coordinates":[[17.090409,48.145416],[17.090485,48.145228]]},"properties":{"r":0,"k":"road"}},{"type":"Feature","geometry":{"type":"LineString","coordinates":[[17.097957,48.156003],[17.09792,48.155916],[17.097872,48.155819],[17.097758,48.155766],[17.097613,48.155684],[17.097422,48.15555]]},"properties":{"r":0,"k":"road"}},{"type":"Feature","geometry":{"type":"LineString","coordinates":[[17.104112,48.145696],[17.104171,48.145689],[17.104336,48.145673],[17.104381,48.145668]]},"properties":{"r":0,"k":"road"}},{"type":"Feature","geometry":{"type":"LineString","coordinates":[[17.106666,48.15168],[17.106769,48.151677]]},"properties":{"r":0,"k":"road"}},{"type":"Feature","geometry":{"type":"LineString","coordinates":[[17.107822,48.156502],[17.107859,48.156328],[17.10787,48.156276],[17.107924,48.156042]]},"properties":{"r":0,"k":"road"}},{"type":"Feature","geometry":{"type":"LineString","coordinates":[[17.106236,48.157226],[17.106381,48.157102],[17.106568,48.156879]]},"properties":{"r":1,"k":"road"}},{"type":"Feature","geometry":{"type":"LineString","coordinates":[[17.106525,48.157765],[17.106521,48.157836],[17.106513,48.157871]]},"properties":{"r":1,"k":"road"}},{"type":"Feature","geometry":{"type":"LineString","coordinates":[[17.102264,48.140261],[17.102149,48.140229]]},"properties":{"r":2,"k":"road"}},{"type":"Feature","geometry":{"type":"LineString","coordinates":[[17.128388,48.15705],[17.128683,48.157264],[17.128888,48.157412],[17.129095,48.157562]]},"properties":{"r":0,"k":"road"}},{"type":"Feature","geometry":{"type":"LineString","coordinates":[[17.115781,48.154427],[17.115916,48.154347],[17.115999,48.154317],[17.116069,48.154291]]},"properties":{"r":2,"k":"road"}},{"type":"Feature","geometry":{"type":"LineString","coordinates":[[17.127025,48.157196],[17.127113,48.157146],[17.127463,48.156946],[17.127737,48.156789],[17.127803,48.15675],[17.12787,48.156714],[17.127907,48.156695]]},"properties":{"r":0,"k":"road"}},{"type":"Feature","geometry":{"type":"LineString","coordinates":[[17.126546,48.155676],[17.126531,48.155659],[17.126515,48.155628],[17.12651,48.155602],[17.126512,48.155574],[17.126521,48.155552],[17.126531,48.15553],[17.126561,48.155492]]},"properties":{"r":0,"k":"road"}},{"type":"Feature","geometry":{"type":"LineString","coordinates":[[17.127055,48.153965],[17.127051,48.154011],[17.127045,48.154092]]},"properties":{"r":0,"k":"road"}},{"type":"Feature","geometry":{"type":"LineString","coordinates":[[17.130694,48.154389],[17.130685,48.154424],[17.130673,48.154477],[17.130634,48.154645]]},"properties":{"r":0,"k":"road"}},{"type":"Feature","geometry":{"type":"LineString","coordinates":[[17.126469,48.153899],[17.126366,48.153887],[17.125877,48.153833],[17.125727,48.153815]]},"properties":{"r":1,"k":"road"}},{"type":"Feature","geometry":{"type":"LineString","coordinates":[[17.128675,48.154126],[17.128697,48.154043],[17.128726,48.153916]]},"properties":{"r":1,"k":"road"}},{"type":"Feature","geometry":{"type":"LineString","coordinates":[[17.130173,48.158179],[17.130237,48.15809],[17.130344,48.157936],[17.130422,48.157829],[17.130453,48.157788],[17.130712,48.157595]]},"properties":{"r":1,"k":"road"}},{"type":"Feature","geometry":{"type":"LineString","coordinates":[[17.113149,48.14523],[17.113077,48.145263],[17.112472,48.145569],[17.111865,48.145878],[17.111437,48.146099]]},"properties":{"r":0,"k":"road"}},{"type":"Feature","geometry":{"type":"LineString","coordinates":[[17.111437,48.146099],[17.111491,48.146142],[17.113319,48.147593]]},"properties":{"r":0,"k":"road"}},{"type":"Feature","geometry":{"type":"LineString","coordinates":[[17.114942,48.149687],[17.115353,48.149671],[17.115403,48.149668],[17.115715,48.149648],[17.116255,48.149607],[17.116568,48.149581],[17.117061,48.149541],[17.117105,48.149537],[17.11715,48.149537]]},"properties":{"r":1,"k":"road"}},{"type":"Feature","geometry":{"type":"LineString","coordinates":[[17.121564,48.153739],[17.121612,48.153689],[17.121751,48.153555],[17.121764,48.153537],[17.121778,48.153514],[17.121786,48.153497],[17.121792,48.15348],[17.1218,48.15345],[17.1218,48.153442],[17.121799,48.153422],[17.121796,48.153401],[17.121792,48.153378],[17.121785,48.153357],[17.121782,48.153333]]},"properties":{"r":0,"k":"road"}},{"type":"Feature","geometry":{"type":"LineString","coordinates":[[17.114113,48.149298],[17.113972,48.149319],[17.113959,48.149323],[17.113946,48.149329],[17.113923,48.149341],[17.113825,48.149399],[17.113795,48.149416]]},"properties":{"r":1,"k":"road"}},{"type":"Feature","geometry":{"type":"LineString","coordinates":[[17.124074,48.146548],[17.124101,48.146616],[17.12411,48.14664],[17.124117,48.146659],[17.124201,48.146879]]},"properties":{"r":2,"k":"road"}},{"type":"Feature","geometry":{"type":"LineString","coordinates":[[17.119421,48.151339],[17.119953,48.151568]]},"properties":{"r":1,"k":"road"}},{"type":"Feature","geometry":{"type":"LineString","coordinates":[[17.11768,48.150605],[17.117737,48.150619],[17.117795,48.150633],[17.117896,48.150658],[17.118021,48.150688]]},"properties":{"r":1,"k":"road"}},{"type":"Feature","geometry":{"type":"LineString","coordinates":[[17.115781,48.154427],[17.115681,48.154347]]},"properties":{"r":2,"k":"road"}},{"type":"Feature","geometry":{"type":"LineString","coordinates":[[17.119421,48.151339],[17.119689,48.151569]]},"properties":{"r":1,"k":"road"}},{"type":"Feature","geometry":{"type":"LineString","coordinates":[[17.113764,48.145674],[17.113845,48.14578],[17.113927,48.145884],[17.113968,48.145933],[17.114013,48.145975],[17.114414,48.146351],[17.114553,48.146478],[17.114728,48.146633],[17.114804,48.146701]]},"properties":{"r":0,"k":"road"}},{"type":"Feature","geometry":{"type":"LineString","coordinates":[[17.119427,48.151571],[17.119095,48.151369]]},"properties":{"r":1,"k":"road"}},{"type":"Feature","geometry":{"type":"LineString","coordinates":[[17.11715,48.149537],[17.117188,48.149543],[17.117238,48.149554],[17.117276,48.149557]]},"properties":{"r":1,"k":"road"}},{"type":"Feature","geometry":{"type":"LineString","coordinates":[[17.115712,48.147468],[17.115673,48.147527],[17.115647,48.147551],[17.115619,48.147572],[17.115579,48.147603],[17.114356,48.148407]]},"properties":{"r":0,"k":"road"}},{"type":"Feature","geometry":{"type":"LineString","coordinates":[[17.120028,48.157384],[17.119984,48.157298]]},"properties":{"r":0,"k":"road"}},{"type":"Feature","geometry":{"type":"LineString","coordinates":[[17.113655,48.15794],[17.113633,48.157849],[17.113607,48.157756],[17.113586,48.157688],[17.113551,48.157574],[17.113412,48.157152],[17.113382,48.157061]]},"properties":{"r":1,"k":"road"}},{"type":"Feature","geometry":{"type":"LineString","coordinates":[[17.120472,48.157721],[17.120522,48.157787]]},"properties":{"r":2,"k":"road"}},{"type":"Feature","geometry":{"type":"LineString","coordinates":[[17.133039,48.1532],[17.132632,48.153149],[17.131599,48.153006],[17.131081,48.152937],[17.130897,48.152901],[17.130564,48.152719],[17.130525,48.152697],[17.13047,48.152667]]},"properties":{"r":0,"k":"road"}},{"type":"Feature","geometry":{"type":"LineString","coordinates":[[17.134725,48.154381],[17.134624,48.154329],[17.134338,48.154182],[17.133886,48.153967],[17.133459,48.1539],[17.132869,48.153807]]},"properties":{"r":0,"k":"road"}},{"type":"Feature","geometry":{"type":"LineString","coordinates":[[17.134226,48.153355],[17.1342,48.153402],[17.133911,48.153921],[17.133886,48.153967]]},"properties":{"r":0,"k":"road"}},{"type":"Feature","geometry":{"type":"LineString","coordinates":[[17.132869,48.153807],[17.132797,48.154075],[17.132673,48.154536],[17.132656,48.154601],[17.132645,48.154641]]},"properties":{"r":0,"k":"road"}},{"type":"Feature","geometry":{"type":"LineString","coordinates":[[17.132297,48.145704],[17.132377,48.145821]]},"properties":{"r":1,"k":"road"}},{"type":"Feature","geometry":{"type":"LineString","coordinates":[[17.120382,48.151783],[17.120097,48.151692],[17.120068,48.151683]]},"properties":{"r":1,"k":"road"}},{"type":"Feature","geometry":{"type":"LineString","coordinates":[[17.116442,48.148184],[17.116473,48.148169],[17.11649,48.148161],[17.1174,48.147718],[17.117703,48.147571],[17.117827,48.147511],[17.117867,48.147491],[17.118298,48.147282],[17.118747,48.147067],[17.118819,48.147036],[17.118887,48.147013]]},"properties":{"r":0,"k":"road"}},{"type":"Feature","geometry":{"type":"LineString","coordinates":[[17.116169,48.154744],[17.116131,48.154667],[17.116046,48.154596],[17.115905,48.154477],[17.115898,48.154434],[17.115916,48.154347]]},"properties":{"r":0,"k":"road"}},{"type":"Feature","geometry":{"type":"LineString","coordinates":[[17.132775,48.143882],[17.132582,48.14304],[17.132421,48.142333]]},"properties":{"r":0,"k":"road"}},{"type":"Feature","geometry":{"type":"LineString","coordinates":[[17.132297,48.145704],[17.132085,48.145725]]},"properties":{"r":3,"k":"road"}},{"type":"Feature","geometry":{"type":"LineString","coordinates":[[17.124493,48.147684],[17.124539,48.147625],[17.124598,48.147585],[17.124828,48.147533]]},"properties":{"r":0,"k":"road"}},{"type":"Feature","geometry":{"type":"LineString","coordinates":[[17.128754,48.148451],[17.12858,48.148911],[17.12854,48.149016],[17.128515,48.149084],[17.128413,48.14936],[17.1284,48.149394],[17.128383,48.149485]]},"properties":{"r":0,"k":"road"}},{"type":"Feature","geometry":{"type":"LineString","coordinates":[[17.126801,48.149711],[17.12704,48.149677],[17.127504,48.149611],[17.127814,48.149566],[17.128383,48.149485],[17.128899,48.149586],[17.129264,48.149656],[17.129365,48.149676],[17.130022,48.149804],[17.130068,48.149813],[17.13015,48.149828],[17.130177,48.149834]]},"properties":{"r":0,"k":"road"}},{"type":"Feature","geometry":{"type":"LineString","coordinates":[[17.124947,48.155796],[17.124819,48.155858],[17.124607,48.155948],[17.124421,48.15601],[17.124247,48.156028]]},"properties":{"r":2,"k":"road"}},{"type":"Feature","geometry":{"type":"LineString","coordinates":[[17.131535,48.145782],[17.131574,48.145643]]},"properties":{"r":1,"k":"road"}},{"type":"Feature","geometry":{"type":"LineString","coordinates":[[17.121507,48.146557],[17.121771,48.146636],[17.121832,48.14665],[17.121981,48.14668]]},"properties":{"r":0,"k":"road"}},{"type":"Feature","geometry":{"type":"LineString","coordinates":[[17.119184,48.143006],[17.119148,48.143056],[17.118973,48.143301],[17.118502,48.143961],[17.118457,48.144023],[17.118421,48.144072],[17.118122,48.144492],[17.118097,48.144527]]},"properties":{"r":0,"k":"road"}},{"type":"Feature","geometry":{"type":"LineString","coordinates":[[17.113468,48.14321],[17.113441,48.143188],[17.113412,48.143164]]},"properties":{"r":0,"k":"road"}},{"type":"Feature","geometry":{"type":"LineString","coordinates":[[17.117029,48.143671],[17.117045,48.143622],[17.117211,48.143132],[17.117226,48.143086],[17.117247,48.14303],[17.117333,48.14279],[17.11737,48.142688],[17.117414,48.142557],[17.117462,48.14244]]},"properties":{"r":0,"k":"road"}},{"type":"Feature","geometry":{"type":"LineString","coordinates":[[17.112503,48.155701],[17.112567,48.155671],[17.112885,48.155508],[17.113105,48.155396],[17.113347,48.155273]]},"properties":{"r":0,"k":"road"}},{"type":"Feature","geometry":{"type":"LineString","coordinates":[[17.113347,48.155273],[17.113391,48.155311],[17.113534,48.155439],[17.113689,48.155637],[17.113713,48.155688],[17.11377,48.155813],[17.113787,48.155851]]},"properties":{"r":0,"k":"road"}},{"type":"Feature","geometry":{"type":"LineString","coordinates":[[17.113459,48.155208],[17.113411,48.155161],[17.113212,48.154965],[17.113145,48.1549],[17.112824,48.154584],[17.11276,48.154521]]},"properties":{"r":0,"k":"road"}},{"type":"Feature","geometry":{"type":"LineString","coordinates":[[17.114804,48.146701],[17.114872,48.146657],[17.114894,48.146647],[17.11499,48.146605],[17.115138,48.146536],[17.115333,48.146447],[17.115374,48.146425],[17.115422,48.1464]]},"properties":{"r":0,"k":"road"}},{"type":"Feature","geometry":{"type":"LineString","coordinates":[[17.11598,48.142668],[17.116031,48.142685],[17.116745,48.142925],[17.117161,48.143064],[17.117226,48.143086]]},"properties":{"r":0,"k":"road"}},{"type":"Feature","geometry":{"type":"LineString","coordinates":[[17.121933,48.152399],[17.121995,48.152332],[17.123002,48.151255],[17.12317,48.151072],[17.123215,48.151021],[17.123248,48.150989],[17.12341,48.150857],[17.124011,48.150377],[17.124092,48.15032],[17.124172,48.150268],[17.124323,48.150183],[17.124416,48.150137],[17.124501,48.150102],[17.124581,48.150074],[17.124668,48.150046],[17.124772,48.150019],[17.124879,48.149997],[17.125078,48.149959],[17.125143,48.149945],[17.125182,48.149937]]},"properties":{"r":0,"k":"road"}},{"type":"Feature","geometry":{"type":"LineString","coordinates":[[17.124956,48.15167],[17.124915,48.151718],[17.124627,48.152052],[17.124261,48.152477],[17.123747,48.15303],[17.123681,48.153099]]},"properties":{"r":0,"k":"road"}},{"type":"Feature","geometry":{"type":"LineString","coordinates":[[17.12341,48.150857],[17.123467,48.15088],[17.123704,48.150977],[17.123877,48.151047],[17.124141,48.151155],[17.124223,48.151189],[17.124487,48.151296],[17.124801,48.151424],[17.12487,48.151452],[17.125002,48.151505],[17.125069,48.151533]]},"properties":{"r":0,"k":"road"}},{"type":"Feature","geometry":{"type":"LineString","coordinates":[[17.122861,48.15484],[17.122793,48.154869],[17.122724,48.154894],[17.121979,48.155183],[17.121739,48.155277]]},"properties":{"r":0,"k":"road"}},{"type":"Feature","geometry":{"type":"LineString","coordinates":[[17.120924,48.155594],[17.120883,48.155545],[17.120661,48.155273],[17.120428,48.154991],[17.120396,48.154949]]},"properties":{"r":0,"k":"road"}},{"type":"Feature","geometry":{"type":"LineString","coordinates":[[17.121192,48.154657],[17.121234,48.1547],[17.121465,48.154967],[17.121698,48.155232],[17.121739,48.155277]]},"properties":{"r":0,"k":"road"}},{"type":"Feature","geometry":{"type":"LineString","coordinates":[[17.119331,48.155336],[17.119362,48.155327],[17.119417,48.15531],[17.119451,48.155298],[17.119498,48.15528],[17.119628,48.155232],[17.120349,48.154966],[17.120396,48.154949],[17.121192,48.154657],[17.121453,48.15456],[17.121882,48.154407],[17.121914,48.154391],[17.121935,48.154381],[17.121997,48.154341]]},"properties":{"r":0,"k":"road"}},{"type":"Feature","geometry":{"type":"LineString","coordinates":[[17.122156,48.153618],[17.122116,48.153608],[17.122068,48.153598],[17.122042,48.153593],[17.12201,48.153591],[17.121985,48.15359],[17.121956,48.15359],[17.121929,48.153591],[17.121888,48.153596],[17.121847,48.153605],[17.121811,48.153614],[17.121769,48.153631],[17.121644,48.153697],[17.121564,48.153739]]},"properties":{"r":0,"k":"road"}},{"type":"Feature","geometry":{"type":"LineString","coordinates":[[17.113192,48.156495],[17.113222,48.156568]]},"properties":{"r":2,"k":"road"}},{"type":"Feature","geometry":{"type":"LineString","coordinates":[[17.116485,48.140048],[17.116501,48.140071],[17.116383,48.140717]]},"properties":{"r":0,"k":"road"}},{"type":"Feature","geometry":{"type":"LineString","coordinates":[[17.115163,48.140047],[17.115165,48.140077],[17.115176,48.140658],[17.115176,48.140685],[17.115177,48.140725]]},"properties":{"r":0,"k":"road"}},{"type":"Feature","geometry":{"type":"LineString","coordinates":[[17.112908,48.14379],[17.112821,48.143764],[17.111067,48.142995],[17.11101,48.142971]]},"properties":{"r":0,"k":"road"}},{"type":"Feature","geometry":{"type":"LineString","coordinates":[[17.136346,48.155106],[17.136419,48.155166],[17.136448,48.155198],[17.136458,48.155252]]},"properties":{"r":1,"k":"road"}},{"type":"Feature","geometry":{"type":"LineString","coordinates":[[17.113627,48.141399],[17.113657,48.141456],[17.114183,48.142524]]},"properties":{"r":0,"k":"road"}},{"type":"Feature","geometry":{"type":"LineString","coordinates":[[17.130608,48.148596],[17.130672,48.148612],[17.13075,48.148631],[17.131423,48.148796],[17.131514,48.148818],[17.132271,48.149003],[17.132444,48.149045],[17.133297,48.149254],[17.133466,48.149296],[17.133543,48.149307],[17.133602,48.149306],[17.133661,48.149301],[17.133729,48.149289],[17.134054,48.149205]]},"properties":{"r":0,"k":"road"}},{"type":"Feature","geometry":{"type":"LineString","coordinates":[[17.132847,48.150802],[17.132776,48.150762],[17.13224,48.150455],[17.131982,48.150308],[17.131675,48.150132],[17.131406,48.150079],[17.131332,48.150064],[17.130907,48.149979]]},"properties":{"r":0,"k":"road"}},{"type":"Feature","geometry":{"type":"LineString","coordinates":[[17.130907,48.149979],[17.130947,48.149888],[17.131198,48.149231],[17.131388,48.148876],[17.131401,48.148845],[17.131423,48.148796]]},"properties":{"r":0,"k":"road"}},{"type":"Feature","geometry":{"type":"LineString","coordinates":[[17.132271,48.149003],[17.132231,48.149079],[17.131948,48.149615],[17.131708,48.15007],[17.131675,48.150132]]},"properties":{"r":0,"k":"road"}},{"type":"Feature","geometry":{"type":"LineString","coordinates":[[17.129264,48.149656],[17.129295,48.149572],[17.129336,48.149464],[17.129403,48.149285],[17.12945,48.14916],[17.129512,48.148996],[17.12958,48.148815],[17.129643,48.148646]]},"properties":{"r":0,"k":"road"}},{"type":"Feature","geometry":{"type":"LineString","coordinates":[[17.127235,48.151149],[17.127222,48.151106],[17.127148,48.150861],[17.12711,48.150736],[17.127026,48.150457],[17.127012,48.150409],[17.126962,48.150245],[17.126907,48.150061],[17.126801,48.149711],[17.126741,48.149505],[17.126704,48.149386],[17.126612,48.149084],[17.126597,48.149033]]},"properties":{"r":0,"k":"road"}},{"type":"Feature","geometry":{"type":"LineString","coordinates":[[17.128248,48.151029],[17.128237,48.150993],[17.12803,48.150293],[17.128008,48.15022],[17.12786,48.14972],[17.127838,48.149646],[17.127829,48.149616],[17.127814,48.149566],[17.127786,48.149473],[17.127661,48.14905],[17.127626,48.148934],[17.127546,48.148663],[17.127488,48.148466],[17.127468,48.148399]]},"properties":{"r":0,"k":"road"}},{"type":"Feature","geometry":{"type":"LineString","coordinates":[[17.129264,48.149656],[17.129234,48.149735],[17.129078,48.150152],[17.128743,48.151043],[17.128719,48.151108]]},"properties":{"r":0,"k":"road"}},{"type":"Feature","geometry":{"type":"LineString","coordinates":[[17.132728,48.152768],[17.133131,48.152819],[17.13353,48.15287]]},"properties":{"r":0,"k":"road"}},{"type":"Feature","geometry":{"type":"LineString","coordinates":[[17.132837,48.155928],[17.132761,48.155899],[17.132297,48.155714],[17.132209,48.155678],[17.13196,48.155579],[17.131884,48.155545]]},"properties":{"r":0,"k":"road"}},{"type":"Feature","geometry":{"type":"LineString","coordinates":[[17.134261,48.149407],[17.134439,48.149359]]},"properties":{"r":0,"k":"road"}},{"type":"Feature","geometry":{"type":"LineString","coordinates":[[17.137765,48.150574],[17.137779,48.150561],[17.13781,48.150532],[17.138085,48.150329],[17.138415,48.150086],[17.138652,48.149911],[17.138705,48.149861],[17.139098,48.149157],[17.139109,48.149139],[17.139129,48.149102]]},"properties":{"r":0,"k":"road"}},{"type":"Feature","geometry":{"type":"LineString","coordinates":[[17.140261,48.149406],[17.140175,48.149383],[17.139129,48.149102],[17.138235,48.148857],[17.138267,48.148794],[17.138293,48.148746],[17.139294,48.149002],[17.140052,48.149205],[17.140246,48.149257],[17.140313,48.149274],[17.140341,48.149281]]},"properties":{"r":0,"k":"road"}},{"type":"Feature","geometry":{"type":"LineString","coordinates":[[17.135968,48.14492],[17.135953,48.144855],[17.13585,48.144405],[17.135843,48.144374],[17.135632,48.143454],[17.135619,48.143398],[17.135585,48.14325],[17.135549,48.14309]]},"properties":{"r":0,"k":"road"}},{"type":"Feature","geometry":{"type":"LineString","coordinates":[[17.134211,48.143742],[17.134228,48.143812],[17.134397,48.144521],[17.134402,48.144551],[17.134511,48.145013],[17.134517,48.145037],[17.134524,48.145069]]},"properties":{"r":0,"k":"road"}},{"type":"Feature","geometry":{"type":"LineString","coordinates":[[17.134402,48.144551],[17.134286,48.144563],[17.133894,48.144603],[17.133426,48.144651],[17.133032,48.14469],[17.13296,48.144697]]},"properties":{"r":0,"k":"road"}},{"type":"Feature","geometry":{"type":"LineString","coordinates":[[17.115353,48.149671],[17.115311,48.149753],[17.1153,48.149795],[17.115294,48.149842]]},"properties":{"r":0,"k":"road"}},{"type":"Feature","geometry":{"type":"LineString","coordinates":[[17.13113,48.156409],[17.131171,48.156362],[17.131884,48.155545],[17.131922,48.1555],[17.132265,48.155087],[17.132379,48.154692],[17.132391,48.154645],[17.132403,48.154608]]},"properties":{"r":0,"k":"road"}},{"type":"Feature","geometry":{"type":"LineString","coordinates":[[17.1211,48.14782],[17.120991,48.147782],[17.12061,48.147652],[17.120336,48.147557],[17.119529,48.14728],[17.119473,48.14726],[17.119408,48.147239],[17.118986,48.147093],[17.118819,48.147036]]},"properties":{"r":0,"k":"road"}},{"type":"Feature","geometry":{"type":"LineString","coordinates":[[17.116537,48.14493],[17.116402,48.144906],[17.116298,48.144873],[17.116217,48.144852],[17.115909,48.144771],[17.115383,48.144686],[17.115277,48.144652],[17.115058,48.144613],[17.113964,48.144433],[17.113715,48.144384]]},"properties":{"r":0,"k":"road"}},{"type":"Feature","geometry":{"type":"LineString","coordinates":[[17.114715,48.146773],[17.11475,48.146746],[17.114775,48.146727],[17.114804,48.146701]]},"properties":{"r":0,"k":"road"}},{"type":"Feature","geometry":{"type":"LineString","coordinates":[[17.118803,48.152514],[17.118762,48.152434],[17.11832,48.152171],[17.118264,48.152081],[17.118239,48.152007]]},"properties":{"r":0,"k":"road"}},{"type":"Feature","geometry":{"type":"LineString","coordinates":[[17.14088,48.144546],[17.140834,48.144575],[17.140795,48.144621],[17.140784,48.144665],[17.1408,48.144749],[17.140792,48.144771],[17.140771,48.144792],[17.140742,48.144807],[17.1407,48.144817],[17.140643,48.144826],[17.140365,48.144855],[17.13999,48.144893],[17.139429,48.144951],[17.139335,48.14496],[17.139098,48.144985],[17.139048,48.14499],[17.138848,48.14501],[17.138188,48.145078]]},"properties":{"r":0,"k":"road"}},{"type":"Feature","geometry":{"type":"LineString","coordinates":[[17.119953,48.151568],[17.120046,48.151557],[17.120111,48.151531]]},"properties":{"r":0,"k":"road"}},{"type":"Feature","geometry":{"type":"LineString","coordinates":[[17.123215,48.151021],[17.123198,48.151015],[17.123149,48.150995],[17.122844,48.150876],[17.122614,48.150757],[17.122329,48.150595],[17.122266,48.15056]]},"properties":{"r":0,"k":"road"}},{"type":"Feature","geometry":{"type":"LineString","coordinates":[[17.123684,48.149411],[17.123613,48.149497],[17.123471,48.149609]]},"properties":{"r":0,"k":"road"}},{"type":"Feature","geometry":{"type":"LineString","coordinates":[[17.113795,48.149416],[17.113764,48.149437],[17.113748,48.149448],[17.113734,48.149457],[17.11368,48.149492],[17.113502,48.149605]]},"properties":{"r":1,"k":"road"}},{"type":"Feature","geometry":{"type":"LineString","coordinates":[[17.113267,48.149109],[17.113329,48.149085],[17.113349,48.149079]]},"properties":{"r":1,"k":"road"}},{"type":"Feature","geometry":{"type":"LineString","coordinates":[[17.116239,48.152003],[17.116343,48.151907],[17.116428,48.151826],[17.116453,48.151794],[17.116467,48.151759],[17.116478,48.15172],[17.116477,48.151677],[17.116434,48.151525]]},"properties":{"r":0,"k":"road"}},{"type":"Feature","geometry":{"type":"LineString","coordinates":[[17.134317,48.14718],[17.134421,48.147571]]},"properties":{"r":0,"k":"road"}},{"type":"Feature","geometry":{"type":"LineString","coordinates":[[17.135468,48.146423],[17.135426,48.146427],[17.135327,48.146437],[17.135252,48.146445],[17.134298,48.146544],[17.134268,48.146547],[17.133008,48.146677],[17.132977,48.146681]]},"properties":{"r":0,"k":"road"}},{"type":"Feature","geometry":{"type":"LineString","coordinates":[[17.135392,48.146077],[17.135311,48.146019],[17.135228,48.145826],[17.135213,48.145774],[17.135207,48.145751]]},"properties":{"r":0,"k":"road"}},{"type":"Feature","geometry":{"type":"LineString","coordinates":[[17.138652,48.149911],[17.138626,48.149899],[17.137768,48.149513],[17.136789,48.149072],[17.136633,48.149002]]},"properties":{"r":0,"k":"road"}},{"type":"Feature","geometry":{"type":"LineString","coordinates":[[17.13548,48.147737],[17.135319,48.147731],[17.134537,48.147701],[17.134502,48.1477],[17.134421,48.147571]]},"properties":{"r":0,"k":"road"}},{"type":"Feature","geometry":{"type":"LineString","coordinates":[[17.138267,48.148794],[17.138104,48.148753]]},"properties":{"r":0,"k":"road"}},{"type":"Feature","geometry":{"type":"LineString","coordinates":[[17.138847,48.147559],[17.139083,48.147133],[17.139102,48.1471],[17.139264,48.146807],[17.139271,48.146794],[17.139297,48.146749]]},"properties":{"r":0,"k":"road"}},{"type":"Feature","geometry":{"type":"LineString","coordinates":[[17.136191,48.14599],[17.13601,48.146012],[17.135392,48.146077]]},"properties":{"r":0,"k":"road"}},{"type":"Feature","geometry":{"type":"LineString","coordinates":[[17.134481,48.145476],[17.13488,48.14543]]},"properties":{"r":0,"k":"road"}},{"type":"Feature","geometry":{"type":"LineString","coordinates":[[17.132024,48.145295],[17.132124,48.145359],[17.132194,48.145387],[17.13225,48.145414],[17.132324,48.145443],[17.132514,48.145506]]},"properties":{"r":2,"k":"road"}},{"type":"Feature","geometry":{"type":"LineString","coordinates":[[17.132085,48.145725],[17.13196,48.145584]]},"properties":{"r":3,"k":"road"}},{"type":"Feature","geometry":{"type":"LineString","coordinates":[[17.114097,48.141295],[17.114086,48.141363]]},"properties":{"r":0,"k":"road"}},{"type":"Feature","geometry":{"type":"LineString","coordinates":[[17.123078,48.156403],[17.123105,48.156439],[17.123136,48.156481],[17.123256,48.15664]]},"properties":{"r":0,"k":"road"}},{"type":"Feature","geometry":{"type":"LineString","coordinates":[[17.124113,48.157113],[17.123548,48.157144],[17.12353,48.157144],[17.123512,48.157145]]},"properties":{"r":0,"k":"road"}},{"type":"Feature","geometry":{"type":"LineString","coordinates":[[17.122349,48.157846],[17.122354,48.157815],[17.122361,48.157778],[17.122404,48.157472],[17.122357,48.157274],[17.122323,48.157093],[17.122115,48.156804],[17.122096,48.156748],[17.122082,48.156707]]},"properties":{"r":0,"k":"road"}},{"type":"Feature","geometry":{"type":"LineString","coordinates":[[17.114793,48.157534],[17.114725,48.157558],[17.114519,48.157631],[17.113724,48.157919],[17.113692,48.157929],[17.113655,48.15794]]},"properties":{"r":0,"k":"road"}},{"type":"Feature","geometry":{"type":"LineString","coordinates":[[17.116105,48.157122],[17.116087,48.157181]]},"properties":{"r":0,"k":"road"}},{"type":"Feature","geometry":{"type":"LineString","coordinates":[[17.118238,48.15753],[17.118162,48.157564],[17.117966,48.157664]]},"properties":{"r":0,"k":"road"}},{"type":"Feature","geometry":{"type":"LineString","coordinates":[[17.116636,48.155098],[17.116543,48.155139],[17.116148,48.155301],[17.115981,48.155365]]},"properties":{"r":0,"k":"road"}},{"type":"Feature","geometry":{"type":"LineString","coordinates":[[17.114715,48.155685],[17.114689,48.155645],[17.114455,48.155372],[17.114258,48.155202],[17.113994,48.154978],[17.113957,48.154947]]},"properties":{"r":0,"k":"road"}},{"type":"Feature","geometry":{"type":"LineString","coordinates":[[17.115624,48.155492],[17.115657,48.155532],[17.115828,48.155751],[17.116121,48.15615],[17.116145,48.156182]]},"properties":{"r":0,"k":"road"}},{"type":"Feature","geometry":{"type":"LineString","coordinates":[[17.116481,48.156227],[17.11643,48.156423],[17.116414,48.156484],[17.116346,48.156742],[17.116178,48.156748]]},"properties":{"r":0,"k":"road"}},{"type":"Feature","geometry":{"type":"LineString","coordinates":[[17.120181,48.157796],[17.120044,48.157705]]},"properties":{"r":2,"k":"road"}},{"type":"Feature","geometry":{"type":"LineString","coordinates":[[17.124955,48.155592],[17.124992,48.155498],[17.125074,48.155326]]},"properties":{"r":2,"k":"road"}},{"type":"Feature","geometry":{"type":"LineString","coordinates":[[17.124403,48.147847],[17.124493,48.147684]]},"properties":{"r":0,"k":"road"}},{"type":"Feature","geometry":{"type":"LineString","coordinates":[[17.130269,48.142292],[17.130033,48.142295]]},"properties":{"r":2,"k":"road"}},{"type":"Feature","geometry":{"type":"LineString","coordinates":[[17.121801,48.143092],[17.12182,48.143039],[17.121849,48.14299],[17.121889,48.142945],[17.121942,48.142912],[17.122116,48.142857]]},"properties":{"r":1,"k":"road"}},{"type":"Feature","geometry":{"type":"LineString","coordinates":[[17.130195,48.142171],[17.130337,48.14217],[17.130529,48.14217]]},"properties":{"r":2,"k":"road"}},{"type":"Feature","geometry":{"type":"LineString","coordinates":[[17.138367,48.154453],[17.138262,48.154584],[17.138212,48.15468],[17.138184,48.154737],[17.138165,48.154794],[17.138129,48.154919],[17.138114,48.154974],[17.138035,48.155248],[17.138024,48.155291],[17.138017,48.155318]]},"properties":{"r":0,"k":"road"}},{"type":"Feature","geometry":{"type":"LineString","coordinates":[[17.125975,48.139002],[17.126116,48.138984],[17.126247,48.138971],[17.126359,48.138963],[17.126526,48.138959],[17.126702,48.138963],[17.126882,48.138974],[17.127029,48.138991],[17.127169,48.139013],[17.127325,48.139043],[17.127474,48.139078],[17.127612,48.13912],[17.127752,48.139167],[17.127924,48.139236],[17.128045,48.139292],[17.128132,48.139333],[17.128337,48.139442],[17.128563,48.139548],[17.12879,48.139647],[17.129009,48.139747],[17.129082,48.139784],[17.129151,48.139815],[17.129667,48.140048],[17.129805,48.140111],[17.129915,48.140171],[17.13003,48.140237],[17.130095,48.140279],[17.130167,48.140329],[17.130255,48.140395],[17.130316,48.140442],[17.130367,48.140487],[17.13042,48.140535],[17.130478,48.140596],[17.130525,48.140644],[17.130591,48.140716],[17.13065,48.140775],[17.130718,48.140839],[17.130807,48.140917],[17.130896,48.140983],[17.130991,48.141048],[17.131097,48.141111],[17.131569,48.141355],[17.131717,48.141424],[17.13186,48.141483],[17.131995,48.14153],[17.13216,48.141579],[17.132286,48.141611],[17.132496,48.141649],[17.132677,48.141674],[17.132835,48.141688],[17.133008,48.141694],[17.133223,48.141691],[17.134931,48.141639]]},"properties":{"r":1,"k":"rail"}},{"type":"Feature","geometry":{"type":"LineString","coordinates":[[17.12368,48.145891],[17.123267,48.144787],[17.123239,48.144718],[17.123209,48.144647],[17.123169,48.144559]]},"properties":{"r":2,"k":"road"}},{"type":"Feature","geometry":{"type":"LineString","coordinates":[[17.1162,48.141287],[17.116239,48.141235],[17.116254,48.141187],[17.116254,48.14114],[17.116234,48.141084],[17.1162,48.141042],[17.116105,48.140968]]},"properties":{"r":0,"k":"road"}},{"type":"Feature","geometry":{"type":"LineString","coordinates":[[17.123505,48.144356],[17.123589,48.144411],[17.12377,48.144469],[17.124146,48.14459],[17.124281,48.144635],[17.124708,48.144768],[17.124842,48.144812],[17.124953,48.144849],[17.12505,48.144881],[17.125085,48.144893],[17.125278,48.144956],[17.125906,48.145164],[17.12602,48.145202],[17.126138,48.145241]]},"properties":{"r":0,"k":"road"}},{"type":"Feature","geometry":{"type":"LineString","coordinates":[[17.137639,48.157207],[17.137741,48.156883],[17.137789,48.156736],[17.137876,48.156808],[17.138027,48.156979]]},"properties":{"r":0,"k":"road"}},{"type":"Feature","geometry":{"type":"LineString","coordinates":[[17.134439,48.149359],[17.13451,48.149341],[17.135256,48.149148],[17.135313,48.149132],[17.135361,48.149119]]},"properties":{"r":0,"k":"road"}},{"type":"Feature","geometry":{"type":"LineString","coordinates":[[17.13353,48.15287],[17.133522,48.152904],[17.13345,48.153207],[17.133445,48.153238],[17.133442,48.153252]]},"properties":{"r":0,"k":"road"}},{"type":"Feature","geometry":{"type":"LineString","coordinates":[[17.134524,48.145069],[17.134578,48.145263]]},"properties":{"r":0,"k":"road"}},{"type":"Feature","geometry":{"type":"LineString","coordinates":[[17.137659,48.144882],[17.137626,48.14475]]},"properties":{"r":0,"k":"road"}},{"type":"Feature","geometry":{"type":"LineString","coordinates":[[17.118803,48.152514],[17.118592,48.152647],[17.118543,48.152679],[17.118509,48.152702],[17.118489,48.152717]]},"properties":{"r":0,"k":"road"}},{"type":"Feature","geometry":{"type":"LineString","coordinates":[[17.120647,48.154127],[17.120517,48.154172],[17.120464,48.154191],[17.120311,48.154246],[17.120099,48.154322],[17.119759,48.15444],[17.119712,48.154457]]},"properties":{"r":0,"k":"road"}},{"type":"Feature","geometry":{"type":"LineString","coordinates":[[17.117482,48.153171],[17.116729,48.153477],[17.116498,48.153572],[17.116061,48.15375],[17.11598,48.153783],[17.115825,48.153847]]},"properties":{"r":0,"k":"road"}},{"type":"Feature","geometry":{"type":"LineString","coordinates":[[17.1246,48.142606],[17.124681,48.142489]]},"properties":{"r":1,"k":"road"}},{"type":"Feature","geometry":{"type":"LineString","coordinates":[[17.117867,48.147491],[17.11794,48.147552],[17.118391,48.147976],[17.118423,48.148007],[17.118463,48.148043],[17.118695,48.148262],[17.118726,48.148291],[17.119082,48.148626],[17.119129,48.148671],[17.119173,48.148711],[17.119211,48.148745],[17.119409,48.148934],[17.119439,48.148974],[17.119465,48.149039]]},"properties":{"r":0,"k":"road"}},{"type":"Feature","geometry":{"type":"LineString","coordinates":[[17.115786,48.143369],[17.115797,48.143257],[17.115828,48.14291],[17.115933,48.14271],[17.11598,48.142668]]},"properties":{"r":0,"k":"road"}},{"type":"Feature","geometry":{"type":"LineString","coordinates":[[17.117568,48.143801],[17.117595,48.143761],[17.117985,48.14323],[17.118305,48.142797],[17.118354,48.142733]]},"properties":{"r":0,"k":"road"}},{"type":"Feature","geometry":{"type":"LineString","coordinates":[[17.115217,48.148771],[17.116193,48.148211],[17.116234,48.148184],[17.116267,48.148164],[17.116305,48.148139],[17.116333,48.14812],[17.116361,48.148102]]},"properties":{"r":0,"k":"road"}},{"type":"Feature","geometry":{"type":"LineString","coordinates":[[17.119369,48.146399],[17.119435,48.14642],[17.120574,48.146813],[17.120679,48.146849]]},"properties":{"r":0,"k":"road"}},{"type":"Feature","geometry":{"type":"LineString","coordinates":[[17.124074,48.146548],[17.123906,48.146514]]},"properties":{"r":2,"k":"road"}},{"type":"Feature","geometry":{"type":"LineString","coordinates":[[17.114086,48.141363],[17.114461,48.141494]]},"properties":{"r":0,"k":"road"}},{"type":"Feature","geometry":{"type":"LineString","coordinates":[[17.112575,48.141571],[17.112631,48.141552]]},"properties":{"r":0,"k":"road"}},{"type":"Feature","geometry":{"type":"LineString","coordinates":[[17.137664,48.144746],[17.137715,48.144741],[17.138005,48.144711],[17.138355,48.144675],[17.138958,48.144613],[17.139319,48.144576],[17.139795,48.144527],[17.139927,48.144514]]},"properties":{"r":0,"k":"road"}},{"type":"Feature","geometry":{"type":"LineString","coordinates":[[17.120044,48.157705],[17.119818,48.15756],[17.119735,48.157506]]},"properties":{"r":2,"k":"road"}},{"type":"Feature","geometry":{"type":"LineString","coordinates":[[17.134578,48.145263],[17.134588,48.145279],[17.134638,48.145354],[17.134667,48.145377],[17.134708,48.145392],[17.134816,48.145419],[17.13488,48.14543]]},"properties":{"r":0,"k":"road"}},{"type":"Feature","geometry":{"type":"LineString","coordinates":[[17.134524,48.145069],[17.134491,48.145072],[17.134415,48.14508],[17.133787,48.145144],[17.133079,48.145217]]},"properties":{"r":0,"k":"road"}},{"type":"Feature","geometry":{"type":"LineString","coordinates":[[17.136216,48.147773],[17.136109,48.147761],[17.135662,48.147745]]},"properties":{"r":0,"k":"road"}},{"type":"Feature","geometry":{"type":"LineString","coordinates":[[17.135662,48.147745],[17.13566,48.147786],[17.135577,48.14904],[17.135581,48.149069],[17.135583,48.149092],[17.135602,48.149157],[17.135651,48.149232]]},"properties":{"r":0,"k":"road"}},{"type":"Feature","geometry":{"type":"LineString","coordinates":[[17.135651,48.149232],[17.135748,48.149388],[17.135792,48.149414],[17.137138,48.150205],[17.137765,48.150574],[17.138272,48.150872]]},"properties":{"r":0,"k":"road"}},{"type":"Feature","geometry":{"type":"LineString","coordinates":[[17.140347,48.147005],[17.140318,48.147061],[17.140239,48.147211],[17.140162,48.147356],[17.139323,48.148948],[17.139307,48.148979],[17.139294,48.149002]]},"properties":{"r":0,"k":"road"}},{"type":"Feature","geometry":{"type":"LineString","coordinates":[[17.138104,48.148753],[17.138718,48.147599],[17.138847,48.147559]]},"properties":{"r":0,"k":"road"}},{"type":"Feature","geometry":{"type":"LineString","coordinates":[[17.136858,48.146154],[17.136827,48.146208],[17.136647,48.146536],[17.136291,48.147634]]},"properties":{"r":0,"k":"road"}},{"type":"Feature","geometry":{"type":"LineString","coordinates":[[17.134502,48.1477],[17.13443,48.14772],[17.134347,48.147745],[17.133716,48.147928],[17.133652,48.147947],[17.133621,48.147956]]},"properties":{"r":0,"k":"road"}},{"type":"Feature","geometry":{"type":"LineString","coordinates":[[17.135511,48.149406],[17.135416,48.149427],[17.134667,48.149623],[17.134625,48.149639],[17.134607,48.149647]]},"properties":{"r":0,"k":"road"}},{"type":"Feature","geometry":{"type":"LineString","coordinates":[[17.131706,48.145764],[17.131607,48.14595]]},"properties":{"r":1,"k":"road"}},{"type":"Feature","geometry":{"type":"LineString","coordinates":[[17.115413,48.152307],[17.11547,48.152286],[17.116239,48.152003]]},"properties":{"r":0,"k":"road"}},{"type":"Feature","geometry":{"type":"LineString","coordinates":[[17.133502,48.151171],[17.133528,48.151211],[17.132166,48.152215],[17.13209,48.15227],[17.132035,48.152315]]},"properties":{"r":0,"k":"road"}},{"type":"Feature","geometry":{"type":"LineString","coordinates":[[17.125618,48.151412],[17.125549,48.151421],[17.125458,48.151435],[17.125244,48.151458],[17.125223,48.151462],[17.125208,48.151466],[17.125195,48.151468],[17.125184,48.151472],[17.12517,48.151477],[17.125149,48.151488],[17.125069,48.151533]]},"properties":{"r":0,"k":"road"}},{"type":"Feature","geometry":{"type":"LineString","coordinates":[[17.125373,48.15057],[17.125261,48.150587],[17.125205,48.150596],[17.125104,48.150619],[17.125025,48.150638],[17.124938,48.150664],[17.124845,48.150701],[17.124748,48.150748],[17.124655,48.150796],[17.124571,48.150846],[17.124526,48.150878],[17.124486,48.150912],[17.124263,48.151146],[17.124242,48.151169],[17.124223,48.151189]]},"properties":{"r":0,"k":"road"}},{"type":"Feature","geometry":{"type":"LineString","coordinates":[[17.118423,48.148007],[17.11848,48.147981],[17.119036,48.147723],[17.119097,48.14769],[17.119135,48.147657],[17.119444,48.147297],[17.119473,48.14726]]},"properties":{"r":0,"k":"road"}},{"type":"Feature","geometry":{"type":"LineString","coordinates":[[17.119097,48.14769],[17.119148,48.147721],[17.120013,48.148255]]},"properties":{"r":0,"k":"road"}},{"type":"Feature","geometry":{"type":"LineString","coordinates":[[17.117745,48.152167],[17.117885,48.152174],[17.117922,48.152168],[17.117957,48.15216],[17.117976,48.152154],[17.118034,48.152129],[17.118122,48.152077],[17.118133,48.15207],[17.118155,48.152057],[17.118175,48.152044],[17.118196,48.152032],[17.118239,48.152007]]},"properties":{"r":0,"k":"road"}},{"type":"Feature","geometry":{"type":"LineString","coordinates":[[17.119004,48.154327],[17.118915,48.154055],[17.118898,48.154005]]},"properties":{"r":0,"k":"road"}},{"type":"Feature","geometry":{"type":"LineString","coordinates":[[17.115293,48.154711],[17.115325,48.154749],[17.115619,48.155033],[17.115742,48.155144],[17.115817,48.155215],[17.115938,48.155327],[17.115981,48.155365]]},"properties":{"r":0,"k":"road"}},{"type":"Feature","geometry":{"type":"LineString","coordinates":[[17.115293,48.154711],[17.114681,48.154996],[17.114493,48.155086]]},"properties":{"r":0,"k":"road"}},{"type":"Feature","geometry":{"type":"LineString","coordinates":[[17.115567,48.154574],[17.115293,48.154711]]},"properties":{"r":0,"k":"road"}},{"type":"Feature","geometry":{"type":"LineString","coordinates":[[17.129259,48.152264],[17.129211,48.152255],[17.129167,48.152249],[17.128854,48.152211],[17.128806,48.152208],[17.128772,48.152208],[17.128743,48.152211],[17.128721,48.152215],[17.128638,48.152234],[17.12852,48.152263],[17.128291,48.15232],[17.128055,48.152391],[17.127722,48.1525],[17.127591,48.152552],[17.127287,48.15267],[17.126817,48.152868]]},"properties":{"r":0,"k":"road"}},{"type":"Feature","geometry":{"type":"LineString","coordinates":[[17.126869,48.153018],[17.127829,48.153145],[17.128035,48.153169],[17.128497,48.15323],[17.128781,48.153267],[17.128814,48.153272],[17.128875,48.15328]]},"properties":{"r":0,"k":"road"}},{"type":"Feature","geometry":{"type":"LineString","coordinates":[[17.132632,48.153149],[17.132645,48.153099],[17.132728,48.152768]]},"properties":{"r":0,"k":"road"}},{"type":"Feature","geometry":{"type":"LineString","coordinates":[[17.133039,48.1532],[17.133442,48.153252]]},"properties":{"r":0,"k":"road"}},{"type":"Feature","geometry":{"type":"LineString","coordinates":[[17.137015,48.150304],[17.136995,48.15032],[17.13697,48.15034],[17.136684,48.150567],[17.136141,48.150965],[17.136108,48.15099],[17.135615,48.151129],[17.135491,48.151164]]},"properties":{"r":0,"k":"road"}},{"type":"Feature","geometry":{"type":"LineString","coordinates":[[17.133741,48.150135],[17.133415,48.150382]]},"properties":{"r":0,"k":"road"}},{"type":"Feature","geometry":{"type":"LineString","coordinates":[[17.136913,48.148449],[17.138104,48.148753]]},"properties":{"r":0,"k":"road"}},{"type":"Feature","geometry":{"type":"LineString","coordinates":[[17.138847,48.147559],[17.138898,48.147646],[17.138293,48.148746]]},"properties":{"r":0,"k":"road"}},{"type":"Feature","geometry":{"type":"LineString","coordinates":[[17.113398,48.15243],[17.113733,48.15276],[17.113843,48.152872]]},"properties":{"r":2,"k":"road"}},{"type":"Feature","geometry":{"type":"LineString","coordinates":[[17.111035,48.154139],[17.111177,48.154073],[17.112075,48.153662],[17.112717,48.153369],[17.113104,48.153192]]},"properties":{"r":0,"k":"road"}},{"type":"Feature","geometry":{"type":"LineString","coordinates":[[17.121564,48.153739],[17.121503,48.153777],[17.121365,48.153854],[17.121252,48.153909]]},"properties":{"r":0,"k":"road"}},{"type":"Feature","geometry":{"type":"LineString","coordinates":[[17.136254,48.152854],[17.136065,48.152526]]},"properties":{"r":1,"k":"road"}},{"type":"Feature","geometry":{"type":"LineString","coordinates":[[17.13353,48.15287],[17.133758,48.152829],[17.133989,48.152788],[17.134457,48.152717],[17.134548,48.152701],[17.135138,48.152524],[17.135746,48.152339],[17.135851,48.152308],[17.135891,48.152295],[17.135925,48.152284]]},"properties":{"r":0,"k":"road"}},{"type":"Feature","geometry":{"type":"LineString","coordinates":[[17.135745,48.157775],[17.135789,48.157781],[17.135829,48.157786],[17.135933,48.1578],[17.136268,48.157846],[17.136314,48.157852],[17.136821,48.157922],[17.13689,48.157931],[17.137306,48.157988],[17.137409,48.158002]]},"properties":{"r":0,"k":"road"}},{"type":"Feature","geometry":{"type":"LineString","coordinates":[[17.137639,48.157207],[17.137606,48.15733],[17.137409,48.158002],[17.1374,48.15804],[17.137351,48.158216],[17.137311,48.158367],[17.137168,48.158898],[17.137069,48.159269],[17.136997,48.159534],[17.136977,48.159612],[17.136964,48.159652],[17.136951,48.159697],[17.136941,48.159732]]},"properties":{"r":0,"k":"road"}},{"type":"Feature","geometry":{"type":"LineString","coordinates":[[17.139772,48.158218],[17.139807,48.158179],[17.140171,48.157766],[17.140496,48.157398],[17.140697,48.157171]]},"properties":{"r":0,"k":"road"}},{"type":"Feature","geometry":{"type":"LineString","coordinates":[[17.13778,48.157192],[17.137836,48.157223],[17.138196,48.157419],[17.138669,48.15767],[17.138802,48.157742],[17.138887,48.157787],[17.139421,48.158053]]},"properties":{"r":0,"k":"road"}},{"type":"Feature","geometry":{"type":"LineString","coordinates":[[17.142954,48.154656],[17.142882,48.154662],[17.142809,48.154652],[17.142042,48.154549],[17.141955,48.154537],[17.14182,48.154519],[17.140494,48.154335],[17.140069,48.154279],[17.139385,48.154182],[17.139346,48.154173],[17.139313,48.154166],[17.13928,48.154156],[17.139251,48.154145],[17.139226,48.154136],[17.139199,48.154125],[17.139139,48.154097],[17.13896,48.15401],[17.138924,48.153991],[17.138897,48.153979]]},"properties":{"r":0,"k":"road"}},{"type":"Feature","geometry":{"type":"LineString","coordinates":[[17.137785,48.151952],[17.137698,48.151902],[17.137599,48.151846],[17.137546,48.151815],[17.137459,48.151765],[17.137387,48.151724],[17.137069,48.151541],[17.13681,48.151392],[17.136443,48.151182],[17.136268,48.151081],[17.136154,48.151016],[17.136108,48.15099]]},"properties":{"r":0,"k":"road"}},{"type":"Feature","geometry":{"type":"LineString","coordinates":[[17.121787,48.150276],[17.121895,48.150176],[17.122106,48.149783]]},"properties":{"r":0,"k":"road"}},{"type":"Feature","geometry":{"type":"LineString","coordinates":[[17.137777,48.138692],[17.134497,48.139229],[17.132877,48.139492],[17.1327,48.139522],[17.132505,48.139571],[17.132223,48.139662],[17.132023,48.139733],[17.131935,48.139766],[17.131831,48.139801],[17.131698,48.139841],[17.13125,48.13995],[17.13113,48.139978],[17.130989,48.140004],[17.130847,48.14003],[17.130711,48.140045],[17.130551,48.140057],[17.130437,48.140061],[17.130284,48.14006],[17.130119,48.140055],[17.129984,48.140042],[17.129843,48.14002],[17.129731,48.14],[17.129604,48.139972],[17.129486,48.139939],[17.129397,48.139913],[17.129279,48.13987],[17.129151,48.139815]]},"properties":{"r":1,"k":"rail"}},{"type":"Feature","geometry":{"type":"LineString","coordinates":[[17.129631,48.141689],[17.129418,48.141365],[17.128934,48.140561],[17.128892,48.14052],[17.128872,48.1405],[17.128802,48.140445],[17.128771,48.140421]]},"properties":{"r":0,"k":"road"}},{"type":"Feature","geometry":{"type":"LineString","coordinates":[[17.129269,48.140476],[17.129739,48.141262],[17.129845,48.141631]]},"properties":{"r":0,"k":"road"}},{"type":"Feature","geometry":{"type":"LineString","coordinates":[[17.128579,48.144472],[17.128901,48.144577],[17.129016,48.144581],[17.12919,48.144541]]},"properties":{"r":0,"k":"road"}},{"type":"Feature","geometry":{"type":"LineString","coordinates":[[17.128879,48.153943],[17.12893,48.153888],[17.12906,48.153785],[17.129441,48.153478],[17.129502,48.153429],[17.129529,48.153407],[17.129559,48.153382]]},"properties":{"r":0,"k":"road"}},{"type":"Feature","geometry":{"type":"LineString","coordinates":[[17.11349,48.143228],[17.113318,48.143351],[17.11324,48.14341],[17.11319,48.143461],[17.113153,48.143518]]},"properties":{"r":0,"k":"road"}},{"type":"Feature","geometry":{"type":"LineString","coordinates":[[17.115781,48.154427],[17.115726,48.154491],[17.11571,48.154501]]},"properties":{"r":0,"k":"road"}},{"type":"Feature","geometry":{"type":"LineString","coordinates":[[17.116481,48.156227],[17.116565,48.156195],[17.117248,48.155964],[17.117449,48.155849],[17.117479,48.155833],[17.117524,48.155809]]},"properties":{"r":0,"k":"road"}},{"type":"Feature","geometry":{"type":"LineString","coordinates":[[17.124952,48.149309],[17.125119,48.149281]]},"properties":{"r":0,"k":"road"}},{"type":"Feature","geometry":{"type":"LineString","coordinates":[[17.114493,48.155086],[17.11435,48.155152]]},"properties":{"r":0,"k":"road"}},{"type":"Feature","geometry":{"type":"LineString","coordinates":[[17.113299,48.156815],[17.113219,48.156835],[17.112481,48.157027]]},"properties":{"r":0,"k":"road"}},{"type":"Feature","geometry":{"type":"LineString","coordinates":[[17.12274,48.153535],[17.122854,48.153614],[17.123076,48.153791],[17.123218,48.153897],[17.12331,48.153958],[17.123494,48.154098]]},"properties":{"r":0,"k":"road"}},{"type":"Feature","geometry":{"type":"LineString","coordinates":[[17.12382,48.154344],[17.124103,48.154162],[17.124215,48.154089],[17.124308,48.153997],[17.12432,48.153986],[17.12443,48.153874],[17.124499,48.153768],[17.124553,48.153712],[17.124559,48.153706]]},"properties":{"r":0,"k":"road"}},{"type":"Feature","geometry":{"type":"LineString","coordinates":[[17.127179,48.158118],[17.127285,48.158065],[17.127344,48.157996],[17.127364,48.157918]]},"properties":{"r":2,"k":"road"}},{"type":"Feature","geometry":{"type":"LineString","coordinates":[[17.117586,48.153129],[17.117934,48.152986],[17.118289,48.152841],[17.118327,48.152827],[17.118356,48.152812]]},"properties":{"r":0,"k":"road"}},{"type":"Feature","geometry":{"type":"LineString","coordinates":[[17.129211,48.140601],[17.129463,48.141004]]},"properties":{"r":3,"k":"road"}},{"type":"Feature","geometry":{"type":"LineString","coordinates":[[17.114942,48.149687],[17.114193,48.149334],[17.114113,48.149298]]},"properties":{"r":1,"k":"road"}},{"type":"Feature","geometry":{"type":"LineString","coordinates":[[17.121981,48.14668],[17.122026,48.146599],[17.122353,48.146021],[17.122557,48.14566],[17.122578,48.145623],[17.122602,48.145581],[17.122839,48.14516],[17.12289,48.14507],[17.123119,48.144665],[17.123145,48.144616],[17.123169,48.144559]]},"properties":{"r":0,"k":"road"}},{"type":"Feature","geometry":{"type":"LineString","coordinates":[[17.131535,48.145782],[17.131316,48.145807],[17.131051,48.145836]]},"properties":{"r":2,"k":"road"}},{"type":"Feature","geometry":{"type":"LineString","coordinates":[[17.137938,48.146423],[17.137836,48.146395],[17.137215,48.14624],[17.136858,48.146154],[17.136191,48.14599],[17.135207,48.145751],[17.134794,48.145653],[17.134514,48.145598],[17.134343,48.145574]]},"properties":{"r":3,"k":"road"}},{"type":"Feature","geometry":{"type":"LineString","coordinates":[[17.138777,48.151165],[17.138713,48.151216],[17.138647,48.151268]]},"properties":{"r":1,"k":"road"}},{"type":"Feature","geometry":{"type":"LineString","coordinates":[[17.138105,48.151699],[17.138279,48.15156],[17.138559,48.151338],[17.138647,48.151268]]},"properties":{"r":1,"k":"road"}},{"type":"Feature","geometry":{"type":"LineString","coordinates":[[17.138777,48.151165],[17.138872,48.151221],[17.139483,48.151582],[17.139963,48.151865]]},"properties":{"r":0,"k":"road"}},{"type":"Feature","geometry":{"type":"LineString","coordinates":[[17.138647,48.151268],[17.138559,48.151216],[17.137648,48.150678],[17.137015,48.150304],[17.136366,48.149921],[17.135591,48.149462],[17.135511,48.149406]]},"properties":{"r":0,"k":"road"}},{"type":"Feature","geometry":{"type":"LineString","coordinates":[[17.140435,48.152311],[17.14038,48.152279],[17.140349,48.152262],[17.13966,48.151865],[17.139208,48.151599]]},"properties":{"r":0,"k":"road"}},{"type":"Feature","geometry":{"type":"LineString","coordinates":[[17.117594,48.150506],[17.117359,48.149987],[17.117231,48.149703],[17.11719,48.149619],[17.11715,48.149537]]},"properties":{"r":0,"k":"road"}},{"type":"Feature","geometry":{"type":"LineString","coordinates":[[17.118021,48.150688],[17.11807,48.150709],[17.118329,48.150825],[17.118941,48.151109]]},"properties":{"r":1,"k":"road"}},{"type":"Feature","geometry":{"type":"LineString","coordinates":[[17.120382,48.151783],[17.120603,48.151873]]},"properties":{"r":1,"k":"road"}},{"type":"Feature","geometry":{"type":"LineString","coordinates":[[17.129563,48.154238],[17.129373,48.154213],[17.128933,48.154161],[17.128892,48.154156]]},"properties":{"r":1,"k":"road"}},{"type":"Feature","geometry":{"type":"LineString","coordinates":[[17.131706,48.145764],[17.131535,48.145782]]},"properties":{"r":2,"k":"road"}},{"type":"Feature","geometry":{"type":"LineString","coordinates":[[17.119284,48.157725],[17.119268,48.157723],[17.118646,48.157607],[17.118238,48.15753]]},"properties":{"r":3,"k":"road"}},{"type":"Feature","geometry":{"type":"LineString","coordinates":[[17.124403,48.147847],[17.124298,48.147578],[17.124201,48.147273]]},"properties":{"r":2,"k":"road"}},{"type":"Feature","geometry":{"type":"LineString","coordinates":[[17.128691,48.148127],[17.12887,48.148171],[17.128935,48.148187],[17.129741,48.148384],[17.12994,48.148433],[17.130238,48.148506],[17.130403,48.148546],[17.130496,48.148569]]},"properties":{"r":0,"k":"road"}},{"type":"Feature","geometry":{"type":"LineString","coordinates":[[17.125935,48.146387],[17.125191,48.146451]]},"properties":{"r":2,"k":"road"}},{"type":"Feature","geometry":{"type":"LineString","coordinates":[[17.130556,48.157847],[17.130499,48.15813],[17.130577,48.158225]]},"properties":{"r":1,"k":"road"}},{"type":"Feature","geometry":{"type":"LineString","coordinates":[[17.120204,48.148946],[17.120166,48.148975],[17.120144,48.148987],[17.12012,48.148995],[17.120102,48.149002],[17.120084,48.149006],[17.120048,48.149009]]},"properties":{"r":1,"k":"road"}},{"type":"Feature","geometry":{"type":"LineString","coordinates":[[17.115808,48.146],[17.115991,48.145725],[17.116019,48.145682],[17.116434,48.145058],[17.116481,48.144996],[17.116537,48.14493]]},"properties":{"r":0,"k":"road"}},{"type":"Feature","geometry":{"type":"LineString","coordinates":[[17.134174,48.154818],[17.134311,48.154835],[17.134593,48.154878],[17.135502,48.154998],[17.135793,48.155036]]},"properties":{"r":1,"k":"road"}},{"type":"Feature","geometry":{"type":"LineString","coordinates":[[17.13673,48.155154],[17.138017,48.155318],[17.140139,48.155588]]},"properties":{"r":1,"k":"road"}},{"type":"Feature","geometry":{"type":"LineString","coordinates":[[17.136458,48.155252],[17.135605,48.155147]]},"properties":{"r":1,"k":"road"}},{"type":"Feature","geometry":{"type":"LineString","coordinates":[[17.114831,48.156812],[17.114865,48.156742],[17.114913,48.156564],[17.114921,48.156522],[17.114907,48.156273],[17.11482,48.155966],[17.114748,48.155736],[17.114715,48.155685]]},"properties":{"r":0,"k":"road"}},{"type":"Feature","geometry":{"type":"LineString","coordinates":[[17.135254,48.143964],[17.135262,48.144],[17.135356,48.144418],[17.135364,48.144455]]},"properties":{"r":0,"k":"road"}},{"type":"Feature","geometry":{"type":"LineString","coordinates":[[17.134913,48.1445],[17.134905,48.144462],[17.134803,48.144006]]},"properties":{"r":0,"k":"road"}},{"type":"Feature","geometry":{"type":"LineString","coordinates":[[17.133894,48.144603],[17.133887,48.144567],[17.13373,48.143864],[17.133714,48.14379]]},"properties":{"r":0,"k":"road"}},{"type":"Feature","geometry":{"type":"LineString","coordinates":[[17.13324,48.143838],[17.133255,48.143914],[17.13342,48.144621],[17.133426,48.144651]]},"properties":{"r":0,"k":"road"}},{"type":"Feature","geometry":{"type":"LineString","coordinates":[[17.132775,48.143882],[17.132847,48.143875],[17.13324,48.143838],[17.133714,48.14379],[17.134148,48.143748],[17.134211,48.143742]]},"properties":{"r":0,"k":"road"}},{"type":"Feature","geometry":{"type":"LineString","coordinates":[[17.127675,48.158122],[17.127364,48.157918]]},"properties":{"r":1,"k":"road"}},{"type":"Feature","geometry":{"type":"LineString","coordinates":[[17.118973,48.143301],[17.119025,48.143318],[17.119687,48.143529],[17.120396,48.143758],[17.120819,48.14389],[17.121037,48.143958],[17.121137,48.143991]]},"properties":{"r":0,"k":"road"}},{"type":"Feature","geometry":{"type":"LineString","coordinates":[[17.121339,48.143713],[17.121261,48.143687],[17.12065,48.143487],[17.119904,48.143242],[17.119764,48.143196],[17.11929,48.143041],[17.119252,48.143028],[17.119184,48.143006]]},"properties":{"r":0,"k":"road"}},{"type":"Feature","geometry":{"type":"LineString","coordinates":[[17.122993,48.144256],[17.122839,48.144205],[17.122409,48.144064],[17.121851,48.143881],[17.121401,48.143733],[17.121339,48.143713]]},"properties":{"r":0,"k":"road"}},{"type":"Feature","geometry":{"type":"LineString","coordinates":[[17.113795,48.149416],[17.113891,48.149509],[17.114062,48.149659],[17.114136,48.149729],[17.114347,48.149922],[17.114628,48.150157],[17.114685,48.150208],[17.114981,48.150439],[17.115247,48.150627],[17.115613,48.150852],[17.115999,48.151106],[17.116457,48.151387],[17.116998,48.151719],[17.117075,48.151768],[17.117149,48.151815]]},"properties":{"r":0,"k":"road"}},{"type":"Feature","geometry":{"type":"LineString","coordinates":[[17.119142,48.154332],[17.119153,48.154369],[17.119246,48.15467],[17.119253,48.154693],[17.119263,48.154724]]},"properties":{"r":2,"k":"road"}},{"type":"Feature","geometry":{"type":"LineString","coordinates":[[17.117047,48.151915],[17.116992,48.151902],[17.116923,48.151895],[17.116858,48.151893],[17.116812,48.151892],[17.116726,48.151896],[17.11667,48.151902],[17.116605,48.151913],[17.116574,48.15192],[17.116239,48.152003]]},"properties":{"r":0,"k":"road"}},{"type":"Feature","geometry":{"type":"LineString","coordinates":[[17.119004,48.154327],[17.119052,48.154329]]},"properties":{"r":2,"k":"road"}},{"type":"Feature","geometry":{"type":"LineString","coordinates":[[17.116887,48.15181],[17.116703,48.15169],[17.116629,48.151642],[17.116434,48.151525]]},"properties":{"r":0,"k":"road"}},{"type":"Feature","geometry":{"type":"LineString","coordinates":[[17.120472,48.157721],[17.120653,48.157728],[17.120966,48.157742],[17.121137,48.157756],[17.121432,48.157793],[17.12181,48.157819],[17.122349,48.157846],[17.122905,48.157883],[17.123457,48.157918],[17.124273,48.15797],[17.125284,48.158033],[17.125421,48.158043],[17.125816,48.158071],[17.126763,48.158106],[17.126923,48.158111]]},"properties":{"r":3,"k":"road"}},{"type":"Feature","geometry":{"type":"LineString","coordinates":[[17.124947,48.155796],[17.124859,48.155723]]},"properties":{"r":1,"k":"road"}},{"type":"Feature","geometry":{"type":"LineString","coordinates":[[17.122191,48.153646],[17.122156,48.153618],[17.122112,48.153585],[17.121991,48.153494],[17.121828,48.153373],[17.121782,48.153333]]},"properties":{"r":1,"k":"road"}},{"type":"Feature","geometry":{"type":"LineString","coordinates":[[17.128242,48.154361],[17.128214,48.15442],[17.12809,48.154529],[17.127954,48.15461],[17.127812,48.154706],[17.127752,48.154746]]},"properties":{"r":0,"k":"road"}},{"type":"Feature","geometry":{"type":"LineString","coordinates":[[17.12809,48.154529],[17.128124,48.154553],[17.128779,48.155047],[17.128963,48.155185],[17.129026,48.155231],[17.129362,48.155482],[17.129604,48.155663],[17.129721,48.155753],[17.129783,48.155796]]},"properties":{"r":0,"k":"road"}},{"type":"Feature","geometry":{"type":"LineString","coordinates":[[17.131884,48.155545],[17.131796,48.155532],[17.13102,48.155416],[17.130884,48.155396],[17.130546,48.155344],[17.130508,48.155338],[17.130474,48.155333]]},"properties":{"r":0,"k":"road"}},{"type":"Feature","geometry":{"type":"LineString","coordinates":[[17.121886,48.156026],[17.121705,48.156082],[17.121804,48.156226],[17.121905,48.156377],[17.122017,48.156542],[17.122075,48.156626],[17.122076,48.156674],[17.122082,48.156707]]},"properties":{"r":0,"k":"road"}},{"type":"Feature","geometry":{"type":"LineString","coordinates":[[17.1221,48.155954],[17.122137,48.156008],[17.122164,48.156048],[17.122205,48.156108],[17.122419,48.15642],[17.122466,48.156489],[17.122474,48.156501],[17.122522,48.156571]]},"properties":{"r":0,"k":"road"}},{"type":"Feature","geometry":{"type":"LineString","coordinates":[[17.124356,48.155688],[17.12433,48.155674],[17.124191,48.155597],[17.124157,48.155577],[17.123543,48.155227],[17.122946,48.154887]]},"properties":{"r":0,"k":"road"}},{"type":"Feature","geometry":{"type":"LineString","coordinates":[[17.118887,48.147013],[17.118904,48.146992],[17.119166,48.146657],[17.119369,48.146399]]},"properties":{"r":0,"k":"road"}},{"type":"Feature","geometry":{"type":"LineString","coordinates":[[17.11276,48.154521],[17.111896,48.154899],[17.111887,48.154905],[17.111868,48.154915],[17.11182,48.154942]]},"properties":{"r":0,"k":"road"}},{"type":"Feature","geometry":{"type":"LineString","coordinates":[[17.130038,48.155632],[17.130272,48.1558],[17.130341,48.15585],[17.130665,48.156078],[17.130872,48.156226],[17.13113,48.156409],[17.13144,48.156629]]},"properties":{"r":0,"k":"road"}},{"type":"Feature","geometry":{"type":"LineString","coordinates":[[17.121889,48.142945],[17.121972,48.143]]},"properties":{"r":2,"k":"road"}},{"type":"Feature","geometry":{"type":"LineString","coordinates":[[17.121972,48.143],[17.122082,48.143074],[17.122201,48.143169]]},"properties":{"r":2,"k":"road"}},{"type":"Feature","geometry":{"type":"LineString","coordinates":[[17.121801,48.143092],[17.121696,48.143027],[17.12146,48.142892],[17.121343,48.142822],[17.121216,48.142754],[17.120964,48.142637]]},"properties":{"r":2,"k":"road"}},{"type":"Feature","geometry":{"type":"LineString","coordinates":[[17.116538,48.141077],[17.116495,48.141065],[17.116383,48.14103],[17.116285,48.141005],[17.116105,48.140968]]},"properties":{"r":2,"k":"road"}},{"type":"Feature","geometry":{"type":"LineString","coordinates":[[17.124908,48.142015],[17.124884,48.141858],[17.124876,48.141808],[17.124866,48.141741],[17.124787,48.141227],[17.124723,48.140811],[17.124714,48.140755],[17.124716,48.140737],[17.124728,48.140716],[17.124751,48.1407]]},"properties":{"r":0,"k":"road"}},{"type":"Feature","geometry":{"type":"LineString","coordinates":[[17.121972,48.143],[17.121914,48.143024],[17.121858,48.143053],[17.121801,48.143092]]},"properties":{"r":1,"k":"road"}},{"type":"Feature","geometry":{"type":"LineString","coordinates":[[17.124908,48.142128],[17.124869,48.142206]]},"properties":{"r":0,"k":"road"}},{"type":"Feature","geometry":{"type":"LineString","coordinates":[[17.124681,48.142489],[17.125051,48.142465]]},"properties":{"r":1,"k":"road"}},{"type":"Feature","geometry":{"type":"LineString","coordinates":[[17.130195,48.142171],[17.130269,48.142292]]},"properties":{"r":3,"k":"road"}},{"type":"Feature","geometry":{"type":"LineString","coordinates":[[17.130269,48.142292],[17.130308,48.14236],[17.130318,48.142376],[17.130433,48.142573]]},"properties":{"r":3,"k":"road"}},{"type":"Feature","geometry":{"type":"LineString","coordinates":[[17.130033,48.142295],[17.129946,48.142173]]},"properties":{"r":3,"k":"road"}},{"type":"Feature","geometry":{"type":"LineString","coordinates":[[17.129946,48.142173],[17.129895,48.142099],[17.129754,48.141874]]},"properties":{"r":3,"k":"road"}},{"type":"Feature","geometry":{"type":"LineString","coordinates":[[17.129655,48.1423],[17.129029,48.142311],[17.128486,48.142339],[17.127947,48.14238]]},"properties":{"r":1,"k":"road"}},{"type":"Feature","geometry":{"type":"LineString","coordinates":[[17.129946,48.142173],[17.130195,48.142171]]},"properties":{"r":2,"k":"road"}},{"type":"Feature","geometry":{"type":"LineString","coordinates":[[17.130644,48.142291],[17.130569,48.142361],[17.13052,48.142399],[17.130478,48.142455],[17.130433,48.142573]]},"properties":{"r":2,"k":"road"}},{"type":"Feature","geometry":{"type":"LineString","coordinates":[[17.136534,48.152945],[17.136426,48.15303],[17.136297,48.153134]]},"properties":{"r":1,"k":"road"}},{"type":"Feature","geometry":{"type":"LineString","coordinates":[[17.123906,48.146514],[17.123786,48.14651],[17.123061,48.146583]]},"properties":{"r":1,"k":"road"}},{"type":"Feature","geometry":{"type":"LineString","coordinates":[[17.132085,48.145725],[17.131863,48.145751],[17.131706,48.145764]]},"properties":{"r":2,"k":"road"}},{"type":"Feature","geometry":{"type":"LineString","coordinates":[[17.134313,48.149144],[17.134377,48.149253],[17.134439,48.149359]]},"properties":{"r":1,"k":"road"}},{"type":"Feature","geometry":{"type":"LineString","coordinates":[[17.128661,48.15539],[17.12871,48.155357],[17.128924,48.155212],[17.128963,48.155185]]},"properties":{"r":0,"k":"road"}},{"type":"Feature","geometry":{"type":"LineString","coordinates":[[17.129628,48.154965],[17.129563,48.154917],[17.129651,48.15484],[17.129489,48.154711],[17.129143,48.154462]]},"properties":{"r":0,"k":"road"}},{"type":"Feature","geometry":{"type":"LineString","coordinates":[[17.128242,48.154361],[17.128721,48.154411],[17.129143,48.154462],[17.130039,48.154572]]},"properties":{"r":0,"k":"road"}},{"type":"Feature","geometry":{"type":"LineString","coordinates":[[17.119695,48.145976],[17.119671,48.146007],[17.119649,48.146035],[17.119369,48.146399]]},"properties":{"r":0,"k":"road"}},{"type":"Feature","geometry":{"type":"LineString","coordinates":[[17.113412,48.143164],[17.113363,48.143117],[17.113276,48.143032],[17.113047,48.142784],[17.112846,48.142497],[17.112832,48.142477],[17.112769,48.142256],[17.112594,48.141642],[17.112575,48.141571]]},"properties":{"r":0,"k":"road"}},{"type":"Feature","geometry":{"type":"LineString","coordinates":[[17.116024,48.159004],[17.11598,48.158951],[17.115646,48.158553],[17.115092,48.157892],[17.11482,48.157571],[17.114793,48.157534]]},"properties":{"r":0,"k":"road"}},{"type":"Feature","geometry":{"type":"LineString","coordinates":[[17.113319,48.147593],[17.113372,48.147562],[17.11367,48.147387],[17.114652,48.14681],[17.11468,48.146794],[17.114715,48.146773]]},"properties":{"r":0,"k":"road"}},{"type":"Feature","geometry":{"type":"LineString","coordinates":[[17.112811,48.14792],[17.113273,48.147623],[17.113319,48.147593]]},"properties":{"r":0,"k":"road"}},{"type":"Feature","geometry":{"type":"LineString","coordinates":[[17.111396,48.149027],[17.111659,48.14904],[17.111752,48.149042],[17.111843,48.149041],[17.111926,48.14904],[17.11201,48.149036],[17.112104,48.14903],[17.112195,48.149019],[17.112284,48.149009],[17.112373,48.148996],[17.11246,48.14898],[17.112547,48.14896],[17.112686,48.148924],[17.112827,48.148884]]},"properties":{"r":0,"k":"road"}},{"type":"Feature","geometry":{"type":"LineString","coordinates":[[17.140827,48.156435],[17.140622,48.156409],[17.140021,48.156333],[17.139979,48.156328],[17.139939,48.156322],[17.139378,48.156251]]},"properties":{"r":0,"k":"road"}},{"type":"Feature","geometry":{"type":"LineString","coordinates":[[17.128242,48.154361],[17.128115,48.15432],[17.128026,48.154305],[17.127794,48.154274],[17.127572,48.154252],[17.127174,48.154223],[17.127065,48.154211]]},"properties":{"r":0,"k":"road"}},{"type":"Feature","geometry":{"type":"LineString","coordinates":[[17.122378,48.149275],[17.122964,48.149335],[17.123526,48.149391],[17.123684,48.149411]]},"properties":{"r":0,"k":"road"}},{"type":"Feature","geometry":{"type":"LineString","coordinates":[[17.139378,48.156251],[17.139066,48.156208],[17.138657,48.156152]]},"properties":{"r":0,"k":"road"}},{"type":"Feature","geometry":{"type":"LineString","coordinates":[[17.114356,48.148407],[17.114325,48.148383],[17.114132,48.148232],[17.113356,48.147623],[17.113319,48.147593]]},"properties":{"r":0,"k":"road"}},{"type":"Feature","geometry":{"type":"LineString","coordinates":[[17.114356,48.148407],[17.113925,48.148689],[17.113538,48.148943]]},"properties":{"r":0,"k":"road"}},{"type":"Feature","geometry":{"type":"LineString","coordinates":[[17.11536,48.141866],[17.115407,48.141821],[17.115439,48.141798],[17.11548,48.141769],[17.116084,48.141365]]},"properties":{"r":0,"k":"road"}},{"type":"Feature","geometry":{"type":"LineString","coordinates":[[17.121614,48.156469],[17.121512,48.1565],[17.121474,48.156514],[17.121346,48.156554],[17.121052,48.156647],[17.120824,48.156719]]},"properties":{"r":0,"k":"road"}},{"type":"Feature","geometry":{"type":"LineString","coordinates":[[17.125717,48.153037],[17.12551,48.152958],[17.125184,48.152832],[17.124707,48.152641],[17.124323,48.152488],[17.124261,48.152477]]},"properties":{"r":0,"k":"road"}},{"type":"Feature","geometry":{"type":"LineString","coordinates":[[17.115825,48.153847],[17.115388,48.153182],[17.115306,48.153065],[17.115012,48.152639],[17.11499,48.152606],[17.114977,48.152589],[17.114973,48.152581],[17.114946,48.152549],[17.11491,48.15249]]},"properties":{"r":0,"k":"road"}},{"type":"Feature","geometry":{"type":"LineString","coordinates":[[17.123599,48.15799],[17.123591,48.158042],[17.123571,48.158192],[17.123529,48.158501],[17.123503,48.158716],[17.123497,48.158737]]},"properties":{"r":0,"k":"road"}},{"type":"Feature","geometry":{"type":"LineString","coordinates":[[17.117182,48.152239],[17.116716,48.1525],[17.11656,48.152585]]},"properties":{"r":0,"k":"road"}},{"type":"Feature","geometry":{"type":"LineString","coordinates":[[17.120946,48.152003],[17.120873,48.152072],[17.120657,48.152241],[17.120638,48.152267],[17.120625,48.152284]]},"properties":{"r":0,"k":"road"}},{"type":"Feature","geometry":{"type":"LineString","coordinates":[[17.118489,48.152717],[17.118475,48.152727],[17.118436,48.152756],[17.118398,48.152784],[17.118356,48.152812]]},"properties":{"r":0,"k":"road"}},{"type":"Feature","geometry":{"type":"LineString","coordinates":[[17.135361,48.149119],[17.135521,48.14915],[17.135602,48.149157]]},"properties":{"r":0,"k":"road"}},{"type":"Feature","geometry":{"type":"LineString","coordinates":[[17.134421,48.147571],[17.135331,48.147602],[17.135489,48.147607],[17.136257,48.147633],[17.136291,48.147634]]},"properties":{"r":0,"k":"road"}},{"type":"Feature","geometry":{"type":"LineString","coordinates":[[17.114097,48.140062],[17.114098,48.140098],[17.114117,48.140484],[17.114119,48.140515],[17.114121,48.140551]]},"properties":{"r":0,"k":"road"}},{"type":"Feature","geometry":{"type":"LineString","coordinates":[[17.137809,48.145191],[17.137761,48.145139],[17.137723,48.145095]]},"properties":{"r":0,"k":"road"}},{"type":"Feature","geometry":{"type":"LineString","coordinates":[[17.123186,48.1443],[17.123248,48.144403],[17.123308,48.144515],[17.123379,48.144673],[17.123421,48.144769]]},"properties":{"r":2,"k":"road"}},{"type":"Feature","geometry":{"type":"LineString","coordinates":[[17.119983,48.144393],[17.119878,48.144368],[17.118953,48.144143],[17.118517,48.144037],[17.118457,48.144023]]},"properties":{"r":0,"k":"road"}},{"type":"Feature","geometry":{"type":"LineString","coordinates":[[17.11571,48.154501],[17.115567,48.154574]]},"properties":{"r":0,"k":"road"}},{"type":"Feature","geometry":{"type":"LineString","coordinates":[[17.129639,48.151257],[17.129698,48.151266],[17.130024,48.151319],[17.130115,48.151353],[17.13022,48.151391],[17.130229,48.151394],[17.130793,48.15162],[17.13082,48.151631],[17.131004,48.151704],[17.131055,48.151725],[17.131338,48.151888],[17.131368,48.151905],[17.13141,48.15193]]},"properties":{"r":0,"k":"road"}},{"type":"Feature","geometry":{"type":"LineString","coordinates":[[17.116239,48.152003],[17.116555,48.151892],[17.116637,48.151867],[17.116706,48.151848],[17.116777,48.151829],[17.116887,48.15181]]},"properties":{"r":0,"k":"road"}},{"type":"Feature","geometry":{"type":"LineString","coordinates":[[17.135909,48.153441],[17.136297,48.153134]]},"properties":{"r":1,"k":"road"}},{"type":"Feature","geometry":{"type":"LineString","coordinates":[[17.130556,48.157847],[17.130405,48.158089],[17.130383,48.158126],[17.13033,48.158195]]},"properties":{"r":1,"k":"road"}},{"type":"Feature","geometry":{"type":"LineString","coordinates":[[17.125727,48.153815],[17.125689,48.15394],[17.125615,48.154176]]},"properties":{"r":2,"k":"road"}},{"type":"Feature","geometry":{"type":"LineString","coordinates":[[17.125091,48.155692],[17.125049,48.155744],[17.125017,48.155764],[17.124947,48.155796]]},"properties":{"r":2,"k":"road"}},{"type":"Feature","geometry":{"type":"LineString","coordinates":[[17.125091,48.155692],[17.125212,48.155785],[17.125571,48.156071],[17.126502,48.156784]]},"properties":{"r":1,"k":"road"}},{"type":"Feature","geometry":{"type":"LineString","coordinates":[[17.127364,48.157918],[17.126945,48.157583]]},"properties":{"r":1,"k":"road"}},{"type":"Feature","geometry":{"type":"LineString","coordinates":[[17.125815,48.151591],[17.12585,48.151838],[17.125859,48.151908],[17.125876,48.152056],[17.125894,48.15228],[17.1259,48.152429],[17.125898,48.152577],[17.125894,48.152733],[17.125882,48.152896]]},"properties":{"r":2,"k":"road"}},{"type":"Feature","geometry":{"type":"LineString","coordinates":[[17.124859,48.155723],[17.124903,48.155676],[17.124923,48.155645],[17.124955,48.155592]]},"properties":{"r":2,"k":"road"}},{"type":"Feature","geometry":{"type":"LineString","coordinates":[[17.125703,48.158135],[17.125096,48.158093],[17.123599,48.15799],[17.122469,48.157913],[17.121475,48.157855],[17.121125,48.157812]]},"properties":{"r":3,"k":"road"}},{"type":"Feature","geometry":{"type":"LineString","coordinates":[[17.136392,48.155488],[17.136248,48.155997],[17.136006,48.156853],[17.135843,48.157429]]},"properties":{"r":1,"k":"road"}},{"type":"Feature","geometry":{"type":"LineString","coordinates":[[17.119285,48.140977],[17.11978,48.140938],[17.12007,48.140915]]},"properties":{"r":0,"k":"road"}},{"type":"Feature","geometry":{"type":"LineString","coordinates":[[17.1199,48.142149],[17.120421,48.142355],[17.121013,48.142561]]},"properties":{"r":2,"k":"road"}},{"type":"Feature","geometry":{"type":"LineString","coordinates":[[17.122163,48.141588],[17.122142,48.141458],[17.122116,48.141333],[17.122078,48.141234],[17.122035,48.141175]]},"properties":{"r":0,"k":"road"}},{"type":"Feature","geometry":{"type":"LineString","coordinates":[[17.11735,48.141237],[17.117588,48.141252],[17.117686,48.141252],[17.117739,48.141247]]},"properties":{"r":0,"k":"road"}},{"type":"Feature","geometry":{"type":"LineString","coordinates":[[17.117866,48.141396],[17.117976,48.141431],[17.118197,48.141518]]},"properties":{"r":2,"k":"road"}},{"type":"Feature","geometry":{"type":"LineString","coordinates":[[17.120044,48.157705],[17.120332,48.157716],[17.120386,48.157718],[17.120472,48.157721]]},"properties":{"r":3,"k":"road"}},{"type":"Feature","geometry":{"type":"LineString","coordinates":[[17.120522,48.157787],[17.120607,48.157881],[17.120694,48.157981],[17.120867,48.158181]]},"properties":{"r":2,"k":"road"}},{"type":"Feature","geometry":{"type":"LineString","coordinates":[[17.120522,48.157787],[17.120448,48.157789],[17.120391,48.15779],[17.120181,48.157796]]},"properties":{"r":3,"k":"road"}},{"type":"Feature","geometry":{"type":"LineString","coordinates":[[17.120181,48.157796],[17.119906,48.157792],[17.119553,48.157765],[17.119403,48.157747],[17.119284,48.157725]]},"properties":{"r":3,"k":"road"}},{"type":"Feature","geometry":{"type":"LineString","coordinates":[[17.12016,48.157331],[17.120392,48.157628],[17.120472,48.157721]]},"properties":{"r":2,"k":"road"}},{"type":"Feature","geometry":{"type":"LineString","coordinates":[[17.118489,48.152717],[17.118564,48.152794],[17.118725,48.153031],[17.118768,48.153169],[17.118827,48.153353],[17.118843,48.153416]]},"properties":{"r":0,"k":"road"}},{"type":"Feature","geometry":{"type":"LineString","coordinates":[[17.117276,48.149557],[17.117305,48.149619],[17.117503,48.150038],[17.117516,48.150067],[17.11753,48.150098],[17.117554,48.15014],[17.117607,48.150231],[17.117653,48.150306],[17.11775,48.150464],[17.117798,48.150545],[17.117808,48.150558],[17.117811,48.150563],[17.117816,48.150569],[17.117821,48.150573],[17.117826,48.150579],[17.117839,48.15059],[17.117858,48.150606],[17.117878,48.150619],[17.117898,48.150631],[17.117918,48.150641],[17.117934,48.150648],[17.118021,48.150688]]},"properties":{"r":0,"k":"road"}},{"type":"Feature","geometry":{"type":"LineString","coordinates":[[17.11715,48.149537],[17.117049,48.149326],[17.116954,48.149134],[17.116938,48.149101],[17.116872,48.148975],[17.116838,48.148919],[17.11678,48.148862],[17.116753,48.14884],[17.116691,48.148763],[17.116397,48.148346],[17.116344,48.148271],[17.116305,48.148216],[17.116267,48.148164],[17.116224,48.148116],[17.116176,48.148073],[17.115619,48.147572],[17.115499,48.147466],[17.115289,48.147281],[17.115269,48.147264],[17.114994,48.147018],[17.114715,48.146773]]},"properties":{"r":0,"k":"road"}},{"type":"Feature","geometry":{"type":"LineString","coordinates":[[17.115955,48.141374],[17.116001,48.141373],[17.116084,48.141365]]},"properties":{"r":0,"k":"road"}},{"type":"Feature","geometry":{"type":"LineString","coordinates":[[17.111846,48.141074],[17.112317,48.141343],[17.112429,48.141433],[17.112511,48.14151],[17.112575,48.141571]]},"properties":{"r":0,"k":"road"}},{"type":"Feature","geometry":{"type":"LineString","coordinates":[[17.14015,48.142021],[17.138691,48.142066],[17.13669,48.142128],[17.136573,48.142132],[17.135902,48.142153]]},"properties":{"r":2,"k":"road"}},{"type":"Feature","geometry":{"type":"LineString","coordinates":[[17.141607,48.147295],[17.141535,48.147407],[17.141254,48.147848],[17.141239,48.147872],[17.141171,48.147978],[17.141009,48.148232],[17.140738,48.148658],[17.140618,48.148846],[17.140443,48.149119],[17.140341,48.149281],[17.140261,48.149406],[17.140156,48.14957],[17.140067,48.149709],[17.139869,48.15002],[17.139852,48.150047],[17.139737,48.150227],[17.139671,48.150322],[17.139614,48.150397],[17.139506,48.150525],[17.139399,48.15064]]},"properties":{"r":1,"k":"road"}},{"type":"Feature","geometry":{"type":"LineString","coordinates":[[17.137994,48.146318],[17.137938,48.146423]]},"properties":{"r":0,"k":"road"}},{"type":"Feature","geometry":{"type":"LineString","coordinates":[[17.137994,48.146318],[17.139183,48.146608],[17.139443,48.146677],[17.14001,48.14681],[17.140617,48.146938]]},"properties":{"r":3,"k":"road"}},{"type":"Feature","geometry":{"type":"LineString","coordinates":[[17.136633,48.149002],[17.136913,48.148449],[17.137137,48.148006],[17.13777,48.146756],[17.13791,48.146479],[17.137938,48.146423]]},"properties":{"r":0,"k":"road"}},{"type":"Feature","geometry":{"type":"LineString","coordinates":[[17.128119,48.134352],[17.128007,48.134674],[17.127947,48.134882],[17.127905,48.135092],[17.127881,48.135308],[17.127877,48.135418],[17.12788,48.135525],[17.127886,48.135671],[17.127899,48.135816],[17.127918,48.135963],[17.127941,48.136108],[17.127988,48.136394],[17.128331,48.138267],[17.128403,48.138626],[17.128486,48.138982],[17.128572,48.13928],[17.128641,48.139475],[17.128719,48.139657],[17.128921,48.140105],[17.129211,48.140601]]},"properties":{"r":3,"k":"road"}},{"type":"Feature","geometry":{"type":"LineString","coordinates":[[17.113192,48.156495],[17.113371,48.156529],[17.113925,48.156635],[17.114831,48.156812]]},"properties":{"r":3,"k":"road"}},{"type":"Feature","geometry":{"type":"LineString","coordinates":[[17.113222,48.156568],[17.113109,48.156547],[17.112895,48.156506],[17.112506,48.156432],[17.112109,48.156355],[17.110938,48.156128],[17.110772,48.156096],[17.110569,48.156058],[17.110192,48.155985],[17.10982,48.155914]]},"properties":{"r":3,"k":"road"}},{"type":"Feature","geometry":{"type":"LineString","coordinates":[[17.132847,48.150802],[17.132903,48.150761],[17.133415,48.150382]]},"properties":{"r":0,"k":"road"}},{"type":"Feature","geometry":{"type":"LineString","coordinates":[[17.124955,48.155592],[17.125091,48.155692]]},"properties":{"r":1,"k":"road"}},{"type":"Feature","geometry":{"type":"LineString","coordinates":[[17.1246,48.142606],[17.12453,48.142703],[17.124276,48.143052]]},"properties":{"r":0,"k":"road"}},{"type":"Feature","geometry":{"type":"LineString","coordinates":[[17.13355,48.154755],[17.133983,48.154801],[17.134174,48.154818]]},"properties":{"r":1,"k":"road"}},{"type":"Feature","geometry":{"type":"LineString","coordinates":[[17.117816,48.141472],[17.117783,48.141555],[17.117474,48.142401],[17.117462,48.14244]]},"properties":{"r":0,"k":"road"}},{"type":"Feature","geometry":{"type":"LineString","coordinates":[[17.119691,48.142062],[17.119722,48.142132],[17.119737,48.142177]]},"properties":{"r":0,"k":"road"}},{"type":"Feature","geometry":{"type":"LineString","coordinates":[[17.11993,48.142245],[17.1199,48.142149]]},"properties":{"r":0,"k":"road"}},{"type":"Feature","geometry":{"type":"LineString","coordinates":[[17.118354,48.142733],[17.118378,48.142694],[17.118919,48.141959],[17.118969,48.141893]]},"properties":{"r":0,"k":"road"}},{"type":"Feature","geometry":{"type":"LineString","coordinates":[[17.12263,48.142701],[17.122698,48.14279]]},"properties":{"r":1,"k":"road"}},{"type":"Feature","geometry":{"type":"LineString","coordinates":[[17.124247,48.156028],[17.124387,48.155944],[17.12474,48.155792],[17.124859,48.155723]]},"properties":{"r":2,"k":"road"}},{"type":"Feature","geometry":{"type":"LineString","coordinates":[[17.124387,48.155944],[17.124406,48.155808]]},"properties":{"r":0,"k":"road"}},{"type":"Feature","geometry":{"type":"LineString","coordinates":[[17.129345,48.157854],[17.129342,48.157916],[17.12934,48.157963],[17.129341,48.158007],[17.129343,48.158037],[17.129353,48.15812]]},"properties":{"r":0,"k":"road"}},{"type":"Feature","geometry":{"type":"LineString","coordinates":[[17.118239,48.152007],[17.118277,48.151981],[17.118653,48.151692],[17.118857,48.151543]]},"properties":{"r":0,"k":"road"}},{"type":"Feature","geometry":{"type":"LineString","coordinates":[[17.116069,48.154291],[17.116076,48.154261],[17.116087,48.154212]]},"properties":{"r":0,"k":"road"}},{"type":"Feature","geometry":{"type":"LineString","coordinates":[[17.128578,48.14764],[17.128587,48.147679],[17.128664,48.148065]]},"properties":{"r":0,"k":"road"}},{"type":"Feature","geometry":{"type":"LineString","coordinates":[[17.134174,48.154818],[17.134047,48.154918]]},"properties":{"r":1,"k":"road"}},{"type":"Feature","geometry":{"type":"LineString","coordinates":[[17.134725,48.154381],[17.134434,48.154611]]},"properties":{"r":1,"k":"road"}},{"type":"Feature","geometry":{"type":"LineString","coordinates":[[17.134434,48.154611],[17.13445,48.154715],[17.134472,48.154751],[17.13451,48.154806],[17.134593,48.154878]]},"properties":{"r":1,"k":"road"}},{"type":"Feature","geometry":{"type":"LineString","coordinates":[[17.134047,48.154918],[17.133901,48.154866],[17.13355,48.154755]]},"properties":{"r":1,"k":"road"}},{"type":"Feature","geometry":{"type":"LineString","coordinates":[[17.134302,48.145451],[17.134404,48.145424],[17.134472,48.145386],[17.134539,48.145323],[17.134567,48.145281],[17.134578,48.145263]]},"properties":{"r":0,"k":"road"}},{"type":"Feature","geometry":{"type":"LineString","coordinates":[[17.131285,48.145679],[17.131426,48.145727],[17.131535,48.145782]]},"properties":{"r":0,"k":"road"}},{"type":"Feature","geometry":{"type":"LineString","coordinates":[[17.131417,48.1461],[17.131347,48.145985],[17.131293,48.145933],[17.131224,48.145893],[17.131051,48.145836]]},"properties":{"r":0,"k":"road"}},{"type":"Feature","geometry":{"type":"LineString","coordinates":[[17.129797,48.145968],[17.129679,48.14598],[17.129278,48.146023],[17.128228,48.146135],[17.127144,48.146252],[17.127029,48.146264],[17.126434,48.146327],[17.125935,48.146387]]},"properties":{"r":2,"k":"road"}},{"type":"Feature","geometry":{"type":"LineString","coordinates":[[17.131574,48.145643],[17.131683,48.14551],[17.131711,48.145452],[17.131727,48.145421],[17.131741,48.145364],[17.131752,48.145245]]},"properties":{"r":2,"k":"road"}},{"type":"Feature","geometry":{"type":"LineString","coordinates":[[17.131535,48.145782],[17.131595,48.14584],[17.131614,48.145884],[17.131607,48.14595]]},"properties":{"r":0,"k":"road"}},{"type":"Feature","geometry":{"type":"LineString","coordinates":[[17.129559,48.153382],[17.129609,48.153344],[17.130418,48.152707],[17.13047,48.152667]]},"properties":{"r":0,"k":"road"}},{"type":"Feature","geometry":{"type":"LineString","coordinates":[[17.124973,48.154092],[17.124982,48.154026],[17.12493,48.153942],[17.124499,48.153768]]},"properties":{"r":0,"k":"road"}},{"type":"Feature","geometry":{"type":"LineString","coordinates":[[17.119393,48.157281],[17.119178,48.157119]]},"properties":{"r":2,"k":"road"}},{"type":"Feature","geometry":{"type":"LineString","coordinates":[[17.119735,48.157506],[17.119584,48.157574],[17.119391,48.157663]]},"properties":{"r":2,"k":"road"}},{"type":"Feature","geometry":{"type":"LineString","coordinates":[[17.119391,48.157663],[17.119284,48.157725]]},"properties":{"r":2,"k":"road"}},{"type":"Feature","geometry":{"type":"LineString","coordinates":[[17.120083,48.15717],[17.120185,48.157201],[17.120253,48.157216],[17.12039,48.157247]]},"properties":{"r":2,"k":"road"}},{"type":"Feature","geometry":{"type":"LineString","coordinates":[[17.114793,48.157534],[17.115314,48.157339],[17.115751,48.157172],[17.115804,48.15715],[17.11583,48.157132],[17.115864,48.157078]]},"properties":{"r":0,"k":"road"}},{"type":"Feature","geometry":{"type":"LineString","coordinates":[[17.135392,48.146077],[17.135468,48.146423]]},"properties":{"r":0,"k":"road"}},{"type":"Feature","geometry":{"type":"LineString","coordinates":[[17.135489,48.147607],[17.135493,48.147545],[17.135545,48.146768],[17.135468,48.146423]]},"properties":{"r":0,"k":"road"}},{"type":"Feature","geometry":{"type":"LineString","coordinates":[[17.132883,48.14669],[17.132701,48.146709]]},"properties":{"r":0,"k":"road"}},{"type":"Feature","geometry":{"type":"LineString","coordinates":[[17.133621,48.147956],[17.133451,48.148005]]},"properties":{"r":0,"k":"road"}},{"type":"Feature","geometry":{"type":"LineString","coordinates":[[17.119391,48.157663],[17.11951,48.157679],[17.119794,48.157689],[17.120044,48.157705]]},"properties":{"r":3,"k":"road"}},{"type":"Feature","geometry":{"type":"LineString","coordinates":[[17.137626,48.14475],[17.137414,48.144772],[17.13682,48.144833],[17.136616,48.144854],[17.136507,48.144865],[17.135968,48.14492],[17.135594,48.144959],[17.135482,48.14497],[17.135028,48.145017],[17.134524,48.145069]]},"properties":{"r":0,"k":"road"}},{"type":"Feature","geometry":{"type":"LineString","coordinates":[[17.13791,48.145082],[17.137833,48.145162],[17.137809,48.145191]]},"properties":{"r":0,"k":"road"}},{"type":"Feature","geometry":{"type":"LineString","coordinates":[[17.137958,48.145877],[17.138034,48.14625],[17.13803,48.146261],[17.137994,48.146318]]},"properties":{"r":0,"k":"road"}},{"type":"Feature","geometry":{"type":"LineString","coordinates":[[17.137715,48.144741],[17.137764,48.144789],[17.137775,48.144844]]},"properties":{"r":0,"k":"road"}},{"type":"Feature","geometry":{"type":"LineString","coordinates":[[17.119184,48.143006],[17.119104,48.14298],[17.118738,48.142859],[17.118435,48.14276],[17.118354,48.142733]]},"properties":{"r":0,"k":"road"}},{"type":"Feature","geometry":{"type":"LineString","coordinates":[[17.132442,48.146261],[17.132206,48.145851]]},"properties":{"r":1,"k":"road"}},{"type":"Feature","geometry":{"type":"LineString","coordinates":[[17.132883,48.14669],[17.132936,48.146781],[17.133381,48.147544]]},"properties":{"r":1,"k":"road"}},{"type":"Feature","geometry":{"type":"LineString","coordinates":[[17.134428,48.149695],[17.134291,48.149459],[17.134261,48.149407],[17.134199,48.149299],[17.134133,48.149185]]},"properties":{"r":1,"k":"road"}},{"type":"Feature","geometry":{"type":"LineString","coordinates":[[17.134439,48.149359],[17.134523,48.149503],[17.134607,48.149647]]},"properties":{"r":1,"k":"road"}},{"type":"Feature","geometry":{"type":"LineString","coordinates":[[17.135651,48.149232],[17.135651,48.149304],[17.135641,48.149317],[17.135627,48.14933]]},"properties":{"r":0,"k":"road"}},{"type":"Feature","geometry":{"type":"LineString","coordinates":[[17.135627,48.14933],[17.13557,48.149367],[17.135511,48.149406]]},"properties":{"r":0,"k":"road"}},{"type":"Feature","geometry":{"type":"LineString","coordinates":[[17.124201,48.146879],[17.124399,48.147423]]},"properties":{"r":2,"k":"road"}},{"type":"Feature","geometry":{"type":"LineString","coordinates":[[17.124663,48.146497],[17.124244,48.14653],[17.124206,48.146534],[17.124074,48.146548]]},"properties":{"r":2,"k":"road"}},{"type":"Feature","geometry":{"type":"LineString","coordinates":[[17.124355,48.146663],[17.124344,48.14667],[17.124319,48.14669],[17.124299,48.146704],[17.124278,48.146723],[17.124228,48.146785],[17.124201,48.146879]]},"properties":{"r":2,"k":"road"}},{"type":"Feature","geometry":{"type":"LineString","coordinates":[[17.122201,48.143169],[17.122376,48.143332],[17.122997,48.144057]]},"properties":{"r":2,"k":"road"}},{"type":"Feature","geometry":{"type":"LineString","coordinates":[[17.124399,48.147423],[17.124446,48.147553],[17.124493,48.147684]]},"properties":{"r":2,"k":"road"}},{"type":"Feature","geometry":{"type":"LineString","coordinates":[[17.129754,48.141874],[17.129631,48.141689]]},"properties":{"r":3,"k":"road"}},{"type":"Feature","geometry":{"type":"LineString","coordinates":[[17.1246,48.142606],[17.124443,48.142617],[17.124259,48.142629]]},"properties":{"r":1,"k":"road"}},{"type":"Feature","geometry":{"type":"LineString","coordinates":[[17.129554,48.142179],[17.129777,48.142175],[17.129804,48.142175],[17.129946,48.142173]]},"properties":{"r":1,"k":"road"}},{"type":"Feature","geometry":{"type":"LineString","coordinates":[[17.124828,48.147533],[17.124862,48.147527]]},"properties":{"r":0,"k":"road"}},{"type":"Feature","geometry":{"type":"LineString","coordinates":[[17.129554,48.142179],[17.129634,48.142127],[17.129687,48.142093],[17.129705,48.142082],[17.129761,48.141992],[17.129754,48.141874]]},"properties":{"r":0,"k":"road"}},{"type":"Feature","geometry":{"type":"LineString","coordinates":[[17.124399,48.147423],[17.124465,48.147458],[17.124489,48.147474],[17.124566,48.147502],[17.124605,48.147516],[17.124655,48.147526],[17.124828,48.147533]]},"properties":{"r":0,"k":"road"}},{"type":"Feature","geometry":{"type":"LineString","coordinates":[[17.122269,48.142905],[17.122197,48.143043],[17.122194,48.143089],[17.122201,48.143169]]},"properties":{"r":2,"k":"road"}},{"type":"Feature","geometry":{"type":"LineString","coordinates":[[17.126945,48.157583],[17.126479,48.156984],[17.126101,48.156675],[17.125306,48.156066]]},"properties":{"r":1,"k":"road"}},{"type":"Feature","geometry":{"type":"LineString","coordinates":[[17.12039,48.157247],[17.120217,48.157308],[17.120184,48.157322],[17.12016,48.157331]]},"properties":{"r":2,"k":"road"}},{"type":"Feature","geometry":{"type":"LineString","coordinates":[[17.117917,48.156114],[17.117797,48.156017],[17.117599,48.155865],[17.117524,48.155809],[17.117445,48.155747],[17.116946,48.155354]]},"properties":{"r":2,"k":"road"}},{"type":"Feature","geometry":{"type":"LineString","coordinates":[[17.139208,48.151599],[17.13875,48.151328],[17.138647,48.151268]]},"properties":{"r":0,"k":"road"}},{"type":"Feature","geometry":{"type":"LineString","coordinates":[[17.139963,48.151865],[17.140029,48.151904],[17.140553,48.152219]]},"properties":{"r":0,"k":"road"}},{"type":"Feature","geometry":{"type":"LineString","coordinates":[[17.117029,48.143671],[17.117085,48.143683],[17.117568,48.143801],[17.118376,48.144005],[17.118457,48.144023]]},"properties":{"r":0,"k":"road"}},{"type":"Feature","geometry":{"type":"LineString","coordinates":[[17.117029,48.143671],[17.11696,48.143654],[17.116952,48.143652],[17.1163,48.143494],[17.116135,48.143454],[17.115896,48.143396],[17.115786,48.143369]]},"properties":{"r":0,"k":"road"}},{"type":"Feature","geometry":{"type":"LineString","coordinates":[[17.128875,48.15328],[17.129028,48.153303],[17.129559,48.153382]]},"properties":{"r":0,"k":"road"}},{"type":"Feature","geometry":{"type":"LineString","coordinates":[[17.114097,48.140062],[17.115105,48.140047],[17.115163,48.140047]]},"properties":{"r":0,"k":"road"}},{"type":"Feature","geometry":{"type":"LineString","coordinates":[[17.115349,48.140753],[17.116151,48.140886],[17.11626,48.140904],[17.116356,48.140925],[17.116469,48.140955],[17.116602,48.140994],[17.116654,48.141012],[17.116709,48.141029],[17.116754,48.141043]]},"properties":{"r":2,"k":"road"}},{"type":"Feature","geometry":{"type":"LineString","coordinates":[[17.117816,48.141472],[17.117338,48.141325],[17.117079,48.141246]]},"properties":{"r":2,"k":"road"}},{"type":"Feature","geometry":{"type":"LineString","coordinates":[[17.117866,48.141396],[17.117816,48.141472]]},"properties":{"r":0,"k":"road"}},{"type":"Feature","geometry":{"type":"LineString","coordinates":[[17.119962,48.141044],[17.11999,48.140979],[17.12007,48.140915]]},"properties":{"r":0,"k":"road"}},{"type":"Feature","geometry":{"type":"LineString","coordinates":[[17.123684,48.149411],[17.123838,48.149421],[17.124031,48.149433],[17.124221,48.149414],[17.124704,48.149345]]},"properties":{"r":0,"k":"road"}},{"type":"Feature","geometry":{"type":"LineString","coordinates":[[17.119712,48.154457],[17.119584,48.154462],[17.119518,48.154465],[17.119467,48.154465],[17.119444,48.154464],[17.119421,48.15446],[17.119375,48.15445],[17.119329,48.154438],[17.119285,48.154423],[17.119237,48.154402],[17.119187,48.154371],[17.119142,48.154332]]},"properties":{"r":0,"k":"road"}},{"type":"Feature","geometry":{"type":"LineString","coordinates":[[17.121563,48.142779],[17.121715,48.142785],[17.121852,48.142814],[17.12198,48.142841],[17.122116,48.142857]]},"properties":{"r":2,"k":"road"}},{"type":"Feature","geometry":{"type":"LineString","coordinates":[[17.125572,48.153791],[17.125606,48.153679],[17.125618,48.153625],[17.125632,48.153567],[17.125657,48.153442],[17.125681,48.153306],[17.125701,48.153172],[17.125717,48.153037],[17.125729,48.152895],[17.125744,48.152594],[17.125747,48.152449],[17.125743,48.152301],[17.125721,48.152077],[17.125696,48.151855],[17.125666,48.151635],[17.125644,48.15152],[17.125618,48.151412],[17.125567,48.151212],[17.125398,48.150672],[17.125373,48.15057],[17.125306,48.150334],[17.125234,48.1501],[17.125182,48.149937]]},"properties":{"r":2,"k":"road"}},{"type":"Feature","geometry":{"type":"LineString","coordinates":[[17.125572,48.153791],[17.125727,48.153815]]},"properties":{"r":1,"k":"road"}},{"type":"Feature","geometry":{"type":"LineString","coordinates":[[17.137626,48.14475],[17.137664,48.144746]]},"properties":{"r":0,"k":"road"}},{"type":"Feature","geometry":{"type":"LineString","coordinates":[[17.132869,48.153807],[17.133028,48.153241],[17.133033,48.153222],[17.133039,48.1532]]},"properties":{"r":0,"k":"road"}},{"type":"Feature","geometry":{"type":"LineString","coordinates":[[17.130712,48.157595],[17.130687,48.15766],[17.130637,48.157726],[17.130602,48.157772],[17.130556,48.157847]]},"properties":{"r":1,"k":"road"}},{"type":"Feature","geometry":{"type":"LineString","coordinates":[[17.124041,48.146461],[17.12417,48.146421],[17.124206,48.146413],[17.124388,48.146385]]},"properties":{"r":2,"k":"road"}},{"type":"Feature","geometry":{"type":"LineString","coordinates":[[17.123928,48.146166],[17.124093,48.146273],[17.12415,48.146295]]},"properties":{"r":2,"k":"road"}},{"type":"Feature","geometry":{"type":"LineString","coordinates":[[17.127538,48.148339],[17.127537,48.148356],[17.127529,48.148371],[17.127513,48.148385],[17.127492,48.148394],[17.127468,48.148399],[17.127446,48.148399],[17.127426,48.148396],[17.127407,48.148388],[17.127388,48.148375],[17.127377,48.148358],[17.127375,48.14834],[17.127382,48.148322],[17.127398,48.148307],[17.12742,48.148296],[17.127446,48.148291],[17.127474,48.148291],[17.127498,48.148298],[17.127517,48.148308],[17.127531,48.148322],[17.127538,48.148339]]},"properties":{"r":0,"k":"road"}},{"type":"Feature","geometry":{"type":"LineString","coordinates":[[17.129639,48.151257],[17.129615,48.151253],[17.129542,48.151241],[17.128719,48.151108],[17.128248,48.151029],[17.127826,48.151077],[17.127472,48.15112],[17.127235,48.151149],[17.127181,48.151156],[17.126891,48.151192]]},"properties":{"r":0,"k":"road"}},{"type":"Feature","geometry":{"type":"LineString","coordinates":[[17.116345,48.142076],[17.116306,48.142141],[17.116026,48.142622],[17.11598,48.142668]]},"properties":{"r":0,"k":"road"}},{"type":"Feature","geometry":{"type":"LineString","coordinates":[[17.115786,48.143369],[17.11574,48.143355],[17.115686,48.143334],[17.115652,48.143321],[17.115292,48.143172],[17.115048,48.143073],[17.114828,48.142982],[17.11475,48.142953]]},"properties":{"r":0,"k":"road"}},{"type":"Feature","geometry":{"type":"LineString","coordinates":[[17.116345,48.142076],[17.116235,48.142036],[17.11617,48.142016]]},"properties":{"r":0,"k":"road"}},{"type":"Feature","geometry":{"type":"LineString","coordinates":[[17.130608,48.148596],[17.130553,48.1485],[17.130546,48.148476],[17.130545,48.148456],[17.130547,48.148431],[17.130554,48.148409],[17.130664,48.148122],[17.130929,48.14741],[17.130965,48.147309],[17.13098,48.147252]]},"properties":{"r":1,"k":"road"}},{"type":"Feature","geometry":{"type":"LineString","coordinates":[[17.128523,48.138648],[17.12872,48.138624],[17.128904,48.138607],[17.129083,48.1386],[17.129673,48.138574],[17.129805,48.138572],[17.130698,48.138528],[17.130983,48.138513],[17.131242,48.138496],[17.131418,48.138477],[17.131608,48.13845],[17.132817,48.138258],[17.133004,48.138234],[17.133181,48.138217],[17.133355,48.138205],[17.13353,48.138198],[17.134158,48.138198],[17.134403,48.138199],[17.134619,48.138189],[17.134856,48.138164],[17.135031,48.138142],[17.135219,48.138114],[17.135634,48.138041],[17.136057,48.137955],[17.136543,48.137847],[17.136867,48.137764],[17.137146,48.137684],[17.137344,48.137623],[17.137582,48.137541],[17.137783,48.13747],[17.138301,48.137276],[17.138383,48.137239],[17.138538,48.137167],[17.138628,48.137117],[17.138811,48.137001],[17.138945,48.136901],[17.139061,48.136807],[17.139273,48.136605],[17.139416,48.136469],[17.139545,48.136355],[17.139643,48.136278],[17.139764,48.136195],[17.14005,48.136013]]},"properties":{"r":1,"k":"rail"}},{"type":"Feature","geometry":{"type":"LineString","coordinates":[[17.124108,48.147035],[17.123981,48.14704],[17.123245,48.146888]]},"properties":{"r":0,"k":"road"}},{"type":"Feature","geometry":{"type":"LineString","coordinates":[[17.135364,48.144455],[17.135372,48.144491],[17.135468,48.14491],[17.135482,48.14497]]},"properties":{"r":0,"k":"road"}},{"type":"Feature","geometry":{"type":"LineString","coordinates":[[17.117125,48.145769],[17.117269,48.145563],[17.117465,48.145288],[17.117501,48.145264]]},"properties":{"r":0,"k":"road"}},{"type":"Feature","geometry":{"type":"LineString","coordinates":[[17.134543,48.149894],[17.134722,48.149844]]},"properties":{"r":0,"k":"road"}},{"type":"Feature","geometry":{"type":"LineString","coordinates":[[17.128898,48.150341],[17.128239,48.150303],[17.128099,48.150295],[17.12803,48.150293]]},"properties":{"r":0,"k":"road"}},{"type":"Feature","geometry":{"type":"LineString","coordinates":[[17.137137,48.148006],[17.136216,48.147773]]},"properties":{"r":0,"k":"road"}},{"type":"Feature","geometry":{"type":"LineString","coordinates":[[17.119592,48.142024],[17.119757,48.141992],[17.119814,48.141972],[17.119861,48.141946],[17.11996,48.141841]]},"properties":{"r":0,"k":"road"}},{"type":"Feature","geometry":{"type":"LineString","coordinates":[[17.118167,48.141208],[17.118119,48.141256],[17.118105,48.14128],[17.118096,48.141318],[17.118095,48.14137],[17.118112,48.141409],[17.118143,48.141458],[17.118197,48.141518]]},"properties":{"r":0,"k":"road"}},{"type":"Feature","geometry":{"type":"LineString","coordinates":[[17.126561,48.155492],[17.126608,48.155462],[17.127637,48.154837],[17.127752,48.154746]]},"properties":{"r":0,"k":"road"}},{"type":"Feature","geometry":{"type":"LineString","coordinates":[[17.128388,48.15705],[17.128287,48.156976],[17.128145,48.15687]]},"properties":{"r":0,"k":"road"}},{"type":"Feature","geometry":{"type":"LineString","coordinates":[[17.127907,48.156695],[17.127754,48.156577],[17.127362,48.156286],[17.127091,48.156084],[17.126631,48.155741],[17.126546,48.155676]]},"properties":{"r":0,"k":"road"}},{"type":"Feature","geometry":{"type":"LineString","coordinates":[[17.116442,48.148184],[17.116528,48.148307],[17.116832,48.148736],[17.117097,48.149146]]},"properties":{"r":0,"k":"road"}},{"type":"Feature","geometry":{"type":"LineString","coordinates":[[17.113062,48.144775],[17.113103,48.144837],[17.113676,48.14556],[17.113764,48.145674]]},"properties":{"r":0,"k":"road"}},{"type":"Feature","geometry":{"type":"LineString","coordinates":[[17.112981,48.144166],[17.112931,48.144337]]},"properties":{"r":0,"k":"road"}},{"type":"Feature","geometry":{"type":"LineString","coordinates":[[17.116222,48.146142],[17.116164,48.146122],[17.115931,48.146042],[17.115808,48.146]]},"properties":{"r":0,"k":"road"}},{"type":"Feature","geometry":{"type":"LineString","coordinates":[[17.131574,48.145643],[17.131808,48.145606],[17.13196,48.145584]]},"properties":{"r":2,"k":"road"}},{"type":"Feature","geometry":{"type":"LineString","coordinates":[[17.117041,48.146424],[17.116895,48.146374]]},"properties":{"r":0,"k":"road"}},{"type":"Feature","geometry":{"type":"LineString","coordinates":[[17.131285,48.145679],[17.131574,48.145643]]},"properties":{"r":2,"k":"road"}},{"type":"Feature","geometry":{"type":"LineString","coordinates":[[17.131462,48.146334],[17.131281,48.146813],[17.131114,48.147256]]},"properties":{"r":1,"k":"road"}},{"type":"Feature","geometry":{"type":"LineString","coordinates":[[17.113153,48.143518],[17.113139,48.143553],[17.11303,48.143899],[17.113003,48.144045],[17.112998,48.144073],[17.112981,48.144166]]},"properties":{"r":0,"k":"road"}},{"type":"Feature","geometry":{"type":"LineString","coordinates":[[17.136046,48.152218],[17.13621,48.152515],[17.136279,48.152633],[17.136363,48.152755]]},"properties":{"r":1,"k":"road"}},{"type":"Feature","geometry":{"type":"LineString","coordinates":[[17.135258,48.151131],[17.135154,48.15095],[17.134896,48.150505],[17.134719,48.150199],[17.134608,48.150008],[17.134543,48.149894],[17.134442,48.14972]]},"properties":{"r":1,"k":"road"}},{"type":"Feature","geometry":{"type":"LineString","coordinates":[[17.136046,48.152218],[17.135925,48.152284]]},"properties":{"r":0,"k":"road"}},{"type":"Feature","geometry":{"type":"LineString","coordinates":[[17.13047,48.152667],[17.130384,48.152631],[17.129895,48.152411],[17.12959,48.152318],[17.12939,48.152282],[17.12933,48.152273],[17.129259,48.152264]]},"properties":{"r":0,"k":"road"}},{"type":"Feature","geometry":{"type":"LineString","coordinates":[[17.132847,48.150802],[17.132933,48.15085],[17.133502,48.151171]]},"properties":{"r":0,"k":"road"}},{"type":"Feature","geometry":{"type":"LineString","coordinates":[[17.137343,48.155361],[17.136569,48.155267]]},"properties":{"r":1,"k":"road"}},{"type":"Feature","geometry":{"type":"LineString","coordinates":[[17.112389,48.143033],[17.112967,48.143287]]},"properties":{"r":0,"k":"road"}},{"type":"Feature","geometry":{"type":"LineString","coordinates":[[17.125191,48.146451],[17.124663,48.146497]]},"properties":{"r":2,"k":"road"}},{"type":"Feature","geometry":{"type":"LineString","coordinates":[[17.133851,48.145556],[17.133686,48.145567],[17.133494,48.145583]]},"properties":{"r":3,"k":"road"}},{"type":"Feature","geometry":{"type":"LineString","coordinates":[[17.133494,48.145583],[17.132472,48.145685],[17.132297,48.145704]]},"properties":{"r":3,"k":"road"}},{"type":"Feature","geometry":{"type":"LineString","coordinates":[[17.134958,48.154196],[17.134725,48.154381]]},"properties":{"r":1,"k":"road"}},{"type":"Feature","geometry":{"type":"LineString","coordinates":[[17.112799,48.144787],[17.112744,48.144719],[17.112721,48.144686],[17.112711,48.144667],[17.112707,48.144656],[17.112699,48.144632],[17.112691,48.144597],[17.112686,48.144576],[17.112682,48.144521]]},"properties":{"r":0,"k":"road"}},{"type":"Feature","geometry":{"type":"LineString","coordinates":[[17.112682,48.144521],[17.112689,48.144466],[17.112709,48.144391],[17.112808,48.144092],[17.112819,48.144058],[17.112828,48.14403],[17.112908,48.14379]]},"properties":{"r":0,"k":"road"}},{"type":"Feature","geometry":{"type":"LineString","coordinates":[[17.11304,48.143433],[17.113052,48.143416],[17.113062,48.143403],[17.113077,48.143387],[17.113111,48.143359],[17.113152,48.14333],[17.113212,48.143292],[17.113412,48.143164]]},"properties":{"r":0,"k":"road"}},{"type":"Feature","geometry":{"type":"LineString","coordinates":[[17.130939,48.157043],[17.130796,48.156934],[17.130465,48.156686],[17.130308,48.156572]]},"properties":{"r":0,"k":"road"}},{"type":"Feature","geometry":{"type":"LineString","coordinates":[[17.129489,48.155986],[17.129541,48.155953],[17.129783,48.155796],[17.130038,48.155632]]},"properties":{"r":0,"k":"road"}},{"type":"Feature","geometry":{"type":"LineString","coordinates":[[17.134607,48.149647],[17.134622,48.149674]]},"properties":{"r":1,"k":"road"}},{"type":"Feature","geometry":{"type":"LineString","coordinates":[[17.133451,48.148005],[17.1333,48.147745],[17.132866,48.146994],[17.132771,48.146829],[17.132701,48.146709],[17.132538,48.146426]]},"properties":{"r":1,"k":"road"}},{"type":"Feature","geometry":{"type":"LineString","coordinates":[[17.134622,48.149674],[17.134722,48.149844],[17.134743,48.149882],[17.134788,48.149958],[17.1349,48.15015],[17.135083,48.150465],[17.135445,48.151085],[17.135491,48.151164]]},"properties":{"r":1,"k":"road"}},{"type":"Feature","geometry":{"type":"LineString","coordinates":[[17.134054,48.149205],[17.134133,48.149185]]},"properties":{"r":0,"k":"road"}},{"type":"Feature","geometry":{"type":"LineString","coordinates":[[17.130583,48.148679],[17.130608,48.148596]]},"properties":{"r":1,"k":"road"}},{"type":"Feature","geometry":{"type":"LineString","coordinates":[[17.121962,48.14101],[17.12202,48.141065],[17.122083,48.14114],[17.122127,48.1412],[17.122159,48.14125],[17.122221,48.141419],[17.12228,48.141654],[17.122293,48.141846],[17.122256,48.141937]]},"properties":{"r":0,"k":"road"}},{"type":"Feature","geometry":{"type":"LineString","coordinates":[[17.121518,48.140934],[17.121421,48.14093],[17.121284,48.140938],[17.121208,48.140944],[17.120879,48.140979]]},"properties":{"r":0,"k":"road"}},{"type":"Feature","geometry":{"type":"LineString","coordinates":[[17.117739,48.141247],[17.117891,48.141218],[17.118206,48.14112],[17.118335,48.14109]]},"properties":{"r":0,"k":"road"}},{"type":"Feature","geometry":{"type":"LineString","coordinates":[[17.129403,48.140268],[17.129482,48.140274],[17.129504,48.140283]]},"properties":{"r":0,"k":"road"}},{"type":"Feature","geometry":{"type":"LineString","coordinates":[[17.122256,48.141937],[17.12228,48.142106]]},"properties":{"r":0,"k":"road"}},{"type":"Feature","geometry":{"type":"LineString","coordinates":[[17.128771,48.140421],[17.128546,48.140426]]},"properties":{"r":0,"k":"road"}},{"type":"Feature","geometry":{"type":"LineString","coordinates":[[17.126283,48.140567],[17.12698,48.140513],[17.127203,48.140496]]},"properties":{"r":0,"k":"road"}},{"type":"Feature","geometry":{"type":"LineString","coordinates":[[17.126597,48.149033],[17.126496,48.148698],[17.126474,48.148625],[17.126459,48.148574],[17.126364,48.148259],[17.126337,48.148171],[17.126283,48.148],[17.126283,48.147987],[17.126289,48.147965],[17.126301,48.147948],[17.126317,48.147934],[17.126332,48.147925],[17.126349,48.147918],[17.126374,48.147911],[17.126401,48.147909],[17.126425,48.147909],[17.126448,48.147913],[17.126471,48.14792],[17.126489,48.14793],[17.126515,48.14795],[17.126526,48.147968],[17.126563,48.148086],[17.126577,48.148132],[17.126613,48.148251],[17.126661,48.148411],[17.126693,48.148519],[17.126715,48.148591],[17.126734,48.148655],[17.12677,48.148775],[17.126817,48.148932],[17.126838,48.149001]]},"properties":{"r":0,"k":"road"}},{"type":"Feature","geometry":{"type":"LineString","coordinates":[[17.126838,48.149001],[17.12685,48.149042],[17.126861,48.149079],[17.126888,48.149171],[17.126923,48.149285],[17.12698,48.149476],[17.12699,48.149511],[17.127014,48.149592],[17.12704,48.149677],[17.127064,48.149757],[17.127098,48.149869],[17.127149,48.150042],[17.1272,48.150212],[17.127218,48.150272],[17.127227,48.150303],[17.127249,48.150374],[17.127268,48.150439],[17.127296,48.150532],[17.127341,48.150681],[17.127387,48.150835],[17.127433,48.15099],[17.127458,48.151073],[17.127472,48.15112]]},"properties":{"r":0,"k":"road"}},{"type":"Feature","geometry":{"type":"LineString","coordinates":[[17.119747,48.151782],[17.119427,48.151571]]},"properties":{"r":1,"k":"road"}},{"type":"Feature","geometry":{"type":"LineString","coordinates":[[17.120491,48.152361],[17.120093,48.152049],[17.119852,48.15186],[17.119747,48.151782]]},"properties":{"r":1,"k":"road"}},{"type":"Feature","geometry":{"type":"LineString","coordinates":[[17.119747,48.151782],[17.119661,48.151852],[17.119374,48.152075],[17.119228,48.152189],[17.119152,48.152248]]},"properties":{"r":0,"k":"road"}},{"type":"Feature","geometry":{"type":"LineString","coordinates":[[17.117149,48.151815],[17.117366,48.151946],[17.117597,48.152084]]},"properties":{"r":0,"k":"road"}},{"type":"Feature","geometry":{"type":"LineString","coordinates":[[17.117345,48.152098],[17.117062,48.151925],[17.117047,48.151915]]},"properties":{"r":0,"k":"road"}},{"type":"Feature","geometry":{"type":"LineString","coordinates":[[17.117745,48.152167],[17.117845,48.152232],[17.118411,48.152634],[17.118489,48.152717]]},"properties":{"r":0,"k":"road"}},{"type":"Feature","geometry":{"type":"LineString","coordinates":[[17.120946,48.152003],[17.121933,48.152399],[17.122124,48.152475],[17.122284,48.152538],[17.122468,48.152614]]},"properties":{"r":1,"k":"road"}},{"type":"Feature","geometry":{"type":"LineString","coordinates":[[17.120603,48.151873],[17.120946,48.152003]]},"properties":{"r":1,"k":"road"}},{"type":"Feature","geometry":{"type":"LineString","coordinates":[[17.119953,48.151568],[17.120114,48.151648],[17.120382,48.151783]]},"properties":{"r":1,"k":"road"}},{"type":"Feature","geometry":{"type":"LineString","coordinates":[[17.111401,48.154499],[17.111489,48.154591],[17.111551,48.154657],[17.111658,48.154769],[17.11182,48.154942],[17.112121,48.155281],[17.112153,48.155315],[17.112503,48.155701],[17.112688,48.155905],[17.112885,48.156123],[17.113131,48.156404],[17.113165,48.156447],[17.113192,48.156495]]},"properties":{"r":0,"k":"road"}},{"type":"Feature","geometry":{"type":"LineString","coordinates":[[17.129845,48.141631],[17.130065,48.141966]]},"properties":{"r":3,"k":"road"}},{"type":"Feature","geometry":{"type":"LineString","coordinates":[[17.129631,48.141689],[17.129518,48.141325],[17.129092,48.140638]]},"properties":{"r":3,"k":"road"}},{"type":"Feature","geometry":{"type":"LineString","coordinates":[[17.128852,48.14031],[17.129067,48.140288]]},"properties":{"r":0,"k":"road"}},{"type":"Feature","geometry":{"type":"LineString","coordinates":[[17.129194,48.14027],[17.129403,48.140268]]},"properties":{"r":0,"k":"road"}},{"type":"Feature","geometry":{"type":"LineString","coordinates":[[17.113956,48.149726],[17.11386,48.149661],[17.113813,48.149628],[17.113788,48.149614],[17.113762,48.149599],[17.11373,48.149587],[17.113704,48.149581],[17.113689,48.149578],[17.113673,48.149576],[17.11366,48.149576],[17.113645,48.149577],[17.113502,48.149605]]},"properties":{"r":0,"k":"road"}},{"type":"Feature","geometry":{"type":"LineString","coordinates":[[17.113956,48.149726],[17.113828,48.149538]]},"properties":{"r":0,"k":"road"}},{"type":"Feature","geometry":{"type":"LineString","coordinates":[[17.12016,48.157331],[17.120103,48.157354],[17.120063,48.157371],[17.120028,48.157384],[17.119848,48.157457],[17.119735,48.157506]]},"properties":{"r":2,"k":"road"}},{"type":"Feature","geometry":{"type":"LineString","coordinates":[[17.13488,48.14543],[17.135182,48.145397],[17.135603,48.145352]]},"properties":{"r":0,"k":"road"}},{"type":"Feature","geometry":{"type":"LineString","coordinates":[[17.137684,48.144867],[17.137712,48.144856],[17.137743,48.144848],[17.137775,48.144844],[17.137799,48.144843],[17.137822,48.144844],[17.137846,48.144847],[17.137868,48.144852],[17.137892,48.144859],[17.137914,48.144869],[17.137934,48.14488],[17.137952,48.144893],[17.137967,48.144907],[17.137979,48.144923],[17.137988,48.144941],[17.137993,48.14496],[17.137994,48.144979],[17.137991,48.144998],[17.137984,48.145017],[17.137972,48.145034],[17.137957,48.145051],[17.137935,48.145068],[17.13791,48.145082],[17.137875,48.145094],[17.137838,48.145102],[17.137799,48.145105],[17.137761,48.145102],[17.137723,48.145095],[17.13769,48.145083],[17.137661,48.145067],[17.137637,48.145048],[17.137623,48.145032],[17.137612,48.145016],[17.137605,48.144998],[17.137602,48.14498],[17.137603,48.144962],[17.137607,48.144944],[17.137615,48.144927],[17.137627,48.144911],[17.137642,48.144895],[17.137659,48.144882],[17.137684,48.144867]]},"properties":{"r":0,"k":"road"}},{"type":"Feature","geometry":{"type":"LineString","coordinates":[[17.132421,48.142333],[17.132417,48.142314],[17.132408,48.142261]]},"properties":{"r":0,"k":"road"}},{"type":"Feature","geometry":{"type":"LineString","coordinates":[[17.120254,48.149022],[17.120204,48.148946]]},"properties":{"r":0,"k":"road"}},{"type":"Feature","geometry":{"type":"LineString","coordinates":[[17.114365,48.153304],[17.115501,48.15421]]},"properties":{"r":2,"k":"road"}},{"type":"Feature","geometry":{"type":"LineString","coordinates":[[17.115981,48.155365],[17.115712,48.155462],[17.115624,48.155492],[17.115174,48.155608],[17.114774,48.155676],[17.114715,48.155685]]},"properties":{"r":0,"k":"road"}},{"type":"Feature","geometry":{"type":"LineString","coordinates":[[17.116087,48.154212],[17.115825,48.153847]]},"properties":{"r":0,"k":"road"}},{"type":"Feature","geometry":{"type":"LineString","coordinates":[[17.127045,48.154092],[17.127041,48.154122],[17.127041,48.154145],[17.127046,48.154167],[17.127053,48.15419],[17.127065,48.154211],[17.12717,48.154301],[17.127427,48.154511],[17.127752,48.154746]]},"properties":{"r":0,"k":"road"}},{"type":"Feature","geometry":{"type":"LineString","coordinates":[[17.131118,48.157157],[17.131017,48.157095],[17.130939,48.157043]]},"properties":{"r":0,"k":"road"}},{"type":"Feature","geometry":{"type":"LineString","coordinates":[[17.131399,48.157048],[17.1313,48.157128],[17.131199,48.157208]]},"properties":{"r":1,"k":"road"}},{"type":"Feature","geometry":{"type":"LineString","coordinates":[[17.114715,48.155685],[17.114643,48.1557],[17.113944,48.155825],[17.113787,48.155851],[17.113376,48.155939],[17.112955,48.156094],[17.112909,48.156114],[17.112885,48.156123]]},"properties":{"r":0,"k":"road"}},{"type":"Feature","geometry":{"type":"LineString","coordinates":[[17.124862,48.147527],[17.124935,48.147518]]},"properties":{"r":0,"k":"road"}},{"type":"Feature","geometry":{"type":"LineString","coordinates":[[17.123107,48.144187],[17.123263,48.14421]]},"properties":{"r":0,"k":"road"}},{"type":"Feature","geometry":{"type":"LineString","coordinates":[[17.120113,48.157248],[17.12016,48.157331]]},"properties":{"r":2,"k":"road"}},{"type":"Feature","geometry":{"type":"LineString","coordinates":[[17.119984,48.157298],[17.119919,48.157136],[17.119893,48.157058],[17.119834,48.156886],[17.119737,48.156583],[17.119585,48.156126],[17.119535,48.155967],[17.119377,48.155474],[17.119331,48.155336],[17.119247,48.155077],[17.119004,48.154327]]},"properties":{"r":0,"k":"road"}},{"type":"Feature","geometry":{"type":"LineString","coordinates":[[17.113655,48.15794],[17.113666,48.157996],[17.113744,48.158359],[17.113819,48.158659],[17.113893,48.158959]]},"properties":{"r":1,"k":"road"}},{"type":"Feature","geometry":{"type":"LineString","coordinates":[[17.117966,48.157664],[17.11734,48.157972],[17.117143,48.158087],[17.117112,48.15811],[17.11708,48.158136],[17.117012,48.158199]]},"properties":{"r":0,"k":"road"}},{"type":"Feature","geometry":{"type":"LineString","coordinates":[[17.12382,48.154344],[17.123622,48.154445],[17.123588,48.154461],[17.123508,48.154501]]},"properties":{"r":0,"k":"road"}},{"type":"Feature","geometry":{"type":"LineString","coordinates":[[17.113347,48.155273],[17.11341,48.155235],[17.113459,48.155208],[17.113675,48.155095],[17.113957,48.154947],[17.114012,48.154924],[17.114089,48.154888],[17.114393,48.154737],[17.114586,48.154642]]},"properties":{"r":0,"k":"road"}},{"type":"Feature","geometry":{"type":"LineString","coordinates":[[17.129269,48.140476],[17.128934,48.140561]]},"properties":{"r":0,"k":"road"}},{"type":"Feature","geometry":{"type":"LineString","coordinates":[[17.131126,48.146877],[17.13123,48.146598],[17.131359,48.146253],[17.131417,48.1461]]},"properties":{"r":1,"k":"road"}},{"type":"Feature","geometry":{"type":"LineString","coordinates":[[17.131473,48.145936],[17.131535,48.145782]]},"properties":{"r":1,"k":"road"}},{"type":"Feature","geometry":{"type":"LineString","coordinates":[[17.131417,48.1461],[17.131473,48.145936]]},"properties":{"r":1,"k":"road"}},{"type":"Feature","geometry":{"type":"LineString","coordinates":[[17.132377,48.145821],[17.13278,48.146514],[17.132883,48.14669]]},"properties":{"r":1,"k":"road"}},{"type":"Feature","geometry":{"type":"LineString","coordinates":[[17.132206,48.145851],[17.132085,48.145725]]},"properties":{"r":1,"k":"road"}},{"type":"Feature","geometry":{"type":"LineString","coordinates":[[17.119795,48.15165],[17.119897,48.151736]]},"properties":{"r":1,"k":"road"}},{"type":"Feature","geometry":{"type":"LineString","coordinates":[[17.120068,48.151683],[17.119897,48.151736]]},"properties":{"r":1,"k":"road"}},{"type":"Feature","geometry":{"type":"LineString","coordinates":[[17.134133,48.149185],[17.134313,48.149144]]},"properties":{"r":0,"k":"road"}},{"type":"Feature","geometry":{"type":"LineString","coordinates":[[17.123928,48.146166],[17.123994,48.146338],[17.124041,48.146461]]},"properties":{"r":2,"k":"road"}},{"type":"Feature","geometry":{"type":"LineString","coordinates":[[17.125805,48.146234],[17.126538,48.146155],[17.126994,48.146107],[17.127105,48.146095],[17.127499,48.146053],[17.128493,48.145947]]},"properties":{"r":2,"k":"road"}},{"type":"Feature","geometry":{"type":"LineString","coordinates":[[17.131711,48.156822],[17.132234,48.156407],[17.132837,48.155928],[17.133015,48.155779],[17.133388,48.155466]]},"properties":{"r":1,"k":"road"}},{"type":"Feature","geometry":{"type":"LineString","coordinates":[[17.113502,48.156624],[17.113425,48.156646],[17.113407,48.156653],[17.113377,48.156667],[17.11336,48.156678],[17.113341,48.156691],[17.113312,48.156715],[17.113296,48.156736],[17.113282,48.156758]]},"properties":{"r":1,"k":"road"}},{"type":"Feature","geometry":{"type":"LineString","coordinates":[[17.132035,48.152315],[17.132696,48.152708],[17.132728,48.152768]]},"properties":{"r":0,"k":"road"}},{"type":"Feature","geometry":{"type":"LineString","coordinates":[[17.121782,48.153333],[17.121728,48.153294],[17.121061,48.152789],[17.120491,48.152361]]},"properties":{"r":1,"k":"road"}},{"type":"Feature","geometry":{"type":"LineString","coordinates":[[17.117851,48.150795],[17.117457,48.150603],[17.117353,48.150554]]},"properties":{"r":1,"k":"road"}},{"type":"Feature","geometry":{"type":"LineString","coordinates":[[17.117851,48.150795],[17.117721,48.150671],[17.117706,48.150658],[17.117694,48.150647],[17.117683,48.150635],[17.117669,48.150619],[17.117658,48.150606],[17.117654,48.150599],[17.117633,48.15057],[17.117594,48.150506]]},"properties":{"r":0,"k":"road"}},{"type":"Feature","geometry":{"type":"LineString","coordinates":[[17.124627,48.155332],[17.124759,48.155371],[17.12482,48.155389],[17.124886,48.15539],[17.124988,48.155355],[17.125074,48.155326]]},"properties":{"r":0,"k":"road"}},{"type":"Feature","geometry":{"type":"LineString","coordinates":[[17.127259,48.157373],[17.127936,48.157923],[17.128021,48.157991],[17.12806,48.158028],[17.128139,48.158107]]},"properties":{"r":1,"k":"road"}},{"type":"Feature","geometry":{"type":"LineString","coordinates":[[17.115744,48.150017],[17.115339,48.14986],[17.115294,48.149842]]},"properties":{"r":1,"k":"road"}},{"type":"Feature","geometry":{"type":"LineString","coordinates":[[17.129559,48.153382],[17.12967,48.153396],[17.130036,48.153444],[17.130281,48.153476],[17.130566,48.153513],[17.132502,48.15376],[17.13278,48.153796],[17.132869,48.153807]]},"properties":{"r":0,"k":"road"}},{"type":"Feature","geometry":{"type":"LineString","coordinates":[[17.116087,48.157181],[17.11608,48.157218],[17.116412,48.157562],[17.116474,48.157628],[17.116937,48.158116],[17.117012,48.158199]]},"properties":{"r":0,"k":"road"}},{"type":"Feature","geometry":{"type":"LineString","coordinates":[[17.128726,48.153916],[17.128771,48.153994],[17.128799,48.154038],[17.128853,48.154113],[17.128892,48.154156]]},"properties":{"r":1,"k":"road"}},{"type":"Feature","geometry":{"type":"LineString","coordinates":[[17.111191,48.156106],[17.111296,48.156132],[17.111401,48.156154],[17.111621,48.156196],[17.112294,48.156325],[17.112919,48.156445],[17.113113,48.156481],[17.113192,48.156495]]},"properties":{"r":3,"k":"road"}},{"type":"Feature","geometry":{"type":"LineString","coordinates":[[17.116169,48.154744],[17.116013,48.154615],[17.115781,48.154427]]},"properties":{"r":2,"k":"road"}},{"type":"Feature","geometry":{"type":"LineString","coordinates":[[17.118632,48.153193],[17.118579,48.153105]]},"properties":{"r":0,"k":"road"}},{"type":"Feature","geometry":{"type":"LineString","coordinates":[[17.116069,48.154291],[17.11631,48.154299],[17.116519,48.1543]]},"properties":{"r":2,"k":"road"}},{"type":"Feature","geometry":{"type":"LineString","coordinates":[[17.124956,48.15167],[17.124909,48.151648],[17.124683,48.151553],[17.124373,48.151429],[17.124087,48.151316],[17.12387,48.151232],[17.123753,48.151186],[17.123584,48.15112],[17.123306,48.151013],[17.123269,48.150998],[17.123248,48.150989]]},"properties":{"r":0,"k":"road"}},{"type":"Feature","geometry":{"type":"LineString","coordinates":[[17.127193,48.152534],[17.127465,48.152442]]},"properties":{"r":0,"k":"road"}},{"type":"Feature","geometry":{"type":"LineString","coordinates":[[17.123471,48.149609],[17.123063,48.14993],[17.122315,48.150522],[17.122302,48.150532],[17.122266,48.15056],[17.122222,48.150595],[17.12067,48.15182],[17.120603,48.151873]]},"properties":{"r":0,"k":"road"}},{"type":"Feature","geometry":{"type":"LineString","coordinates":[[17.124041,48.146461],[17.124074,48.146548]]},"properties":{"r":2,"k":"road"}},{"type":"Feature","geometry":{"type":"LineString","coordinates":[[17.124108,48.147035],[17.123968,48.146679],[17.123963,48.146664],[17.123954,48.146639],[17.123906,48.146514]]},"properties":{"r":2,"k":"road"}},{"type":"Feature","geometry":{"type":"LineString","coordinates":[[17.123798,48.145829],[17.123928,48.146166]]},"properties":{"r":2,"k":"road"}},{"type":"Feature","geometry":{"type":"LineString","coordinates":[[17.123653,48.14542],[17.123726,48.145625],[17.123798,48.145829]]},"properties":{"r":2,"k":"road"}},{"type":"Feature","geometry":{"type":"LineString","coordinates":[[17.123061,48.146583],[17.122652,48.146625],[17.12256,48.146634],[17.122257,48.146665],[17.12216,48.146676],[17.121981,48.14668]]},"properties":{"r":1,"k":"road"}},{"type":"Feature","geometry":{"type":"LineString","coordinates":[[17.123798,48.145829],[17.12368,48.145891]]},"properties":{"r":2,"k":"road"}},{"type":"Feature","geometry":{"type":"LineString","coordinates":[[17.125074,48.155326],[17.12519,48.154958],[17.12525,48.154771],[17.125319,48.15456]]},"properties":{"r":2,"k":"road"}},{"type":"Feature","geometry":{"type":"LineString","coordinates":[[17.125365,48.154978],[17.125143,48.155602],[17.125091,48.155692]]},"properties":{"r":2,"k":"road"}},{"type":"Feature","geometry":{"type":"LineString","coordinates":[[17.125306,48.156066],[17.125057,48.155875],[17.124947,48.155796]]},"properties":{"r":1,"k":"road"}},{"type":"Feature","geometry":{"type":"LineString","coordinates":[[17.124627,48.155332],[17.12484,48.155503],[17.124955,48.155592]]},"properties":{"r":1,"k":"road"}},{"type":"Feature","geometry":{"type":"LineString","coordinates":[[17.123367,48.156311],[17.123078,48.156403]]},"properties":{"r":2,"k":"road"}},{"type":"Feature","geometry":{"type":"LineString","coordinates":[[17.125829,48.153265],[17.125757,48.153692],[17.125727,48.153815]]},"properties":{"r":2,"k":"road"}},{"type":"Feature","geometry":{"type":"LineString","coordinates":[[17.125319,48.15456],[17.125439,48.154189],[17.125527,48.153918],[17.125572,48.153791]]},"properties":{"r":2,"k":"road"}},{"type":"Feature","geometry":{"type":"LineString","coordinates":[[17.126469,48.153899],[17.126693,48.153924],[17.127055,48.153965]]},"properties":{"r":1,"k":"road"}},{"type":"Feature","geometry":{"type":"LineString","coordinates":[[17.124737,48.153526],[17.125002,48.15363],[17.125106,48.153667],[17.125219,48.153702],[17.125416,48.153764],[17.125572,48.153791]]},"properties":{"r":1,"k":"road"}},{"type":"Feature","geometry":{"type":"LineString","coordinates":[[17.119886,48.156581],[17.120083,48.15717]]},"properties":{"r":2,"k":"road"}},{"type":"Feature","geometry":{"type":"LineString","coordinates":[[17.120083,48.15717],[17.120113,48.157248]]},"properties":{"r":2,"k":"road"}},{"type":"Feature","geometry":{"type":"LineString","coordinates":[[17.120518,48.158067],[17.12042,48.157953],[17.12037,48.157909],[17.120302,48.157865],[17.120181,48.157796]]},"properties":{"r":2,"k":"road"}},{"type":"Feature","geometry":{"type":"LineString","coordinates":[[17.121125,48.157812],[17.120895,48.157792],[17.12066,48.157789],[17.120522,48.157787]]},"properties":{"r":3,"k":"road"}},{"type":"Feature","geometry":{"type":"LineString","coordinates":[[17.117812,48.15738],[17.118736,48.157541],[17.119279,48.157645],[17.119391,48.157663]]},"properties":{"r":3,"k":"road"}},{"type":"Feature","geometry":{"type":"LineString","coordinates":[[17.128783,48.15365],[17.128861,48.153326],[17.128875,48.15328],[17.129101,48.152683],[17.129259,48.152264],[17.129339,48.152054],[17.129369,48.151973],[17.129542,48.151516],[17.129599,48.151364],[17.129621,48.151305],[17.129639,48.151257]]},"properties":{"r":1,"k":"road"}},{"type":"Feature","geometry":{"type":"LineString","coordinates":[[17.127606,48.154021],[17.128017,48.154062],[17.128675,48.154126]]},"properties":{"r":1,"k":"road"}},{"type":"Feature","geometry":{"type":"LineString","coordinates":[[17.128892,48.154156],[17.128675,48.154126]]},"properties":{"r":1,"k":"road"}},{"type":"Feature","geometry":{"type":"LineString","coordinates":[[17.127397,48.154],[17.127055,48.153965]]},"properties":{"r":1,"k":"road"}},{"type":"Feature","geometry":{"type":"LineString","coordinates":[[17.129563,48.154238],[17.130169,48.154319],[17.130694,48.154389],[17.131313,48.154468],[17.13177,48.154525],[17.132242,48.154584],[17.132403,48.154608],[17.132565,48.15463],[17.132645,48.154641]]},"properties":{"r":1,"k":"road"}},{"type":"Feature","geometry":{"type":"LineString","coordinates":[[17.115413,48.152307],[17.11491,48.15249],[17.114009,48.152812],[17.113843,48.152872]]},"properties":{"r":0,"k":"road"}},{"type":"Feature","geometry":{"type":"LineString","coordinates":[[17.113502,48.149605],[17.113368,48.149675],[17.112882,48.149918]]},"properties":{"r":1,"k":"road"}},{"type":"Feature","geometry":{"type":"LineString","coordinates":[[17.111204,48.14984],[17.111339,48.149796],[17.111639,48.149691],[17.112104,48.149523],[17.112697,48.149311]]},"properties":{"r":1,"k":"road"}},{"type":"Feature","geometry":{"type":"LineString","coordinates":[[17.113412,48.149064],[17.113441,48.149062],[17.11347,48.149061],[17.113501,48.149063],[17.113527,48.149067],[17.113658,48.1491],[17.114113,48.149298]]},"properties":{"r":1,"k":"road"}},{"type":"Feature","geometry":{"type":"LineString","coordinates":[[17.114131,48.153113],[17.113964,48.152986],[17.113925,48.152953],[17.113903,48.152931],[17.113843,48.152872]]},"properties":{"r":2,"k":"road"}},{"type":"Feature","geometry":{"type":"LineString","coordinates":[[17.113398,48.15243],[17.113241,48.152273],[17.112662,48.151693],[17.112327,48.151342]]},"properties":{"r":2,"k":"road"}},{"type":"Feature","geometry":{"type":"LineString","coordinates":[[17.113412,48.149064],[17.113795,48.149416]]},"properties":{"r":0,"k":"road"}},{"type":"Feature","geometry":{"type":"LineString","coordinates":[[17.113104,48.153192],[17.113564,48.152982],[17.113671,48.152933],[17.113843,48.152872]]},"properties":{"r":0,"k":"road"}},{"type":"Feature","geometry":{"type":"LineString","coordinates":[[17.112882,48.149918],[17.112672,48.150023]]},"properties":{"r":1,"k":"road"}},{"type":"Feature","geometry":{"type":"LineString","coordinates":[[17.112697,48.149311],[17.113267,48.149109]]},"properties":{"r":1,"k":"road"}},{"type":"Feature","geometry":{"type":"LineString","coordinates":[[17.114831,48.156812],[17.115149,48.15687],[17.116073,48.157048],[17.117812,48.15738]]},"properties":{"r":3,"k":"road"}},{"type":"Feature","geometry":{"type":"LineString","coordinates":[[17.11803,48.150865],[17.117917,48.150823],[17.117893,48.150813],[17.117851,48.150795]]},"properties":{"r":1,"k":"road"}},{"type":"Feature","geometry":{"type":"LineString","coordinates":[[17.119689,48.151569],[17.119795,48.15165]]},"properties":{"r":1,"k":"road"}},{"type":"Feature","geometry":{"type":"LineString","coordinates":[[17.119897,48.151736],[17.119969,48.15179],[17.120551,48.152228],[17.120625,48.152284]]},"properties":{"r":1,"k":"road"}},{"type":"Feature","geometry":{"type":"LineString","coordinates":[[17.117353,48.150554],[17.117476,48.150566],[17.117654,48.150599],[17.11768,48.150605]]},"properties":{"r":1,"k":"road"}},{"type":"Feature","geometry":{"type":"LineString","coordinates":[[17.119795,48.15165],[17.119674,48.151626],[17.1196,48.151611],[17.119427,48.151571]]},"properties":{"r":1,"k":"road"}},{"type":"Feature","geometry":{"type":"LineString","coordinates":[[17.119298,48.141091],[17.119196,48.141098],[17.118605,48.141141],[17.118413,48.141159],[17.118271,48.14118],[17.118167,48.141208]]},"properties":{"r":0,"k":"road"}},{"type":"Feature","geometry":{"type":"LineString","coordinates":[[17.122993,48.144256],[17.122882,48.1441],[17.122682,48.143856],[17.122546,48.143708],[17.122411,48.143577],[17.122165,48.14336]]},"properties":{"r":2,"k":"road"}},{"type":"Feature","geometry":{"type":"LineString","coordinates":[[17.119695,48.145976],[17.119722,48.145944],[17.119906,48.14569],[17.120316,48.145124],[17.12035,48.145077],[17.120379,48.145037],[17.120743,48.144535],[17.120767,48.144502],[17.121094,48.144051],[17.121137,48.143991],[17.121298,48.143768],[17.121339,48.143713],[17.121368,48.143672],[17.121656,48.143274]]},"properties":{"r":0,"k":"road"}},{"type":"Feature","geometry":{"type":"LineString","coordinates":[[17.11996,48.141841],[17.119915,48.142062],[17.1199,48.142149]]},"properties":{"r":0,"k":"road"}},{"type":"Feature","geometry":{"type":"LineString","coordinates":[[17.119298,48.141091],[17.119285,48.140977]]},"properties":{"r":0,"k":"road"}},{"type":"Feature","geometry":{"type":"LineString","coordinates":[[17.119285,48.140977],[17.119275,48.140932],[17.119273,48.140912]]},"properties":{"r":0,"k":"road"}},{"type":"Feature","geometry":{"type":"LineString","coordinates":[[17.118588,48.141063],[17.119074,48.141022],[17.119285,48.140977]]},"properties":{"r":0,"k":"road"}},{"type":"Feature","geometry":{"type":"LineString","coordinates":[[17.12482,48.142301],[17.124881,48.142369],[17.124911,48.142399],[17.124972,48.142438],[17.125051,48.142465]]},"properties":{"r":0,"k":"road"}},{"type":"Feature","geometry":{"type":"LineString","coordinates":[[17.126207,48.142499],[17.125049,48.142576],[17.1246,48.142606]]},"properties":{"r":1,"k":"road"}},{"type":"Feature","geometry":{"type":"LineString","coordinates":[[17.124751,48.1407],[17.124806,48.140679],[17.124871,48.140663],[17.124944,48.140652],[17.125717,48.140591],[17.12577,48.140591],[17.125812,48.140597],[17.125852,48.140611],[17.125882,48.140627]]},"properties":{"r":0,"k":"road"}},{"type":"Feature","geometry":{"type":"LineString","coordinates":[[17.124018,48.143406],[17.123901,48.143566],[17.123505,48.14411]]},"properties":{"r":0,"k":"road"}},{"type":"Feature","geometry":{"type":"LineString","coordinates":[[17.125375,48.14151],[17.125297,48.141608],[17.125238,48.141675]]},"properties":{"r":0,"k":"road"}},{"type":"Feature","geometry":{"type":"LineString","coordinates":[[17.130762,48.143136],[17.130607,48.14322]]},"properties":{"r":0,"k":"road"}},{"type":"Feature","geometry":{"type":"LineString","coordinates":[[17.130607,48.14322],[17.130292,48.142702]]},"properties":{"r":3,"k":"road"}},{"type":"Feature","geometry":{"type":"LineString","coordinates":[[17.130292,48.142702],[17.130204,48.142557]]},"properties":{"r":3,"k":"road"}},{"type":"Feature","geometry":{"type":"LineString","coordinates":[[17.13096,48.143775],[17.130783,48.143463],[17.130607,48.14322]]},"properties":{"r":3,"k":"road"}},{"type":"Feature","geometry":{"type":"LineString","coordinates":[[17.130204,48.142557],[17.130091,48.142379],[17.130081,48.142366]]},"properties":{"r":3,"k":"road"}},{"type":"Feature","geometry":{"type":"LineString","coordinates":[[17.130065,48.141966],[17.130147,48.142097],[17.130195,48.142171]]},"properties":{"r":3,"k":"road"}},{"type":"Feature","geometry":{"type":"LineString","coordinates":[[17.130576,48.142819],[17.130762,48.143136]]},"properties":{"r":3,"k":"road"}},{"type":"Feature","geometry":{"type":"LineString","coordinates":[[17.128692,48.142224],[17.129048,48.142199],[17.129554,48.142179]]},"properties":{"r":1,"k":"road"}},{"type":"Feature","geometry":{"type":"LineString","coordinates":[[17.131431,48.142291],[17.130644,48.142291]]},"properties":{"r":2,"k":"road"}},{"type":"Feature","geometry":{"type":"LineString","coordinates":[[17.130644,48.142291],[17.13041,48.142292],[17.130269,48.142292]]},"properties":{"r":2,"k":"road"}},{"type":"Feature","geometry":{"type":"LineString","coordinates":[[17.130204,48.142557],[17.129905,48.142404],[17.12988,48.142392],[17.129804,48.14236],[17.129655,48.1423]]},"properties":{"r":0,"k":"road"}},{"type":"Feature","geometry":{"type":"LineString","coordinates":[[17.130065,48.141966],[17.130231,48.142026],[17.130305,48.142074],[17.130394,48.14211],[17.130529,48.14217]]},"properties":{"r":2,"k":"road"}},{"type":"Feature","geometry":{"type":"LineString","coordinates":[[17.132176,48.145548],[17.132297,48.145704]]},"properties":{"r":3,"k":"road"}},{"type":"Feature","geometry":{"type":"LineString","coordinates":[[17.130762,48.143136],[17.131611,48.144589]]},"properties":{"r":3,"k":"road"}},{"type":"Feature","geometry":{"type":"LineString","coordinates":[[17.131611,48.144589],[17.13189,48.145065]]},"properties":{"r":3,"k":"road"}},{"type":"Feature","geometry":{"type":"LineString","coordinates":[[17.132024,48.145295],[17.132119,48.145451],[17.132176,48.145548]]},"properties":{"r":3,"k":"road"}},{"type":"Feature","geometry":{"type":"LineString","coordinates":[[17.131752,48.145245],[17.131442,48.144716],[17.13096,48.143775]]},"properties":{"r":3,"k":"road"}},{"type":"Feature","geometry":{"type":"LineString","coordinates":[[17.130838,48.145719],[17.131001,48.145707],[17.131285,48.145679]]},"properties":{"r":2,"k":"road"}},{"type":"Feature","geometry":{"type":"LineString","coordinates":[[17.130376,48.145905],[17.129797,48.145968]]},"properties":{"r":2,"k":"road"}},{"type":"Feature","geometry":{"type":"LineString","coordinates":[[17.132514,48.145506],[17.133104,48.145446],[17.133239,48.145432]]},"properties":{"r":3,"k":"road"}},{"type":"Feature","geometry":{"type":"LineString","coordinates":[[17.13196,48.145584],[17.132176,48.145548]]},"properties":{"r":3,"k":"road"}},{"type":"Feature","geometry":{"type":"LineString","coordinates":[[17.117079,48.141246],[17.116782,48.141154],[17.116732,48.141138],[17.116648,48.141112]]},"properties":{"r":2,"k":"road"}},{"type":"Feature","geometry":{"type":"LineString","coordinates":[[17.117079,48.141246],[17.116859,48.141298],[17.116823,48.141303],[17.116769,48.141322],[17.116714,48.141353]]},"properties":{"r":0,"k":"road"}},{"type":"Feature","geometry":{"type":"LineString","coordinates":[[17.138482,48.141295],[17.13894,48.141202],[17.139048,48.141176],[17.139173,48.141142],[17.13927,48.141113],[17.139374,48.14108],[17.139499,48.141034],[17.1396,48.140992],[17.139705,48.140946],[17.139805,48.140899],[17.139894,48.140851],[17.139984,48.1408],[17.140086,48.140735],[17.140186,48.140667],[17.140307,48.140574],[17.14042,48.140478],[17.140519,48.140389],[17.141357,48.139653],[17.141423,48.139593],[17.141494,48.139523],[17.141549,48.139469],[17.141597,48.139427],[17.141654,48.139378],[17.141711,48.139331]]},"properties":{"r":1,"k":"rail"}},{"type":"Feature","geometry":{"type":"LineString","coordinates":[[17.131871,48.141133],[17.13201,48.141143],[17.132157,48.14115],[17.132354,48.141157],[17.132645,48.141157],[17.132971,48.14115],[17.135607,48.141079],[17.136899,48.14103],[17.137488,48.141013],[17.137659,48.141004],[17.137809,48.140991],[17.137933,48.140981],[17.13819,48.140947]]},"properties":{"r":1,"k":"rail"}},{"type":"Feature","geometry":{"type":"LineString","coordinates":[[17.13782,48.1414],[17.137928,48.141382],[17.138039,48.14136],[17.138154,48.141336],[17.138244,48.14131],[17.138344,48.141282],[17.138473,48.141235],[17.138589,48.141191],[17.138724,48.141132],[17.138841,48.141079],[17.138962,48.141008],[17.139073,48.140937],[17.139154,48.140873],[17.13922,48.140815],[17.139284,48.140758],[17.139363,48.140678],[17.139406,48.14063],[17.139462,48.140561],[17.139522,48.14047],[17.139605,48.14035],[17.139744,48.140127],[17.139809,48.140018],[17.139873,48.139902],[17.13991,48.139822],[17.139941,48.139753],[17.140001,48.139639],[17.140072,48.13952],[17.141839,48.136805]]},"properties":{"r":1,"k":"rail"}},{"type":"Feature","geometry":{"type":"LineString","coordinates":[[17.144743,48.138506],[17.144567,48.138523],[17.144419,48.13854],[17.144284,48.138562],[17.144183,48.138579],[17.143786,48.138653],[17.143537,48.138701],[17.143392,48.138735],[17.143253,48.138773],[17.143083,48.138825],[17.142928,48.138881],[17.142791,48.138936],[17.142669,48.138993],[17.142554,48.139051],[17.142431,48.13912],[17.14232,48.139192],[17.142192,48.13928],[17.142101,48.139353],[17.142021,48.13942],[17.140699,48.140568],[17.140581,48.140668],[17.140459,48.140771],[17.140339,48.140858],[17.140203,48.140947],[17.140054,48.141031],[17.139899,48.14111],[17.139741,48.141179],[17.139573,48.141242],[17.139397,48.1413],[17.139219,48.141349],[17.139036,48.141392],[17.138852,48.141427],[17.138664,48.141453],[17.138465,48.141473],[17.138276,48.141484],[17.13807,48.141492],[17.136736,48.141537],[17.13652,48.141544],[17.136376,48.141551],[17.136253,48.141561],[17.136081,48.141576]]},"properties":{"r":1,"k":"rail"}},{"type":"Feature","geometry":{"type":"LineString","coordinates":[[17.137223,48.140981],[17.137345,48.140978],[17.137459,48.140974],[17.13759,48.140966],[17.137695,48.140957],[17.137812,48.140942],[17.137933,48.140923],[17.138054,48.140902],[17.138172,48.140874],[17.138298,48.140841],[17.138413,48.140806],[17.138514,48.140772],[17.138639,48.140721],[17.138727,48.140684],[17.138845,48.140631],[17.138986,48.140562],[17.139144,48.140478],[17.139354,48.140362]]},"properties":{"r":1,"k":"rail"}},{"type":"Feature","geometry":{"type":"LineString","coordinates":[[17.141944,48.136846],[17.139971,48.139908],[17.139909,48.139992],[17.139846,48.14007],[17.139768,48.14016],[17.139719,48.14021],[17.139666,48.14027],[17.139605,48.14035]]},"properties":{"r":1,"k":"rail"}},{"type":"Feature","geometry":{"type":"LineString","coordinates":[[17.123365,48.152974],[17.123529,48.15304],[17.123681,48.153099],[17.123761,48.153134],[17.124199,48.153307],[17.124466,48.153417],[17.124737,48.153526]]},"properties":{"r":1,"k":"road"}},{"type":"Feature","geometry":{"type":"LineString","coordinates":[[17.123076,48.153791],[17.123334,48.153573],[17.123481,48.153659],[17.123499,48.15367],[17.123218,48.153897]]},"properties":{"r":0,"k":"road"}},{"type":"Feature","geometry":{"type":"LineString","coordinates":[[17.130529,48.14217],[17.131419,48.142172],[17.131542,48.142173],[17.131843,48.142181],[17.132519,48.142173],[17.132942,48.142164]]},"properties":{"r":2,"k":"road"}},{"type":"Feature","geometry":{"type":"LineString","coordinates":[[17.118902,48.15257],[17.118803,48.152514]]},"properties":{"r":0,"k":"road"}},{"type":"Feature","geometry":{"type":"LineString","coordinates":[[17.120111,48.151531],[17.121787,48.150276]]},"properties":{"r":0,"k":"road"}},{"type":"Feature","geometry":{"type":"LineString","coordinates":[[17.130308,48.156572],[17.13006,48.156394],[17.129827,48.156225]]},"properties":{"r":0,"k":"road"}},{"type":"Feature","geometry":{"type":"LineString","coordinates":[[17.115501,48.15421],[17.115681,48.154347]]},"properties":{"r":2,"k":"road"}},{"type":"Feature","geometry":{"type":"LineString","coordinates":[[17.116636,48.155098],[17.116169,48.154744]]},"properties":{"r":2,"k":"road"}},{"type":"Feature","geometry":{"type":"LineString","coordinates":[[17.135457,48.1538],[17.135834,48.153501]]},"properties":{"r":1,"k":"road"}},{"type":"Feature","geometry":{"type":"LineString","coordinates":[[17.120871,48.152496],[17.121844,48.153234],[17.122102,48.153434]]},"properties":{"r":1,"k":"road"}},{"type":"Feature","geometry":{"type":"LineString","coordinates":[[17.115422,48.1464],[17.115474,48.146367],[17.11552,48.146332],[17.115544,48.146312],[17.115576,48.14628],[17.115639,48.146212],[17.115662,48.146183],[17.115741,48.146084],[17.115779,48.146035],[17.115808,48.146]]},"properties":{"r":0,"k":"road"}},{"type":"Feature","geometry":{"type":"LineString","coordinates":[[17.112931,48.144337],[17.112923,48.144404],[17.112923,48.144453],[17.112932,48.144501],[17.112946,48.144553],[17.112968,48.144611],[17.112996,48.144663],[17.113062,48.144775]]},"properties":{"r":0,"k":"road"}},{"type":"Feature","geometry":{"type":"LineString","coordinates":[[17.136747,48.152776],[17.136601,48.152892],[17.136534,48.152945]]},"properties":{"r":1,"k":"road"}},{"type":"Feature","geometry":{"type":"LineString","coordinates":[[17.136976,48.152595],[17.137226,48.152396]]},"properties":{"r":1,"k":"road"}},{"type":"Feature","geometry":{"type":"LineString","coordinates":[[17.131199,48.157208],[17.13105,48.157323],[17.130712,48.157595]]},"properties":{"r":1,"k":"road"}},{"type":"Feature","geometry":{"type":"LineString","coordinates":[[17.13526,48.153956],[17.134958,48.154196]]},"properties":{"r":1,"k":"road"}},{"type":"Feature","geometry":{"type":"LineString","coordinates":[[17.137785,48.151952],[17.137733,48.151994],[17.137666,48.152047]]},"properties":{"r":1,"k":"road"}},{"type":"Feature","geometry":{"type":"LineString","coordinates":[[17.138105,48.151699],[17.137914,48.15185],[17.137785,48.151952]]},"properties":{"r":1,"k":"road"}},{"type":"Feature","geometry":{"type":"LineString","coordinates":[[17.131399,48.157048],[17.131644,48.156877],[17.131711,48.156822]]},"properties":{"r":1,"k":"road"}},{"type":"Feature","geometry":{"type":"LineString","coordinates":[[17.134434,48.154611],[17.134289,48.154727],[17.134174,48.154818]]},"properties":{"r":1,"k":"road"}},{"type":"Feature","geometry":{"type":"LineString","coordinates":[[17.139399,48.15064],[17.139313,48.150716],[17.13904,48.150956],[17.138869,48.151092],[17.138777,48.151165]]},"properties":{"r":1,"k":"road"}},{"type":"Feature","geometry":{"type":"LineString","coordinates":[[17.134481,48.145476],[17.134653,48.145513],[17.134847,48.145556],[17.135738,48.145774],[17.13734,48.146165],[17.137886,48.146294],[17.137994,48.146318]]},"properties":{"r":3,"k":"road"}},{"type":"Feature","geometry":{"type":"LineString","coordinates":[[17.138272,48.150872],[17.138685,48.151107],[17.138777,48.151165]]},"properties":{"r":0,"k":"road"}},{"type":"Feature","geometry":{"type":"LineString","coordinates":[[17.132645,48.154641],[17.132919,48.154676]]},"properties":{"r":1,"k":"road"}},{"type":"Feature","geometry":{"type":"LineString","coordinates":[[17.134495,48.155004],[17.134423,48.15498],[17.13434,48.154946],[17.134253,48.154882],[17.134174,48.154818]]},"properties":{"r":1,"k":"road"}},{"type":"Feature","geometry":{"type":"LineString","coordinates":[[17.134495,48.155004],[17.13436,48.154992],[17.134263,48.154966],[17.134178,48.154947],[17.134047,48.154918]]},"properties":{"r":1,"k":"road"}},{"type":"Feature","geometry":{"type":"LineString","coordinates":[[17.130712,48.157595],[17.130708,48.157491],[17.130786,48.15741],[17.130974,48.157279],[17.131118,48.157157]]},"properties":{"r":0,"k":"road"}},{"type":"Feature","geometry":{"type":"LineString","coordinates":[[17.11358,48.143056],[17.114322,48.142559],[17.115004,48.142103],[17.115209,48.141965]]},"properties":{"r":0,"k":"road"}},{"type":"Feature","geometry":{"type":"LineString","coordinates":[[17.12368,48.145891],[17.12354,48.145857],[17.122634,48.145635],[17.122578,48.145623],[17.122511,48.145605],[17.121237,48.145294],[17.120438,48.145099],[17.12035,48.145077],[17.120246,48.145052],[17.118178,48.144546],[17.118097,48.144527],[17.118031,48.144511],[17.117037,48.144267],[17.116897,48.144234],[17.116828,48.144224],[17.116756,48.144221],[17.116728,48.14422],[17.116657,48.144233],[17.11664,48.144233],[17.116549,48.144223],[17.116028,48.14417],[17.115734,48.144141],[17.115697,48.144128],[17.115663,48.144117],[17.115357,48.14406]]},"properties":{"r":0,"k":"road"}},{"type":"Feature","geometry":{"type":"LineString","coordinates":[[17.118902,48.15257],[17.119145,48.152706],[17.119247,48.152763],[17.119809,48.153078],[17.120385,48.153418],[17.120429,48.153442],[17.120976,48.153748],[17.121106,48.153819],[17.121138,48.153838]]},"properties":{"r":0,"k":"road"}},{"type":"Feature","geometry":{"type":"LineString","coordinates":[[17.114586,48.154642],[17.11465,48.154611]]},"properties":{"r":0,"k":"road"}},{"type":"Feature","geometry":{"type":"LineString","coordinates":[[17.11465,48.154611],[17.11513,48.154394]]},"properties":{"r":0,"k":"road"}},{"type":"Feature","geometry":{"type":"LineString","coordinates":[[17.11513,48.154394],[17.115397,48.154261],[17.115445,48.154238],[17.115501,48.15421]]},"properties":{"r":0,"k":"road"}},{"type":"Feature","geometry":{"type":"LineString","coordinates":[[17.11435,48.155152],[17.114305,48.155176],[17.114258,48.155202]]},"properties":{"r":0,"k":"road"}},{"type":"Feature","geometry":{"type":"LineString","coordinates":[[17.114183,48.142524],[17.114199,48.142536],[17.114225,48.142544],[17.114253,48.142551],[17.114322,48.142559]]},"properties":{"r":0,"k":"road"}},{"type":"Feature","geometry":{"type":"LineString","coordinates":[[17.136633,48.149002],[17.136134,48.149119]]},"properties":{"r":0,"k":"road"}},{"type":"Feature","geometry":{"type":"LineString","coordinates":[[17.13492,48.156761],[17.13489,48.156868],[17.134818,48.157153],[17.134802,48.157223],[17.134725,48.157562],[17.134716,48.157601],[17.134888,48.157663]]},"properties":{"r":0,"k":"road"}},{"type":"Feature","geometry":{"type":"LineString","coordinates":[[17.133442,48.153252],[17.133839,48.153305],[17.134226,48.153355],[17.134339,48.153372],[17.134451,48.153386],[17.134775,48.153435],[17.134803,48.153442],[17.134833,48.15345],[17.134878,48.153467],[17.134914,48.153486],[17.13504,48.153559],[17.135129,48.153608],[17.135362,48.153745],[17.135424,48.153781],[17.135457,48.1538]]},"properties":{"r":0,"k":"road"}},{"type":"Feature","geometry":{"type":"LineString","coordinates":[[17.117462,48.14244],[17.117398,48.14242],[17.116345,48.142076]]},"properties":{"r":0,"k":"road"}},{"type":"Feature","geometry":{"type":"LineString","coordinates":[[17.118354,48.142733],[17.118294,48.142714],[17.117521,48.142461],[17.117462,48.14244]]},"properties":{"r":0,"k":"road"}},{"type":"Feature","geometry":{"type":"LineString","coordinates":[[17.11735,48.141237],[17.117697,48.141343],[17.117866,48.141396]]},"properties":{"r":2,"k":"road"}},{"type":"Feature","geometry":{"type":"LineString","coordinates":[[17.115885,48.140932],[17.114208,48.140657]]},"properties":{"r":2,"k":"road"}},{"type":"Feature","geometry":{"type":"LineString","coordinates":[[17.12482,48.142301],[17.124754,48.142401],[17.1247,48.142471],[17.124681,48.142489]]},"properties":{"r":0,"k":"road"}},{"type":"Feature","geometry":{"type":"LineString","coordinates":[[17.113382,48.157061],[17.113346,48.156956],[17.113318,48.156876],[17.113299,48.156815]]},"properties":{"r":1,"k":"road"}},{"type":"Feature","geometry":{"type":"LineString","coordinates":[[17.113282,48.156758],[17.113243,48.156633],[17.113233,48.156602],[17.113222,48.156568]]},"properties":{"r":1,"k":"road"}},{"type":"Feature","geometry":{"type":"LineString","coordinates":[[17.138657,48.156152],[17.138605,48.156348],[17.138525,48.15665],[17.138506,48.156725],[17.138316,48.156828],[17.138211,48.156877],[17.138077,48.156945],[17.138027,48.156979],[17.13778,48.157192]]},"properties":{"r":0,"k":"road"}},{"type":"Feature","geometry":{"type":"LineString","coordinates":[[17.136569,48.155267],[17.136458,48.155252]]},"properties":{"r":1,"k":"road"}},{"type":"Feature","geometry":{"type":"LineString","coordinates":[[17.116434,48.151525],[17.116339,48.151464],[17.115918,48.151204],[17.115872,48.151175],[17.115678,48.151053],[17.115529,48.150953],[17.11532,48.150812],[17.11524,48.150756],[17.114819,48.150454],[17.114693,48.150358],[17.114555,48.150243],[17.114451,48.150159],[17.114134,48.149878],[17.113956,48.149726]]},"properties":{"r":0,"k":"road"}},{"type":"Feature","geometry":{"type":"LineString","coordinates":[[17.121433,48.156081],[17.121227,48.156152],[17.121474,48.156514]]},"properties":{"r":0,"k":"road"}},{"type":"Feature","geometry":{"type":"LineString","coordinates":[[17.11656,48.152585],[17.116296,48.152731],[17.116162,48.152806],[17.116108,48.152837],[17.11559,48.153116],[17.115489,48.15317],[17.115388,48.153182]]},"properties":{"r":0,"k":"road"}},{"type":"Feature","geometry":{"type":"LineString","coordinates":[[17.135745,48.157775],[17.135721,48.157867],[17.135646,48.158123]]},"properties":{"r":1,"k":"road"}},{"type":"Feature","geometry":{"type":"LineString","coordinates":[[17.135843,48.157429],[17.135745,48.157775]]},"properties":{"r":1,"k":"road"}},{"type":"Feature","geometry":{"type":"LineString","coordinates":[[17.135793,48.155036],[17.136265,48.155096],[17.136346,48.155106]]},"properties":{"r":1,"k":"road"}},{"type":"Feature","geometry":{"type":"LineString","coordinates":[[17.135605,48.155147],[17.134495,48.155004]]},"properties":{"r":1,"k":"road"}},{"type":"Feature","geometry":{"type":"LineString","coordinates":[[17.132919,48.154676],[17.132981,48.154685],[17.13333,48.15473],[17.133378,48.154736],[17.13355,48.154755]]},"properties":{"r":1,"k":"road"}},{"type":"Feature","geometry":{"type":"LineString","coordinates":[[17.130038,48.155632],[17.1303,48.155464],[17.130474,48.155333]]},"properties":{"r":0,"k":"road"}},{"type":"Feature","geometry":{"type":"LineString","coordinates":[[17.133516,48.15536],[17.133823,48.155105],[17.133959,48.154994],[17.134047,48.154918]]},"properties":{"r":1,"k":"road"}},{"type":"Feature","geometry":{"type":"LineString","coordinates":[[17.118843,48.153416],[17.118983,48.153839],[17.119031,48.153987]]},"properties":{"r":0,"k":"road"}},{"type":"Feature","geometry":{"type":"LineString","coordinates":[[17.118898,48.154005],[17.118711,48.153435]]},"properties":{"r":0,"k":"road"}},{"type":"Feature","geometry":{"type":"LineString","coordinates":[[17.118711,48.153435],[17.118692,48.153376],[17.118632,48.153193]]},"properties":{"r":0,"k":"road"}},{"type":"Feature","geometry":{"type":"LineString","coordinates":[[17.119031,48.153987],[17.119047,48.154037],[17.119118,48.154259]]},"properties":{"r":0,"k":"road"}},{"type":"Feature","geometry":{"type":"LineString","coordinates":[[17.126283,48.140567],[17.126184,48.140592],[17.126123,48.140611],[17.126077,48.14063],[17.126031,48.140652],[17.126005,48.14067],[17.125982,48.140691],[17.125936,48.14074],[17.125878,48.140814]]},"properties":{"r":0,"k":"road"}},{"type":"Feature","geometry":{"type":"LineString","coordinates":[[17.13098,48.147252],[17.131126,48.146877]]},"properties":{"r":1,"k":"road"}},{"type":"Feature","geometry":{"type":"LineString","coordinates":[[17.131114,48.147256],[17.131086,48.147328],[17.131049,48.147428],[17.130787,48.148121]]},"properties":{"r":1,"k":"road"}},{"type":"Feature","geometry":{"type":"LineString","coordinates":[[17.131051,48.145836],[17.130376,48.145905]]},"properties":{"r":2,"k":"road"}},{"type":"Feature","geometry":{"type":"LineString","coordinates":[[17.119118,48.154259],[17.119142,48.154332]]},"properties":{"r":0,"k":"road"}},{"type":"Feature","geometry":{"type":"LineString","coordinates":[[17.119052,48.154329],[17.119103,48.15433],[17.119108,48.154331],[17.119142,48.154332]]},"properties":{"r":2,"k":"road"}},{"type":"Feature","geometry":{"type":"LineString","coordinates":[[17.118432,48.154322],[17.118877,48.154325],[17.118948,48.154326],[17.119004,48.154327]]},"properties":{"r":2,"k":"road"}},{"type":"Feature","geometry":{"type":"LineString","coordinates":[[17.116519,48.1543],[17.116569,48.1543],[17.117154,48.154306],[17.118075,48.154316],[17.118432,48.154322]]},"properties":{"r":2,"k":"road"}},{"type":"Feature","geometry":{"type":"LineString","coordinates":[[17.119263,48.154724],[17.119338,48.154955],[17.119451,48.155298]]},"properties":{"r":2,"k":"road"}},{"type":"Feature","geometry":{"type":"LineString","coordinates":[[17.119451,48.155298],[17.11966,48.15595],[17.119721,48.156075]]},"properties":{"r":2,"k":"road"}},{"type":"Feature","geometry":{"type":"LineString","coordinates":[[17.124704,48.149345],[17.124862,48.149322],[17.124952,48.149309]]},"properties":{"r":0,"k":"road"}},{"type":"Feature","geometry":{"type":"LineString","coordinates":[[17.122106,48.149783],[17.122359,48.149314],[17.122378,48.149275]]},"properties":{"r":0,"k":"road"}},{"type":"Feature","geometry":{"type":"LineString","coordinates":[[17.12979,48.143866],[17.129913,48.143703],[17.129983,48.143622],[17.130074,48.143532],[17.130174,48.143457],[17.130291,48.143386],[17.130443,48.143307],[17.130531,48.143262],[17.130607,48.14322]]},"properties":{"r":0,"k":"road"}},{"type":"Feature","geometry":{"type":"LineString","coordinates":[[17.13984,48.14192],[17.140042,48.141906],[17.140275,48.141897],[17.140946,48.141874],[17.141157,48.141874]]},"properties":{"r":2,"k":"road"}},{"type":"Feature","geometry":{"type":"LineString","coordinates":[[17.119095,48.151369],[17.119256,48.151351],[17.119299,48.151347],[17.119421,48.151339]]},"properties":{"r":0,"k":"road"}},{"type":"Feature","geometry":{"type":"LineString","coordinates":[[17.119095,48.151369],[17.119018,48.151319],[17.118965,48.151288],[17.118939,48.151273],[17.118909,48.151258],[17.118877,48.151243],[17.118283,48.150979],[17.11803,48.150865]]},"properties":{"r":1,"k":"road"}},{"type":"Feature","geometry":{"type":"LineString","coordinates":[[17.119897,48.151736],[17.119841,48.151754],[17.119803,48.151762],[17.119747,48.151782]]},"properties":{"r":1,"k":"road"}},{"type":"Feature","geometry":{"type":"LineString","coordinates":[[17.114483,48.141393],[17.115955,48.141374]]},"properties":{"r":0,"k":"road"}},{"type":"Feature","geometry":{"type":"LineString","coordinates":[[17.127119,48.143998],[17.127171,48.144016],[17.127523,48.144136]]},"properties":{"r":0,"k":"road"}},{"type":"Feature","geometry":{"type":"LineString","coordinates":[[17.12347,48.14416],[17.123485,48.144281],[17.123505,48.144356]]},"properties":{"r":0,"k":"road"}},{"type":"Feature","geometry":{"type":"LineString","coordinates":[[17.115356,48.141787],[17.115381,48.141791],[17.115407,48.141794],[17.115439,48.141798]]},"properties":{"r":0,"k":"road"}},{"type":"Feature","geometry":{"type":"LineString","coordinates":[[17.129463,48.141004],[17.129641,48.141298],[17.129845,48.141631]]},"properties":{"r":3,"k":"road"}},{"type":"Feature","geometry":{"type":"LineString","coordinates":[[17.122165,48.14336],[17.121937,48.143183],[17.121801,48.143092]]},"properties":{"r":2,"k":"road"}},{"type":"Feature","geometry":{"type":"LineString","coordinates":[[17.128828,48.15551],[17.129448,48.155956],[17.129489,48.155986]]},"properties":{"r":0,"k":"road"}},{"type":"Feature","geometry":{"type":"LineString","coordinates":[[17.127752,48.154746],[17.127892,48.154841],[17.127985,48.15491],[17.128421,48.155221],[17.128661,48.15539],[17.128828,48.15551]]},"properties":{"r":0,"k":"road"}},{"type":"Feature","geometry":{"type":"LineString","coordinates":[[17.119737,48.142177],[17.119279,48.142005]]},"properties":{"r":2,"k":"road"}},{"type":"Feature","geometry":{"type":"LineString","coordinates":[[17.119032,48.141829],[17.119592,48.142024]]},"properties":{"r":2,"k":"road"}},{"type":"Feature","geometry":{"type":"LineString","coordinates":[[17.121013,48.142561],[17.121563,48.142779]]},"properties":{"r":2,"k":"road"}},{"type":"Feature","geometry":{"type":"LineString","coordinates":[[17.11993,48.142245],[17.119791,48.142195],[17.119737,48.142177]]},"properties":{"r":2,"k":"road"}},{"type":"Feature","geometry":{"type":"LineString","coordinates":[[17.120964,48.142637],[17.120673,48.142518],[17.11993,48.142245]]},"properties":{"r":2,"k":"road"}},{"type":"Feature","geometry":{"type":"LineString","coordinates":[[17.119691,48.142062],[17.119816,48.142113],[17.1199,48.142149]]},"properties":{"r":2,"k":"road"}},{"type":"Feature","geometry":{"type":"LineString","coordinates":[[17.121563,48.142779],[17.121792,48.142888],[17.121889,48.142945]]},"properties":{"r":2,"k":"road"}},{"type":"Feature","geometry":{"type":"LineString","coordinates":[[17.118969,48.141893],[17.118425,48.141688],[17.117928,48.141505],[17.117816,48.141472]]},"properties":{"r":2,"k":"road"}},{"type":"Feature","geometry":{"type":"LineString","coordinates":[[17.120001,48.141292],[17.119968,48.141092],[17.119962,48.141044]]},"properties":{"r":0,"k":"road"}},{"type":"Feature","geometry":{"type":"LineString","coordinates":[[17.11996,48.141841],[17.120035,48.141705],[17.120041,48.141578]]},"properties":{"r":0,"k":"road"}},{"type":"Feature","geometry":{"type":"LineString","coordinates":[[17.122698,48.14279],[17.122269,48.142905]]},"properties":{"r":1,"k":"road"}},{"type":"Feature","geometry":{"type":"LineString","coordinates":[[17.122116,48.142857],[17.12263,48.142701]]},"properties":{"r":1,"k":"road"}},{"type":"Feature","geometry":{"type":"LineString","coordinates":[[17.124259,48.142629],[17.1237,48.142666],[17.123359,48.142703]]},"properties":{"r":1,"k":"road"}},{"type":"Feature","geometry":{"type":"LineString","coordinates":[[17.12372,48.142553],[17.124438,48.142505],[17.124681,48.142489]]},"properties":{"r":1,"k":"road"}},{"type":"Feature","geometry":{"type":"LineString","coordinates":[[17.122269,48.142905],[17.122046,48.142974],[17.121972,48.143]]},"properties":{"r":1,"k":"road"}},{"type":"Feature","geometry":{"type":"LineString","coordinates":[[17.123359,48.142703],[17.122869,48.142756],[17.122698,48.14279]]},"properties":{"r":1,"k":"road"}},{"type":"Feature","geometry":{"type":"LineString","coordinates":[[17.12263,48.142701],[17.122733,48.142673],[17.122838,48.142649],[17.123035,48.142614],[17.12372,48.142553]]},"properties":{"r":1,"k":"road"}},{"type":"Feature","geometry":{"type":"LineString","coordinates":[[17.121656,48.143274],[17.12175,48.143145],[17.121801,48.143092]]},"properties":{"r":0,"k":"road"}},{"type":"Feature","geometry":{"type":"LineString","coordinates":[[17.12235,48.142344],[17.122378,48.142394],[17.122432,48.142466],[17.122486,48.142532],[17.122541,48.142592],[17.12263,48.142701]]},"properties":{"r":0,"k":"road"}},{"type":"Feature","geometry":{"type":"LineString","coordinates":[[17.120879,48.140979],[17.120224,48.141025],[17.120183,48.141028]]},"properties":{"r":0,"k":"road"}},{"type":"Feature","geometry":{"type":"LineString","coordinates":[[17.112967,48.143287],[17.113032,48.1433],[17.113085,48.143307],[17.113134,48.143306],[17.11317,48.143301],[17.113212,48.143292]]},"properties":{"r":0,"k":"road"}},{"type":"Feature","geometry":{"type":"LineString","coordinates":[[17.112967,48.143287],[17.113055,48.143327],[17.113111,48.143359],[17.11314,48.143388],[17.11316,48.14343],[17.113162,48.14347],[17.113153,48.143518]]},"properties":{"r":0,"k":"road"}},{"type":"Feature","geometry":{"type":"LineString","coordinates":[[17.114461,48.141494],[17.114804,48.14161]]},"properties":{"r":0,"k":"road"}},{"type":"Feature","geometry":{"type":"LineString","coordinates":[[17.114804,48.14161],[17.115356,48.141787]]},"properties":{"r":0,"k":"road"}},{"type":"Feature","geometry":{"type":"LineString","coordinates":[[17.114086,48.141363],[17.1144,48.141394],[17.114483,48.141393]]},"properties":{"r":0,"k":"road"}},{"type":"Feature","geometry":{"type":"LineString","coordinates":[[17.114197,48.140705],[17.114097,48.141295]]},"properties":{"r":0,"k":"road"}},{"type":"Feature","geometry":{"type":"LineString","coordinates":[[17.114208,48.140657],[17.114197,48.140705]]},"properties":{"r":0,"k":"road"}},{"type":"Feature","geometry":{"type":"LineString","coordinates":[[17.113993,48.14134],[17.114086,48.141363]]},"properties":{"r":0,"k":"road"}},{"type":"Feature","geometry":{"type":"LineString","coordinates":[[17.112631,48.141552],[17.113008,48.141496]]},"properties":{"r":0,"k":"road"}},{"type":"Feature","geometry":{"type":"LineString","coordinates":[[17.113008,48.141496],[17.113341,48.141445],[17.113627,48.141399],[17.113993,48.14134]]},"properties":{"r":0,"k":"road"}},{"type":"Feature","geometry":{"type":"LineString","coordinates":[[17.122035,48.141175],[17.121928,48.141071],[17.121836,48.141015],[17.12175,48.140977],[17.121635,48.140945],[17.121518,48.140934]]},"properties":{"r":0,"k":"road"}},{"type":"Feature","geometry":{"type":"LineString","coordinates":[[17.12382,48.154344],[17.123879,48.154395],[17.124454,48.154821],[17.124606,48.154849],[17.124718,48.154812],[17.124774,48.154731]]},"properties":{"r":0,"k":"road"}},{"type":"Feature","geometry":{"type":"LineString","coordinates":[[17.141302,48.155881],[17.14094,48.155841],[17.140235,48.155741],[17.13926,48.155614],[17.138168,48.155499],[17.137343,48.155361]]},"properties":{"r":1,"k":"road"}},{"type":"Feature","geometry":{"type":"LineString","coordinates":[[17.135511,48.149406],[17.135361,48.149119],[17.13539,48.149063],[17.135476,48.147781],[17.135478,48.147758],[17.13548,48.147737]]},"properties":{"r":0,"k":"road"}},{"type":"Feature","geometry":{"type":"LineString","coordinates":[[17.113349,48.149079],[17.113371,48.149073],[17.113412,48.149064]]},"properties":{"r":1,"k":"road"}},{"type":"Feature","geometry":{"type":"LineString","coordinates":[[17.116775,48.146287],[17.116999,48.14599],[17.117098,48.145857]]},"properties":{"r":0,"k":"road"}},{"type":"Feature","geometry":{"type":"LineString","coordinates":[[17.121592,48.147162],[17.121369,48.147459]]},"properties":{"r":1,"k":"road"}},{"type":"Feature","geometry":{"type":"LineString","coordinates":[[17.139927,48.144514],[17.140562,48.14445],[17.140611,48.144451],[17.140676,48.144458],[17.140736,48.144471],[17.140783,48.144491],[17.14088,48.144546]]},"properties":{"r":0,"k":"road"}},{"type":"Feature","geometry":{"type":"LineString","coordinates":[[17.1388,48.14663],[17.138112,48.146465],[17.137938,48.146423]]},"properties":{"r":3,"k":"road"}},{"type":"Feature","geometry":{"type":"LineString","coordinates":[[17.141607,48.147295],[17.141345,48.147239],[17.140503,48.147039],[17.140347,48.147005],[17.139297,48.146749],[17.1388,48.14663]]},"properties":{"r":3,"k":"road"}},{"type":"Feature","geometry":{"type":"LineString","coordinates":[[17.137809,48.145191],[17.137914,48.145676],[17.137958,48.145877]]},"properties":{"r":0,"k":"road"}},{"type":"Feature","geometry":{"type":"LineString","coordinates":[[17.138126,48.145079],[17.137892,48.145146],[17.137833,48.145162]]},"properties":{"r":0,"k":"road"}},{"type":"Feature","geometry":{"type":"LineString","coordinates":[[17.114086,48.143559],[17.113538,48.143262],[17.113506,48.143239],[17.11349,48.143228]]},"properties":{"r":0,"k":"road"}},{"type":"Feature","geometry":{"type":"LineString","coordinates":[[17.115357,48.14406],[17.115092,48.143997],[17.114911,48.143945],[17.114781,48.1439],[17.114628,48.143837],[17.114572,48.14381],[17.114086,48.143559]]},"properties":{"r":0,"k":"road"}},{"type":"Feature","geometry":{"type":"LineString","coordinates":[[17.112908,48.14379],[17.113028,48.143457],[17.11304,48.143433]]},"properties":{"r":0,"k":"road"}},{"type":"Feature","geometry":{"type":"LineString","coordinates":[[17.113412,48.143164],[17.113508,48.143103],[17.11358,48.143056]]},"properties":{"r":0,"k":"road"}},{"type":"Feature","geometry":{"type":"LineString","coordinates":[[17.138627,48.140848],[17.138252,48.140953],[17.1381,48.140989],[17.137989,48.141011],[17.137845,48.141033],[17.137703,48.141047],[17.13753,48.141058],[17.137368,48.141063],[17.132694,48.141207],[17.132499,48.141209],[17.132317,48.141204],[17.13217,48.141193],[17.132022,48.141175],[17.13191,48.141157],[17.131788,48.141136],[17.131439,48.141061]]},"properties":{"r":1,"k":"rail"}},{"type":"Feature","geometry":{"type":"LineString","coordinates":[[17.126735,48.138882],[17.126882,48.138863],[17.127011,48.13885],[17.127139,48.138841],[17.12729,48.138831],[17.127429,48.138817],[17.127548,48.138799],[17.128523,48.138648],[17.129649,48.138483],[17.134179,48.137779],[17.134376,48.137747],[17.134573,48.137713],[17.134776,48.137676],[17.134968,48.137637],[17.135165,48.137594],[17.135359,48.13755],[17.135554,48.137505],[17.136859,48.137173],[17.137047,48.137126],[17.137233,48.137078],[17.137418,48.137027],[17.137607,48.136974],[17.13779,48.136919],[17.137975,48.13686],[17.138158,48.136801],[17.138343,48.13674],[17.138518,48.136679],[17.138696,48.136615],[17.13887,48.136549],[17.139044,48.136478],[17.139385,48.136337],[17.139551,48.136266],[17.139725,48.136189],[17.139812,48.136146],[17.139902,48.136099],[17.139974,48.136058],[17.14005,48.136013],[17.140106,48.13598],[17.140178,48.135939],[17.140242,48.135905],[17.140316,48.135867]]},"properties":{"r":1,"k":"rail"}},{"type":"Feature","geometry":{"type":"LineString","coordinates":[[17.132022,48.139755],[17.132203,48.139714],[17.132357,48.139684],[17.132508,48.13966],[17.133709,48.13947],[17.137694,48.138815]]},"properties":{"r":1,"k":"rail"}},{"type":"Feature","geometry":{"type":"LineString","coordinates":[[17.116714,48.141353],[17.116203,48.141975],[17.11617,48.142016]]},"properties":{"r":0,"k":"road"}},{"type":"Feature","geometry":{"type":"LineString","coordinates":[[17.119465,48.149039],[17.119405,48.149044],[17.11935,48.149054],[17.119235,48.149079],[17.119009,48.149133],[17.118652,48.149221],[17.118337,48.149301],[17.118223,48.149331],[17.117447,48.149535],[17.117415,48.149543],[17.117348,48.149551],[17.117276,48.149557]]},"properties":{"r":1,"k":"road"}},{"type":"Feature","geometry":{"type":"LineString","coordinates":[[17.1211,48.14782],[17.120785,48.148213],[17.120345,48.148769],[17.120204,48.148946]]},"properties":{"r":1,"k":"road"}},{"type":"Feature","geometry":{"type":"LineString","coordinates":[[17.12132,48.140815],[17.121481,48.140804],[17.121643,48.140826],[17.121753,48.140867],[17.121858,48.140928],[17.121962,48.14101]]},"properties":{"r":0,"k":"road"}},{"type":"Feature","geometry":{"type":"LineString","coordinates":[[17.114804,48.146701],[17.115013,48.146857],[17.115074,48.146908],[17.115637,48.147398],[17.115712,48.147468],[17.116013,48.147766],[17.116083,48.147835]]},"properties":{"r":0,"k":"road"}},{"type":"Feature","geometry":{"type":"LineString","coordinates":[[17.125827,48.145253],[17.125543,48.14516],[17.125244,48.145063],[17.125086,48.145011],[17.125018,48.144989],[17.124765,48.144907],[17.124491,48.144818],[17.124217,48.144728],[17.124079,48.144683],[17.123712,48.144563],[17.12362,48.144565],[17.123534,48.14466]]},"properties":{"r":0,"k":"road"}},{"type":"Feature","geometry":{"type":"LineString","coordinates":[[17.1233,48.144214],[17.123505,48.144356]]},"properties":{"r":0,"k":"road"}},{"type":"Feature","geometry":{"type":"LineString","coordinates":[[17.123534,48.14466],[17.123479,48.144714],[17.123421,48.144769]]},"properties":{"r":0,"k":"road"}},{"type":"Feature","geometry":{"type":"LineString","coordinates":[[17.129095,48.157562],[17.129306,48.157756],[17.129345,48.157854]]},"properties":{"r":0,"k":"road"}},{"type":"Feature","geometry":{"type":"LineString","coordinates":[[17.117915,48.145349],[17.118141,48.145426],[17.118185,48.145441],[17.119084,48.145745],[17.119162,48.145776],[17.119302,48.145836],[17.119549,48.145927],[17.119613,48.145949],[17.119695,48.145976]]},"properties":{"r":0,"k":"road"}},{"type":"Feature","geometry":{"type":"LineString","coordinates":[[17.118197,48.141518],[17.118575,48.141671],[17.119032,48.141829]]},"properties":{"r":2,"k":"road"}},{"type":"Feature","geometry":{"type":"LineString","coordinates":[[17.118167,48.141208],[17.118067,48.141242],[17.118015,48.141269],[17.117974,48.141298],[17.11792,48.141341],[17.117866,48.141396]]},"properties":{"r":0,"k":"road"}},{"type":"Feature","geometry":{"type":"LineString","coordinates":[[17.127164,48.142325],[17.127724,48.142288],[17.128011,48.142269],[17.12836,48.142246],[17.128692,48.142224]]},"properties":{"r":1,"k":"road"}},{"type":"Feature","geometry":{"type":"LineString","coordinates":[[17.116648,48.141112],[17.116602,48.141097],[17.116538,48.141077]]},"properties":{"r":2,"k":"road"}},{"type":"Feature","geometry":{"type":"LineString","coordinates":[[17.123906,48.146514],[17.124041,48.146461]]},"properties":{"r":2,"k":"road"}},{"type":"Feature","geometry":{"type":"LineString","coordinates":[[17.121592,48.147162],[17.121856,48.146808]]},"properties":{"r":1,"k":"road"}},{"type":"Feature","geometry":{"type":"LineString","coordinates":[[17.113502,48.156624],[17.113356,48.156593],[17.113222,48.156568]]},"properties":{"r":3,"k":"road"}},{"type":"Feature","geometry":{"type":"LineString","coordinates":[[17.114679,48.156843],[17.11403,48.156725],[17.113818,48.156684],[17.113502,48.156624]]},"properties":{"r":3,"k":"road"}},{"type":"Feature","geometry":{"type":"LineString","coordinates":[[17.116105,48.157122],[17.115864,48.157078],[17.114679,48.156843]]},"properties":{"r":3,"k":"road"}},{"type":"Feature","geometry":{"type":"LineString","coordinates":[[17.118238,48.15753],[17.117924,48.15747],[17.117647,48.157417],[17.116105,48.157122]]},"properties":{"r":3,"k":"road"}},{"type":"Feature","geometry":{"type":"LineString","coordinates":[[17.128493,48.145947],[17.12986,48.145803]]},"properties":{"r":2,"k":"road"}},{"type":"Feature","geometry":{"type":"LineString","coordinates":[[17.12763,48.145933],[17.127821,48.145894],[17.128137,48.14586]]},"properties":{"r":0,"k":"road"}},{"type":"Feature","geometry":{"type":"LineString","coordinates":[[17.127565,48.145796],[17.126997,48.145605]]},"properties":{"r":0,"k":"road"}},{"type":"Feature","geometry":{"type":"LineString","coordinates":[[17.12763,48.145933],[17.127642,48.145905],[17.127641,48.145876],[17.127627,48.145848],[17.127607,48.145823],[17.127565,48.145796]]},"properties":{"r":0,"k":"road"}},{"type":"Feature","geometry":{"type":"LineString","coordinates":[[17.127499,48.146053],[17.127605,48.145961],[17.12763,48.145933]]},"properties":{"r":0,"k":"road"}},{"type":"Feature","geometry":{"type":"LineString","coordinates":[[17.126997,48.145605],[17.126567,48.145468]]},"properties":{"r":0,"k":"road"}},{"type":"Feature","geometry":{"type":"LineString","coordinates":[[17.126567,48.145468],[17.126254,48.145377],[17.126197,48.145359],[17.125827,48.145253]]},"properties":{"r":0,"k":"road"}},{"type":"Feature","geometry":{"type":"LineString","coordinates":[[17.12705,48.145543],[17.127644,48.145743],[17.127696,48.145765],[17.127742,48.145796],[17.127805,48.145873],[17.127821,48.145894]]},"properties":{"r":0,"k":"road"}},{"type":"Feature","geometry":{"type":"LineString","coordinates":[[17.113715,48.144384],[17.113487,48.144313],[17.113174,48.14421],[17.11307,48.144183],[17.112981,48.144166]]},"properties":{"r":0,"k":"road"}},{"type":"Feature","geometry":{"type":"LineString","coordinates":[[17.130474,48.155333],[17.130487,48.15528],[17.130634,48.154645]]},"properties":{"r":0,"k":"road"}},{"type":"Feature","geometry":{"type":"LineString","coordinates":[[17.117097,48.149146],[17.11726,48.14952],[17.117276,48.149557]]},"properties":{"r":0,"k":"road"}},{"type":"Feature","geometry":{"type":"LineString","coordinates":[[17.134716,48.157601],[17.134628,48.157636],[17.134576,48.157669],[17.134498,48.157723],[17.134251,48.157938],[17.134243,48.157946]]},"properties":{"r":0,"k":"road"}},{"type":"Feature","geometry":{"type":"LineString","coordinates":[[17.114715,48.146773],[17.114624,48.146689],[17.114369,48.146455],[17.113971,48.146093],[17.11393,48.146056],[17.11389,48.146022],[17.11357,48.145719],[17.113481,48.145628],[17.113149,48.14523],[17.112903,48.144915],[17.112844,48.144843]]},"properties":{"r":0,"k":"road"}},{"type":"Feature","geometry":{"type":"LineString","coordinates":[[17.125069,48.151533],[17.124956,48.15167]]},"properties":{"r":0,"k":"road"}},{"type":"Feature","geometry":{"type":"LineString","coordinates":[[17.122266,48.15056],[17.122208,48.150525],[17.121869,48.150325],[17.121787,48.150276]]},"properties":{"r":0,"k":"road"}},{"type":"Feature","geometry":{"type":"LineString","coordinates":[[17.120041,48.141578],[17.120014,48.141374]]},"properties":{"r":0,"k":"road"}},{"type":"Feature","geometry":{"type":"LineString","coordinates":[[17.12432,48.153986],[17.124486,48.154059]]},"properties":{"r":0,"k":"road"}},{"type":"Feature","geometry":{"type":"LineString","coordinates":[[17.126138,48.145241],[17.126251,48.145279],[17.126777,48.145453],[17.12705,48.145543]]},"properties":{"r":0,"k":"road"}},{"type":"Feature","geometry":{"type":"LineString","coordinates":[[17.12007,48.140915],[17.120203,48.140904],[17.120889,48.140849]]},"properties":{"r":0,"k":"road"}},{"type":"Feature","geometry":{"type":"LineString","coordinates":[[17.128391,48.145873],[17.128493,48.145947]]},"properties":{"r":0,"k":"road"}},{"type":"Feature","geometry":{"type":"LineString","coordinates":[[17.128137,48.14586],[17.128301,48.145858],[17.128391,48.145873]]},"properties":{"r":0,"k":"road"}},{"type":"Feature","geometry":{"type":"LineString","coordinates":[[17.130033,48.142295],[17.129882,48.142296],[17.129861,48.142297],[17.129655,48.1423]]},"properties":{"r":1,"k":"road"}},{"type":"Feature","geometry":{"type":"LineString","coordinates":[[17.118872,48.15643],[17.119089,48.156312],[17.119146,48.15628],[17.119174,48.156265],[17.119304,48.15619],[17.119499,48.156148],[17.119532,48.15614],[17.119585,48.156126]]},"properties":{"r":0,"k":"road"}},{"type":"Feature","geometry":{"type":"LineString","coordinates":[[17.127426,48.148396],[17.127354,48.148438],[17.127145,48.148517]]},"properties":{"r":0,"k":"road"}},{"type":"Feature","geometry":{"type":"LineString","coordinates":[[17.12919,48.144541],[17.129343,48.144431]]},"properties":{"r":0,"k":"road"}},{"type":"Feature","geometry":{"type":"LineString","coordinates":[[17.129391,48.144366],[17.129563,48.14413],[17.129625,48.144057],[17.12979,48.143866]]},"properties":{"r":0,"k":"road"}},{"type":"Feature","geometry":{"type":"LineString","coordinates":[[17.128536,48.140339],[17.128834,48.140312]]},"properties":{"r":0,"k":"road"}},{"type":"Feature","geometry":{"type":"LineString","coordinates":[[17.123505,48.14411],[17.12347,48.14416]]},"properties":{"r":0,"k":"road"}},{"type":"Feature","geometry":{"type":"LineString","coordinates":[[17.137226,48.152396],[17.137402,48.152256],[17.137666,48.152047]]},"properties":{"r":1,"k":"road"}},{"type":"Feature","geometry":{"type":"LineString","coordinates":[[17.120068,48.151683],[17.119795,48.15165]]},"properties":{"r":1,"k":"road"}},{"type":"Feature","geometry":{"type":"LineString","coordinates":[[17.127523,48.144136],[17.127571,48.144152],[17.127854,48.144241],[17.127885,48.144251],[17.127981,48.14428],[17.128089,48.144315],[17.128579,48.144472]]},"properties":{"r":0,"k":"road"}},{"type":"Feature","geometry":{"type":"LineString","coordinates":[[17.117345,48.152098],[17.117323,48.152115],[17.117299,48.152136],[17.117237,48.152199],[17.117182,48.152239]]},"properties":{"r":0,"k":"road"}},{"type":"Feature","geometry":{"type":"LineString","coordinates":[[17.141789,48.13501],[17.141242,48.13536],[17.141088,48.135464],[17.140918,48.135567],[17.140742,48.135659],[17.140552,48.135756],[17.140316,48.135867],[17.140026,48.136003],[17.13969,48.136154],[17.13952,48.136231],[17.139353,48.136302],[17.139012,48.136443],[17.13884,48.136511],[17.138667,48.136578],[17.138489,48.136643],[17.138313,48.136702],[17.138126,48.136767],[17.137946,48.136825],[17.137762,48.136882],[17.13758,48.136936],[17.137392,48.136988],[17.137208,48.137038],[17.137018,48.137086],[17.136829,48.137132],[17.13553,48.137465],[17.135336,48.137512],[17.135143,48.137557],[17.134947,48.137599],[17.134758,48.137636],[17.13456,48.137673],[17.134364,48.137707],[17.134165,48.13774],[17.129636,48.138441],[17.128185,48.138655],[17.126735,48.138882],[17.125975,48.139002]]},"properties":{"r":1,"k":"rail"}},{"type":"Feature","geometry":{"type":"LineString","coordinates":[[17.140072,48.13952],[17.13968,48.140121],[17.139613,48.140217],[17.139548,48.140298],[17.139482,48.140366],[17.139404,48.140439],[17.139341,48.14049],[17.139271,48.140542],[17.139206,48.140584],[17.139137,48.140625],[17.139063,48.140667],[17.138975,48.140711],[17.138882,48.140754],[17.138749,48.140806],[17.138627,48.140848],[17.138498,48.140882],[17.138373,48.140913],[17.13828,48.140933],[17.13819,48.140947],[17.13805,48.140962],[17.137936,48.140971],[17.13783,48.140977],[17.137748,48.140977],[17.137223,48.140981],[17.137032,48.140982],[17.136829,48.14099],[17.132877,48.141108],[17.132461,48.141129],[17.132328,48.141136],[17.132199,48.14114],[17.132061,48.14114],[17.131975,48.141137],[17.131871,48.141133],[17.131767,48.14112],[17.131609,48.141093],[17.131439,48.141061],[17.131315,48.141027],[17.131183,48.140982],[17.131064,48.140936],[17.130967,48.140894],[17.130853,48.140836],[17.130763,48.140785],[17.130689,48.140736],[17.130622,48.140687],[17.130547,48.140631],[17.130316,48.140442]]},"properties":{"r":1,"k":"rail"}},{"type":"Feature","geometry":{"type":"LineString","coordinates":[[17.118097,48.144527],[17.118068,48.144566],[17.117603,48.145191],[17.117583,48.145203],[17.117544,48.145235]]},"properties":{"r":0,"k":"road"}},{"type":"Feature","geometry":{"type":"LineString","coordinates":[[17.124935,48.147518],[17.125381,48.147463],[17.125555,48.147441],[17.125624,48.147433]]},"properties":{"r":0,"k":"road"}},{"type":"Feature","geometry":{"type":"LineString","coordinates":[[17.132176,48.145548],[17.132333,48.145527],[17.132514,48.145506]]},"properties":{"r":3,"k":"road"}},{"type":"Feature","geometry":{"type":"LineString","coordinates":[[17.125699,48.147423],[17.12596,48.14748],[17.126293,48.14756]]},"properties":{"r":0,"k":"road"}},{"type":"Feature","geometry":{"type":"LineString","coordinates":[[17.13196,48.145584],[17.131887,48.145488]]},"properties":{"r":3,"k":"road"}},{"type":"Feature","geometry":{"type":"LineString","coordinates":[[17.124493,48.147684],[17.124557,48.147853]]},"properties":{"r":2,"k":"road"}},{"type":"Feature","geometry":{"type":"LineString","coordinates":[[17.124828,48.147533],[17.12467,48.147639],[17.124623,48.147692],[17.124587,48.147754],[17.124557,48.147853]]},"properties":{"r":0,"k":"road"}},{"type":"Feature","geometry":{"type":"LineString","coordinates":[[17.124663,48.146497],[17.124355,48.146663]]},"properties":{"r":2,"k":"road"}},{"type":"Feature","geometry":{"type":"LineString","coordinates":[[17.12415,48.146295],[17.124165,48.146298],[17.124198,48.146311],[17.124291,48.146352],[17.124388,48.146385]]},"properties":{"r":2,"k":"road"}},{"type":"Feature","geometry":{"type":"LineString","coordinates":[[17.129643,48.148646],[17.12971,48.148467],[17.129725,48.148427],[17.129734,48.148405],[17.129741,48.148384]]},"properties":{"r":0,"k":"road"}},{"type":"Feature","geometry":{"type":"LineString","coordinates":[[17.12887,48.148171],[17.12886,48.148193],[17.128834,48.148261],[17.128754,48.148451]]},"properties":{"r":0,"k":"road"}},{"type":"Feature","geometry":{"type":"LineString","coordinates":[[17.113828,48.149538],[17.113748,48.149448],[17.113349,48.149079]]},"properties":{"r":0,"k":"road"}},{"type":"Feature","geometry":{"type":"LineString","coordinates":[[17.124356,48.155688],[17.124467,48.155705],[17.124469,48.155712],[17.124475,48.155728],[17.124451,48.155754],[17.124399,48.155754]]},"properties":{"r":0,"k":"road"}},{"type":"Feature","geometry":{"type":"LineString","coordinates":[[17.124406,48.155808],[17.124399,48.155754],[17.124356,48.155688]]},"properties":{"r":0,"k":"road"}},{"type":"Feature","geometry":{"type":"LineString","coordinates":[[17.128145,48.15687],[17.128048,48.156799],[17.127907,48.156695]]},"properties":{"r":0,"k":"road"}},{"type":"Feature","geometry":{"type":"LineString","coordinates":[[17.11304,48.143433],[17.113003,48.143405],[17.112971,48.143384],[17.1119,48.142908],[17.111371,48.142674],[17.111319,48.142651]]},"properties":{"r":0,"k":"road"}},{"type":"Feature","geometry":{"type":"LineString","coordinates":[[17.121138,48.153838],[17.121233,48.153896],[17.121252,48.153909]]},"properties":{"r":0,"k":"road"}},{"type":"Feature","geometry":{"type":"LineString","coordinates":[[17.122946,48.154887],[17.122861,48.15484]]},"properties":{"r":0,"k":"road"}},{"type":"Feature","geometry":{"type":"LineString","coordinates":[[17.136291,48.147634],[17.136216,48.147773]]},"properties":{"r":0,"k":"road"}},{"type":"Feature","geometry":{"type":"LineString","coordinates":[[17.131887,48.145488],[17.131752,48.145245]]},"properties":{"r":3,"k":"road"}},{"type":"Feature","geometry":{"type":"LineString","coordinates":[[17.112773,48.140079],[17.114033,48.140062],[17.114097,48.140062]]},"properties":{"r":0,"k":"road"}},{"type":"Feature","geometry":{"type":"LineString","coordinates":[[17.118335,48.14109],[17.118588,48.141063]]},"properties":{"r":0,"k":"road"}},{"type":"Feature","geometry":{"type":"LineString","coordinates":[[17.116084,48.141365],[17.1162,48.141287]]},"properties":{"r":0,"k":"road"}},{"type":"Feature","geometry":{"type":"LineString","coordinates":[[17.11976,48.146004],[17.120001,48.146077],[17.120108,48.146111],[17.120486,48.14623],[17.12052,48.146241],[17.121216,48.146474],[17.121507,48.146557]]},"properties":{"r":0,"k":"road"}},{"type":"Feature","geometry":{"type":"LineString","coordinates":[[17.122256,48.141937],[17.122219,48.141872],[17.122178,48.141662],[17.122172,48.141632],[17.122163,48.141588]]},"properties":{"r":0,"k":"road"}},{"type":"Feature","geometry":{"type":"LineString","coordinates":[[17.132538,48.146426],[17.132442,48.146261]]},"properties":{"r":1,"k":"road"}},{"type":"Feature","geometry":{"type":"LineString","coordinates":[[17.119962,48.141044],[17.11975,48.141059],[17.119673,48.141064],[17.119346,48.141087],[17.119298,48.141091]]},"properties":{"r":0,"k":"road"}},{"type":"Feature","geometry":{"type":"LineString","coordinates":[[17.1233,48.144214],[17.123407,48.14419],[17.12347,48.14416]]},"properties":{"r":0,"k":"road"}},{"type":"Feature","geometry":{"type":"LineString","coordinates":[[17.135457,48.1538],[17.13526,48.153956]]},"properties":{"r":1,"k":"road"}},{"type":"Feature","geometry":{"type":"LineString","coordinates":[[17.133855,48.142216],[17.133877,48.142305],[17.133911,48.142465]]},"properties":{"r":0,"k":"road"}},{"type":"Feature","geometry":{"type":"LineString","coordinates":[[17.13544,48.142626],[17.135354,48.142241],[17.135346,48.142202],[17.135338,48.14217]]},"properties":{"r":0,"k":"road"}},{"type":"Feature","geometry":{"type":"LineString","coordinates":[[17.135338,48.14217],[17.134868,48.142185]]},"properties":{"r":2,"k":"road"}},{"type":"Feature","geometry":{"type":"LineString","coordinates":[[17.135902,48.142153],[17.135338,48.14217]]},"properties":{"r":2,"k":"road"}},{"type":"Feature","geometry":{"type":"LineString","coordinates":[[17.133855,48.142216],[17.132521,48.142257],[17.132408,48.142261]]},"properties":{"r":2,"k":"road"}},{"type":"Feature","geometry":{"type":"LineString","coordinates":[[17.135458,48.142694],[17.13544,48.142626]]},"properties":{"r":0,"k":"road"}},{"type":"Feature","geometry":{"type":"LineString","coordinates":[[17.119592,48.142024],[17.119691,48.142062]]},"properties":{"r":2,"k":"road"}},{"type":"Feature","geometry":{"type":"LineString","coordinates":[[17.135561,48.151296],[17.135379,48.151341]]},"properties":{"r":0,"k":"road"}},{"type":"Feature","geometry":{"type":"LineString","coordinates":[[17.136534,48.152945],[17.136489,48.152949],[17.136453,48.152949],[17.13642,48.152946],[17.136384,48.152936],[17.136254,48.152854]]},"properties":{"r":1,"k":"road"}},{"type":"Feature","geometry":{"type":"LineString","coordinates":[[17.136297,48.153134],[17.136294,48.152979],[17.136254,48.152854]]},"properties":{"r":0,"k":"road"}},{"type":"Feature","geometry":{"type":"LineString","coordinates":[[17.136976,48.152595],[17.136747,48.152776]]},"properties":{"r":1,"k":"road"}},{"type":"Feature","geometry":{"type":"LineString","coordinates":[[17.136363,48.152755],[17.136387,48.152797],[17.136461,48.152876],[17.136534,48.152945]]},"properties":{"r":1,"k":"road"}},{"type":"Feature","geometry":{"type":"LineString","coordinates":[[17.136363,48.152755],[17.13641,48.152771],[17.136466,48.152785],[17.136517,48.152793],[17.136573,48.152796],[17.13665,48.152788],[17.136747,48.152776]]},"properties":{"r":0,"k":"road"}},{"type":"Feature","geometry":{"type":"LineString","coordinates":[[17.128726,48.153916],[17.128732,48.153891],[17.128754,48.153785],[17.128783,48.15365]]},"properties":{"r":1,"k":"road"}},{"type":"Feature","geometry":{"type":"LineString","coordinates":[[17.126817,48.152868],[17.126752,48.152894],[17.126564,48.152979]]},"properties":{"r":0,"k":"road"}},{"type":"Feature","geometry":{"type":"LineString","coordinates":[[17.126817,48.152868],[17.126833,48.152926],[17.126845,48.152965],[17.126869,48.153018]]},"properties":{"r":0,"k":"road"}},{"type":"Feature","geometry":{"type":"LineString","coordinates":[[17.125829,48.153265],[17.125858,48.153254],[17.125938,48.153224],[17.126069,48.153186],[17.12642,48.153043],[17.126564,48.152979]]},"properties":{"r":0,"k":"road"}},{"type":"Feature","geometry":{"type":"LineString","coordinates":[[17.131338,48.151986],[17.13141,48.15193],[17.131461,48.151889],[17.131758,48.151656],[17.132847,48.150802]]},"properties":{"r":0,"k":"road"}},{"type":"Feature","geometry":{"type":"LineString","coordinates":[[17.118857,48.151543],[17.118983,48.151451],[17.119055,48.151398],[17.119095,48.151369]]},"properties":{"r":0,"k":"road"}},{"type":"Feature","geometry":{"type":"LineString","coordinates":[[17.116895,48.146374],[17.116747,48.146323]]},"properties":{"r":0,"k":"road"}},{"type":"Feature","geometry":{"type":"LineString","coordinates":[[17.116747,48.146323],[17.116222,48.146142]]},"properties":{"r":0,"k":"road"}},{"type":"Feature","geometry":{"type":"LineString","coordinates":[[17.116747,48.146323],[17.116775,48.146287]]},"properties":{"r":0,"k":"road"}},{"type":"Feature","geometry":{"type":"LineString","coordinates":[[17.120679,48.146849],[17.121479,48.147125],[17.12154,48.147145],[17.121592,48.147162]]},"properties":{"r":0,"k":"road"}},{"type":"Feature","geometry":{"type":"LineString","coordinates":[[17.132977,48.146681],[17.132883,48.14669]]},"properties":{"r":0,"k":"road"}},{"type":"Feature","geometry":{"type":"LineString","coordinates":[[17.121782,48.153333],[17.121776,48.153273],[17.121786,48.153267],[17.121806,48.153256],[17.121844,48.153234]]},"properties":{"r":0,"k":"road"}},{"type":"Feature","geometry":{"type":"LineString","coordinates":[[17.119712,48.154457],[17.119412,48.154568],[17.119377,48.154583],[17.119343,48.154603],[17.119307,48.154626],[17.11929,48.154641],[17.11928,48.154653],[17.119276,48.15466],[17.119268,48.154671],[17.119253,48.154693]]},"properties":{"r":0,"k":"road"}},{"type":"Feature","geometry":{"type":"LineString","coordinates":[[17.115294,48.149842],[17.115032,48.14973],[17.114942,48.149687]]},"properties":{"r":1,"k":"road"}},{"type":"Feature","geometry":{"type":"LineString","coordinates":[[17.117353,48.150554],[17.117242,48.150523],[17.117125,48.150491],[17.116699,48.150348],[17.116187,48.150177],[17.116008,48.150116],[17.115816,48.150044],[17.115744,48.150017]]},"properties":{"r":1,"k":"road"}},{"type":"Feature","geometry":{"type":"LineString","coordinates":[[17.118356,48.152812],[17.118257,48.152742],[17.117482,48.152195]]},"properties":{"r":0,"k":"road"}},{"type":"Feature","geometry":{"type":"LineString","coordinates":[[17.130655,48.152522],[17.131338,48.151986]]},"properties":{"r":0,"k":"road"}},{"type":"Feature","geometry":{"type":"LineString","coordinates":[[17.13047,48.152667],[17.130511,48.152634],[17.130655,48.152522]]},"properties":{"r":0,"k":"road"}},{"type":"Feature","geometry":{"type":"LineString","coordinates":[[17.123906,48.146514],[17.123851,48.146362],[17.12368,48.145891]]},"properties":{"r":2,"k":"road"}},{"type":"Feature","geometry":{"type":"LineString","coordinates":[[17.123169,48.144559],[17.123104,48.144444],[17.123044,48.144343],[17.122993,48.144256]]},"properties":{"r":2,"k":"road"}},{"type":"Feature","geometry":{"type":"LineString","coordinates":[[17.122997,48.144057],[17.123107,48.144187]]},"properties":{"r":2,"k":"road"}},{"type":"Feature","geometry":{"type":"LineString","coordinates":[[17.119279,48.142005],[17.118969,48.141893]]},"properties":{"r":2,"k":"road"}},{"type":"Feature","geometry":{"type":"LineString","coordinates":[[17.124647,48.148483],[17.124403,48.147847]]},"properties":{"r":2,"k":"road"}},{"type":"Feature","geometry":{"type":"LineString","coordinates":[[17.124388,48.146385],[17.125241,48.146294]]},"properties":{"r":2,"k":"road"}},{"type":"Feature","geometry":{"type":"LineString","coordinates":[[17.125241,48.146294],[17.125409,48.146276]]},"properties":{"r":2,"k":"road"}},{"type":"Feature","geometry":{"type":"LineString","coordinates":[[17.118579,48.153105],[17.118407,48.15286],[17.118384,48.152835],[17.118356,48.152812]]},"properties":{"r":0,"k":"road"}},{"type":"Feature","geometry":{"type":"LineString","coordinates":[[17.112672,48.150023],[17.112421,48.150141]]},"properties":{"r":1,"k":"road"}},{"type":"Feature","geometry":{"type":"LineString","coordinates":[[17.126632,48.147623],[17.127308,48.147789],[17.127569,48.147852],[17.128084,48.147979],[17.128691,48.148127]]},"properties":{"r":0,"k":"road"}},{"type":"Feature","geometry":{"type":"LineString","coordinates":[[17.131607,48.14595],[17.131462,48.146334]]},"properties":{"r":1,"k":"road"}},{"type":"Feature","geometry":{"type":"LineString","coordinates":[[17.12986,48.145803],[17.130838,48.145719]]},"properties":{"r":2,"k":"road"}},{"type":"Feature","geometry":{"type":"LineString","coordinates":[[17.125409,48.146276],[17.125805,48.146234]]},"properties":{"r":2,"k":"road"}},{"type":"Feature","geometry":{"type":"LineString","coordinates":[[17.124201,48.147273],[17.124108,48.147035]]},"properties":{"r":2,"k":"road"}},{"type":"Feature","geometry":{"type":"LineString","coordinates":[[17.117597,48.152084],[17.117745,48.152167]]},"properties":{"r":0,"k":"road"}},{"type":"Feature","geometry":{"type":"LineString","coordinates":[[17.117482,48.153171],[17.117586,48.153129]]},"properties":{"r":0,"k":"road"}},{"type":"Feature","geometry":{"type":"LineString","coordinates":[[17.119152,48.152248],[17.118927,48.152418],[17.118852,48.152478]]},"properties":{"r":0,"k":"road"}},{"type":"Feature","geometry":{"type":"LineString","coordinates":[[17.118852,48.152478],[17.118803,48.152514]]},"properties":{"r":0,"k":"road"}},{"type":"Feature","geometry":{"type":"LineString","coordinates":[[17.118175,48.152044],[17.118159,48.151974],[17.118084,48.151584],[17.117974,48.151103],[17.117919,48.150893],[17.117907,48.150849],[17.117893,48.150813]]},"properties":{"r":0,"k":"road"}},{"type":"Feature","geometry":{"type":"LineString","coordinates":[[17.113299,48.156815],[17.113282,48.156758]]},"properties":{"r":1,"k":"road"}},{"type":"Feature","geometry":{"type":"LineString","coordinates":[[17.138897,48.153979],[17.138744,48.154099],[17.138568,48.15424],[17.138475,48.154333],[17.138367,48.154453]]},"properties":{"r":0,"k":"road"}},{"type":"Feature","geometry":{"type":"LineString","coordinates":[[17.140063,48.153077],[17.139851,48.153248]]},"properties":{"r":0,"k":"road"}},{"type":"Feature","geometry":{"type":"LineString","coordinates":[[17.138897,48.153979],[17.138967,48.15393],[17.139211,48.153737],[17.139232,48.153719],[17.139305,48.153666],[17.139508,48.153522],[17.139734,48.153341],[17.139781,48.153303],[17.139851,48.153248]]},"properties":{"r":0,"k":"road"}},{"type":"Feature","geometry":{"type":"LineString","coordinates":[[17.136065,48.152526],[17.135925,48.152284]]},"properties":{"r":1,"k":"road"}},{"type":"Feature","geometry":{"type":"LineString","coordinates":[[17.135925,48.152284],[17.135885,48.152215],[17.135601,48.151725],[17.135379,48.151341]]},"properties":{"r":1,"k":"road"}},{"type":"Feature","geometry":{"type":"LineString","coordinates":[[17.135769,48.151691],[17.136027,48.152181],[17.136046,48.152218]]},"properties":{"r":1,"k":"road"}},{"type":"Feature","geometry":{"type":"LineString","coordinates":[[17.127947,48.14238],[17.127295,48.142425]]},"properties":{"r":1,"k":"road"}},{"type":"Feature","geometry":{"type":"LineString","coordinates":[[17.125051,48.142465],[17.125458,48.142438],[17.126898,48.142342],[17.127164,48.142325]]},"properties":{"r":1,"k":"road"}},{"type":"Feature","geometry":{"type":"LineString","coordinates":[[17.127295,48.142425],[17.126914,48.142451]]},"properties":{"r":1,"k":"road"}},{"type":"Feature","geometry":{"type":"LineString","coordinates":[[17.123263,48.14421],[17.1233,48.144214]]},"properties":{"r":0,"k":"road"}},{"type":"Feature","geometry":{"type":"LineString","coordinates":[[17.117544,48.145235],[17.117915,48.145349]]},"properties":{"r":0,"k":"road"}},{"type":"Feature","geometry":{"type":"LineString","coordinates":[[17.117353,48.145154],[17.117424,48.145177],[17.117544,48.145235]]},"properties":{"r":0,"k":"road"}},{"type":"Feature","geometry":{"type":"LineString","coordinates":[[17.116537,48.14493],[17.116613,48.144925],[17.117112,48.145077],[17.117353,48.145154]]},"properties":{"r":0,"k":"road"}},{"type":"Feature","geometry":{"type":"LineString","coordinates":[[17.137006,48.145202],[17.137469,48.145151],[17.137532,48.145128],[17.137575,48.145105],[17.137637,48.145048]]},"properties":{"r":0,"k":"road"}},{"type":"Feature","geometry":{"type":"LineString","coordinates":[[17.135603,48.145352],[17.136732,48.145231],[17.136841,48.145219],[17.137006,48.145202]]},"properties":{"r":0,"k":"road"}},{"type":"Feature","geometry":{"type":"LineString","coordinates":[[17.126813,48.151268],[17.126806,48.151281],[17.12678,48.151327],[17.126814,48.151466],[17.126904,48.151828],[17.12698,48.152136],[17.127,48.15222],[17.127053,48.152301]]},"properties":{"r":0,"k":"road"}},{"type":"Feature","geometry":{"type":"LineString","coordinates":[[17.126293,48.14756],[17.126632,48.147623]]},"properties":{"r":0,"k":"road"}},{"type":"Feature","geometry":{"type":"LineString","coordinates":[[17.129343,48.144431],[17.129391,48.144366]]},"properties":{"r":0,"k":"road"}},{"type":"Feature","geometry":{"type":"LineString","coordinates":[[17.125068,48.141884],[17.12501,48.141991]]},"properties":{"r":0,"k":"road"}},{"type":"Feature","geometry":{"type":"LineString","coordinates":[[17.125238,48.141675],[17.125118,48.14182],[17.125068,48.141884]]},"properties":{"r":0,"k":"road"}},{"type":"Feature","geometry":{"type":"LineString","coordinates":[[17.128834,48.140312],[17.128852,48.14031]]},"properties":{"r":0,"k":"road"}},{"type":"Feature","geometry":{"type":"LineString","coordinates":[[17.129067,48.140288],[17.129194,48.14027]]},"properties":{"r":0,"k":"road"}},{"type":"Feature","geometry":{"type":"LineString","coordinates":[[17.120889,48.140849],[17.12132,48.140815]]},"properties":{"r":0,"k":"road"}},{"type":"Feature","geometry":{"type":"LineString","coordinates":[[17.130496,48.148569],[17.130608,48.148596]]},"properties":{"r":0,"k":"road"}},{"type":"Feature","geometry":{"type":"LineString","coordinates":[[17.124215,48.154089],[17.124385,48.154171]]},"properties":{"r":0,"k":"road"}},{"type":"Feature","geometry":{"type":"LineString","coordinates":[[17.12443,48.153874],[17.124546,48.153937],[17.124574,48.153974]]},"properties":{"r":0,"k":"road"}},{"type":"Feature","geometry":{"type":"LineString","coordinates":[[17.119721,48.156075],[17.119886,48.156581]]},"properties":{"r":2,"k":"road"}},{"type":"Feature","geometry":{"type":"LineString","coordinates":[[17.13189,48.145065],[17.132024,48.145295]]},"properties":{"r":3,"k":"road"}},{"type":"Feature","geometry":{"type":"LineString","coordinates":[[17.134133,48.149185],[17.133957,48.148881],[17.133451,48.148005]]},"properties":{"r":1,"k":"road"}},{"type":"Feature","geometry":{"type":"LineString","coordinates":[[17.133621,48.147956],[17.134291,48.149105],[17.134313,48.149144]]},"properties":{"r":1,"k":"road"}},{"type":"Feature","geometry":{"type":"LineString","coordinates":[[17.133381,48.147544],[17.133621,48.147956]]},"properties":{"r":1,"k":"road"}},{"type":"Feature","geometry":{"type":"LineString","coordinates":[[17.133834,48.142133],[17.139282,48.141958],[17.139527,48.141944],[17.13984,48.14192]]},"properties":{"r":2,"k":"road"}},{"type":"Feature","geometry":{"type":"LineString","coordinates":[[17.132942,48.142164],[17.133661,48.142139],[17.133834,48.142133]]},"properties":{"r":2,"k":"road"}},{"type":"Feature","geometry":{"type":"LineString","coordinates":[[17.133855,48.142216],[17.133834,48.142133]]},"properties":{"r":0,"k":"road"}},{"type":"Feature","geometry":{"type":"LineString","coordinates":[[17.13066,48.141177],[17.130828,48.141426]]},"properties":{"r":0,"k":"road"}},{"type":"Feature","geometry":{"type":"LineString","coordinates":[[17.135028,48.145017],[17.135016,48.144959],[17.134921,48.144535],[17.134913,48.1445]]},"properties":{"r":0,"k":"road"}},{"type":"Feature","geometry":{"type":"LineString","coordinates":[[17.121052,48.156647],[17.120904,48.156444]]},"properties":{"r":0,"k":"road"}},{"type":"Feature","geometry":{"type":"LineString","coordinates":[[17.120676,48.157153],[17.12039,48.157247]]},"properties":{"r":2,"k":"road"}},{"type":"Feature","geometry":{"type":"LineString","coordinates":[[17.121516,48.156884],[17.121307,48.15695],[17.120722,48.157137],[17.120676,48.157153]]},"properties":{"r":2,"k":"road"}},{"type":"Feature","geometry":{"type":"LineString","coordinates":[[17.124247,48.156028],[17.12385,48.156156]]},"properties":{"r":2,"k":"road"}},{"type":"Feature","geometry":{"type":"LineString","coordinates":[[17.125882,48.152896],[17.12586,48.153081],[17.125829,48.153265]]},"properties":{"r":2,"k":"road"}},{"type":"Feature","geometry":{"type":"LineString","coordinates":[[17.12577,48.151397],[17.125815,48.151591]]},"properties":{"r":2,"k":"road"}},{"type":"Feature","geometry":{"type":"LineString","coordinates":[[17.125651,48.150968],[17.125713,48.151178],[17.12577,48.151397]]},"properties":{"r":2,"k":"road"}},{"type":"Feature","geometry":{"type":"LineString","coordinates":[[17.125548,48.15065],[17.125651,48.150968]]},"properties":{"r":2,"k":"road"}},{"type":"Feature","geometry":{"type":"LineString","coordinates":[[17.12546,48.15037],[17.125516,48.150557]]},"properties":{"r":2,"k":"road"}},{"type":"Feature","geometry":{"type":"LineString","coordinates":[[17.125119,48.149281],[17.125289,48.149819]]},"properties":{"r":2,"k":"road"}},{"type":"Feature","geometry":{"type":"LineString","coordinates":[[17.125064,48.149144],[17.125119,48.149281]]},"properties":{"r":2,"k":"road"}},{"type":"Feature","geometry":{"type":"LineString","coordinates":[[17.124894,48.148716],[17.125064,48.149144]]},"properties":{"r":2,"k":"road"}},{"type":"Feature","geometry":{"type":"LineString","coordinates":[[17.124557,48.147853],[17.124658,48.148115],[17.124759,48.148379]]},"properties":{"r":2,"k":"road"}},{"type":"Feature","geometry":{"type":"LineString","coordinates":[[17.145812,48.138403],[17.14567,48.138412],[17.145551,48.138421],[17.145432,48.138433],[17.145337,48.138444],[17.145213,48.138461],[17.14505,48.138486],[17.144911,48.138509],[17.144564,48.138561],[17.144381,48.138589],[17.143563,48.138742],[17.143419,48.138776],[17.143278,48.138813],[17.143117,48.138861],[17.142956,48.138921],[17.14283,48.138974],[17.142714,48.139027],[17.142598,48.139087],[17.142483,48.139151],[17.142365,48.139225],[17.142249,48.139309],[17.142158,48.139379],[17.142075,48.139448],[17.140755,48.140594],[17.14064,48.140694],[17.14052,48.140791],[17.140388,48.140888],[17.140251,48.140976],[17.1401,48.141063],[17.13994,48.141143],[17.139777,48.141215],[17.139607,48.141282],[17.139427,48.14134],[17.139246,48.14139],[17.139056,48.141434],[17.138873,48.14147],[17.138674,48.141497],[17.138477,48.141517],[17.138275,48.141528],[17.138075,48.141536],[17.136325,48.141593],[17.135663,48.141614],[17.135381,48.141624],[17.134931,48.141639]]},"properties":{"r":1,"k":"rail"}},{"type":"Feature","geometry":{"type":"LineString","coordinates":[[17.145094,48.138435],[17.144989,48.138441],[17.144884,48.138447],[17.144734,48.13846],[17.144589,48.138476],[17.144441,48.138486],[17.144326,48.138492],[17.144132,48.138505],[17.143996,48.138523],[17.143872,48.138543],[17.143697,48.138574],[17.143584,48.138595],[17.14347,48.13862],[17.143327,48.138654],[17.143183,48.138692],[17.143018,48.138743],[17.142858,48.138801],[17.142711,48.138863],[17.142591,48.138917],[17.142466,48.138981],[17.142343,48.139053],[17.142221,48.139132],[17.142083,48.139228],[17.141992,48.1393],[17.141903,48.139373],[17.140591,48.140523],[17.140467,48.140624],[17.140351,48.140719],[17.140234,48.140802],[17.140103,48.140884],[17.139962,48.140964],[17.139813,48.141039],[17.139657,48.141107],[17.139507,48.141163],[17.139337,48.14122],[17.139162,48.141268],[17.138993,48.141307],[17.138815,48.141339],[17.138636,48.141365],[17.138606,48.141369],[17.138561,48.141373],[17.138455,48.141383],[17.138357,48.141389],[17.138265,48.141394],[17.138153,48.141405],[17.138065,48.141414],[17.137974,48.141425]]},"properties":{"r":1,"k":"rail"}},{"type":"Feature","geometry":{"type":"LineString","coordinates":[[17.145812,48.138403],[17.145424,48.138422],[17.145337,48.138425],[17.145094,48.138435],[17.144514,48.138446],[17.144365,48.138449],[17.144209,48.138455],[17.144077,48.138466],[17.143944,48.138482],[17.143846,48.138498],[17.14376,48.138513],[17.143595,48.138545],[17.143439,48.13858],[17.143294,48.138615],[17.143149,48.138653],[17.142986,48.138704],[17.142821,48.138765],[17.142674,48.138825],[17.142544,48.138884],[17.142421,48.138948],[17.142292,48.13902],[17.142165,48.139102],[17.142026,48.139204],[17.141934,48.139278],[17.141844,48.139348],[17.140535,48.140493],[17.140405,48.140602],[17.140293,48.140694],[17.140184,48.140775],[17.140057,48.140856],[17.13992,48.140932],[17.139771,48.141007],[17.139615,48.141075],[17.139469,48.141128],[17.139304,48.14118],[17.139134,48.141227],[17.138969,48.141267],[17.138794,48.141299],[17.138752,48.141306],[17.138622,48.141328],[17.137974,48.141425],[17.137887,48.141437],[17.137784,48.141448],[17.137666,48.141457],[17.13752,48.141464],[17.137092,48.141478],[17.136902,48.141486],[17.136736,48.141496],[17.136624,48.141505],[17.136493,48.141522],[17.13637,48.141539],[17.136235,48.141558],[17.136081,48.141576],[17.135979,48.141591],[17.135891,48.1416],[17.135783,48.141608],[17.135663,48.141614]]},"properties":{"r":1,"k":"rail"}},{"type":"Feature","geometry":{"type":"LineString","coordinates":[[17.145337,48.138444],[17.144743,48.138506],[17.144177,48.138552],[17.144045,48.138566],[17.14395,48.138577],[17.14388,48.138589],[17.143733,48.138616],[17.143505,48.13866],[17.143361,48.138694],[17.143217,48.138733],[17.143051,48.138785],[17.142891,48.138842],[17.142757,48.138899],[17.142631,48.138955],[17.142508,48.139017],[17.142388,48.139087],[17.142268,48.139162],[17.142134,48.139257],[17.142051,48.13932],[17.141959,48.139398],[17.140645,48.140543],[17.14052,48.140648],[17.140404,48.140743],[17.140288,48.140829],[17.140159,48.140913],[17.14001,48.140999],[17.139855,48.141074],[17.139699,48.141143],[17.139542,48.141204],[17.13937,48.141259],[17.139191,48.141309],[17.139016,48.141349],[17.138838,48.141382],[17.138654,48.141408],[17.138457,48.141429],[17.138282,48.141439],[17.138209,48.141442],[17.138071,48.141447],[17.13752,48.141464]]},"properties":{"r":1,"k":"rail"}},{"type":"Feature","geometry":{"type":"LineString","coordinates":[[17.116754,48.141043],[17.11682,48.141064],[17.116871,48.141081],[17.11735,48.141237]]},"properties":{"r":2,"k":"road"}},{"type":"Feature","geometry":{"type":"LineString","coordinates":[[17.120895,48.157792],[17.12079,48.157837],[17.120743,48.157865],[17.120725,48.157886],[17.120697,48.157927],[17.120694,48.157981]]},"properties":{"r":2,"k":"road"}},{"type":"Feature","geometry":{"type":"LineString","coordinates":[[17.119178,48.157119],[17.119079,48.157039],[17.118748,48.156768],[17.118548,48.156611]]},"properties":{"r":2,"k":"road"}},{"type":"Feature","geometry":{"type":"LineString","coordinates":[[17.119638,48.157441],[17.119393,48.157281]]},"properties":{"r":2,"k":"road"}},{"type":"Feature","geometry":{"type":"LineString","coordinates":[[17.119735,48.157506],[17.119638,48.157441]]},"properties":{"r":2,"k":"road"}},{"type":"Feature","geometry":{"type":"LineString","coordinates":[[17.134442,48.14972],[17.134428,48.149695]]},"properties":{"r":1,"k":"road"}},{"type":"Feature","geometry":{"type":"LineString","coordinates":[[17.130787,48.148121],[17.130639,48.148513],[17.130608,48.148596]]},"properties":{"r":1,"k":"road"}},{"type":"Feature","geometry":{"type":"LineString","coordinates":[[17.112981,48.144166],[17.112926,48.144152],[17.112888,48.14414],[17.112849,48.144121],[17.112808,48.144092]]},"properties":{"r":0,"k":"road"}},{"type":"Feature","geometry":{"type":"LineString","coordinates":[[17.122469,48.157913],[17.12246,48.15797],[17.122441,48.158108],[17.122395,48.158433],[17.12237,48.158611],[17.122367,48.158634]]},"properties":{"r":0,"k":"road"}},{"type":"Feature","geometry":{"type":"LineString","coordinates":[[17.117966,48.157664],[17.117999,48.157575],[17.117976,48.157527],[17.117952,48.157497],[17.117924,48.15747]]},"properties":{"r":0,"k":"road"}},{"type":"Feature","geometry":{"type":"LineString","coordinates":[[17.124464,48.155211],[17.124627,48.155332]]},"properties":{"r":1,"k":"road"}},{"type":"Feature","geometry":{"type":"LineString","coordinates":[[17.117047,48.151915],[17.11698,48.151871],[17.116887,48.15181]]},"properties":{"r":0,"k":"road"}},{"type":"Feature","geometry":{"type":"LineString","coordinates":[[17.116887,48.15181],[17.116946,48.151806],[17.117007,48.151807],[17.117086,48.151811],[17.117149,48.151815]]},"properties":{"r":0,"k":"road"}},{"type":"Feature","geometry":{"type":"LineString","coordinates":[[17.11349,48.143228],[17.113468,48.14321]]},"properties":{"r":0,"k":"road"}},{"type":"Feature","geometry":{"type":"LineString","coordinates":[[17.115209,48.141965],[17.11536,48.141866]]},"properties":{"r":0,"k":"road"}},{"type":"Feature","geometry":{"type":"LineString","coordinates":[[17.115163,48.140047],[17.116444,48.140031],[17.116485,48.140048]]},"properties":{"r":0,"k":"road"}},{"type":"Feature","geometry":{"type":"LineString","coordinates":[[17.123128,48.154361],[17.122191,48.153646]]},"properties":{"r":1,"k":"road"}},{"type":"Feature","geometry":{"type":"LineString","coordinates":[[17.124859,48.155723],[17.124717,48.155614]]},"properties":{"r":1,"k":"road"}},{"type":"Feature","geometry":{"type":"LineString","coordinates":[[17.122102,48.153434],[17.122458,48.153696],[17.122878,48.154019]]},"properties":{"r":1,"k":"road"}},{"type":"Feature","geometry":{"type":"LineString","coordinates":[[17.123508,48.154501],[17.12418,48.154979]]},"properties":{"r":1,"k":"road"}},{"type":"Feature","geometry":{"type":"LineString","coordinates":[[17.128664,48.148065],[17.128677,48.148113],[17.128691,48.148127]]},"properties":{"r":0,"k":"road"}},{"type":"Feature","geometry":{"type":"LineString","coordinates":[[17.121314,48.155442],[17.121189,48.15549],[17.120924,48.155594],[17.120855,48.155621],[17.119781,48.156049],[17.119721,48.156075],[17.119667,48.156095],[17.119622,48.156112],[17.119585,48.156126]]},"properties":{"r":0,"k":"road"}},{"type":"Feature","geometry":{"type":"LineString","coordinates":[[17.122218,48.155915],[17.1221,48.155954],[17.121886,48.156026]]},"properties":{"r":0,"k":"road"}},{"type":"Feature","geometry":{"type":"LineString","coordinates":[[17.124639,48.155551],[17.124184,48.1552],[17.124022,48.15507],[17.123633,48.154767],[17.123377,48.154566]]},"properties":{"r":1,"k":"road"}},{"type":"Feature","geometry":{"type":"LineString","coordinates":[[17.12418,48.154979],[17.124354,48.155126],[17.124464,48.155211]]},"properties":{"r":1,"k":"road"}},{"type":"Feature","geometry":{"type":"LineString","coordinates":[[17.120625,48.152284],[17.120871,48.152496]]},"properties":{"r":1,"k":"road"}},{"type":"Feature","geometry":{"type":"LineString","coordinates":[[17.135379,48.151341],[17.135258,48.151131]]},"properties":{"r":1,"k":"road"}},{"type":"Feature","geometry":{"type":"LineString","coordinates":[[17.134868,48.142185],[17.133971,48.142212],[17.133855,48.142216]]},"properties":{"r":2,"k":"road"}},{"type":"Feature","geometry":{"type":"LineString","coordinates":[[17.133911,48.142465],[17.133955,48.142655]]},"properties":{"r":0,"k":"road"}},{"type":"Feature","geometry":{"type":"LineString","coordinates":[[17.131039,48.141829],[17.131107,48.14192],[17.131225,48.141954],[17.131407,48.141956],[17.133523,48.141912]]},"properties":{"r":0,"k":"road"}},{"type":"Feature","geometry":{"type":"LineString","coordinates":[[17.134257,48.14694],[17.134317,48.14718]]},"properties":{"r":0,"k":"road"}},{"type":"Feature","geometry":{"type":"LineString","coordinates":[[17.12331,48.153958],[17.123886,48.153474]]},"properties":{"r":0,"k":"road"}},{"type":"Feature","geometry":{"type":"LineString","coordinates":[[17.126838,48.157047],[17.126929,48.157118],[17.127025,48.157196],[17.127083,48.157243],[17.127259,48.157373]]},"properties":{"r":1,"k":"road"}},{"type":"Feature","geometry":{"type":"LineString","coordinates":[[17.130529,48.14217],[17.130868,48.142047],[17.130934,48.142012],[17.131011,48.14189],[17.131039,48.141829]]},"properties":{"r":0,"k":"road"}},{"type":"Feature","geometry":{"type":"LineString","coordinates":[[17.13003,48.140641],[17.130166,48.140745],[17.130341,48.140891]]},"properties":{"r":0,"k":"road"}},{"type":"Feature","geometry":{"type":"LineString","coordinates":[[17.129661,48.140407],[17.129808,48.14051],[17.129936,48.140571]]},"properties":{"r":0,"k":"road"}},{"type":"Feature","geometry":{"type":"LineString","coordinates":[[17.126502,48.156784],[17.126838,48.157047]]},"properties":{"r":1,"k":"road"}},{"type":"Feature","geometry":{"type":"LineString","coordinates":[[17.112304,48.140086],[17.112773,48.140079]]},"properties":{"r":0,"k":"road"}},{"type":"Feature","geometry":{"type":"LineString","coordinates":[[17.134211,48.143742],[17.134281,48.143735],[17.134733,48.143691]]},"properties":{"r":0,"k":"road"}},{"type":"Feature","geometry":{"type":"LineString","coordinates":[[17.133955,48.142655],[17.134016,48.142915],[17.134127,48.143379],[17.134188,48.143643],[17.134211,48.143742]]},"properties":{"r":0,"k":"road"}},{"type":"Feature","geometry":{"type":"LineString","coordinates":[[17.13296,48.144697],[17.132775,48.143882]]},"properties":{"r":0,"k":"road"}},{"type":"Feature","geometry":{"type":"LineString","coordinates":[[17.129092,48.140638],[17.128771,48.140085],[17.1286,48.139691],[17.12847,48.13938],[17.128366,48.139073],[17.128339,48.13897],[17.128312,48.138864],[17.128264,48.138629],[17.128194,48.138285],[17.12802,48.13732]]},"properties":{"r":3,"k":"road"}},{"type":"Feature","geometry":{"type":"LineString","coordinates":[[17.116828,48.144224],[17.116841,48.144184],[17.117014,48.143714],[17.117029,48.143671]]},"properties":{"r":0,"k":"road"}},{"type":"Feature","geometry":{"type":"LineString","coordinates":[[17.122861,48.15484],[17.122707,48.154747],[17.122406,48.154574],[17.122228,48.15447],[17.121997,48.154341],[17.12137,48.153979],[17.121309,48.153941],[17.121276,48.153922],[17.121252,48.153909]]},"properties":{"r":0,"k":"road"}},{"type":"Feature","geometry":{"type":"LineString","coordinates":[[17.121739,48.155277],[17.121662,48.155307],[17.121314,48.155442]]},"properties":{"r":0,"k":"road"}},{"type":"Feature","geometry":{"type":"LineString","coordinates":[[17.134343,48.145574],[17.134213,48.14556],[17.134035,48.145553],[17.133851,48.145556]]},"properties":{"r":3,"k":"road"}},{"type":"Feature","geometry":{"type":"LineString","coordinates":[[17.133239,48.145432],[17.133443,48.145416],[17.133652,48.145408],[17.133859,48.145411],[17.134058,48.145424],[17.134302,48.145451],[17.134481,48.145476]]},"properties":{"r":3,"k":"road"}},{"type":"Feature","geometry":{"type":"LineString","coordinates":[[17.135651,48.149232],[17.135739,48.149214],[17.135785,48.149203],[17.136134,48.149119]]},"properties":{"r":0,"k":"road"}},{"type":"Feature","geometry":{"type":"LineString","coordinates":[[17.126564,48.152979],[17.126676,48.152995],[17.126815,48.153011],[17.126869,48.153018]]},"properties":{"r":0,"k":"road"}},{"type":"Feature","geometry":{"type":"LineString","coordinates":[[17.127246,48.152621],[17.127255,48.152631],[17.127287,48.15267]]},"properties":{"r":0,"k":"road"}},{"type":"Feature","geometry":{"type":"LineString","coordinates":[[17.137138,48.150205],[17.137068,48.150261],[17.137015,48.150304]]},"properties":{"r":0,"k":"road"}},{"type":"Feature","geometry":{"type":"LineString","coordinates":[[17.129067,48.140288],[17.129104,48.140312],[17.129175,48.140355],[17.12921,48.140373]]},"properties":{"r":0,"k":"road"}},{"type":"Feature","geometry":{"type":"LineString","coordinates":[[17.128903,48.140406],[17.1289,48.140406],[17.128881,48.140409],[17.128771,48.140421]]},"properties":{"r":0,"k":"road"}},{"type":"Feature","geometry":{"type":"LineString","coordinates":[[17.129151,48.140378],[17.128903,48.140406]]},"properties":{"r":0,"k":"road"}},{"type":"Feature","geometry":{"type":"LineString","coordinates":[[17.129661,48.140407],[17.129592,48.140383],[17.129512,48.140356],[17.129449,48.140354],[17.12921,48.140373]]},"properties":{"r":0,"k":"road"}},{"type":"Feature","geometry":{"type":"LineString","coordinates":[[17.128238,48.140359],[17.128495,48.140342],[17.128536,48.140339]]},"properties":{"r":0,"k":"road"}},{"type":"Feature","geometry":{"type":"LineString","coordinates":[[17.127598,48.140403],[17.128238,48.140359]]},"properties":{"r":0,"k":"road"}},{"type":"Feature","geometry":{"type":"LineString","coordinates":[[17.125654,48.141146],[17.125518,48.14133],[17.125375,48.14151]]},"properties":{"r":0,"k":"road"}},{"type":"Feature","geometry":{"type":"LineString","coordinates":[[17.12501,48.141991],[17.124908,48.142128]]},"properties":{"r":0,"k":"road"}},{"type":"Feature","geometry":{"type":"LineString","coordinates":[[17.124869,48.142206],[17.12482,48.142301]]},"properties":{"r":0,"k":"road"}},{"type":"Feature","geometry":{"type":"LineString","coordinates":[[17.124908,48.142128],[17.124908,48.142015]]},"properties":{"r":0,"k":"road"}},{"type":"Feature","geometry":{"type":"LineString","coordinates":[[17.128546,48.140426],[17.127915,48.14046],[17.1274,48.140499],[17.127203,48.140496]]},"properties":{"r":0,"k":"road"}},{"type":"Feature","geometry":{"type":"LineString","coordinates":[[17.127203,48.140496],[17.12736,48.140435],[17.127495,48.140409],[17.127598,48.140403]]},"properties":{"r":0,"k":"road"}},{"type":"Feature","geometry":{"type":"LineString","coordinates":[[17.130939,48.141592],[17.130999,48.141777],[17.131039,48.141829]]},"properties":{"r":0,"k":"road"}},{"type":"Feature","geometry":{"type":"LineString","coordinates":[[17.130828,48.141426],[17.130939,48.141592]]},"properties":{"r":0,"k":"road"}},{"type":"Feature","geometry":{"type":"LineString","coordinates":[[17.137639,48.157207],[17.13778,48.157192]]},"properties":{"r":0,"k":"road"}},{"type":"Feature","geometry":{"type":"LineString","coordinates":[[17.12921,48.140373],[17.129151,48.140378]]},"properties":{"r":0,"k":"road"}},{"type":"Feature","geometry":{"type":"LineString","coordinates":[[17.12921,48.140373],[17.129269,48.140476]]},"properties":{"r":0,"k":"road"}},{"type":"Feature","geometry":{"type":"LineString","coordinates":[[17.120048,48.149009],[17.119465,48.149039]]},"properties":{"r":1,"k":"road"}},{"type":"Feature","geometry":{"type":"LineString","coordinates":[[17.130515,48.141041],[17.13066,48.141177]]},"properties":{"r":0,"k":"road"}},{"type":"Feature","geometry":{"type":"LineString","coordinates":[[17.131199,48.157208],[17.131118,48.157157]]},"properties":{"r":0,"k":"road"}},{"type":"Feature","geometry":{"type":"LineString","coordinates":[[17.123494,48.154098],[17.123626,48.154195],[17.123741,48.154284],[17.12382,48.154344]]},"properties":{"r":0,"k":"road"}},{"type":"Feature","geometry":{"type":"LineString","coordinates":[[17.123494,48.154098],[17.123507,48.154073],[17.123534,48.154016],[17.123581,48.153972],[17.123994,48.153639]]},"properties":{"r":0,"k":"road"}},{"type":"Feature","geometry":{"type":"LineString","coordinates":[[17.124175,48.153764],[17.124285,48.153807]]},"properties":{"r":0,"k":"road"}},{"type":"Feature","geometry":{"type":"LineString","coordinates":[[17.12415,48.153733],[17.124147,48.153752],[17.124175,48.153764]]},"properties":{"r":0,"k":"road"}},{"type":"Feature","geometry":{"type":"LineString","coordinates":[[17.124285,48.153807],[17.124322,48.153825],[17.124388,48.153854],[17.12443,48.153874]]},"properties":{"r":0,"k":"road"}},{"type":"Feature","geometry":{"type":"LineString","coordinates":[[17.114365,48.153304],[17.114131,48.153113]]},"properties":{"r":2,"k":"road"}},{"type":"Feature","geometry":{"type":"LineString","coordinates":[[17.135491,48.151164],[17.135561,48.151296],[17.135769,48.151691]]},"properties":{"r":1,"k":"road"}},{"type":"Feature","geometry":{"type":"LineString","coordinates":[[17.125615,48.154176],[17.125476,48.154614],[17.125365,48.154978]]},"properties":{"r":2,"k":"road"}},{"type":"Feature","geometry":{"type":"LineString","coordinates":[[17.134402,48.144551],[17.134523,48.144539],[17.134913,48.1445],[17.135364,48.144455],[17.135757,48.144415],[17.13585,48.144405]]},"properties":{"r":0,"k":"road"}},{"type":"Feature","geometry":{"type":"LineString","coordinates":[[17.135549,48.14309],[17.135532,48.143018],[17.135458,48.142694]]},"properties":{"r":0,"k":"road"}},{"type":"Feature","geometry":{"type":"LineString","coordinates":[[17.134803,48.144006],[17.134733,48.143691]]},"properties":{"r":0,"k":"road"}},{"type":"Feature","geometry":{"type":"LineString","coordinates":[[17.123107,48.144187],[17.123186,48.1443]]},"properties":{"r":2,"k":"road"}},{"type":"Feature","geometry":{"type":"LineString","coordinates":[[17.116105,48.140968],[17.115885,48.140932]]},"properties":{"r":2,"k":"road"}},{"type":"Feature","geometry":{"type":"LineString","coordinates":[[17.112057,48.140213],[17.112232,48.140241],[17.114121,48.140551]]},"properties":{"r":2,"k":"road"}},{"type":"Feature","geometry":{"type":"LineString","coordinates":[[17.118819,48.147036],[17.118738,48.14701],[17.118356,48.146878],[17.117097,48.146443],[17.117041,48.146424]]},"properties":{"r":0,"k":"road"}},{"type":"Feature","geometry":{"type":"LineString","coordinates":[[17.125624,48.147433],[17.125699,48.147423]]},"properties":{"r":0,"k":"road"}},{"type":"Feature","geometry":{"type":"LineString","coordinates":[[17.130177,48.149834],[17.130365,48.149317],[17.13053,48.148866],[17.130583,48.148679]]},"properties":{"r":1,"k":"road"}},{"type":"Feature","geometry":{"type":"LineString","coordinates":[[17.129639,48.151257],[17.12966,48.151202],[17.129949,48.150437],[17.129966,48.150394],[17.130135,48.149946],[17.130149,48.149909],[17.130177,48.149834]]},"properties":{"r":1,"k":"road"}},{"type":"Feature","geometry":{"type":"LineString","coordinates":[[17.122468,48.152614],[17.12255,48.152646],[17.123185,48.152901],[17.123365,48.152974]]},"properties":{"r":1,"k":"road"}},{"type":"Feature","geometry":{"type":"LineString","coordinates":[[17.125882,48.140627],[17.126013,48.140591],[17.126065,48.14058],[17.126133,48.140574],[17.126283,48.140567]]},"properties":{"r":0,"k":"road"}},{"type":"Feature","geometry":{"type":"LineString","coordinates":[[17.12456,48.157101],[17.124113,48.157113]]},"properties":{"r":0,"k":"road"}},{"type":"Feature","geometry":{"type":"LineString","coordinates":[[17.127053,48.152301],[17.127193,48.152534],[17.127246,48.152621]]},"properties":{"r":0,"k":"road"}},{"type":"Feature","geometry":{"type":"LineString","coordinates":[[17.126891,48.151192],[17.126813,48.151268]]},"properties":{"r":0,"k":"road"}},{"type":"Feature","geometry":{"type":"LineString","coordinates":[[17.133388,48.155466],[17.133488,48.155382],[17.133516,48.15536]]},"properties":{"r":1,"k":"road"}},{"type":"Feature","geometry":{"type":"LineString","coordinates":[[17.116946,48.155354],[17.116636,48.155098]]},"properties":{"r":2,"k":"road"}},{"type":"Feature","geometry":{"type":"LineString","coordinates":[[17.124952,48.149309],[17.124895,48.149169],[17.124647,48.148483]]},"properties":{"r":2,"k":"road"}},{"type":"Feature","geometry":{"type":"LineString","coordinates":[[17.125182,48.149937],[17.125057,48.149571],[17.124983,48.149386],[17.124952,48.149309]]},"properties":{"r":2,"k":"road"}},{"type":"Feature","geometry":{"type":"LineString","coordinates":[[17.124717,48.155614],[17.124639,48.155551]]},"properties":{"r":1,"k":"road"}},{"type":"Feature","geometry":{"type":"LineString","coordinates":[[17.124759,48.148379],[17.124894,48.148716]]},"properties":{"r":2,"k":"road"}},{"type":"Feature","geometry":{"type":"LineString","coordinates":[[17.125516,48.150557],[17.125548,48.15065]]},"properties":{"r":2,"k":"road"}},{"type":"Feature","geometry":{"type":"LineString","coordinates":[[17.122471,48.15584],[17.122282,48.155896],[17.122218,48.155915]]},"properties":{"r":0,"k":"road"}},{"type":"Feature","geometry":{"type":"LineString","coordinates":[[17.121905,48.156377],[17.121825,48.156402],[17.121614,48.156469]]},"properties":{"r":0,"k":"road"}},{"type":"Feature","geometry":{"type":"LineString","coordinates":[[17.120734,48.156523],[17.120842,48.156488],[17.120955,48.156637],[17.121052,48.156647]]},"properties":{"r":0,"k":"road"}},{"type":"Feature","geometry":{"type":"LineString","coordinates":[[17.129504,48.140283],[17.129535,48.140295]]},"properties":{"r":0,"k":"road"}},{"type":"Feature","geometry":{"type":"LineString","coordinates":[[17.129535,48.140295],[17.129608,48.14035],[17.129661,48.140407]]},"properties":{"r":0,"k":"road"}},{"type":"Feature","geometry":{"type":"LineString","coordinates":[[17.120183,48.141028],[17.119962,48.141044]]},"properties":{"r":0,"k":"road"}},{"type":"Feature","geometry":{"type":"LineString","coordinates":[[17.120001,48.141292],[17.119935,48.141182],[17.119871,48.141126],[17.11975,48.141059]]},"properties":{"r":0,"k":"road"}},{"type":"Feature","geometry":{"type":"LineString","coordinates":[[17.120014,48.141374],[17.120001,48.141292]]},"properties":{"r":0,"k":"road"}},{"type":"Feature","geometry":{"type":"LineString","coordinates":[[17.120183,48.141028],[17.120113,48.141063],[17.12007,48.141103],[17.120031,48.14119],[17.120001,48.141292]]},"properties":{"r":0,"k":"road"}},{"type":"Feature","geometry":{"type":"LineString","coordinates":[[17.130341,48.140891],[17.130515,48.141041]]},"properties":{"r":0,"k":"road"}},{"type":"Feature","geometry":{"type":"LineString","coordinates":[[17.137092,48.141478],[17.137251,48.14147],[17.137372,48.141461],[17.137491,48.141448],[17.137642,48.141424],[17.13782,48.1414],[17.138152,48.141351],[17.138306,48.141328],[17.138482,48.141295],[17.138691,48.141249],[17.138845,48.141208],[17.138961,48.141174],[17.139094,48.141131],[17.139232,48.141082],[17.139336,48.141041],[17.139458,48.140991],[17.139572,48.140938],[17.139723,48.140861],[17.139815,48.140811],[17.139914,48.140754],[17.140051,48.140669],[17.140155,48.140596],[17.140247,48.140526],[17.140356,48.140436],[17.140467,48.140339],[17.140819,48.140032],[17.141053,48.139831],[17.141137,48.13976],[17.141253,48.139673],[17.141385,48.139579],[17.141711,48.139331]]},"properties":{"r":1,"k":"rail"}},{"type":"Feature","geometry":{"type":"LineString","coordinates":[[17.139744,48.140127],[17.141897,48.136823]]},"properties":{"r":1,"k":"rail"}},{"type":"Feature","geometry":{"type":"LineString","coordinates":[[17.137668,48.138777],[17.132934,48.139549],[17.132711,48.139589],[17.132496,48.139636],[17.132022,48.139755],[17.131698,48.139841]]},"properties":{"r":1,"k":"rail"}},{"type":"Feature","geometry":{"type":"LineString","coordinates":[[17.12393,48.139293],[17.124074,48.139278],[17.124282,48.139253],[17.124498,48.139227],[17.124725,48.139194],[17.125975,48.139002]]},"properties":{"r":1,"k":"rail"}},{"type":"Feature","geometry":{"type":"LineString","coordinates":[[17.12385,48.156156],[17.123367,48.156311]]},"properties":{"r":2,"k":"road"}},{"type":"Feature","geometry":{"type":"LineString","coordinates":[[17.122082,48.156707],[17.121516,48.156884]]},"properties":{"r":2,"k":"road"}},{"type":"Feature","geometry":{"type":"LineString","coordinates":[[17.123078,48.156403],[17.122522,48.156571],[17.122431,48.156599],[17.122082,48.156707]]},"properties":{"r":2,"k":"road"}},{"type":"Feature","geometry":{"type":"LineString","coordinates":[[17.123256,48.15664],[17.123404,48.156837],[17.123469,48.156971],[17.123512,48.157145],[17.123533,48.157444],[17.12347,48.157849],[17.123466,48.157871],[17.123457,48.157918]]},"properties":{"r":0,"k":"road"}},{"type":"Feature","geometry":{"type":"LineString","coordinates":[[17.1141,48.140639],[17.112197,48.140327],[17.112086,48.140308]]},"properties":{"r":2,"k":"road"}},{"type":"Feature","geometry":{"type":"LineString","coordinates":[[17.114208,48.140657],[17.1141,48.140639]]},"properties":{"r":2,"k":"road"}},{"type":"Feature","geometry":{"type":"LineString","coordinates":[[17.114121,48.140551],[17.114115,48.140596],[17.1141,48.140639]]},"properties":{"r":0,"k":"road"}},{"type":"Feature","geometry":{"type":"LineString","coordinates":[[17.114121,48.140551],[17.114574,48.140626],[17.115177,48.140725],[17.115349,48.140753]]},"properties":{"r":2,"k":"road"}},{"type":"Feature","geometry":{"type":"LineString","coordinates":[[17.130081,48.142366],[17.130033,48.142295]]},"properties":{"r":3,"k":"road"}},{"type":"Feature","geometry":{"type":"LineString","coordinates":[[17.135662,48.147745],[17.13548,48.147737]]},"properties":{"r":0,"k":"road"}},{"type":"Feature","geometry":{"type":"LineString","coordinates":[[17.123377,48.154566],[17.123128,48.154361]]},"properties":{"r":1,"k":"road"}},{"type":"Feature","geometry":{"type":"LineString","coordinates":[[17.122878,48.154019],[17.123508,48.154501]]},"properties":{"r":1,"k":"road"}},{"type":"Feature","geometry":{"type":"LineString","coordinates":[[17.118941,48.151109],[17.119172,48.15122],[17.119421,48.151339]]},"properties":{"r":1,"k":"road"}},{"type":"Feature","geometry":{"type":"LineString","coordinates":[[17.121252,48.153909],[17.121119,48.153965],[17.120647,48.154127]]},"properties":{"r":0,"k":"road"}},{"type":"Feature","geometry":{"type":"LineString","coordinates":[[17.125782,48.140945],[17.125654,48.141146]]},"properties":{"r":0,"k":"road"}},{"type":"Feature","geometry":{"type":"LineString","coordinates":[[17.125878,48.140814],[17.125782,48.140945]]},"properties":{"r":0,"k":"road"}},{"type":"Feature","geometry":{"type":"LineString","coordinates":[[17.124118,48.143268],[17.124018,48.143406]]},"properties":{"r":0,"k":"road"}},{"type":"Feature","geometry":{"type":"LineString","coordinates":[[17.124276,48.143052],[17.124118,48.143268]]},"properties":{"r":0,"k":"road"}},{"type":"Feature","geometry":{"type":"LineString","coordinates":[[17.130433,48.142573],[17.130576,48.142819]]},"properties":{"r":3,"k":"road"}},{"type":"Feature","geometry":{"type":"LineString","coordinates":[[17.126914,48.142451],[17.126207,48.142499]]},"properties":{"r":1,"k":"road"}},{"type":"Feature","geometry":{"type":"LineString","coordinates":[[17.127606,48.154021],[17.127397,48.154]]},"properties":{"r":1,"k":"road"}},{"type":"Feature","geometry":{"type":"LineString","coordinates":[[17.13144,48.156629],[17.131619,48.156756],[17.131642,48.156773],[17.131711,48.156822]]},"properties":{"r":0,"k":"road"}},{"type":"Feature","geometry":{"type":"LineString","coordinates":[[17.129827,48.156225],[17.129707,48.156142],[17.129489,48.155986]]},"properties":{"r":0,"k":"road"}},{"type":"Feature","geometry":{"type":"LineString","coordinates":[[17.117482,48.152195],[17.117345,48.152098]]},"properties":{"r":0,"k":"road"}},{"type":"Feature","geometry":{"type":"LineString","coordinates":[[17.123421,48.144769],[17.123653,48.14542]]},"properties":{"r":2,"k":"road"}},{"type":"Feature","geometry":{"type":"LineString","coordinates":[[17.138188,48.145078],[17.138126,48.145079],[17.138014,48.14507],[17.137982,48.145061],[17.137957,48.145051]]},"properties":{"r":0,"k":"road"}},{"type":"Feature","geometry":{"type":"LineString","coordinates":[[17.116344,48.148271],[17.116394,48.148226],[17.116418,48.148206],[17.116442,48.148184]]},"properties":{"r":0,"k":"road"}},{"type":"Feature","geometry":{"type":"LineString","coordinates":[[17.116083,48.147835],[17.116361,48.148102],[17.116442,48.148184]]},"properties":{"r":0,"k":"road"}},{"type":"Feature","geometry":{"type":"LineString","coordinates":[[17.125882,48.140627],[17.125911,48.140652],[17.125924,48.140672],[17.12593,48.140694],[17.125936,48.14074]]},"properties":{"r":0,"k":"road"}},{"type":"Feature","geometry":{"type":"LineString","coordinates":[[17.119737,48.142177],[17.119702,48.142274],[17.119578,48.142453],[17.11937,48.142751],[17.119345,48.142785],[17.119221,48.142954],[17.119184,48.143006]]},"properties":{"r":0,"k":"road"}},{"type":"Feature","geometry":{"type":"LineString","coordinates":[[17.129936,48.140571],[17.13003,48.140641]]},"properties":{"r":0,"k":"road"}},{"type":"Feature","geometry":{"type":"LineString","coordinates":[[17.12228,48.142106],[17.12235,48.142344]]},"properties":{"r":0,"k":"road"}},{"type":"Feature","geometry":{"type":"LineString","coordinates":[[17.133523,48.141912],[17.133619,48.141931],[17.1337,48.141966],[17.133741,48.142008],[17.133771,48.142056],[17.133834,48.142133]]},"properties":{"r":0,"k":"road"}},{"type":"Feature","geometry":{"type":"LineString","coordinates":[[17.125289,48.149819],[17.12546,48.15037]]},"properties":{"r":2,"k":"road"}},{"type":"Feature","geometry":{"type":"LineString","coordinates":[[17.119695,48.145976],[17.11976,48.146004]]},"properties":{"r":0,"k":"road"}},{"type":"Feature","geometry":{"type":"LineString","coordinates":[[17.112844,48.144843],[17.112799,48.144787]]},"properties":{"r":0,"k":"road"}},{"type":"Feature","geometry":{"type":"LineString","coordinates":[[17.123245,48.146888],[17.123187,48.146875],[17.122785,48.146803]]},"properties":{"r":0,"k":"road"}},{"type":"Feature","geometry":{"type":"LineString","coordinates":[[17.121856,48.146808],[17.121921,48.146737],[17.121981,48.14668]]},"properties":{"r":1,"k":"road"}},{"type":"Feature","geometry":{"type":"LineString","coordinates":[[17.121369,48.147459],[17.121142,48.147763],[17.1211,48.14782]]},"properties":{"r":1,"k":"road"}},{"type":"Feature","geometry":{"type":"LineString","coordinates":[[17.132408,48.142261],[17.131431,48.142291]]},"properties":{"r":2,"k":"road"}},{"type":"Feature","geometry":{"type":"LineString","coordinates":[[17.116178,48.156748],[17.116012,48.156673],[17.116075,48.156445],[17.116145,48.156182]]},"properties":{"r":0,"k":"road"}},{"type":"Feature","geometry":{"type":"LineString","coordinates":[[17.116145,48.156182],[17.116481,48.156227]]},"properties":{"r":0,"k":"road"}},{"type":"Feature","geometry":{"type":"LineString","coordinates":[[17.118485,48.156565],[17.118125,48.15628],[17.117917,48.156114]]},"properties":{"r":2,"k":"road"}},{"type":"Feature","geometry":{"type":"LineString","coordinates":[[17.118548,48.156611],[17.118485,48.156565]]},"properties":{"r":2,"k":"road"}},{"type":"Feature","geometry":{"type":"LineString","coordinates":[[17.117501,48.145264],[17.117544,48.145235]]},"properties":{"r":0,"k":"road"}},{"type":"Feature","geometry":{"type":"LineString","coordinates":[[17.136458,48.155252],[17.136432,48.155345],[17.136392,48.155488]]},"properties":{"r":1,"k":"road"}},{"type":"Feature","geometry":{"type":"LineString","coordinates":[[17.136458,48.155252],[17.136539,48.155209],[17.136561,48.155197],[17.136583,48.155188],[17.13673,48.155154]]},"properties":{"r":1,"k":"road"}},{"type":"Feature","geometry":{"type":"LineString","coordinates":[[17.136346,48.155106],[17.136554,48.155131],[17.13673,48.155154]]},"properties":{"r":1,"k":"road"}},{"type":"Feature","geometry":{"type":"LineString","coordinates":[[17.130907,48.149979],[17.130294,48.149857],[17.130235,48.149845],[17.130177,48.149834]]},"properties":{"r":0,"k":"road"}},{"type":"Feature","geometry":{"type":"LineString","coordinates":[[17.135834,48.153501],[17.135909,48.153441]]},"properties":{"r":1,"k":"road"}},{"type":"Feature","geometry":{"type":"LineString","coordinates":[[17.127145,48.148517],[17.126715,48.148591]]},"properties":{"r":0,"k":"road"}},{"type":"Feature","geometry":{"type":"LineString","coordinates":[[17.13141,48.15193],[17.131451,48.151955],[17.131506,48.151989],[17.131637,48.152069],[17.131785,48.15216],[17.132035,48.152315]]},"properties":{"r":0,"k":"road"}},{"type":"Feature","geometry":{"type":"LineString","coordinates":[[17.117098,48.145857],[17.117125,48.145769]]},"properties":{"r":0,"k":"road"}}]}